Transfer Date by Week,Transfer Year,RIN Year,Fuel (D Code),Assignment,QAP Type,Total RINs Traded
6/28/2010,2010,2010,D4,Assigned,Unverified,"2,989,123"
6/28/2010,2010,2010,D6,Assigned,Unverified,"87,466,108"
6/28/2010,2010,2010,D6,Separated,Unverified,"1,958,637"
7/5/2010,2010,2010,D4,Assigned,Unverified,"11,141,587"
7/5/2010,2010,2010,D4,Separated,Unverified,"211,464"
7/5/2010,2010,2010,D6,Assigned,Unverified,"271,404,422"
7/5/2010,2010,2010,D6,Separated,Unverified,"6,138,517"
7/12/2010,2010,2010,D4,Assigned,Unverified,"11,371,038"
7/12/2010,2010,2010,D4,Separated,Unverified,"812,957"
7/12/2010,2010,2010,D5,Assigned,Unverified,"1,998"
7/12/2010,2010,2010,D5,Separated,Unverified,"109,286"
7/12/2010,2010,2010,D6,Assigned,Unverified,"370,163,611"
7/12/2010,2010,2010,D6,Separated,Unverified,"15,826,382"
7/19/2010,2010,2010,D4,Assigned,Unverified,"13,676,054"
7/19/2010,2010,2010,D4,Separated,Unverified,"912,313"
7/19/2010,2010,2010,D5,Assigned,Unverified,"14,878"
7/19/2010,2010,2010,D6,Assigned,Unverified,"400,021,371"
7/19/2010,2010,2010,D6,Separated,Unverified,"25,277,607"
7/26/2010,2010,2010,D4,Assigned,Unverified,"14,607,780"
7/26/2010,2010,2010,D4,Separated,Unverified,"4,238,752"
7/26/2010,2010,2010,D5,Assigned,Unverified,"35,421"
7/26/2010,2010,2010,D6,Assigned,Unverified,"484,309,480"
7/26/2010,2010,2010,D6,Separated,Unverified,"50,224,072"
7/26/2010,2010,2011,D6,Assigned,Unverified,"2,286,055"
8/2/2010,2010,2010,D4,Assigned,Unverified,"10,294,585"
8/2/2010,2010,2010,D4,Separated,Unverified,"6,720,241"
8/2/2010,2010,2010,D5,Assigned,Unverified,"84,526"
8/2/2010,2010,2010,D5,Separated,Unverified,"133,547"
8/2/2010,2010,2010,D6,Assigned,Unverified,"421,784,456"
8/2/2010,2010,2010,D6,Separated,Unverified,"70,523,512"
8/9/2010,2010,2010,D4,Assigned,Unverified,"14,954,754"
8/9/2010,2010,2010,D4,Separated,Unverified,"6,958,693"
8/9/2010,2010,2010,D5,Assigned,Unverified,"63,827"
8/9/2010,2010,2010,D5,Separated,Unverified,"328,000"
8/9/2010,2010,2010,D6,Assigned,Unverified,"484,363,672"
8/9/2010,2010,2010,D6,Separated,Unverified,"73,455,889"
8/16/2010,2010,2010,D4,Assigned,Unverified,"14,510,580"
8/16/2010,2010,2010,D4,Separated,Unverified,"7,347,841"
8/16/2010,2010,2010,D5,Assigned,Unverified,"62,773"
8/16/2010,2010,2010,D5,Separated,Unverified,"779,098"
8/16/2010,2010,2010,D6,Assigned,Unverified,"463,163,243"
8/16/2010,2010,2010,D6,Separated,Unverified,"60,731,714"
8/23/2010,2010,2010,D4,Assigned,Unverified,"15,739,874"
8/23/2010,2010,2010,D4,Separated,Unverified,"6,007,326"
8/23/2010,2010,2010,D5,Assigned,Unverified,"90,221"
8/23/2010,2010,2010,D5,Separated,Unverified,"587,866"
8/23/2010,2010,2010,D6,Assigned,Unverified,"487,301,172"
8/23/2010,2010,2010,D6,Separated,Unverified,"83,451,473"
8/30/2010,2010,2010,D4,Assigned,Unverified,"15,876,875"
8/30/2010,2010,2010,D4,Separated,Unverified,"6,802,828"
8/30/2010,2010,2010,D5,Assigned,Unverified,"130,275"
8/30/2010,2010,2010,D5,Separated,Unverified,"476,821"
8/30/2010,2010,2010,D6,Assigned,Unverified,"508,975,461"
8/30/2010,2010,2010,D6,Separated,Unverified,"151,309,031"
9/6/2010,2010,2010,D4,Assigned,Unverified,"16,223,511"
9/6/2010,2010,2010,D4,Separated,Unverified,"5,073,957"
9/6/2010,2010,2010,D5,Assigned,Unverified,"68,451"
9/6/2010,2010,2010,D5,Separated,Unverified,"193,434"
9/6/2010,2010,2010,D6,Assigned,Unverified,"440,183,111"
9/6/2010,2010,2010,D6,Separated,Unverified,"113,847,648"
9/6/2010,2010,2011,D6,Assigned,Unverified,"5,349"
9/13/2010,2010,2010,D4,Assigned,Unverified,"15,852,191"
9/13/2010,2010,2010,D4,Separated,Unverified,"10,506,960"
9/13/2010,2010,2010,D5,Assigned,Unverified,"355,192"
9/13/2010,2010,2010,D5,Separated,Unverified,"3,501,050"
9/13/2010,2010,2010,D6,Assigned,Unverified,"468,824,751"
9/13/2010,2010,2010,D6,Separated,Unverified,"115,810,462"
9/13/2010,2010,2011,D6,Assigned,Unverified,"57,028"
9/20/2010,2010,2010,D4,Assigned,Unverified,"14,231,135"
9/20/2010,2010,2010,D4,Separated,Unverified,"5,197,869"
9/20/2010,2010,2010,D5,Assigned,Unverified,"58,107"
9/20/2010,2010,2010,D5,Separated,Unverified,"824,000"
9/20/2010,2010,2010,D6,Assigned,Unverified,"461,830,040"
9/20/2010,2010,2010,D6,Separated,Unverified,"129,402,737"
9/27/2010,2010,2010,D4,Assigned,Unverified,"18,525,618"
9/27/2010,2010,2010,D4,Separated,Unverified,"17,145,554"
9/27/2010,2010,2010,D5,Assigned,Unverified,"98,295"
9/27/2010,2010,2010,D5,Separated,Unverified,"2,822,242"
9/27/2010,2010,2010,D6,Assigned,Unverified,"512,030,051"
9/27/2010,2010,2010,D6,Separated,Unverified,"180,550,069"
10/4/2010,2010,2010,D4,Assigned,Unverified,"17,228,319"
10/4/2010,2010,2010,D4,Separated,Unverified,"13,696,900"
10/4/2010,2010,2010,D5,Assigned,Unverified,"65,116"
10/4/2010,2010,2010,D5,Separated,Unverified,"949,915"
10/4/2010,2010,2010,D6,Assigned,Unverified,"447,722,681"
10/4/2010,2010,2010,D6,Separated,Unverified,"120,773,478"
10/4/2010,2010,2011,D6,Assigned,Unverified,"142,813"
10/11/2010,2010,2010,D4,Assigned,Unverified,"20,402,413"
10/11/2010,2010,2010,D4,Separated,Unverified,"8,824,640"
10/11/2010,2010,2010,D5,Assigned,Unverified,"130,114"
10/11/2010,2010,2010,D5,Separated,Unverified,"982,202"
10/11/2010,2010,2010,D6,Assigned,Unverified,"463,427,886"
10/11/2010,2010,2010,D6,Separated,Unverified,"241,013,812"
10/11/2010,2010,2011,D4,Separated,Unverified,"1,000,000"
10/11/2010,2010,2011,D6,Assigned,Unverified,"86,053"
10/18/2010,2010,2010,D4,Assigned,Unverified,"17,464,582"
10/18/2010,2010,2010,D4,Separated,Unverified,"9,044,660"
10/18/2010,2010,2010,D5,Assigned,Unverified,"102,243"
10/18/2010,2010,2010,D5,Separated,Unverified,"3,822,474"
10/18/2010,2010,2010,D6,Assigned,Unverified,"460,922,921"
10/18/2010,2010,2010,D6,Separated,Unverified,"180,761,220"
10/25/2010,2010,2010,D4,Assigned,Unverified,"20,313,862"
10/25/2010,2010,2010,D4,Separated,Unverified,"17,646,075"
10/25/2010,2010,2010,D5,Assigned,Unverified,"135,686"
10/25/2010,2010,2010,D5,Separated,Unverified,"1,946,448"
10/25/2010,2010,2010,D6,Assigned,Unverified,"512,452,791"
10/25/2010,2010,2010,D6,Separated,Unverified,"241,244,694"
10/25/2010,2010,2011,D6,Assigned,Unverified,"29,001"
11/1/2010,2010,2010,D4,Assigned,Unverified,"12,752,154"
11/1/2010,2010,2010,D4,Separated,Unverified,"12,080,053"
11/1/2010,2010,2010,D5,Assigned,Unverified,"234,972"
11/1/2010,2010,2010,D5,Separated,Unverified,"3,733,057"
11/1/2010,2010,2010,D6,Assigned,Unverified,"434,421,073"
11/1/2010,2010,2010,D6,Separated,Unverified,"150,481,052"
11/1/2010,2010,2011,D6,Assigned,Unverified,150
11/8/2010,2010,2010,D4,Assigned,Unverified,"16,641,982"
11/8/2010,2010,2010,D4,Separated,Unverified,"12,055,594"
11/8/2010,2010,2010,D5,Assigned,Unverified,"173,139"
11/8/2010,2010,2010,D5,Separated,Unverified,"1,330,183"
11/8/2010,2010,2010,D6,Assigned,Unverified,"466,463,028"
11/8/2010,2010,2010,D6,Separated,Unverified,"131,226,734"
11/15/2010,2010,2010,D4,Assigned,Unverified,"16,885,390"
11/15/2010,2010,2010,D4,Separated,Unverified,"10,913,534"
11/15/2010,2010,2010,D5,Assigned,Unverified,"616,411"
11/15/2010,2010,2010,D5,Separated,Unverified,"2,331,166"
11/15/2010,2010,2010,D6,Assigned,Unverified,"474,031,517"
11/15/2010,2010,2010,D6,Separated,Unverified,"177,617,214"
11/22/2010,2010,2010,D4,Assigned,Unverified,"12,715,532"
11/22/2010,2010,2010,D4,Separated,Unverified,"17,828,925"
11/22/2010,2010,2010,D5,Assigned,Unverified,"319,611"
11/22/2010,2010,2010,D5,Separated,Unverified,"2,837,412"
11/22/2010,2010,2010,D6,Assigned,Unverified,"411,328,813"
11/22/2010,2010,2010,D6,Separated,Unverified,"144,794,727"
11/29/2010,2010,2010,D4,Assigned,Unverified,"16,577,309"
11/29/2010,2010,2010,D4,Separated,Unverified,"28,001,887"
11/29/2010,2010,2010,D5,Assigned,Unverified,"459,291"
11/29/2010,2010,2010,D5,Separated,Unverified,"2,675,108"
11/29/2010,2010,2010,D6,Assigned,Unverified,"510,059,223"
11/29/2010,2010,2010,D6,Separated,Unverified,"284,947,327"
11/29/2010,2010,2011,D6,Assigned,Unverified,"5,399"
11/29/2010,2010,2011,D6,Separated,Unverified,"8,059"
12/6/2010,2010,2010,D4,Assigned,Unverified,"13,288,460"
12/6/2010,2010,2010,D4,Separated,Unverified,"16,955,790"
12/6/2010,2010,2010,D5,Assigned,Unverified,"384,680"
12/6/2010,2010,2010,D5,Separated,Unverified,"2,070,240"
12/6/2010,2010,2010,D6,Assigned,Unverified,"475,693,130"
12/6/2010,2010,2010,D6,Separated,Unverified,"142,771,639"
12/6/2010,2010,2011,D6,Assigned,Unverified,"123,558"
12/13/2010,2010,2010,D4,Assigned,Unverified,"11,191,579"
12/13/2010,2010,2010,D4,Separated,Unverified,"31,230,151"
12/13/2010,2010,2010,D5,Assigned,Unverified,"400,183"
12/13/2010,2010,2010,D5,Separated,Unverified,"4,029,328"
12/13/2010,2010,2010,D6,Assigned,Unverified,"476,191,766"
12/13/2010,2010,2010,D6,Separated,Unverified,"241,124,642"
12/13/2010,2010,2011,D6,Assigned,Unverified,"114,505"
12/13/2010,2010,2011,D6,Separated,Unverified,"8,134"
12/20/2010,2010,2010,D4,Assigned,Unverified,"18,392,695"
12/20/2010,2010,2010,D4,Separated,Unverified,"11,823,538"
12/20/2010,2010,2010,D5,Assigned,Unverified,"282,362"
12/20/2010,2010,2010,D5,Separated,Unverified,"536,064"
12/20/2010,2010,2010,D6,Assigned,Unverified,"469,247,074"
12/20/2010,2010,2010,D6,Separated,Unverified,"138,657,030"
12/20/2010,2010,2011,D6,Assigned,Unverified,"286,438"
12/20/2010,2010,2011,D6,Separated,Unverified,"39,592"
12/27/2010,2010,2010,D4,Assigned,Unverified,"12,489,704"
12/27/2010,2010,2010,D4,Separated,Unverified,"32,038,350"
12/27/2010,2010,2010,D5,Assigned,Unverified,"444,224"
12/27/2010,2010,2010,D5,Separated,Unverified,"774,472"
12/27/2010,2010,2010,D6,Assigned,Unverified,"477,203,222"
12/27/2010,2010,2010,D6,Separated,Unverified,"181,912,834"
12/27/2010,2010,2011,D4,Separated,Unverified,"419,858"
12/27/2010,2010,2011,D6,Assigned,Unverified,"61,649"
12/27/2010,2011,2010,D4,Assigned,Unverified,"569,828"
12/27/2010,2011,2010,D4,Separated,Unverified,"2,985"
12/27/2010,2011,2010,D6,Assigned,Unverified,"15,000,343"
12/27/2010,2011,2010,D6,Separated,Unverified,"8,956,062"
12/27/2010,2011,2011,D4,Assigned,Unverified,"3,074,381"
12/27/2010,2011,2011,D5,Assigned,Unverified,"9,708"
12/27/2010,2011,2011,D6,Assigned,Unverified,"20,982,501"
12/27/2010,2011,2011,D6,Separated,Unverified,"113,915"
1/3/2011,2011,2010,D4,Assigned,Unverified,"3,508,345"
1/3/2011,2011,2010,D4,Separated,Unverified,"12,654,655"
1/3/2011,2011,2010,D5,Assigned,Unverified,"137,965"
1/3/2011,2011,2010,D5,Separated,Unverified,"1,609,810"
1/3/2011,2011,2010,D6,Assigned,Unverified,"198,502,967"
1/3/2011,2011,2010,D6,Separated,Unverified,"185,344,892"
1/3/2011,2011,2011,D4,Assigned,Unverified,"12,110,388"
1/3/2011,2011,2011,D4,Separated,Unverified,"7,200"
1/3/2011,2011,2011,D5,Assigned,Unverified,"408,591"
1/3/2011,2011,2011,D5,Separated,Unverified,"61,611"
1/3/2011,2011,2011,D6,Assigned,Unverified,"251,262,480"
1/3/2011,2011,2011,D6,Separated,Unverified,"1,563,311"
1/10/2011,2011,2010,D4,Assigned,Unverified,"2,866,779"
1/10/2011,2011,2010,D4,Separated,Unverified,"25,327,590"
1/10/2011,2011,2010,D5,Separated,Unverified,"1,329,281"
1/10/2011,2011,2010,D6,Assigned,Unverified,"88,503,742"
1/10/2011,2011,2010,D6,Separated,Unverified,"252,123,252"
1/10/2011,2011,2011,D4,Assigned,Unverified,"13,302,151"
1/10/2011,2011,2011,D4,Separated,Unverified,"1,590,779"
1/10/2011,2011,2011,D5,Assigned,Unverified,"409,690"
1/10/2011,2011,2011,D5,Separated,Unverified,"7,852"
1/10/2011,2011,2011,D6,Assigned,Unverified,"329,362,945"
1/10/2011,2011,2011,D6,Separated,Unverified,"17,010,994"
1/17/2011,2011,2010,D4,Assigned,Unverified,"2,570,779"
1/17/2011,2011,2010,D4,Separated,Unverified,"12,083,675"
1/17/2011,2011,2010,D5,Assigned,Unverified,"6,640"
1/17/2011,2011,2010,D5,Separated,Unverified,"1,098,374"
1/17/2011,2011,2010,D6,Assigned,Unverified,"37,208,233"
1/17/2011,2011,2010,D6,Separated,Unverified,"218,019,161"
1/17/2011,2011,2011,D4,Assigned,Unverified,"15,408,742"
1/17/2011,2011,2011,D4,Separated,Unverified,"1,684,650"
1/17/2011,2011,2011,D5,Assigned,Unverified,"354,509"
1/17/2011,2011,2011,D5,Separated,Unverified,"253,731"
1/17/2011,2011,2011,D6,Assigned,Unverified,"353,981,048"
1/17/2011,2011,2011,D6,Separated,Unverified,"50,061,497"
1/24/2011,2011,2010,D4,Assigned,Unverified,"952,845"
1/24/2011,2011,2010,D4,Separated,Unverified,"19,008,776"
1/24/2011,2011,2010,D5,Assigned,Unverified,"8,192"
1/24/2011,2011,2010,D5,Separated,Unverified,"1,076,807"
1/24/2011,2011,2010,D6,Assigned,Unverified,"23,879,047"
1/24/2011,2011,2010,D6,Separated,Unverified,"288,299,558"
1/24/2011,2011,2011,D4,Assigned,Unverified,"17,116,122"
1/24/2011,2011,2011,D4,Separated,Unverified,"3,870,359"
1/24/2011,2011,2011,D5,Assigned,Unverified,"384,839"
1/24/2011,2011,2011,D5,Separated,Unverified,"1,040,574"
1/24/2011,2011,2011,D6,Assigned,Unverified,"422,816,710"
1/24/2011,2011,2011,D6,Separated,Unverified,"44,719,011"
1/31/2011,2011,2010,D4,Assigned,Unverified,"1,062,023"
1/31/2011,2011,2010,D4,Separated,Unverified,"12,959,936"
1/31/2011,2011,2010,D5,Separated,Unverified,"206,640"
1/31/2011,2011,2010,D6,Assigned,Unverified,"14,802,976"
1/31/2011,2011,2010,D6,Separated,Unverified,"107,698,040"
1/31/2011,2011,2011,D4,Assigned,Unverified,"14,113,639"
1/31/2011,2011,2011,D4,Separated,Unverified,"5,903,806"
1/31/2011,2011,2011,D5,Assigned,Unverified,"516,365"
1/31/2011,2011,2011,D5,Separated,Unverified,"608,000"
1/31/2011,2011,2011,D6,Assigned,Unverified,"412,341,410"
1/31/2011,2011,2011,D6,Separated,Unverified,"93,297,508"
2/7/2011,2011,2010,D4,Assigned,Unverified,"503,035"
2/7/2011,2011,2010,D4,Separated,Unverified,"3,608,657"
2/7/2011,2011,2010,D6,Assigned,Unverified,"9,268,522"
2/7/2011,2011,2010,D6,Separated,Unverified,"263,168,191"
2/7/2011,2011,2011,D4,Assigned,Unverified,"18,720,941"
2/7/2011,2011,2011,D4,Separated,Unverified,"3,439,051"
2/7/2011,2011,2011,D5,Assigned,Unverified,"409,588"
2/7/2011,2011,2011,D5,Separated,Unverified,"210,978"
2/7/2011,2011,2011,D6,Assigned,Unverified,"447,329,339"
2/7/2011,2011,2011,D6,Separated,Unverified,"123,854,959"
2/14/2011,2011,2010,D4,Assigned,Unverified,"665,135"
2/14/2011,2011,2010,D4,Separated,Unverified,"7,582,508"
2/14/2011,2011,2010,D5,Separated,Unverified,"2,047,633"
2/14/2011,2011,2010,D6,Assigned,Unverified,"4,433,860"
2/14/2011,2011,2010,D6,Separated,Unverified,"72,971,258"
2/14/2011,2011,2011,D4,Assigned,Unverified,"20,624,490"
2/14/2011,2011,2011,D4,Separated,Unverified,"9,439,672"
2/14/2011,2011,2011,D5,Assigned,Unverified,"445,408"
2/14/2011,2011,2011,D5,Separated,Unverified,"436,326"
2/14/2011,2011,2011,D6,Assigned,Unverified,"454,732,697"
2/14/2011,2011,2011,D6,Separated,Unverified,"92,588,719"
2/21/2011,2011,2010,D4,Assigned,Unverified,"379,349"
2/21/2011,2011,2010,D4,Separated,Unverified,"2,878,983"
2/21/2011,2011,2010,D5,Assigned,Unverified,"283,799"
2/21/2011,2011,2010,D5,Separated,Unverified,"616,300"
2/21/2011,2011,2010,D6,Assigned,Unverified,"2,254,623"
2/21/2011,2011,2010,D6,Separated,Unverified,"120,179,845"
2/21/2011,2011,2011,D4,Assigned,Unverified,"24,940,632"
2/21/2011,2011,2011,D4,Separated,Unverified,"10,158,365"
2/21/2011,2011,2011,D5,Assigned,Unverified,"314,138"
2/21/2011,2011,2011,D5,Separated,Unverified,"17,800"
2/21/2011,2011,2011,D6,Assigned,Unverified,"438,133,036"
2/21/2011,2011,2011,D6,Separated,Unverified,"120,353,887"
2/28/2011,2011,2010,D4,Assigned,Unverified,"874,214"
2/28/2011,2011,2010,D4,Separated,Unverified,"1,718,928"
2/28/2011,2011,2010,D6,Assigned,Unverified,"2,253,917"
2/28/2011,2011,2010,D6,Separated,Unverified,"50,348,254"
2/28/2011,2011,2011,D4,Assigned,Unverified,"36,396,788"
2/28/2011,2011,2011,D4,Separated,Unverified,"20,018,895"
2/28/2011,2011,2011,D5,Assigned,Unverified,"515,672"
2/28/2011,2011,2011,D5,Separated,Unverified,"1,403,011"
2/28/2011,2011,2011,D6,Assigned,Unverified,"483,444,991"
2/28/2011,2011,2011,D6,Separated,Unverified,"188,578,252"
3/7/2011,2011,2010,D4,Assigned,Unverified,820
3/7/2011,2011,2010,D4,Separated,Unverified,"847,107"
3/7/2011,2011,2010,D5,Assigned,Unverified,"719,946"
3/7/2011,2011,2010,D6,Assigned,Unverified,"2,151,519"
3/7/2011,2011,2010,D6,Separated,Unverified,"24,569,716"
3/7/2011,2011,2011,D4,Assigned,Unverified,"31,675,399"
3/7/2011,2011,2011,D4,Separated,Unverified,"20,032,175"
3/7/2011,2011,2011,D5,Assigned,Unverified,"309,532"
3/7/2011,2011,2011,D5,Separated,Unverified,"350,766"
3/7/2011,2011,2011,D6,Assigned,Unverified,"455,661,037"
3/7/2011,2011,2011,D6,Separated,Unverified,"128,919,720"
3/14/2011,2011,2010,D4,Assigned,Unverified,"116,719"
3/14/2011,2011,2010,D4,Separated,Unverified,"330,574"
3/14/2011,2011,2010,D6,Assigned,Unverified,"403,326"
3/14/2011,2011,2010,D6,Separated,Unverified,"20,902,741"
3/14/2011,2011,2011,D4,Assigned,Unverified,"28,351,249"
3/14/2011,2011,2011,D4,Separated,Unverified,"18,195,145"
3/14/2011,2011,2011,D5,Assigned,Unverified,"687,905"
3/14/2011,2011,2011,D5,Separated,Unverified,"1,004,364"
3/14/2011,2011,2011,D6,Assigned,Unverified,"445,923,122"
3/14/2011,2011,2011,D6,Separated,Unverified,"145,730,403"
3/21/2011,2011,2010,D4,Assigned,Unverified,"5,762"
3/21/2011,2011,2010,D4,Separated,Unverified,"770,198"
3/21/2011,2011,2010,D5,Assigned,Unverified,"782,418"
3/21/2011,2011,2010,D6,Assigned,Unverified,"229,680"
3/21/2011,2011,2010,D6,Separated,Unverified,"18,614,662"
3/21/2011,2011,2011,D4,Assigned,Unverified,"29,910,037"
3/21/2011,2011,2011,D4,Separated,Unverified,"24,558,707"
3/21/2011,2011,2011,D5,Assigned,Unverified,"295,396"
3/21/2011,2011,2011,D5,Separated,Unverified,"2,070,630"
3/21/2011,2011,2011,D6,Assigned,Unverified,"436,094,744"
3/21/2011,2011,2011,D6,Separated,Unverified,"177,689,553"
3/28/2011,2011,2010,D4,Separated,Unverified,"1,241,887"
3/28/2011,2011,2010,D5,Assigned,Unverified,"364,301"
3/28/2011,2011,2010,D6,Assigned,Unverified,"395,281"
3/28/2011,2011,2010,D6,Separated,Unverified,"40,280,674"
3/28/2011,2011,2011,D4,Assigned,Unverified,"31,780,952"
3/28/2011,2011,2011,D4,Separated,Unverified,"26,775,323"
3/28/2011,2011,2011,D5,Assigned,Unverified,"783,761"
3/28/2011,2011,2011,D5,Separated,Unverified,"1,568,786"
3/28/2011,2011,2011,D6,Assigned,Unverified,"497,517,231"
3/28/2011,2011,2011,D6,Separated,Unverified,"256,705,087"
4/4/2011,2011,2010,D4,Assigned,Unverified,"772,439"
4/4/2011,2011,2010,D4,Separated,Unverified,"450,844"
4/4/2011,2011,2010,D5,Separated,Unverified,"128,741"
4/4/2011,2011,2010,D6,Assigned,Unverified,"15,768"
4/4/2011,2011,2010,D6,Separated,Unverified,"32,922,915"
4/4/2011,2011,2011,D4,Assigned,Unverified,"35,740,318"
4/4/2011,2011,2011,D4,Separated,Unverified,"23,351,288"
4/4/2011,2011,2011,D5,Assigned,Unverified,"704,896"
4/4/2011,2011,2011,D5,Separated,Unverified,"1,470,970"
4/4/2011,2011,2011,D6,Assigned,Unverified,"427,457,563"
4/4/2011,2011,2011,D6,Separated,Unverified,"209,545,868"
4/11/2011,2011,2010,D4,Separated,Unverified,"2,056,273"
4/11/2011,2011,2010,D6,Assigned,Unverified,853
4/11/2011,2011,2010,D6,Separated,Unverified,"50,770,246"
4/11/2011,2011,2011,D4,Assigned,Unverified,"43,250,558"
4/11/2011,2011,2011,D4,Separated,Unverified,"19,715,258"
4/11/2011,2011,2011,D5,Assigned,Unverified,"837,944"
4/11/2011,2011,2011,D5,Separated,Unverified,"1,922,515"
4/11/2011,2011,2011,D6,Assigned,Unverified,"419,082,201"
4/11/2011,2011,2011,D6,Separated,Unverified,"153,368,630"
4/18/2011,2011,2010,D4,Assigned,Unverified,"56,786"
4/18/2011,2011,2010,D4,Separated,Unverified,"417,244"
4/18/2011,2011,2010,D6,Assigned,Unverified,"584,513"
4/18/2011,2011,2010,D6,Separated,Unverified,"39,717,454"
4/18/2011,2011,2011,D4,Assigned,Unverified,"38,907,039"
4/18/2011,2011,2011,D4,Separated,Unverified,"17,743,998"
4/18/2011,2011,2011,D5,Assigned,Unverified,"676,968"
4/18/2011,2011,2011,D5,Separated,Unverified,"381,030"
4/18/2011,2011,2011,D6,Assigned,Unverified,"423,612,883"
4/18/2011,2011,2011,D6,Separated,Unverified,"201,716,235"
4/25/2011,2011,2010,D4,Assigned,Unverified,"269,801"
4/25/2011,2011,2010,D4,Separated,Unverified,"20,317"
4/25/2011,2011,2010,D6,Assigned,Unverified,"136,238"
4/25/2011,2011,2010,D6,Separated,Unverified,"75,802,983"
4/25/2011,2011,2011,D4,Assigned,Unverified,"40,460,594"
4/25/2011,2011,2011,D4,Separated,Unverified,"36,603,249"
4/25/2011,2011,2011,D5,Assigned,Unverified,"1,004,901"
4/25/2011,2011,2011,D5,Separated,Unverified,"527,795"
4/25/2011,2011,2011,D6,Assigned,Unverified,"475,925,902"
4/25/2011,2011,2011,D6,Separated,Unverified,"267,618,243"
5/2/2011,2011,2010,D4,Assigned,Unverified,"101,548"
5/2/2011,2011,2010,D4,Separated,Unverified,"58,056"
5/2/2011,2011,2010,D6,Assigned,Unverified,"507,221"
5/2/2011,2011,2010,D6,Separated,Unverified,"75,599,754"
5/2/2011,2011,2011,D4,Assigned,Unverified,"32,873,663"
5/2/2011,2011,2011,D4,Separated,Unverified,"21,866,866"
5/2/2011,2011,2011,D5,Assigned,Unverified,"1,344,693"
5/2/2011,2011,2011,D5,Separated,Unverified,"1,232,000"
5/2/2011,2011,2011,D6,Assigned,Unverified,"397,128,155"
5/2/2011,2011,2011,D6,Separated,Unverified,"202,901,277"
5/9/2011,2011,2010,D4,Separated,Unverified,"737,313"
5/9/2011,2011,2010,D5,Separated,Unverified,"575,916"
5/9/2011,2011,2010,D6,Separated,Unverified,"31,598,227"
5/9/2011,2011,2011,D4,Assigned,Unverified,"37,979,684"
5/9/2011,2011,2011,D4,Separated,Unverified,"26,176,506"
5/9/2011,2011,2011,D5,Assigned,Unverified,"695,429"
5/9/2011,2011,2011,D5,Separated,Unverified,"3,191,307"
5/9/2011,2011,2011,D6,Assigned,Unverified,"435,639,344"
5/9/2011,2011,2011,D6,Separated,Unverified,"184,472,743"
5/16/2011,2011,2010,D4,Assigned,Unverified,"7,488"
5/16/2011,2011,2010,D4,Separated,Unverified,"293,019"
5/16/2011,2011,2010,D6,Assigned,Unverified,27
5/16/2011,2011,2010,D6,Separated,Unverified,"18,325,626"
5/16/2011,2011,2011,D4,Assigned,Unverified,"45,576,347"
5/16/2011,2011,2011,D4,Separated,Unverified,"18,882,243"
5/16/2011,2011,2011,D5,Assigned,Unverified,"468,486"
5/16/2011,2011,2011,D5,Separated,Unverified,"1,005,506"
5/16/2011,2011,2011,D6,Assigned,Unverified,"448,070,965"
5/16/2011,2011,2011,D6,Separated,Unverified,"226,023,592"
5/23/2011,2011,2010,D4,Assigned,Unverified,"31,647"
5/23/2011,2011,2010,D4,Separated,Unverified,"2,500,000"
5/23/2011,2011,2010,D5,Separated,Unverified,"505,916"
5/23/2011,2011,2010,D6,Separated,Unverified,"59,281,473"
5/23/2011,2011,2011,D4,Assigned,Unverified,"43,460,128"
5/23/2011,2011,2011,D4,Separated,Unverified,"36,924,873"
5/23/2011,2011,2011,D5,Assigned,Unverified,"733,752"
5/23/2011,2011,2011,D5,Separated,Unverified,"582,070"
5/23/2011,2011,2011,D6,Assigned,Unverified,"450,800,731"
5/23/2011,2011,2011,D6,Separated,Unverified,"271,220,846"
5/30/2011,2011,2010,D4,Separated,Unverified,"205,732"
5/30/2011,2011,2010,D5,Separated,Unverified,"13,622"
5/30/2011,2011,2010,D6,Separated,Unverified,"20,411,564"
5/30/2011,2011,2011,D4,Assigned,Unverified,"39,860,903"
5/30/2011,2011,2011,D4,Separated,Unverified,"22,332,420"
5/30/2011,2011,2011,D5,Assigned,Unverified,"964,096"
5/30/2011,2011,2011,D5,Separated,Unverified,"1,193,394"
5/30/2011,2011,2011,D6,Assigned,Unverified,"428,478,499"
5/30/2011,2011,2011,D6,Separated,Unverified,"229,488,916"
6/6/2011,2011,2010,D4,Separated,Unverified,"64,618"
6/6/2011,2011,2010,D6,Assigned,Unverified,265
6/6/2011,2011,2010,D6,Separated,Unverified,"43,064,815"
6/6/2011,2011,2011,D4,Assigned,Unverified,"49,118,706"
6/6/2011,2011,2011,D4,Separated,Unverified,"39,431,683"
6/6/2011,2011,2011,D5,Assigned,Unverified,"591,548"
6/6/2011,2011,2011,D5,Separated,Unverified,"652,460"
6/6/2011,2011,2011,D6,Assigned,Unverified,"441,875,975"
6/6/2011,2011,2011,D6,Separated,Unverified,"250,583,738"
6/13/2011,2011,2010,D4,Separated,Unverified,"125,175"
6/13/2011,2011,2010,D5,Separated,Unverified,"11,200"
6/13/2011,2011,2010,D6,Assigned,Unverified,"220,679"
6/13/2011,2011,2010,D6,Separated,Unverified,"18,890,985"
6/13/2011,2011,2011,D4,Assigned,Unverified,"44,577,001"
6/13/2011,2011,2011,D4,Separated,Unverified,"31,794,640"
6/13/2011,2011,2011,D5,Assigned,Unverified,"690,886"
6/13/2011,2011,2011,D5,Separated,Unverified,"166,854"
6/13/2011,2011,2011,D6,Assigned,Unverified,"426,554,366"
6/13/2011,2011,2011,D6,Separated,Unverified,"230,926,170"
6/20/2011,2011,2010,D4,Assigned,Unverified,"114,636"
6/20/2011,2011,2010,D4,Separated,Unverified,"62,990"
6/20/2011,2011,2010,D6,Assigned,Unverified,"151,996"
6/20/2011,2011,2010,D6,Separated,Unverified,"10,215,327"
6/20/2011,2011,2011,D4,Assigned,Unverified,"42,474,460"
6/20/2011,2011,2011,D4,Separated,Unverified,"44,328,818"
6/20/2011,2011,2011,D5,Assigned,Unverified,"414,510"
6/20/2011,2011,2011,D5,Separated,Unverified,"3,560,224"
6/20/2011,2011,2011,D6,Assigned,Unverified,"426,170,817"
6/20/2011,2011,2011,D6,Separated,Unverified,"310,114,114"
6/27/2011,2011,2010,D4,Separated,Unverified,"347,279"
6/27/2011,2011,2010,D5,Separated,Unverified,"7,101"
6/27/2011,2011,2010,D6,Assigned,Unverified,"59,161"
6/27/2011,2011,2010,D6,Separated,Unverified,"21,337,852"
6/27/2011,2011,2011,D4,Assigned,Unverified,"47,185,457"
6/27/2011,2011,2011,D4,Separated,Unverified,"79,668,489"
6/27/2011,2011,2011,D5,Assigned,Unverified,"438,618"
6/27/2011,2011,2011,D5,Separated,Unverified,"4,330,074"
6/27/2011,2011,2011,D6,Assigned,Unverified,"464,420,164"
6/27/2011,2011,2011,D6,Separated,Unverified,"396,307,720"
7/4/2011,2011,2010,D6,Separated,Unverified,"15,696,808"
7/4/2011,2011,2011,D4,Assigned,Unverified,"42,731,300"
7/4/2011,2011,2011,D4,Separated,Unverified,"28,835,525"
7/4/2011,2011,2011,D5,Assigned,Unverified,"572,374"
7/4/2011,2011,2011,D5,Separated,Unverified,"3,141,728"
7/4/2011,2011,2011,D6,Assigned,Unverified,"391,967,309"
7/4/2011,2011,2011,D6,Separated,Unverified,"267,506,615"
7/11/2011,2011,2010,D5,Assigned,Unverified,"2,398"
7/11/2011,2011,2010,D6,Assigned,Unverified,"5,596"
7/11/2011,2011,2010,D6,Separated,Unverified,"4,206,113"
7/11/2011,2011,2011,D4,Assigned,Unverified,"48,747,432"
7/11/2011,2011,2011,D4,Separated,Unverified,"36,367,194"
7/11/2011,2011,2011,D5,Assigned,Unverified,"901,776"
7/11/2011,2011,2011,D5,Separated,Unverified,"707,593"
7/11/2011,2011,2011,D6,Assigned,Unverified,"444,154,117"
7/11/2011,2011,2011,D6,Separated,Unverified,"252,986,196"
7/18/2011,2011,2010,D4,Assigned,Unverified,"159,030"
7/18/2011,2011,2010,D4,Separated,Unverified,"99,802"
7/18/2011,2011,2010,D5,Separated,Unverified,"669,569"
7/18/2011,2011,2010,D6,Separated,Unverified,"7,465,720"
7/18/2011,2011,2011,D4,Assigned,Unverified,"49,806,205"
7/18/2011,2011,2011,D4,Separated,Unverified,"31,068,443"
7/18/2011,2011,2011,D5,Assigned,Unverified,"5,801,880"
7/18/2011,2011,2011,D5,Separated,Unverified,"238,021"
7/18/2011,2011,2011,D6,Assigned,Unverified,"444,323,706"
7/18/2011,2011,2011,D6,Separated,Unverified,"299,571,043"
7/25/2011,2011,2010,D4,Separated,Unverified,"2,196,009"
7/25/2011,2011,2010,D5,Separated,Unverified,"2,398"
7/25/2011,2011,2010,D6,Assigned,Unverified,"344,440"
7/25/2011,2011,2010,D6,Separated,Unverified,"54,907,739"
7/25/2011,2011,2011,D4,Assigned,Unverified,"62,651,856"
7/25/2011,2011,2011,D4,Separated,Unverified,"45,731,991"
7/25/2011,2011,2011,D5,Assigned,Unverified,"3,122,735"
7/25/2011,2011,2011,D5,Separated,Unverified,"7,488,506"
7/25/2011,2011,2011,D6,Assigned,Unverified,"474,166,815"
7/25/2011,2011,2011,D6,Separated,Unverified,"334,783,742"
8/1/2011,2011,2010,D4,Assigned,Unverified,"12,164"
8/1/2011,2011,2010,D4,Separated,Unverified,"197,425"
8/1/2011,2011,2010,D5,Separated,Unverified,"2,398"
8/1/2011,2011,2010,D6,Assigned,Unverified,"28,749"
8/1/2011,2011,2010,D6,Separated,Unverified,"17,700,042"
8/1/2011,2011,2011,D4,Assigned,Unverified,"53,879,728"
8/1/2011,2011,2011,D4,Separated,Unverified,"38,402,206"
8/1/2011,2011,2011,D5,Assigned,Unverified,"3,072,948"
8/1/2011,2011,2011,D5,Separated,Unverified,"2,029,028"
8/1/2011,2011,2011,D6,Assigned,Unverified,"372,328,546"
8/1/2011,2011,2011,D6,Separated,Unverified,"243,108,906"
8/8/2011,2011,2010,D4,Separated,Unverified,"1,660,035"
8/8/2011,2011,2010,D6,Assigned,Unverified,"41,919"
8/8/2011,2011,2010,D6,Separated,Unverified,"58,887,189"
8/8/2011,2011,2011,D4,Assigned,Unverified,"54,023,833"
8/8/2011,2011,2011,D4,Separated,Unverified,"57,969,837"
8/8/2011,2011,2011,D5,Assigned,Unverified,"3,271,150"
8/8/2011,2011,2011,D5,Separated,Unverified,"8,732,982"
8/8/2011,2011,2011,D6,Assigned,Unverified,"419,544,896"
8/8/2011,2011,2011,D6,Separated,Unverified,"279,626,729"
8/15/2011,2011,2010,D4,Assigned,Unverified,"8,994"
8/15/2011,2011,2010,D4,Separated,Unverified,"45,728"
8/15/2011,2011,2010,D6,Separated,Unverified,"9,451,148"
8/15/2011,2011,2011,D4,Assigned,Unverified,"58,073,322"
8/15/2011,2011,2011,D4,Separated,Unverified,"34,195,469"
8/15/2011,2011,2011,D5,Assigned,Unverified,"1,886,261"
8/15/2011,2011,2011,D5,Separated,Unverified,"2,946,409"
8/15/2011,2011,2011,D6,Assigned,Unverified,"430,436,765"
8/15/2011,2011,2011,D6,Separated,Unverified,"193,606,937"
8/22/2011,2011,2010,D4,Separated,Unverified,"95,803"
8/22/2011,2011,2010,D6,Assigned,Unverified,"1,921"
8/22/2011,2011,2010,D6,Separated,Unverified,"11,506,505"
8/22/2011,2011,2011,D4,Assigned,Unverified,"51,078,317"
8/22/2011,2011,2011,D4,Separated,Unverified,"48,018,319"
8/22/2011,2011,2011,D5,Assigned,Unverified,"8,834,555"
8/22/2011,2011,2011,D5,Separated,Unverified,"944,357"
8/22/2011,2011,2011,D6,Assigned,Unverified,"440,650,320"
8/22/2011,2011,2011,D6,Separated,Unverified,"288,596,112"
8/29/2011,2011,2010,D4,Assigned,Unverified,"72,451"
8/29/2011,2011,2010,D4,Separated,Unverified,"253,328"
8/29/2011,2011,2010,D6,Assigned,Unverified,"1,000"
8/29/2011,2011,2010,D6,Separated,Unverified,"20,226,958"
8/29/2011,2011,2011,D4,Assigned,Unverified,"56,845,861"
8/29/2011,2011,2011,D4,Separated,Unverified,"46,443,338"
8/29/2011,2011,2011,D5,Assigned,Unverified,"3,348,692"
8/29/2011,2011,2011,D5,Separated,Unverified,"13,708,765"
8/29/2011,2011,2011,D6,Assigned,Unverified,"446,666,900"
8/29/2011,2011,2011,D6,Separated,Unverified,"368,881,428"
9/5/2011,2011,2010,D6,Separated,Unverified,"16,106,301"
9/5/2011,2011,2011,D4,Assigned,Unverified,"48,745,716"
9/5/2011,2011,2011,D4,Separated,Unverified,"35,272,800"
9/5/2011,2011,2011,D5,Assigned,Unverified,"1,528,929"
9/5/2011,2011,2011,D5,Separated,Unverified,"7,610,608"
9/5/2011,2011,2011,D6,Assigned,Unverified,"383,808,540"
9/5/2011,2011,2011,D6,Separated,Unverified,"270,475,734"
9/12/2011,2011,2010,D4,Separated,Unverified,"61,584"
9/12/2011,2011,2010,D6,Separated,Unverified,"26,647,188"
9/12/2011,2011,2011,D4,Assigned,Unverified,"69,292,300"
9/12/2011,2011,2011,D4,Separated,Unverified,"62,723,456"
9/12/2011,2011,2011,D5,Assigned,Unverified,"7,104,931"
9/12/2011,2011,2011,D5,Separated,Unverified,"14,122,944"
9/12/2011,2011,2011,D6,Assigned,Unverified,"392,756,095"
9/12/2011,2011,2011,D6,Separated,Unverified,"237,217,026"
9/19/2011,2011,2010,D6,Separated,Unverified,"30,610,971"
9/19/2011,2011,2011,D4,Assigned,Unverified,"62,222,444"
9/19/2011,2011,2011,D4,Separated,Unverified,"71,428,745"
9/19/2011,2011,2011,D5,Assigned,Unverified,"6,037,804"
9/19/2011,2011,2011,D5,Separated,Unverified,"9,497,737"
9/19/2011,2011,2011,D6,Assigned,Unverified,"408,937,798"
9/19/2011,2011,2011,D6,Separated,Unverified,"288,751,668"
9/26/2011,2011,2010,D4,Separated,Unverified,"471,035"
9/26/2011,2011,2010,D6,Assigned,Unverified,701
9/26/2011,2011,2010,D6,Separated,Unverified,"36,530,345"
9/26/2011,2011,2011,D4,Assigned,Unverified,"71,399,095"
9/26/2011,2011,2011,D4,Separated,Unverified,"146,789,568"
9/26/2011,2011,2011,D5,Assigned,Unverified,"6,431,095"
9/26/2011,2011,2011,D5,Separated,Unverified,"88,483,257"
9/26/2011,2011,2011,D6,Assigned,Unverified,"432,824,668"
9/26/2011,2011,2011,D6,Separated,Unverified,"593,257,828"
10/3/2011,2011,2010,D6,Separated,Unverified,"28,324,083"
10/3/2011,2011,2011,D4,Assigned,Unverified,"53,494,341"
10/3/2011,2011,2011,D4,Separated,Unverified,"27,862,017"
10/3/2011,2011,2011,D5,Assigned,Unverified,"3,455,073"
10/3/2011,2011,2011,D5,Separated,Unverified,"6,528,695"
10/3/2011,2011,2011,D6,Assigned,Unverified,"369,465,798"
10/3/2011,2011,2011,D6,Separated,Unverified,"254,625,500"
10/10/2011,2011,2010,D4,Separated,Unverified,"466,991"
10/10/2011,2011,2010,D6,Separated,Unverified,"2,869,671"
10/10/2011,2011,2011,D4,Assigned,Unverified,"66,218,858"
10/10/2011,2011,2011,D4,Separated,Unverified,"38,581,241"
10/10/2011,2011,2011,D5,Assigned,Unverified,"4,675,632"
10/10/2011,2011,2011,D5,Separated,Unverified,"6,421,064"
10/10/2011,2011,2011,D6,Assigned,Unverified,"410,777,969"
10/10/2011,2011,2011,D6,Separated,Unverified,"222,141,581"
10/17/2011,2011,2010,D4,Separated,Unverified,"3,377"
10/17/2011,2011,2010,D6,Separated,Unverified,"5,638,837"
10/17/2011,2011,2011,D4,Assigned,Unverified,"67,262,916"
10/17/2011,2011,2011,D4,Separated,Unverified,"41,205,181"
10/17/2011,2011,2011,D5,Assigned,Unverified,"1,814,528"
10/17/2011,2011,2011,D5,Separated,Unverified,"2,919,026"
10/17/2011,2011,2011,D6,Assigned,Unverified,"404,939,482"
10/17/2011,2011,2011,D6,Separated,Unverified,"222,092,780"
10/24/2011,2011,2010,D4,Separated,Unverified,"750,000"
10/24/2011,2011,2010,D6,Separated,Unverified,"41,700,000"
10/24/2011,2011,2011,D4,Assigned,Unverified,"64,726,699"
10/24/2011,2011,2011,D4,Separated,Unverified,"66,460,386"
10/24/2011,2011,2011,D5,Assigned,Unverified,"3,065,061"
10/24/2011,2011,2011,D5,Separated,Unverified,"15,432,851"
10/24/2011,2011,2011,D6,Assigned,Unverified,"399,839,647"
10/24/2011,2011,2011,D6,Separated,Unverified,"269,383,253"
10/31/2011,2011,2010,D4,Separated,Unverified,"600,000"
10/31/2011,2011,2010,D6,Separated,Unverified,"34,788,290"
10/31/2011,2011,2011,D4,Assigned,Unverified,"66,906,568"
10/31/2011,2011,2011,D4,Separated,Unverified,"80,328,562"
10/31/2011,2011,2011,D5,Assigned,Unverified,"3,478,031"
10/31/2011,2011,2011,D5,Separated,Unverified,"20,939,286"
10/31/2011,2011,2011,D6,Assigned,Unverified,"462,223,885"
10/31/2011,2011,2011,D6,Separated,Unverified,"440,339,528"
11/7/2011,2011,2010,D4,Separated,Unverified,"298,804"
11/7/2011,2011,2010,D6,Separated,Unverified,"3,000,701"
11/7/2011,2011,2011,D4,Assigned,Unverified,"56,450,838"
11/7/2011,2011,2011,D4,Separated,Unverified,"47,445,527"
11/7/2011,2011,2011,D5,Assigned,Unverified,"3,274,184"
11/7/2011,2011,2011,D5,Separated,Unverified,"22,083,365"
11/7/2011,2011,2011,D6,Assigned,Unverified,"411,808,348"
11/7/2011,2011,2011,D6,Separated,Unverified,"245,049,095"
11/14/2011,2011,2010,D4,Separated,Unverified,"45,213"
11/14/2011,2011,2010,D6,Separated,Unverified,"5,000,000"
11/14/2011,2011,2011,D4,Assigned,Unverified,"60,132,337"
11/14/2011,2011,2011,D4,Separated,Unverified,"33,209,980"
11/14/2011,2011,2011,D5,Assigned,Unverified,"11,716,510"
11/14/2011,2011,2011,D5,Separated,Unverified,"19,144,592"
11/14/2011,2011,2011,D6,Assigned,Unverified,"414,242,791"
11/14/2011,2011,2011,D6,Separated,Unverified,"248,939,119"
11/21/2011,2011,2010,D4,Separated,Unverified,"795,213"
11/21/2011,2011,2010,D6,Separated,Unverified,"5,000,000"
11/21/2011,2011,2011,D4,Assigned,Unverified,"54,860,527"
11/21/2011,2011,2011,D4,Separated,Unverified,"25,100,588"
11/21/2011,2011,2011,D5,Assigned,Unverified,"1,082,011"
11/21/2011,2011,2011,D5,Separated,Unverified,"2,263,750"
11/21/2011,2011,2011,D6,Assigned,Unverified,"354,626,423"
11/21/2011,2011,2011,D6,Separated,Unverified,"143,618,132"
11/28/2011,2011,2010,D4,Separated,Unverified,"2,704,398"
11/28/2011,2011,2010,D6,Assigned,Unverified,"3,764"
11/28/2011,2011,2010,D6,Separated,Unverified,"51,098,641"
11/28/2011,2011,2011,D4,Assigned,Unverified,"76,574,357"
11/28/2011,2011,2011,D4,Separated,Unverified,"88,947,857"
11/28/2011,2011,2011,D5,Assigned,Unverified,"11,265,500"
11/28/2011,2011,2011,D5,Separated,Unverified,"22,076,887"
11/28/2011,2011,2011,D6,Assigned,Unverified,"463,144,809"
11/28/2011,2011,2011,D6,Separated,Unverified,"552,147,921"
12/5/2011,2011,2010,D4,Separated,Unverified,"19,000"
12/5/2011,2011,2010,D6,Separated,Unverified,"11,695,823"
12/5/2011,2011,2011,D4,Assigned,Unverified,"66,295,952"
12/5/2011,2011,2011,D4,Separated,Unverified,"70,518,564"
12/5/2011,2011,2011,D5,Assigned,Unverified,"10,271,150"
12/5/2011,2011,2011,D5,Separated,Unverified,"17,806,301"
12/5/2011,2011,2011,D6,Assigned,Unverified,"424,692,175"
12/5/2011,2011,2011,D6,Separated,Unverified,"427,355,200"
12/12/2011,2011,2010,D4,Separated,Unverified,"2,645,543"
12/12/2011,2011,2010,D6,Separated,Unverified,"22,421,907"
12/12/2011,2011,2011,D4,Assigned,Unverified,"76,036,119"
12/12/2011,2011,2011,D4,Separated,Unverified,"179,092,021"
12/12/2011,2011,2011,D5,Assigned,Unverified,"11,352,366"
12/12/2011,2011,2011,D5,Separated,Unverified,"29,912,473"
12/12/2011,2011,2011,D6,Assigned,Unverified,"414,368,084"
12/12/2011,2011,2011,D6,Separated,Unverified,"385,077,250"
12/19/2011,2011,2010,D4,Separated,Unverified,"382,741"
12/19/2011,2011,2010,D6,Separated,Unverified,"7,529,525"
12/19/2011,2011,2011,D4,Assigned,Unverified,"104,646,591"
12/19/2011,2011,2011,D4,Separated,Unverified,"100,145,985"
12/19/2011,2011,2011,D5,Assigned,Unverified,"5,950,608"
12/19/2011,2011,2011,D5,Separated,Unverified,"26,917,027"
12/19/2011,2011,2011,D6,Assigned,Unverified,"425,158,492"
12/19/2011,2011,2011,D6,Separated,Unverified,"248,673,294"
12/26/2011,2011,2010,D4,Separated,Unverified,"5,406,951"
12/26/2011,2011,2010,D6,Separated,Unverified,"14,022,144"
12/26/2011,2011,2011,D4,Assigned,Unverified,"131,795,309"
12/26/2011,2011,2011,D4,Separated,Unverified,"102,202,262"
12/26/2011,2011,2011,D5,Assigned,Unverified,"8,835,976"
12/26/2011,2011,2011,D5,Separated,Unverified,"98,606,511"
12/26/2011,2011,2011,D6,Assigned,Unverified,"415,339,569"
12/26/2011,2011,2011,D6,Separated,Unverified,"352,277,832"
12/26/2011,2012,2011,D4,Assigned,Unverified,"198,310"
12/26/2011,2012,2011,D4,Separated,Unverified,"22,392"
12/26/2011,2012,2011,D5,Separated,Unverified,"750,000"
12/26/2011,2012,2011,D6,Assigned,Unverified,"11,417,322"
12/26/2011,2012,2011,D6,Separated,Unverified,"15,700,723"
12/26/2011,2012,2012,D4,Assigned,Unverified,"1,456,928"
12/26/2011,2012,2012,D5,Assigned,Unverified,"17,006"
12/26/2011,2012,2012,D6,Assigned,Unverified,"5,195,003"
12/26/2011,2012,2012,D6,Separated,Unverified,"145,391"
1/2/2012,2012,2010,D4,Separated,Unverified,"166,980"
1/2/2012,2012,2011,D4,Assigned,Unverified,"17,465,370"
1/2/2012,2012,2011,D4,Separated,Unverified,"40,513,183"
1/2/2012,2012,2011,D5,Assigned,Unverified,"933,622"
1/2/2012,2012,2011,D5,Separated,Unverified,"1,534,201"
1/2/2012,2012,2011,D6,Assigned,Unverified,"148,455,815"
1/2/2012,2012,2011,D6,Separated,Unverified,"272,070,364"
1/2/2012,2012,2012,D4,Assigned,Unverified,"10,178,285"
1/2/2012,2012,2012,D4,Separated,Unverified,"62,970"
1/2/2012,2012,2012,D5,Assigned,Unverified,"431,080"
1/2/2012,2012,2012,D6,Assigned,Unverified,"205,578,944"
1/2/2012,2012,2012,D6,Separated,Unverified,"552,416"
1/9/2012,2012,2010,D4,Assigned,Unverified,"363,788"
1/9/2012,2012,2010,D4,Separated,Unverified,"661,901"
1/9/2012,2012,2010,D6,Separated,Unverified,"52,707,478"
1/9/2012,2012,2011,D4,Assigned,Unverified,"11,562,930"
1/9/2012,2012,2011,D4,Separated,Unverified,"63,857,173"
1/9/2012,2012,2011,D5,Assigned,Unverified,"1,207,452"
1/9/2012,2012,2011,D5,Separated,Unverified,"8,477,183"
1/9/2012,2012,2011,D6,Assigned,Unverified,"67,347,039"
1/9/2012,2012,2011,D6,Separated,Unverified,"402,083,157"
1/9/2012,2012,2012,D4,Assigned,Unverified,"18,398,894"
1/9/2012,2012,2012,D4,Separated,Unverified,"571,613"
1/9/2012,2012,2012,D5,Assigned,Unverified,"3,046,194"
1/9/2012,2012,2012,D5,Separated,Unverified,"2,639,875"
1/9/2012,2012,2012,D6,Assigned,Unverified,"273,061,166"
1/9/2012,2012,2012,D6,Separated,Unverified,"2,642,029"
1/16/2012,2012,2010,D4,Separated,Unverified,"471,031"
1/16/2012,2012,2010,D6,Separated,Unverified,"412,200"
1/16/2012,2012,2011,D4,Assigned,Unverified,"5,716,403"
1/16/2012,2012,2011,D4,Separated,Unverified,"38,664,686"
1/16/2012,2012,2011,D5,Separated,Unverified,"729,277"
1/16/2012,2012,2011,D6,Assigned,Unverified,"34,997,360"
1/16/2012,2012,2011,D6,Separated,Unverified,"198,148,359"
1/16/2012,2012,2012,D4,Assigned,Unverified,"21,967,169"
1/16/2012,2012,2012,D4,Separated,Unverified,"1,430,039"
1/16/2012,2012,2012,D5,Assigned,Unverified,"410,521"
1/16/2012,2012,2012,D6,Assigned,Unverified,"349,305,847"
1/16/2012,2012,2012,D6,Separated,Unverified,"8,080,763"
1/23/2012,2012,2010,D4,Separated,Unverified,"419,402"
1/23/2012,2012,2010,D6,Separated,Unverified,"2,171,235"
1/23/2012,2012,2011,D4,Assigned,Unverified,"5,097,212"
1/23/2012,2012,2011,D4,Separated,Unverified,"27,980,889"
1/23/2012,2012,2011,D5,Separated,Unverified,"3,343,987"
1/23/2012,2012,2011,D6,Assigned,Unverified,"19,172,816"
1/23/2012,2012,2011,D6,Separated,Unverified,"276,894,392"
1/23/2012,2012,2012,D4,Assigned,Unverified,"34,067,822"
1/23/2012,2012,2012,D4,Separated,Unverified,"3,851,683"
1/23/2012,2012,2012,D5,Assigned,Unverified,"451,549"
1/23/2012,2012,2012,D5,Separated,Unverified,"2,250,000"
1/23/2012,2012,2012,D6,Assigned,Unverified,"367,429,176"
1/23/2012,2012,2012,D6,Separated,Unverified,"23,805,750"
1/30/2012,2012,2010,D4,Separated,Unverified,"44,548"
1/30/2012,2012,2010,D6,Separated,Unverified,"15,647,292"
1/30/2012,2012,2011,D4,Assigned,Unverified,"9,221,969"
1/30/2012,2012,2011,D4,Separated,Unverified,"27,527,182"
1/30/2012,2012,2011,D5,Separated,Unverified,"2,593,751"
1/30/2012,2012,2011,D6,Assigned,Unverified,"9,146,072"
1/30/2012,2012,2011,D6,Separated,Unverified,"248,770,613"
1/30/2012,2012,2012,D4,Assigned,Unverified,"37,480,948"
1/30/2012,2012,2012,D4,Separated,Unverified,"7,309,084"
1/30/2012,2012,2012,D5,Assigned,Unverified,"1,869,210"
1/30/2012,2012,2012,D5,Separated,Unverified,"1,563,205"
1/30/2012,2012,2012,D6,Assigned,Unverified,"377,001,657"
1/30/2012,2012,2012,D6,Separated,Unverified,"57,103,208"
2/6/2012,2012,2010,D4,Separated,Unverified,"3,359,872"
2/6/2012,2012,2010,D6,Separated,Unverified,"2,015,000"
2/6/2012,2012,2011,D4,Assigned,Unverified,"3,821,737"
2/6/2012,2012,2011,D4,Separated,Unverified,"27,533,375"
2/6/2012,2012,2011,D5,Separated,Unverified,"2,952,549"
2/6/2012,2012,2011,D6,Assigned,Unverified,"3,581,501"
2/6/2012,2012,2011,D6,Separated,Unverified,"131,783,379"
2/6/2012,2012,2012,D4,Assigned,Unverified,"33,755,177"
2/6/2012,2012,2012,D4,Separated,Unverified,"9,288,562"
2/6/2012,2012,2012,D5,Assigned,Unverified,"509,115"
2/6/2012,2012,2012,D5,Separated,Unverified,"204,000"
2/6/2012,2012,2012,D6,Assigned,Unverified,"434,716,458"
2/6/2012,2012,2012,D6,Separated,Unverified,"88,795,137"
2/13/2012,2012,2010,D4,Separated,Unverified,"25,416"
2/13/2012,2012,2010,D6,Separated,Unverified,"10,268,859"
2/13/2012,2012,2011,D4,Assigned,Unverified,"2,436,253"
2/13/2012,2012,2011,D4,Separated,Unverified,"51,504,412"
2/13/2012,2012,2011,D5,Separated,Unverified,"1,253,591"
2/13/2012,2012,2011,D6,Assigned,Unverified,"571,105"
2/13/2012,2012,2011,D6,Separated,Unverified,"150,661,271"
2/13/2012,2012,2012,D4,Assigned,Unverified,"40,724,453"
2/13/2012,2012,2012,D4,Separated,Unverified,"3,704,518"
2/13/2012,2012,2012,D5,Assigned,Unverified,"689,422"
2/13/2012,2012,2012,D5,Separated,Unverified,"348,000"
2/13/2012,2012,2012,D6,Assigned,Unverified,"472,828,984"
2/13/2012,2012,2012,D6,Separated,Unverified,"95,307,690"
2/20/2012,2012,2010,D4,Separated,Unverified,"3,096,761"
2/20/2012,2012,2010,D5,Separated,Unverified,"237,078"
2/20/2012,2012,2010,D6,Separated,Unverified,"139,680,422"
2/20/2012,2012,2011,D4,Assigned,Unverified,"2,392,320"
2/20/2012,2012,2011,D4,Separated,Unverified,"94,499,889"
2/20/2012,2012,2011,D5,Separated,Unverified,"8,947,910"
2/20/2012,2012,2011,D6,Assigned,Unverified,"584,769"
2/20/2012,2012,2011,D6,Separated,Unverified,"510,268,063"
2/20/2012,2012,2012,D4,Assigned,Unverified,"39,857,037"
2/20/2012,2012,2012,D4,Separated,Unverified,"13,473,296"
2/20/2012,2012,2012,D5,Assigned,Unverified,"504,182"
2/20/2012,2012,2012,D6,Assigned,Unverified,"417,788,562"
2/20/2012,2012,2012,D6,Separated,Unverified,"69,320,351"
2/27/2012,2012,2010,D4,Separated,Unverified,"8,212"
2/27/2012,2012,2010,D6,Separated,Unverified,"23,209,916"
2/27/2012,2012,2011,D4,Assigned,Unverified,"1,646,867"
2/27/2012,2012,2011,D4,Separated,Unverified,"20,503,424"
2/27/2012,2012,2011,D5,Separated,Unverified,"8,901,738"
2/27/2012,2012,2011,D6,Assigned,Unverified,"172,392"
2/27/2012,2012,2011,D6,Separated,Unverified,"302,602,260"
2/27/2012,2012,2012,D4,Assigned,Unverified,"48,141,260"
2/27/2012,2012,2012,D4,Separated,Unverified,"13,450,702"
2/27/2012,2012,2012,D5,Assigned,Unverified,"452,793"
2/27/2012,2012,2012,D5,Separated,Unverified,"1,254,684"
2/27/2012,2012,2012,D6,Assigned,Unverified,"488,695,110"
2/27/2012,2012,2012,D6,Separated,Unverified,"172,768,844"
3/5/2012,2012,2011,D4,Assigned,Unverified,"849,956"
3/5/2012,2012,2011,D4,Separated,Unverified,"18,794,554"
3/5/2012,2012,2011,D5,Separated,Unverified,"884,192"
3/5/2012,2012,2011,D6,Assigned,Unverified,"422,472"
3/5/2012,2012,2011,D6,Separated,Unverified,"70,064,349"
3/5/2012,2012,2012,D4,Assigned,Unverified,"46,583,338"
3/5/2012,2012,2012,D4,Separated,Unverified,"15,376,859"
3/5/2012,2012,2012,D5,Assigned,Unverified,"2,337,439"
3/5/2012,2012,2012,D5,Separated,Unverified,"12,970"
3/5/2012,2012,2012,D6,Assigned,Unverified,"468,294,770"
3/5/2012,2012,2012,D6,Separated,Unverified,"147,459,733"
3/12/2012,2012,2011,D4,Assigned,Unverified,"559,491"
3/12/2012,2012,2011,D4,Separated,Unverified,"8,176,460"
3/12/2012,2012,2011,D6,Assigned,Unverified,"234,657"
3/12/2012,2012,2011,D6,Separated,Unverified,"3,749,311"
3/12/2012,2012,2012,D4,Assigned,Unverified,"49,770,291"
3/12/2012,2012,2012,D4,Separated,Unverified,"10,596,580"
3/12/2012,2012,2012,D5,Assigned,Unverified,"880,478"
3/12/2012,2012,2012,D5,Separated,Unverified,"300,000"
3/12/2012,2012,2012,D6,Assigned,Unverified,"417,737,825"
3/12/2012,2012,2012,D6,Separated,Unverified,"187,943,467"
3/19/2012,2012,2011,D4,Assigned,Unverified,"957,643"
3/19/2012,2012,2011,D4,Separated,Unverified,"5,940,864"
3/19/2012,2012,2011,D5,Separated,Unverified,"130,906"
3/19/2012,2012,2011,D6,Assigned,Unverified,"90,422"
3/19/2012,2012,2011,D6,Separated,Unverified,"10,310,404"
3/19/2012,2012,2012,D4,Assigned,Unverified,"60,756,870"
3/19/2012,2012,2012,D4,Separated,Unverified,"22,268,166"
3/19/2012,2012,2012,D5,Assigned,Unverified,"454,412"
3/19/2012,2012,2012,D5,Separated,Unverified,"3,569,910"
3/19/2012,2012,2012,D6,Assigned,Unverified,"466,851,170"
3/19/2012,2012,2012,D6,Separated,Unverified,"162,834,705"
3/26/2012,2012,2011,D4,Assigned,Unverified,"975,661"
3/26/2012,2012,2011,D4,Separated,Unverified,"9,255,133"
3/26/2012,2012,2011,D5,Separated,Unverified,"139,147"
3/26/2012,2012,2011,D6,Assigned,Unverified,"495,376"
3/26/2012,2012,2011,D6,Separated,Unverified,"65,931,965"
3/26/2012,2012,2012,D4,Assigned,Unverified,"63,753,808"
3/26/2012,2012,2012,D4,Separated,Unverified,"27,444,179"
3/26/2012,2012,2012,D5,Assigned,Unverified,"547,588"
3/26/2012,2012,2012,D5,Separated,Unverified,"1,220,963"
3/26/2012,2012,2012,D6,Assigned,Unverified,"495,144,333"
3/26/2012,2012,2012,D6,Separated,Unverified,"218,889,620"
4/2/2012,2012,2011,D4,Assigned,Unverified,"137,916"
4/2/2012,2012,2011,D4,Separated,Unverified,"3,429,123"
4/2/2012,2012,2011,D5,Separated,Unverified,"381,217"
4/2/2012,2012,2011,D6,Assigned,Unverified,"23,146"
4/2/2012,2012,2011,D6,Separated,Unverified,"12,652,225"
4/2/2012,2012,2012,D4,Assigned,Unverified,"69,506,605"
4/2/2012,2012,2012,D4,Separated,Unverified,"24,261,867"
4/2/2012,2012,2012,D5,Assigned,Unverified,"590,888"
4/2/2012,2012,2012,D6,Assigned,Unverified,"409,287,660"
4/2/2012,2012,2012,D6,Separated,Unverified,"178,978,177"
4/9/2012,2012,2011,D4,Assigned,Unverified,"278,698"
4/9/2012,2012,2011,D4,Separated,Unverified,"3,383,324"
4/9/2012,2012,2011,D6,Assigned,Unverified,"212,337"
4/9/2012,2012,2011,D6,Separated,Unverified,"5,870,715"
4/9/2012,2012,2012,D4,Assigned,Unverified,"69,671,497"
4/9/2012,2012,2012,D4,Separated,Unverified,"35,900,127"
4/9/2012,2012,2012,D5,Assigned,Unverified,"459,629"
4/9/2012,2012,2012,D5,Separated,Unverified,"746,000"
4/9/2012,2012,2012,D6,Assigned,Unverified,"458,437,773"
4/9/2012,2012,2012,D6,Separated,Unverified,"169,658,650"
4/16/2012,2012,2011,D4,Assigned,Unverified,"294,357"
4/16/2012,2012,2011,D4,Separated,Unverified,"7,624,071"
4/16/2012,2012,2011,D6,Assigned,Unverified,"204,563"
4/16/2012,2012,2011,D6,Separated,Unverified,"20,300,385"
4/16/2012,2012,2012,D4,Assigned,Unverified,"57,287,724"
4/16/2012,2012,2012,D4,Separated,Unverified,"20,690,037"
4/16/2012,2012,2012,D5,Assigned,Unverified,"483,751"
4/16/2012,2012,2012,D5,Separated,Unverified,"550,000"
4/16/2012,2012,2012,D6,Assigned,Unverified,"456,261,502"
4/16/2012,2012,2012,D6,Separated,Unverified,"134,208,230"
4/23/2012,2012,2011,D4,Assigned,Unverified,"415,537"
4/23/2012,2012,2011,D4,Separated,Unverified,"7,365,202"
4/23/2012,2012,2011,D6,Assigned,Unverified,"40,754"
4/23/2012,2012,2011,D6,Separated,Unverified,"26,992,696"
4/23/2012,2012,2012,D4,Assigned,Unverified,"64,683,087"
4/23/2012,2012,2012,D4,Separated,Unverified,"32,544,277"
4/23/2012,2012,2012,D5,Assigned,Unverified,"458,982"
4/23/2012,2012,2012,D5,Separated,Unverified,"100,000"
4/23/2012,2012,2012,D6,Assigned,Unverified,"444,818,997"
4/23/2012,2012,2012,D6,Separated,Unverified,"222,837,265"
4/30/2012,2012,2011,D4,Assigned,Unverified,"241,629"
4/30/2012,2012,2011,D4,Separated,Unverified,"25,074,038"
4/30/2012,2012,2011,D5,Separated,Unverified,"1,869,662"
4/30/2012,2012,2011,D6,Assigned,Unverified,"34,869"
4/30/2012,2012,2011,D6,Separated,Unverified,"33,061,445"
4/30/2012,2012,2012,D4,Assigned,Unverified,"64,757,090"
4/30/2012,2012,2012,D4,Separated,Unverified,"26,854,141"
4/30/2012,2012,2012,D5,Assigned,Unverified,"515,737"
4/30/2012,2012,2012,D5,Separated,Unverified,"5,253,452"
4/30/2012,2012,2012,D6,Assigned,Unverified,"451,375,661"
4/30/2012,2012,2012,D6,Separated,Unverified,"266,535,759"
5/7/2012,2012,2011,D4,Assigned,Unverified,"476,667"
5/7/2012,2012,2011,D4,Separated,Unverified,"13,622,257"
5/7/2012,2012,2011,D5,Separated,Unverified,"1,200,000"
5/7/2012,2012,2011,D6,Assigned,Unverified,"10,142"
5/7/2012,2012,2011,D6,Separated,Unverified,"13,344,074"
5/7/2012,2012,2012,D4,Assigned,Unverified,"66,886,472"
5/7/2012,2012,2012,D4,Separated,Unverified,"26,452,010"
5/7/2012,2012,2012,D5,Assigned,Unverified,"379,673"
5/7/2012,2012,2012,D6,Assigned,Unverified,"414,204,739"
5/7/2012,2012,2012,D6,Separated,Unverified,"203,062,242"
5/14/2012,2012,2011,D4,Assigned,Unverified,"560,718"
5/14/2012,2012,2011,D4,Separated,Unverified,"9,199,858"
5/14/2012,2012,2011,D5,Separated,Unverified,"111,115"
5/14/2012,2012,2011,D6,Assigned,Unverified,"10,104"
5/14/2012,2012,2011,D6,Separated,Unverified,"20,238,133"
5/14/2012,2012,2012,D4,Assigned,Unverified,"69,538,389"
5/14/2012,2012,2012,D4,Separated,Unverified,"22,036,979"
5/14/2012,2012,2012,D5,Assigned,Unverified,"2,548,983"
5/14/2012,2012,2012,D5,Separated,Unverified,"50,000"
5/14/2012,2012,2012,D6,Assigned,Unverified,"422,430,544"
5/14/2012,2012,2012,D6,Separated,Unverified,"153,498,555"
5/21/2012,2012,2011,D4,Assigned,Unverified,"136,913"
5/21/2012,2012,2011,D4,Separated,Unverified,"15,384,840"
5/21/2012,2012,2011,D5,Separated,Unverified,"1,514,000"
5/21/2012,2012,2011,D6,Assigned,Unverified,"11,516"
5/21/2012,2012,2011,D6,Separated,Unverified,"12,060,865"
5/21/2012,2012,2012,D4,Assigned,Unverified,"67,730,404"
5/21/2012,2012,2012,D4,Separated,Unverified,"29,551,222"
5/21/2012,2012,2012,D5,Assigned,Unverified,"5,937,818"
5/21/2012,2012,2012,D5,Separated,Unverified,"8,343,630"
5/21/2012,2012,2012,D6,Assigned,Unverified,"451,442,959"
5/21/2012,2012,2012,D6,Separated,Unverified,"245,774,630"
5/28/2012,2012,2011,D4,Assigned,Unverified,"64,896"
5/28/2012,2012,2011,D4,Separated,Unverified,"5,256,787"
5/28/2012,2012,2011,D5,Separated,Unverified,"14,000"
5/28/2012,2012,2011,D6,Assigned,Unverified,"8,705"
5/28/2012,2012,2011,D6,Separated,Unverified,"39,427,346"
5/28/2012,2012,2012,D4,Assigned,Unverified,"66,845,147"
5/28/2012,2012,2012,D4,Separated,Unverified,"39,023,648"
5/28/2012,2012,2012,D5,Assigned,Unverified,"2,193,626"
5/28/2012,2012,2012,D5,Separated,Unverified,"1,005,996"
5/28/2012,2012,2012,D6,Assigned,Unverified,"464,470,665"
5/28/2012,2012,2012,D6,Separated,Unverified,"180,373,393"
6/4/2012,2012,2011,D4,Assigned,Unverified,"85,667"
6/4/2012,2012,2011,D4,Separated,Unverified,"2,133,164"
6/4/2012,2012,2011,D5,Separated,Unverified,"2,310,000"
6/4/2012,2012,2011,D6,Assigned,Unverified,"13,476"
6/4/2012,2012,2011,D6,Separated,Unverified,"4,052,663"
6/4/2012,2012,2012,D4,Assigned,Unverified,"70,555,951"
6/4/2012,2012,2012,D4,Separated,Unverified,"31,514,953"
6/4/2012,2012,2012,D5,Assigned,Unverified,"1,798,263"
6/4/2012,2012,2012,D5,Separated,Unverified,"2,301,752"
6/4/2012,2012,2012,D6,Assigned,Unverified,"446,570,641"
6/4/2012,2012,2012,D6,Separated,Unverified,"221,294,122"
6/11/2012,2012,2011,D4,Assigned,Unverified,"559,041"
6/11/2012,2012,2011,D4,Separated,Unverified,"3,659,036"
6/11/2012,2012,2011,D6,Assigned,Unverified,"5,560"
6/11/2012,2012,2011,D6,Separated,Unverified,"340,639"
6/11/2012,2012,2012,D4,Assigned,Unverified,"59,566,849"
6/11/2012,2012,2012,D4,Separated,Unverified,"32,351,935"
6/11/2012,2012,2012,D5,Assigned,Unverified,"689,703"
6/11/2012,2012,2012,D5,Separated,Unverified,"1,200,000"
6/11/2012,2012,2012,D6,Assigned,Unverified,"443,342,743"
6/11/2012,2012,2012,D6,Separated,Unverified,"154,441,185"
6/18/2012,2012,2011,D4,Assigned,Unverified,"129,142"
6/18/2012,2012,2011,D4,Separated,Unverified,"1,274,533"
6/18/2012,2012,2011,D6,Assigned,Unverified,"184,110"
6/18/2012,2012,2011,D6,Separated,Unverified,"1,631,632"
6/18/2012,2012,2012,D4,Assigned,Unverified,"69,542,466"
6/18/2012,2012,2012,D4,Separated,Unverified,"50,780,710"
6/18/2012,2012,2012,D5,Assigned,Unverified,"2,499,951"
6/18/2012,2012,2012,D5,Separated,Unverified,"8,744,756"
6/18/2012,2012,2012,D6,Assigned,Unverified,"437,132,919"
6/18/2012,2012,2012,D6,Separated,Unverified,"246,196,821"
6/25/2012,2012,2011,D4,Assigned,Unverified,"368,477"
6/25/2012,2012,2011,D4,Separated,Unverified,"8,049,572"
6/25/2012,2012,2011,D5,Separated,Unverified,"25,870"
6/25/2012,2012,2011,D6,Assigned,Unverified,"46,357"
6/25/2012,2012,2011,D6,Separated,Unverified,"34,391,066"
6/25/2012,2012,2012,D4,Assigned,Unverified,"79,280,855"
6/25/2012,2012,2012,D4,Separated,Unverified,"92,925,703"
6/25/2012,2012,2012,D5,Assigned,Unverified,"5,915,642"
6/25/2012,2012,2012,D5,Separated,Unverified,"19,458,356"
6/25/2012,2012,2012,D6,Assigned,Unverified,"506,676,938"
6/25/2012,2012,2012,D6,Separated,Unverified,"483,586,437"
7/2/2012,2012,2011,D4,Assigned,Unverified,"523,271"
7/2/2012,2012,2011,D4,Separated,Unverified,"381,119"
7/2/2012,2012,2011,D6,Assigned,Unverified,"3,551"
7/2/2012,2012,2011,D6,Separated,Unverified,"6,092,992"
7/2/2012,2012,2012,D4,Assigned,Unverified,"42,776,497"
7/2/2012,2012,2012,D4,Separated,Unverified,"38,318,416"
7/2/2012,2012,2012,D5,Assigned,Unverified,"6,152,469"
7/2/2012,2012,2012,D5,Separated,Unverified,"3,872,543"
7/2/2012,2012,2012,D6,Assigned,Unverified,"403,525,983"
7/2/2012,2012,2012,D6,Separated,Unverified,"168,995,406"
7/9/2012,2012,2011,D4,Assigned,Unverified,"42,982"
7/9/2012,2012,2011,D4,Separated,Unverified,"1,011,856"
7/9/2012,2012,2011,D6,Assigned,Unverified,"34,638"
7/9/2012,2012,2011,D6,Separated,Unverified,"15,642,986"
7/9/2012,2012,2012,D4,Assigned,Unverified,"55,610,519"
7/9/2012,2012,2012,D4,Separated,Unverified,"35,487,331"
7/9/2012,2012,2012,D5,Assigned,Unverified,"2,313,091"
7/9/2012,2012,2012,D5,Separated,Unverified,"4,615,005"
7/9/2012,2012,2012,D6,Assigned,Unverified,"442,710,201"
7/9/2012,2012,2012,D6,Separated,Unverified,"272,207,402"
7/16/2012,2012,2011,D4,Assigned,Unverified,"20,274"
7/16/2012,2012,2011,D4,Separated,Unverified,"2,026,560"
7/16/2012,2012,2011,D6,Separated,Unverified,"24,528,546"
7/16/2012,2012,2012,D4,Assigned,Unverified,"61,125,711"
7/16/2012,2012,2012,D4,Separated,Unverified,"30,335,207"
7/16/2012,2012,2012,D5,Assigned,Unverified,"625,967"
7/16/2012,2012,2012,D5,Separated,Unverified,"3,668,000"
7/16/2012,2012,2012,D6,Assigned,Unverified,"420,530,707"
7/16/2012,2012,2012,D6,Separated,Unverified,"247,060,592"
7/23/2012,2012,2011,D4,Assigned,Unverified,"39,507"
7/23/2012,2012,2011,D4,Separated,Unverified,"6,297,324"
7/23/2012,2012,2011,D6,Separated,Unverified,"32,110,652"
7/23/2012,2012,2012,D4,Assigned,Unverified,"64,440,309"
7/23/2012,2012,2012,D4,Separated,Unverified,"55,843,106"
7/23/2012,2012,2012,D5,Assigned,Unverified,"6,294,249"
7/23/2012,2012,2012,D5,Separated,Unverified,"5,939,000"
7/23/2012,2012,2012,D6,Assigned,Unverified,"418,721,529"
7/23/2012,2012,2012,D6,Separated,Unverified,"311,090,352"
7/30/2012,2012,2011,D4,Separated,Unverified,"1,474,272"
7/30/2012,2012,2011,D5,Assigned,Unverified,"42,483"
7/30/2012,2012,2011,D5,Separated,Unverified,"30,000"
7/30/2012,2012,2011,D6,Separated,Unverified,"158,328,684"
7/30/2012,2012,2012,D4,Assigned,Unverified,"61,644,754"
7/30/2012,2012,2012,D4,Separated,Unverified,"38,287,133"
7/30/2012,2012,2012,D5,Assigned,Unverified,"2,712,396"
7/30/2012,2012,2012,D5,Separated,Unverified,"20,621,380"
7/30/2012,2012,2012,D6,Assigned,Unverified,"417,028,170"
7/30/2012,2012,2012,D6,Separated,Unverified,"276,516,340"
8/6/2012,2012,2011,D4,Separated,Unverified,"2,211,985"
8/6/2012,2012,2011,D6,Separated,Unverified,"35,341,656"
8/6/2012,2012,2012,D4,Assigned,Unverified,"66,977,495"
8/6/2012,2012,2012,D4,Separated,Unverified,"21,007,146"
8/6/2012,2012,2012,D5,Assigned,Unverified,"2,793,190"
8/6/2012,2012,2012,D5,Separated,Unverified,"5,724,332"
8/6/2012,2012,2012,D6,Assigned,Unverified,"419,700,016"
8/6/2012,2012,2012,D6,Separated,Unverified,"229,966,337"
8/13/2012,2012,2011,D4,Separated,Unverified,"1,835,095"
8/13/2012,2012,2011,D6,Separated,Unverified,"22,178,286"
8/13/2012,2012,2012,D4,Assigned,Unverified,"70,243,424"
8/13/2012,2012,2012,D4,Separated,Unverified,"39,503,127"
8/13/2012,2012,2012,D5,Assigned,Unverified,"5,153,554"
8/13/2012,2012,2012,D5,Separated,Unverified,"5,913,349"
8/13/2012,2012,2012,D6,Assigned,Unverified,"412,791,888"
8/13/2012,2012,2012,D6,Separated,Unverified,"243,370,972"
8/20/2012,2012,2011,D4,Assigned,Unverified,"47,144"
8/20/2012,2012,2011,D4,Separated,Unverified,"1,049,796"
8/20/2012,2012,2011,D6,Assigned,Unverified,"7,978"
8/20/2012,2012,2011,D6,Separated,Unverified,"22,215,746"
8/20/2012,2012,2012,D4,Assigned,Unverified,"55,944,072"
8/20/2012,2012,2012,D4,Separated,Unverified,"21,502,996"
8/20/2012,2012,2012,D5,Assigned,Unverified,"25,743,527"
8/20/2012,2012,2012,D5,Separated,Unverified,"5,154,637"
8/20/2012,2012,2012,D6,Assigned,Unverified,"413,221,548"
8/20/2012,2012,2012,D6,Separated,Unverified,"256,609,305"
8/27/2012,2012,2011,D4,Separated,Unverified,"846,068"
8/27/2012,2012,2011,D6,Assigned,Unverified,"15,958"
8/27/2012,2012,2011,D6,Separated,Unverified,"140,135,410"
8/27/2012,2012,2012,D4,Assigned,Unverified,"62,621,343"
8/27/2012,2012,2012,D4,Separated,Unverified,"39,510,608"
8/27/2012,2012,2012,D5,Assigned,Unverified,"4,163,014"
8/27/2012,2012,2012,D5,Separated,Unverified,"52,632,826"
8/27/2012,2012,2012,D6,Assigned,Unverified,"413,798,876"
8/27/2012,2012,2012,D6,Separated,Unverified,"374,208,277"
9/3/2012,2012,2011,D4,Separated,Unverified,"1,535,319"
9/3/2012,2012,2011,D6,Separated,Unverified,"15,453,978"
9/3/2012,2012,2012,D4,Assigned,Unverified,"48,339,035"
9/3/2012,2012,2012,D4,Separated,Unverified,"18,501,447"
9/3/2012,2012,2012,D5,Assigned,Unverified,"4,921,309"
9/3/2012,2012,2012,D5,Separated,Unverified,"15,733,824"
9/3/2012,2012,2012,D6,Assigned,Unverified,"382,838,703"
9/3/2012,2012,2012,D6,Separated,Unverified,"230,001,501"
9/10/2012,2012,2011,D4,Separated,Unverified,"4,731,545"
9/10/2012,2012,2011,D6,Separated,Unverified,"23,456,073"
9/10/2012,2012,2012,D4,Assigned,Unverified,"61,929,064"
9/10/2012,2012,2012,D4,Separated,Unverified,"52,031,653"
9/10/2012,2012,2012,D5,Assigned,Unverified,"8,113,076"
9/10/2012,2012,2012,D5,Separated,Unverified,"8,445,828"
9/10/2012,2012,2012,D6,Assigned,Unverified,"405,084,756"
9/10/2012,2012,2012,D6,Separated,Unverified,"170,384,409"
9/17/2012,2012,2011,D4,Separated,Unverified,"7,083,687"
9/17/2012,2012,2011,D6,Assigned,Unverified,"11,399"
9/17/2012,2012,2011,D6,Separated,Unverified,"28,250,636"
9/17/2012,2012,2012,D4,Assigned,Unverified,"62,253,966"
9/17/2012,2012,2012,D4,Separated,Unverified,"39,318,664"
9/17/2012,2012,2012,D5,Assigned,Unverified,"14,468,714"
9/17/2012,2012,2012,D5,Separated,Unverified,"4,036,765"
9/17/2012,2012,2012,D6,Assigned,Unverified,"413,441,005"
9/17/2012,2012,2012,D6,Separated,Unverified,"201,904,930"
9/24/2012,2012,2011,D4,Assigned,Unverified,"20,036"
9/24/2012,2012,2011,D4,Separated,Unverified,"4,726,144"
9/24/2012,2012,2011,D6,Assigned,Unverified,"325,080"
9/24/2012,2012,2011,D6,Separated,Unverified,"46,952,525"
9/24/2012,2012,2012,D4,Assigned,Unverified,"66,808,864"
9/24/2012,2012,2012,D4,Separated,Unverified,"108,568,260"
9/24/2012,2012,2012,D5,Assigned,Unverified,"15,666,181"
9/24/2012,2012,2012,D5,Separated,Unverified,"109,518,051"
9/24/2012,2012,2012,D6,Assigned,Unverified,"438,466,390"
9/24/2012,2012,2012,D6,Separated,Unverified,"407,538,708"
10/1/2012,2012,2011,D4,Separated,Unverified,"348,775"
10/1/2012,2012,2011,D6,Assigned,Unverified,"48,419"
10/1/2012,2012,2011,D6,Separated,Unverified,"48,214,224"
10/1/2012,2012,2012,D4,Assigned,Unverified,"57,495,835"
10/1/2012,2012,2012,D4,Separated,Unverified,"24,525,971"
10/1/2012,2012,2012,D5,Assigned,Unverified,"4,406,566"
10/1/2012,2012,2012,D5,Separated,Unverified,"10,310,388"
10/1/2012,2012,2012,D6,Assigned,Unverified,"362,546,805"
10/1/2012,2012,2012,D6,Separated,Unverified,"216,882,271"
10/8/2012,2012,2011,D4,Assigned,Unverified,"361,235"
10/8/2012,2012,2011,D4,Separated,Unverified,"1,584,671"
10/8/2012,2012,2011,D6,Assigned,Unverified,"8,206"
10/8/2012,2012,2011,D6,Separated,Unverified,"6,763,806"
10/8/2012,2012,2012,D4,Assigned,Unverified,"61,402,661"
10/8/2012,2012,2012,D4,Separated,Unverified,"55,100,372"
10/8/2012,2012,2012,D5,Assigned,Unverified,"3,039,476"
10/8/2012,2012,2012,D5,Separated,Unverified,"5,350,000"
10/8/2012,2012,2012,D6,Assigned,Unverified,"406,231,028"
10/8/2012,2012,2012,D6,Separated,Unverified,"177,825,680"
10/15/2012,2012,2011,D4,Separated,Unverified,"1,199,543"
10/15/2012,2012,2011,D6,Separated,Unverified,"5,509,503"
10/15/2012,2012,2012,D4,Assigned,Unverified,"43,839,649"
10/15/2012,2012,2012,D4,Separated,Unverified,"28,998,567"
10/15/2012,2012,2012,D5,Assigned,Unverified,"3,629,952"
10/15/2012,2012,2012,D5,Separated,Unverified,"3,340,717"
10/15/2012,2012,2012,D6,Assigned,Unverified,"388,158,849"
10/15/2012,2012,2012,D6,Separated,Unverified,"214,920,222"
10/22/2012,2012,2011,D4,Separated,Unverified,"605,500"
10/22/2012,2012,2011,D6,Separated,Unverified,"27,193,470"
10/22/2012,2012,2012,D4,Assigned,Unverified,"55,487,034"
10/22/2012,2012,2012,D4,Separated,Unverified,"34,240,307"
10/22/2012,2012,2012,D5,Assigned,Unverified,"11,962,783"
10/22/2012,2012,2012,D5,Separated,Unverified,"19,323,647"
10/22/2012,2012,2012,D6,Assigned,Unverified,"403,500,998"
10/22/2012,2012,2012,D6,Separated,Unverified,"285,189,897"
10/29/2012,2012,2011,D4,Separated,Unverified,"2,579,488"
10/29/2012,2012,2011,D6,Separated,Unverified,"72,502,507"
10/29/2012,2012,2012,D4,Assigned,Unverified,"48,545,337"
10/29/2012,2012,2012,D4,Separated,Unverified,"50,285,471"
10/29/2012,2012,2012,D5,Assigned,Unverified,"6,533,865"
10/29/2012,2012,2012,D5,Separated,Unverified,"36,769,279"
10/29/2012,2012,2012,D6,Assigned,Unverified,"382,232,990"
10/29/2012,2012,2012,D6,Separated,Unverified,"308,628,724"
11/5/2012,2012,2011,D4,Separated,Unverified,"718,484"
11/5/2012,2012,2011,D6,Separated,Unverified,"59,768,425"
11/5/2012,2012,2012,D4,Assigned,Unverified,"42,447,284"
11/5/2012,2012,2012,D4,Separated,Unverified,"29,573,909"
11/5/2012,2012,2012,D5,Assigned,Unverified,"10,556,115"
11/5/2012,2012,2012,D5,Separated,Unverified,"9,095,789"
11/5/2012,2012,2012,D6,Assigned,Unverified,"405,123,612"
11/5/2012,2012,2012,D6,Separated,Unverified,"199,169,208"
11/12/2012,2012,2011,D4,Separated,Unverified,"725,000"
11/12/2012,2012,2011,D5,Separated,Unverified,"2,500,000"
11/12/2012,2012,2011,D6,Separated,Unverified,"26,332,273"
11/12/2012,2012,2012,D4,Assigned,Unverified,"50,091,389"
11/12/2012,2012,2012,D4,Separated,Unverified,"41,201,928"
11/12/2012,2012,2012,D5,Assigned,Unverified,"4,082,932"
11/12/2012,2012,2012,D5,Separated,Unverified,"10,923,793"
11/12/2012,2012,2012,D6,Assigned,Unverified,"427,939,764"
11/12/2012,2012,2012,D6,Separated,Unverified,"305,801,855"
11/19/2012,2012,2011,D4,Separated,Unverified,"144,830"
11/19/2012,2012,2011,D5,Separated,Unverified,"385,720"
11/19/2012,2012,2011,D6,Separated,Unverified,"11,670,820"
11/19/2012,2012,2012,D4,Assigned,Unverified,"35,628,464"
11/19/2012,2012,2012,D4,Separated,Unverified,"18,150,238"
11/19/2012,2012,2012,D5,Assigned,Unverified,"2,923,645"
11/19/2012,2012,2012,D5,Separated,Unverified,"5,296,919"
11/19/2012,2012,2012,D6,Assigned,Unverified,"358,230,621"
11/19/2012,2012,2012,D6,Separated,Unverified,"132,566,996"
11/26/2012,2012,2011,D4,Separated,Unverified,"1,778,626"
11/26/2012,2012,2011,D5,Separated,Unverified,"117,710"
11/26/2012,2012,2011,D6,Separated,Unverified,"43,747,687"
11/26/2012,2012,2012,D4,Assigned,Unverified,"43,316,225"
11/26/2012,2012,2012,D4,Separated,Unverified,"57,191,116"
11/26/2012,2012,2012,D5,Assigned,Unverified,"5,794,422"
11/26/2012,2012,2012,D5,Separated,Unverified,"34,857,810"
11/26/2012,2012,2012,D6,Assigned,Unverified,"463,231,923"
11/26/2012,2012,2012,D6,Separated,Unverified,"373,184,164"
12/3/2012,2012,2011,D4,Separated,Unverified,"1,468,506"
12/3/2012,2012,2011,D6,Separated,Unverified,"10,580,000"
12/3/2012,2012,2012,D4,Assigned,Unverified,"37,805,298"
12/3/2012,2012,2012,D4,Separated,Unverified,"26,136,802"
12/3/2012,2012,2012,D5,Assigned,Unverified,"6,220,646"
12/3/2012,2012,2012,D5,Separated,Unverified,"9,775,269"
12/3/2012,2012,2012,D6,Assigned,Unverified,"403,537,129"
12/3/2012,2012,2012,D6,Separated,Unverified,"271,107,118"
12/10/2012,2012,2011,D4,Separated,Unverified,"1,826,358"
12/10/2012,2012,2011,D5,Separated,Unverified,"10,181"
12/10/2012,2012,2011,D6,Assigned,Unverified,"42,000"
12/10/2012,2012,2011,D6,Separated,Unverified,"21,473,508"
12/10/2012,2012,2012,D4,Assigned,Unverified,"55,597,262"
12/10/2012,2012,2012,D4,Separated,Unverified,"43,329,177"
12/10/2012,2012,2012,D5,Assigned,Unverified,"13,378,993"
12/10/2012,2012,2012,D5,Separated,Unverified,"24,216,885"
12/10/2012,2012,2012,D6,Assigned,Unverified,"421,559,892"
12/10/2012,2012,2012,D6,Separated,Unverified,"258,540,173"
12/17/2012,2012,2011,D4,Separated,Unverified,"1,551,532"
12/17/2012,2012,2011,D6,Separated,Unverified,"17,752,905"
12/17/2012,2012,2012,D4,Assigned,Unverified,"37,490,564"
12/17/2012,2012,2012,D4,Separated,Unverified,"41,959,310"
12/17/2012,2012,2012,D5,Assigned,Unverified,"10,902,187"
12/17/2012,2012,2012,D5,Separated,Unverified,"51,351,756"
12/17/2012,2012,2012,D6,Assigned,Unverified,"398,150,676"
12/17/2012,2012,2012,D6,Separated,Unverified,"576,520,036"
12/24/2012,2012,2011,D4,Separated,Unverified,"703,042"
12/24/2012,2012,2011,D6,Separated,Unverified,"57,886,719"
12/24/2012,2012,2012,D4,Assigned,Unverified,"39,195,827"
12/24/2012,2012,2012,D4,Separated,Unverified,"49,661,526"
12/24/2012,2012,2012,D5,Assigned,Unverified,"1,522,198"
12/24/2012,2012,2012,D5,Separated,Unverified,"73,554,320"
12/24/2012,2012,2012,D6,Assigned,Unverified,"368,495,734"
12/24/2012,2012,2012,D6,Separated,Unverified,"281,275,110"
12/31/2012,2012,2011,D4,Separated,Unverified,"2,069,974"
12/31/2012,2012,2011,D6,Separated,Unverified,"4,616,703"
12/31/2012,2012,2012,D4,Assigned,Unverified,"12,992,393"
12/31/2012,2012,2012,D4,Separated,Unverified,"5,628,643"
12/31/2012,2012,2012,D5,Assigned,Unverified,"144,948"
12/31/2012,2012,2012,D5,Separated,Unverified,"24,430,102"
12/31/2012,2012,2012,D6,Assigned,Unverified,"112,555,010"
12/31/2012,2012,2012,D6,Separated,Unverified,"70,492,517"
12/31/2012,2013,2011,D4,Assigned,Unverified,"5,784"
12/31/2012,2013,2011,D4,Separated,Unverified,"1,309,137"
12/31/2012,2013,2011,D6,Separated,Unverified,"5,032,137"
12/31/2012,2013,2012,D4,Assigned,Unverified,"6,036,393"
12/31/2012,2013,2012,D4,Separated,Unverified,"9,635,714"
12/31/2012,2013,2012,D5,Assigned,Unverified,"25,795"
12/31/2012,2013,2012,D5,Separated,Unverified,"6,479,308"
12/31/2012,2013,2012,D6,Assigned,Unverified,"129,653,296"
12/31/2012,2013,2012,D6,Separated,Unverified,"197,259,127"
12/31/2012,2013,2013,D4,Assigned,Unverified,"15,907,649"
12/31/2012,2013,2013,D5,Assigned,Unverified,"354,508"
12/31/2012,2013,2013,D6,Assigned,Unverified,"130,424,985"
12/31/2012,2013,2013,D6,Separated,Unverified,"5,032,360"
1/7/2013,2013,2011,D4,Separated,Unverified,"1,202,831"
1/7/2013,2013,2011,D5,Separated,Unverified,"250,000"
1/7/2013,2013,2011,D6,Separated,Unverified,"5,117,262"
1/7/2013,2013,2012,D4,Assigned,Unverified,"6,393,792"
1/7/2013,2013,2012,D4,Separated,Unverified,"29,211,621"
1/7/2013,2013,2012,D5,Assigned,Unverified,"118,341"
1/7/2013,2013,2012,D5,Separated,Unverified,"14,374,311"
1/7/2013,2013,2012,D6,Assigned,Unverified,"61,902,304"
1/7/2013,2013,2012,D6,Separated,Unverified,"293,319,864"
1/7/2013,2013,2013,D4,Assigned,Unverified,"26,810,810"
1/7/2013,2013,2013,D4,Separated,Unverified,"177,563"
1/7/2013,2013,2013,D5,Assigned,Unverified,"3,570,165"
1/7/2013,2013,2013,D6,Assigned,Unverified,"236,247,256"
1/7/2013,2013,2013,D6,Separated,Unverified,"3,361,343"
1/14/2013,2013,2011,D4,Separated,Unverified,"1,639,247"
1/14/2013,2013,2011,D6,Separated,Unverified,"27,866,597"
1/14/2013,2013,2012,D4,Assigned,Unverified,"7,410,149"
1/14/2013,2013,2012,D4,Separated,Unverified,"26,459,410"
1/14/2013,2013,2012,D5,Separated,Unverified,"9,945,280"
1/14/2013,2013,2012,D6,Assigned,Unverified,"18,318,686"
1/14/2013,2013,2012,D6,Separated,Unverified,"320,948,206"
1/14/2013,2013,2013,D4,Assigned,Unverified,"41,721,296"
1/14/2013,2013,2013,D4,Separated,Unverified,"1,683,260"
1/14/2013,2013,2013,D5,Assigned,Unverified,"2,320,802"
1/14/2013,2013,2013,D5,Separated,Unverified,"4,091,054"
1/14/2013,2013,2013,D6,Assigned,Unverified,"329,355,635"
1/14/2013,2013,2013,D6,Separated,Unverified,"7,849,597"
1/21/2013,2013,2011,D4,Separated,Unverified,"2,602,754"
1/21/2013,2013,2011,D5,Separated,Unverified,"600,000"
1/21/2013,2013,2011,D6,Separated,Unverified,"5,198,333"
1/21/2013,2013,2012,D4,Assigned,Unverified,"1,692,572"
1/21/2013,2013,2012,D4,Separated,Unverified,"14,134,461"
1/21/2013,2013,2012,D5,Separated,Unverified,"9,876,812"
1/21/2013,2013,2012,D6,Assigned,Unverified,"8,621,991"
1/21/2013,2013,2012,D6,Separated,Unverified,"316,333,599"
1/21/2013,2013,2013,D4,Assigned,Unverified,"36,907,796"
1/21/2013,2013,2013,D4,Separated,Unverified,"4,792,525"
1/21/2013,2013,2013,D5,Assigned,Unverified,"6,070,726"
1/21/2013,2013,2013,D5,Separated,Unverified,"1,059,581"
1/21/2013,2013,2013,D6,Assigned,Unverified,"344,392,221"
1/21/2013,2013,2013,D6,Separated,Unverified,"19,264,425"
1/28/2013,2013,2011,D4,Separated,Unverified,"4,126,492"
1/28/2013,2013,2011,D5,Separated,Unverified,"1,300,000"
1/28/2013,2013,2011,D6,Separated,Unverified,"47,797,493"
1/28/2013,2013,2012,D4,Assigned,Unverified,"2,276,055"
1/28/2013,2013,2012,D4,Separated,Unverified,"26,648,414"
1/28/2013,2013,2012,D5,Assigned,Unverified,"1,384,513"
1/28/2013,2013,2012,D5,Separated,Unverified,"16,048,194"
1/28/2013,2013,2012,D6,Assigned,Unverified,"9,172,703"
1/28/2013,2013,2012,D6,Separated,Unverified,"375,503,848"
1/28/2013,2013,2013,D4,Assigned,Unverified,"50,304,785"
1/28/2013,2013,2013,D4,Separated,Unverified,"6,680,377"
1/28/2013,2013,2013,D5,Assigned,Unverified,"3,700,761"
1/28/2013,2013,2013,D5,Separated,Unverified,"7,385,000"
1/28/2013,2013,2013,D6,Assigned,Unverified,"352,810,860"
1/28/2013,2013,2013,D6,Separated,Unverified,"70,860,959"
2/4/2013,2013,2011,D4,Separated,Unverified,"3,484,207"
2/4/2013,2013,2011,D5,Separated,Unverified,"1,049,089"
2/4/2013,2013,2011,D6,Separated,Unverified,"46,350,305"
2/4/2013,2013,2012,D4,Assigned,Unverified,"556,483"
2/4/2013,2013,2012,D4,Separated,Unverified,"34,686,905"
2/4/2013,2013,2012,D5,Assigned,Unverified,"3,196,944"
2/4/2013,2013,2012,D5,Separated,Unverified,"13,490,776"
2/4/2013,2013,2012,D6,Assigned,Unverified,"3,172,702"
2/4/2013,2013,2012,D6,Separated,Unverified,"289,104,987"
2/4/2013,2013,2013,D4,Assigned,Unverified,"44,800,770"
2/4/2013,2013,2013,D4,Separated,Unverified,"6,896,876"
2/4/2013,2013,2013,D5,Assigned,Unverified,"950,268"
2/4/2013,2013,2013,D5,Separated,Unverified,"320,856"
2/4/2013,2013,2013,D6,Assigned,Unverified,"406,700,847"
2/4/2013,2013,2013,D6,Separated,Unverified,"91,268,783"
2/11/2013,2013,2011,D4,Separated,Unverified,"7,292,928"
2/11/2013,2013,2011,D6,Separated,Unverified,"32,680,191"
2/11/2013,2013,2012,D4,Assigned,Unverified,"283,002"
2/11/2013,2013,2012,D4,Separated,Unverified,"17,880,657"
2/11/2013,2013,2012,D5,Assigned,Unverified,"779,780"
2/11/2013,2013,2012,D5,Separated,Unverified,"1,751,068"
2/11/2013,2013,2012,D6,Assigned,Unverified,"1,520,537"
2/11/2013,2013,2012,D6,Separated,Unverified,"207,144,795"
2/11/2013,2013,2013,D4,Assigned,Unverified,"41,682,008"
2/11/2013,2013,2013,D4,Separated,Unverified,"14,256,249"
2/11/2013,2013,2013,D5,Assigned,Unverified,"408,681"
2/11/2013,2013,2013,D5,Separated,Unverified,"1,355,611"
2/11/2013,2013,2013,D6,Assigned,Unverified,"394,905,435"
2/11/2013,2013,2013,D6,Separated,Unverified,"95,768,335"
2/18/2013,2013,2011,D4,Separated,Unverified,"25,870,544"
2/18/2013,2013,2011,D5,Separated,Unverified,"1,028,601"
2/18/2013,2013,2011,D6,Separated,Unverified,"149,643,551"
2/18/2013,2013,2012,D4,Assigned,Unverified,"495,336"
2/18/2013,2013,2012,D4,Separated,Unverified,"97,108,253"
2/18/2013,2013,2012,D5,Separated,Unverified,"22,216,580"
2/18/2013,2013,2012,D6,Assigned,Unverified,"708,378"
2/18/2013,2013,2012,D6,Separated,Unverified,"545,980,938"
2/18/2013,2013,2013,D4,Assigned,Unverified,"47,518,695"
2/18/2013,2013,2013,D4,Separated,Unverified,"12,498,681"
2/18/2013,2013,2013,D5,Assigned,Unverified,"3,011,145"
2/18/2013,2013,2013,D5,Separated,Unverified,"4,698,275"
2/18/2013,2013,2013,D6,Assigned,Unverified,"430,370,569"
2/18/2013,2013,2013,D6,Separated,Unverified,"93,344,981"
2/25/2013,2013,2011,D4,Separated,Unverified,"882,018"
2/25/2013,2013,2011,D5,Separated,Unverified,"65,000"
2/25/2013,2013,2011,D6,Separated,Unverified,"15,750,459"
2/25/2013,2013,2012,D4,Assigned,Unverified,"164,719"
2/25/2013,2013,2012,D4,Separated,Unverified,"17,233,892"
2/25/2013,2013,2012,D5,Separated,Unverified,"3,987,175"
2/25/2013,2013,2012,D6,Assigned,Unverified,"104,233"
2/25/2013,2013,2012,D6,Separated,Unverified,"131,936,738"
2/25/2013,2013,2013,D4,Assigned,Unverified,"54,026,147"
2/25/2013,2013,2013,D4,Separated,Unverified,"24,902,823"
2/25/2013,2013,2013,D5,Assigned,Unverified,"9,591,341"
2/25/2013,2013,2013,D5,Separated,Unverified,"9,511,083"
2/25/2013,2013,2013,D6,Assigned,Unverified,"450,942,099"
2/25/2013,2013,2013,D6,Separated,Unverified,"168,352,901"
3/4/2013,2013,2012,D4,Assigned,Unverified,"180,868"
3/4/2013,2013,2012,D4,Separated,Unverified,"4,606,945"
3/4/2013,2013,2012,D5,Separated,Unverified,"558,910"
3/4/2013,2013,2012,D6,Assigned,Unverified,"781,056"
3/4/2013,2013,2012,D6,Separated,Unverified,"25,244,902"
3/4/2013,2013,2013,D4,Assigned,Unverified,"76,576,933"
3/4/2013,2013,2013,D4,Separated,Unverified,"23,061,556"
3/4/2013,2013,2013,D5,Assigned,Unverified,"350,510"
3/4/2013,2013,2013,D5,Separated,Unverified,"8,181,604"
3/4/2013,2013,2013,D6,Assigned,Unverified,"421,306,955"
3/4/2013,2013,2013,D6,Separated,Unverified,"163,891,323"
3/11/2013,2013,2012,D4,Assigned,Unverified,"76,762"
3/11/2013,2013,2012,D4,Separated,Unverified,"5,351,532"
3/11/2013,2013,2012,D5,Separated,Unverified,"631,040"
3/11/2013,2013,2012,D6,Assigned,Unverified,"580,000"
3/11/2013,2013,2012,D6,Separated,Unverified,"25,870,741"
3/11/2013,2013,2013,D4,Assigned,Unverified,"65,849,204"
3/11/2013,2013,2013,D4,Separated,Unverified,"19,467,217"
3/11/2013,2013,2013,D5,Assigned,Unverified,"2,505,478"
3/11/2013,2013,2013,D5,Separated,Unverified,"9,511,823"
3/11/2013,2013,2013,D6,Assigned,Unverified,"433,711,231"
3/11/2013,2013,2013,D6,Separated,Unverified,"186,846,386"
3/18/2013,2013,2012,D4,Assigned,Unverified,"119,418"
3/18/2013,2013,2012,D4,Separated,Unverified,"4,629,995"
3/18/2013,2013,2012,D5,Assigned,Unverified,"6,165"
3/18/2013,2013,2012,D5,Separated,Unverified,"221,470"
3/18/2013,2013,2012,D6,Assigned,Unverified,"321,889"
3/18/2013,2013,2012,D6,Separated,Unverified,"33,082,480"
3/18/2013,2013,2013,D4,Assigned,Unverified,"66,435,167"
3/18/2013,2013,2013,D4,Separated,Unverified,"28,984,186"
3/18/2013,2013,2013,D5,Assigned,Unverified,"437,346"
3/18/2013,2013,2013,D5,Separated,Unverified,"7,563,521"
3/18/2013,2013,2013,D6,Assigned,Unverified,"451,550,481"
3/18/2013,2013,2013,D6,Separated,Unverified,"177,043,403"
3/25/2013,2013,2012,D4,Assigned,Unverified,"120,513"
3/25/2013,2013,2012,D4,Separated,Unverified,"14,943,717"
3/25/2013,2013,2012,D5,Separated,Unverified,"2,587,165"
3/25/2013,2013,2012,D6,Assigned,Unverified,"206,220"
3/25/2013,2013,2012,D6,Separated,Unverified,"22,776,704"
3/25/2013,2013,2013,D4,Assigned,Unverified,"73,944,197"
3/25/2013,2013,2013,D4,Separated,Unverified,"57,746,439"
3/25/2013,2013,2013,D5,Assigned,Unverified,"6,615,203"
3/25/2013,2013,2013,D5,Separated,Unverified,"14,529,100"
3/25/2013,2013,2013,D6,Assigned,Unverified,"443,640,130"
3/25/2013,2013,2013,D6,Separated,Unverified,"202,743,375"
4/1/2013,2013,2012,D4,Separated,Unverified,"463,233"
4/1/2013,2013,2012,D6,Assigned,Unverified,"6,984"
4/1/2013,2013,2012,D6,Separated,Unverified,"10,573,371"
4/1/2013,2013,2013,D4,Assigned,Unverified,"63,697,934"
4/1/2013,2013,2013,D4,Separated,Unverified,"37,320,687"
4/1/2013,2013,2013,D5,Assigned,Unverified,"2,218,206"
4/1/2013,2013,2013,D5,Separated,Unverified,"8,020,461"
4/1/2013,2013,2013,D6,Assigned,Unverified,"430,277,436"
4/1/2013,2013,2013,D6,Separated,Unverified,"249,622,135"
4/8/2013,2013,2012,D4,Separated,Unverified,"2,994,285"
4/8/2013,2013,2012,D5,Assigned,Unverified,"187,927"
4/8/2013,2013,2012,D5,Separated,Unverified,"2,250,000"
4/8/2013,2013,2012,D6,Assigned,Unverified,"36,020"
4/8/2013,2013,2012,D6,Separated,Unverified,"9,203,805"
4/8/2013,2013,2013,D4,Assigned,Unverified,"86,650,371"
4/8/2013,2013,2013,D4,Separated,Unverified,"30,553,355"
4/8/2013,2013,2013,D5,Assigned,Unverified,"10,700,993"
4/8/2013,2013,2013,D5,Separated,Unverified,"17,447,894"
4/8/2013,2013,2013,D6,Assigned,Unverified,"425,928,076"
4/8/2013,2013,2013,D6,Separated,Unverified,"182,221,251"
4/15/2013,2013,2012,D4,Assigned,Unverified,"4,091,435"
4/15/2013,2013,2012,D4,Separated,Unverified,"3,045,311"
4/15/2013,2013,2012,D5,Assigned,Unverified,"171,940"
4/15/2013,2013,2012,D6,Assigned,Unverified,"65,265"
4/15/2013,2013,2012,D6,Separated,Unverified,"25,344,689"
4/15/2013,2013,2013,D4,Assigned,Unverified,"60,361,978"
4/15/2013,2013,2013,D4,Separated,Unverified,"32,035,164"
4/15/2013,2013,2013,D5,Assigned,Unverified,"6,645,083"
4/15/2013,2013,2013,D5,Separated,Unverified,"5,765,035"
4/15/2013,2013,2013,D6,Assigned,Unverified,"429,180,070"
4/15/2013,2013,2013,D6,Separated,Unverified,"194,293,571"
4/22/2013,2013,2012,D4,Assigned,Unverified,"353,924"
4/22/2013,2013,2012,D4,Separated,Unverified,"5,308,329"
4/22/2013,2013,2012,D5,Separated,Unverified,440
4/22/2013,2013,2012,D6,Assigned,Unverified,"13,212"
4/22/2013,2013,2012,D6,Separated,Unverified,"50,186,344"
4/22/2013,2013,2013,D4,Assigned,Unverified,"63,438,894"
4/22/2013,2013,2013,D4,Separated,Unverified,"30,054,925"
4/22/2013,2013,2013,D5,Assigned,Unverified,"368,887"
4/22/2013,2013,2013,D5,Separated,Unverified,"8,041,777"
4/22/2013,2013,2013,D6,Assigned,Unverified,"439,571,765"
4/22/2013,2013,2013,D6,Separated,Unverified,"260,238,729"
4/29/2013,2013,2012,D4,Assigned,Unverified,"27,034"
4/29/2013,2013,2012,D4,Separated,Unverified,"3,346,352"
4/29/2013,2013,2012,D5,Separated,Unverified,"500,000"
4/29/2013,2013,2012,D6,Assigned,Unverified,"25,386"
4/29/2013,2013,2012,D6,Separated,Unverified,"63,004,752"
4/29/2013,2013,2013,D4,Assigned,Unverified,"87,889,766"
4/29/2013,2013,2013,D4,Separated,Unverified,"49,419,049"
4/29/2013,2013,2013,D5,Assigned,Unverified,"5,818,122"
4/29/2013,2013,2013,D5,Separated,Unverified,"9,194,378"
4/29/2013,2013,2013,D6,Assigned,Unverified,"434,311,492"
4/29/2013,2013,2013,D6,Separated,Unverified,"260,870,177"
5/6/2013,2013,2012,D4,Assigned,Unverified,"21,930"
5/6/2013,2013,2012,D4,Separated,Unverified,"2,017,591"
5/6/2013,2013,2012,D5,Separated,Unverified,"800,000"
5/6/2013,2013,2012,D6,Assigned,Unverified,"3,400"
5/6/2013,2013,2012,D6,Separated,Unverified,"33,023,338"
5/6/2013,2013,2013,D4,Assigned,Unverified,"76,497,274"
5/6/2013,2013,2013,D4,Separated,Unverified,"20,911,997"
5/6/2013,2013,2013,D5,Assigned,Unverified,"2,803,827"
5/6/2013,2013,2013,D5,Separated,Unverified,"4,805,787"
5/6/2013,2013,2013,D6,Assigned,Unverified,"493,602,649"
5/6/2013,2013,2013,D6,Separated,Unverified,"242,853,924"
5/13/2013,2013,2012,D4,Assigned,Unverified,"22,038"
5/13/2013,2013,2012,D4,Separated,Unverified,"1,791,091"
5/13/2013,2013,2012,D6,Separated,Unverified,"7,037,243"
5/13/2013,2013,2013,D4,Assigned,Unverified,"91,798,773"
5/13/2013,2013,2013,D4,Separated,Unverified,"35,156,305"
5/13/2013,2013,2013,D5,Assigned,Unverified,"2,765,263"
5/13/2013,2013,2013,D5,Separated,Unverified,"7,546,652"
5/13/2013,2013,2013,D6,Assigned,Unverified,"448,539,012"
5/13/2013,2013,2013,D6,Separated,Unverified,"186,304,388"
5/20/2013,2013,2012,D4,Assigned,Unverified,"13,604"
5/20/2013,2013,2012,D4,Separated,Unverified,"1,133,304"
5/20/2013,2013,2012,D6,Assigned,Unverified,"24,189"
5/20/2013,2013,2012,D6,Separated,Unverified,"3,091,595"
5/20/2013,2013,2013,D4,Assigned,Unverified,"66,214,152"
5/20/2013,2013,2013,D4,Separated,Unverified,"23,904,668"
5/20/2013,2013,2013,D5,Assigned,Unverified,"417,205"
5/20/2013,2013,2013,D5,Separated,Unverified,"1,887,164"
5/20/2013,2013,2013,D6,Assigned,Unverified,"467,958,172"
5/20/2013,2013,2013,D6,Separated,Unverified,"255,723,396"
5/27/2013,2013,2012,D4,Assigned,Unverified,"113,743"
5/27/2013,2013,2012,D4,Separated,Unverified,"3,169,320"
5/27/2013,2013,2012,D5,Separated,Unverified,"3,000,000"
5/27/2013,2013,2012,D6,Assigned,Unverified,"73,096"
5/27/2013,2013,2012,D6,Separated,Unverified,"22,013,513"
5/27/2013,2013,2013,D4,Assigned,Unverified,"70,443,100"
5/27/2013,2013,2013,D4,Separated,Unverified,"37,376,140"
5/27/2013,2013,2013,D5,Assigned,Unverified,"4,248,521"
5/27/2013,2013,2013,D5,Separated,Unverified,"4,498,181"
5/27/2013,2013,2013,D6,Assigned,Unverified,"438,060,432"
5/27/2013,2013,2013,D6,Separated,Unverified,"322,065,324"
6/3/2013,2013,2012,D4,Assigned,Unverified,"8,682"
6/3/2013,2013,2012,D4,Separated,Unverified,"2,251,152"
6/3/2013,2013,2012,D5,Separated,Unverified,"1,166,698"
6/3/2013,2013,2012,D6,Separated,Unverified,"19,923,504"
6/3/2013,2013,2013,D4,Assigned,Unverified,"66,548,408"
6/3/2013,2013,2013,D4,Separated,Unverified,"58,078,435"
6/3/2013,2013,2013,D5,Assigned,Unverified,"8,224,697"
6/3/2013,2013,2013,D5,Separated,Unverified,"9,973,184"
6/3/2013,2013,2013,D6,Assigned,Unverified,"455,548,466"
6/3/2013,2013,2013,D6,Separated,Unverified,"235,939,221"
6/10/2013,2013,2012,D4,Assigned,Unverified,5
6/10/2013,2013,2012,D4,Separated,Unverified,"463,285"
6/10/2013,2013,2012,D5,Separated,Unverified,"165,750"
6/10/2013,2013,2012,D6,Assigned,Unverified,"8,078"
6/10/2013,2013,2012,D6,Separated,Unverified,"5,507,643"
6/10/2013,2013,2013,D4,Assigned,Unverified,"93,789,513"
6/10/2013,2013,2013,D4,Separated,Unverified,"72,477,373"
6/10/2013,2013,2013,D5,Assigned,Unverified,"2,149,290"
6/10/2013,2013,2013,D5,Separated,Unverified,"10,458,799"
6/10/2013,2013,2013,D6,Assigned,Unverified,"458,683,889"
6/10/2013,2013,2013,D6,Separated,Unverified,"249,865,158"
6/17/2013,2013,2012,D4,Assigned,Unverified,"6,937"
6/17/2013,2013,2012,D4,Separated,Unverified,"1,317,541"
6/17/2013,2013,2012,D5,Separated,Unverified,"125,693"
6/17/2013,2013,2012,D6,Separated,Unverified,"5,790,989"
6/17/2013,2013,2013,D4,Assigned,Unverified,"77,227,092"
6/17/2013,2013,2013,D4,Separated,Unverified,"56,184,110"
6/17/2013,2013,2013,D5,Assigned,Unverified,"6,775,219"
6/17/2013,2013,2013,D5,Separated,Unverified,"13,293,564"
6/17/2013,2013,2013,D6,Assigned,Unverified,"479,424,520"
6/17/2013,2013,2013,D6,Separated,Unverified,"329,664,331"
6/24/2013,2013,2012,D4,Assigned,Unverified,"369,313"
6/24/2013,2013,2012,D4,Separated,Unverified,"7,279,915"
6/24/2013,2013,2012,D5,Separated,Unverified,"1,810,609"
6/24/2013,2013,2012,D6,Separated,Unverified,"86,791,773"
6/24/2013,2013,2013,D3,Assigned,Unverified,"73,271"
6/24/2013,2013,2013,D4,Assigned,Unverified,"103,720,351"
6/24/2013,2013,2013,D4,Separated,Unverified,"155,256,846"
6/24/2013,2013,2013,D5,Assigned,Unverified,"5,934,241"
6/24/2013,2013,2013,D5,Separated,Unverified,"53,672,904"
6/24/2013,2013,2013,D6,Assigned,Unverified,"522,218,455"
6/24/2013,2013,2013,D6,Separated,Unverified,"1,093,102,900"
7/1/2013,2013,2012,D4,Assigned,Unverified,"1,849"
7/1/2013,2013,2012,D4,Separated,Unverified,"2,311,914"
7/1/2013,2013,2012,D5,Separated,Unverified,"30,000,000"
7/1/2013,2013,2012,D6,Separated,Unverified,"13,822,386"
7/1/2013,2013,2013,D4,Assigned,Unverified,"51,624,921"
7/1/2013,2013,2013,D4,Separated,Unverified,"36,394,403"
7/1/2013,2013,2013,D5,Assigned,Unverified,"360,318"
7/1/2013,2013,2013,D5,Separated,Unverified,"9,786,698"
7/1/2013,2013,2013,D6,Assigned,Unverified,"386,521,252"
7/1/2013,2013,2013,D6,Separated,Unverified,"276,925,156"
7/8/2013,2013,2012,D4,Separated,Unverified,"820,009"
7/8/2013,2013,2012,D5,Separated,Unverified,"218,844"
7/8/2013,2013,2012,D6,Separated,Unverified,"5,480,771"
7/8/2013,2013,2013,D3,Assigned,Unverified,"35,274"
7/8/2013,2013,2013,D4,Assigned,Unverified,"85,316,752"
7/8/2013,2013,2013,D4,Separated,Unverified,"38,698,012"
7/8/2013,2013,2013,D5,Assigned,Unverified,"1,526,488"
7/8/2013,2013,2013,D5,Separated,Unverified,"10,367,235"
7/8/2013,2013,2013,D6,Assigned,Unverified,"489,978,606"
7/8/2013,2013,2013,D6,Separated,Unverified,"252,698,096"
7/15/2013,2013,2012,D4,Separated,Unverified,"3,466,988"
7/15/2013,2013,2012,D5,Separated,Unverified,"849,704"
7/15/2013,2013,2012,D6,Separated,Unverified,"6,973,504"
7/15/2013,2013,2013,D3,Assigned,Unverified,"21,186"
7/15/2013,2013,2013,D4,Assigned,Unverified,"97,494,007"
7/15/2013,2013,2013,D4,Separated,Unverified,"27,199,780"
7/15/2013,2013,2013,D5,Assigned,Unverified,"11,578,166"
7/15/2013,2013,2013,D5,Separated,Unverified,"4,754,414"
7/15/2013,2013,2013,D6,Assigned,Unverified,"441,788,903"
7/15/2013,2013,2013,D6,Separated,Unverified,"255,403,957"
7/22/2013,2013,2012,D4,Separated,Unverified,"111,282"
7/22/2013,2013,2012,D5,Separated,Unverified,"1,000,000"
7/22/2013,2013,2012,D6,Separated,Unverified,"28,373,885"
7/22/2013,2013,2013,D4,Assigned,Unverified,"72,649,879"
7/22/2013,2013,2013,D4,Separated,Unverified,"45,629,462"
7/22/2013,2013,2013,D5,Assigned,Unverified,"5,858,802"
7/22/2013,2013,2013,D5,Separated,Unverified,"23,620,481"
7/22/2013,2013,2013,D6,Assigned,Unverified,"423,921,252"
7/22/2013,2013,2013,D6,Separated,Unverified,"339,175,809"
7/29/2013,2013,2012,D4,Separated,Unverified,"307,967"
7/29/2013,2013,2012,D5,Separated,Unverified,"3,500,000"
7/29/2013,2013,2012,D6,Separated,Unverified,"32,322,449"
7/29/2013,2013,2013,D3,Separated,Unverified,"21,186"
7/29/2013,2013,2013,D4,Assigned,Unverified,"89,970,266"
7/29/2013,2013,2013,D4,Separated,Unverified,"54,282,285"
7/29/2013,2013,2013,D5,Assigned,Unverified,"13,147,629"
7/29/2013,2013,2013,D5,Separated,Unverified,"16,813,865"
7/29/2013,2013,2013,D6,Assigned,Unverified,"450,075,122"
7/29/2013,2013,2013,D6,Separated,Unverified,"317,067,929"
8/5/2013,2013,2012,D4,Assigned,Unverified,"12,832"
8/5/2013,2013,2012,D4,Separated,Unverified,"181,616"
8/5/2013,2013,2012,D5,Assigned,Unverified,"5,102"
8/5/2013,2013,2012,D5,Separated,Unverified,"10,000,000"
8/5/2013,2013,2012,D6,Assigned,Unverified,"7,222,161"
8/5/2013,2013,2012,D6,Separated,Unverified,"2,594,375"
8/5/2013,2013,2013,D4,Assigned,Unverified,"93,594,998"
8/5/2013,2013,2013,D4,Separated,Unverified,"29,779,489"
8/5/2013,2013,2013,D5,Assigned,Unverified,"9,248,100"
8/5/2013,2013,2013,D5,Separated,Unverified,"2,053,543"
8/5/2013,2013,2013,D6,Assigned,Unverified,"456,589,988"
8/5/2013,2013,2013,D6,Separated,Unverified,"243,277,050"
8/12/2013,2013,2012,D4,Separated,Unverified,"13,842"
8/12/2013,2013,2012,D5,Separated,Unverified,"225,351"
8/12/2013,2013,2012,D6,Separated,Unverified,"6,283,588"
8/12/2013,2013,2013,D4,Assigned,Unverified,"103,683,653"
8/12/2013,2013,2013,D4,Separated,Unverified,"47,293,596"
8/12/2013,2013,2013,D5,Assigned,Unverified,"20,678,793"
8/12/2013,2013,2013,D5,Separated,Unverified,"13,301,871"
8/12/2013,2013,2013,D6,Assigned,Unverified,"455,761,007"
8/12/2013,2013,2013,D6,Separated,Unverified,"224,837,659"
8/19/2013,2013,2012,D4,Separated,Unverified,"668,332"
8/19/2013,2013,2012,D5,Separated,Unverified,"36,914"
8/19/2013,2013,2012,D6,Separated,Unverified,"11,399,692"
8/19/2013,2013,2013,D4,Assigned,Unverified,"99,473,274"
8/19/2013,2013,2013,D4,Separated,Unverified,"33,667,202"
8/19/2013,2013,2013,D5,Assigned,Unverified,"5,747,291"
8/19/2013,2013,2013,D5,Separated,Unverified,"11,213,923"
8/19/2013,2013,2013,D6,Assigned,Unverified,"428,539,613"
8/19/2013,2013,2013,D6,Separated,Unverified,"227,340,319"
8/26/2013,2013,2012,D5,Separated,Unverified,"500,000"
8/26/2013,2013,2012,D6,Separated,Unverified,"18,523,803"
8/26/2013,2013,2013,D3,Separated,Unverified,"21,186"
8/26/2013,2013,2013,D4,Assigned,Unverified,"99,548,848"
8/26/2013,2013,2013,D4,Separated,Unverified,"96,709,090"
8/26/2013,2013,2013,D5,Assigned,Unverified,"8,823,993"
8/26/2013,2013,2013,D5,Separated,Unverified,"25,017,181"
8/26/2013,2013,2013,D6,Assigned,Unverified,"483,775,977"
8/26/2013,2013,2013,D6,Separated,Unverified,"395,797,138"
9/2/2013,2013,2012,D4,Assigned,Unverified,"85,677"
9/2/2013,2013,2012,D4,Separated,Unverified,"15,552"
9/2/2013,2013,2012,D6,Separated,Unverified,"5,351,575"
9/2/2013,2013,2013,D4,Assigned,Unverified,"93,743,246"
9/2/2013,2013,2013,D4,Separated,Unverified,"37,894,013"
9/2/2013,2013,2013,D5,Assigned,Unverified,"4,395,196"
9/2/2013,2013,2013,D5,Separated,Unverified,"12,002,831"
9/2/2013,2013,2013,D6,Assigned,Unverified,"416,974,583"
9/2/2013,2013,2013,D6,Separated,Unverified,"260,910,814"
9/9/2013,2013,2012,D4,Assigned,Unverified,"34,934"
9/9/2013,2013,2012,D4,Separated,Unverified,"2,453,948"
9/9/2013,2013,2012,D5,Separated,Unverified,"5,125,693"
9/9/2013,2013,2012,D6,Assigned,Unverified,"4,200"
9/9/2013,2013,2012,D6,Separated,Unverified,"28,308,000"
9/9/2013,2013,2013,D4,Assigned,Unverified,"99,003,095"
9/9/2013,2013,2013,D4,Separated,Unverified,"65,623,615"
9/9/2013,2013,2013,D5,Assigned,Unverified,"5,753,763"
9/9/2013,2013,2013,D5,Separated,Unverified,"4,941,571"
9/9/2013,2013,2013,D6,Assigned,Unverified,"441,701,928"
9/9/2013,2013,2013,D6,Separated,Unverified,"328,747,668"
9/16/2013,2013,2012,D4,Assigned,Unverified,"9,336"
9/16/2013,2013,2012,D4,Separated,Unverified,"504,943"
9/16/2013,2013,2012,D5,Separated,Unverified,"14,800,000"
9/16/2013,2013,2012,D6,Separated,Unverified,"4,297,500"
9/16/2013,2013,2013,D4,Assigned,Unverified,"80,098,689"
9/16/2013,2013,2013,D4,Separated,Unverified,"63,961,428"
9/16/2013,2013,2013,D5,Assigned,Unverified,"5,147,958"
9/16/2013,2013,2013,D5,Separated,Unverified,"38,176,025"
9/16/2013,2013,2013,D6,Assigned,Unverified,"439,114,432"
9/16/2013,2013,2013,D6,Separated,Unverified,"464,911,530"
9/23/2013,2013,2012,D4,Assigned,Unverified,230
9/23/2013,2013,2012,D4,Separated,Unverified,"1,925,413"
9/23/2013,2013,2012,D5,Separated,Unverified,"15,700,000"
9/23/2013,2013,2012,D6,Separated,Unverified,"60,730,636"
9/23/2013,2013,2013,D3,Assigned,Unverified,"65,635"
9/23/2013,2013,2013,D4,Assigned,Unverified,"88,701,572"
9/23/2013,2013,2013,D4,Separated,Unverified,"124,386,258"
9/23/2013,2013,2013,D5,Assigned,Unverified,"2,796,767"
9/23/2013,2013,2013,D5,Separated,Unverified,"65,790,322"
9/23/2013,2013,2013,D6,Assigned,Unverified,"431,060,456"
9/23/2013,2013,2013,D6,Separated,Unverified,"647,148,476"
9/30/2013,2013,2012,D4,Separated,Unverified,"995,226"
9/30/2013,2013,2012,D6,Separated,Unverified,"9,500,267"
9/30/2013,2013,2013,D3,Assigned,Unverified,"33,053"
9/30/2013,2013,2013,D3,Separated,Unverified,"33,091"
9/30/2013,2013,2013,D4,Assigned,Unverified,"98,042,255"
9/30/2013,2013,2013,D4,Separated,Unverified,"118,897,487"
9/30/2013,2013,2013,D5,Assigned,Unverified,"8,334,304"
9/30/2013,2013,2013,D5,Separated,Unverified,"43,314,317"
9/30/2013,2013,2013,D6,Assigned,Unverified,"436,926,853"
9/30/2013,2013,2013,D6,Separated,Unverified,"544,889,790"
10/7/2013,2013,2012,D4,Separated,Unverified,"2,130,407"
10/7/2013,2013,2012,D6,Separated,Unverified,"9,419,443"
10/7/2013,2013,2013,D3,Assigned,Unverified,"10,898"
10/7/2013,2013,2013,D3,Separated,Unverified,"11,166"
10/7/2013,2013,2013,D4,Assigned,Unverified,"88,022,910"
10/7/2013,2013,2013,D4,Separated,Unverified,"55,275,893"
10/7/2013,2013,2013,D5,Assigned,Unverified,"3,967,208"
10/7/2013,2013,2013,D5,Separated,Unverified,"18,361,855"
10/7/2013,2013,2013,D6,Assigned,Unverified,"431,319,027"
10/7/2013,2013,2013,D6,Separated,Unverified,"281,770,623"
10/14/2013,2013,2012,D5,Separated,Unverified,"500,000"
10/14/2013,2013,2012,D6,Separated,Unverified,"3,022,184"
10/14/2013,2013,2013,D3,Assigned,Unverified,"10,898"
10/14/2013,2013,2013,D4,Assigned,Unverified,"100,051,067"
10/14/2013,2013,2013,D4,Separated,Unverified,"32,862,765"
10/14/2013,2013,2013,D5,Assigned,Unverified,"3,985,448"
10/14/2013,2013,2013,D5,Separated,Unverified,"8,026,999"
10/14/2013,2013,2013,D6,Assigned,Unverified,"427,064,915"
10/14/2013,2013,2013,D6,Separated,Unverified,"333,761,915"
10/21/2013,2013,2012,D4,Separated,Unverified,"250,000"
10/21/2013,2013,2012,D5,Separated,Unverified,"3,245,000"
10/21/2013,2013,2012,D6,Separated,Unverified,"1,633,520"
10/21/2013,2013,2013,D4,Assigned,Unverified,"88,428,851"
10/21/2013,2013,2013,D4,Separated,Unverified,"67,822,649"
10/21/2013,2013,2013,D5,Assigned,Unverified,"10,864,093"
10/21/2013,2013,2013,D5,Separated,Unverified,"17,736,791"
10/21/2013,2013,2013,D6,Assigned,Unverified,"435,843,273"
10/21/2013,2013,2013,D6,Separated,Unverified,"322,327,423"
10/28/2013,2013,2012,D4,Separated,Unverified,"500,000"
10/28/2013,2013,2012,D5,Separated,Unverified,"40,000"
10/28/2013,2013,2012,D6,Separated,Unverified,"8,142,737"
10/28/2013,2013,2013,D3,Assigned,Unverified,"37,703"
10/28/2013,2013,2013,D4,Assigned,Unverified,"97,198,495"
10/28/2013,2013,2013,D4,Separated,Unverified,"86,865,557"
10/28/2013,2013,2013,D5,Assigned,Unverified,"1,630,311"
10/28/2013,2013,2013,D5,Separated,Unverified,"14,121,685"
10/28/2013,2013,2013,D6,Assigned,Unverified,"443,952,706"
10/28/2013,2013,2013,D6,Separated,Unverified,"397,553,968"
11/4/2013,2013,2012,D4,Separated,Unverified,"2,032,160"
11/4/2013,2013,2012,D6,Separated,Unverified,"3,381,000"
11/4/2013,2013,2013,D3,Assigned,Unverified,"35,628"
11/4/2013,2013,2013,D4,Assigned,Unverified,"79,863,187"
11/4/2013,2013,2013,D4,Separated,Unverified,"36,799,059"
11/4/2013,2013,2013,D5,Assigned,Unverified,"2,839,345"
11/4/2013,2013,2013,D5,Separated,Unverified,"5,340,746"
11/4/2013,2013,2013,D6,Assigned,Unverified,"455,665,773"
11/4/2013,2013,2013,D6,Separated,Unverified,"332,538,631"
11/11/2013,2013,2012,D4,Separated,Unverified,"314,361"
11/11/2013,2013,2012,D5,Separated,Unverified,"2,500,000"
11/11/2013,2013,2012,D6,Separated,Unverified,"1,159,732"
11/11/2013,2013,2013,D3,Assigned,Unverified,"64,760"
11/11/2013,2013,2013,D3,Separated,Unverified,"38,879"
11/11/2013,2013,2013,D4,Assigned,Unverified,"76,566,699"
11/11/2013,2013,2013,D4,Separated,Unverified,"37,999,633"
11/11/2013,2013,2013,D5,Assigned,Unverified,"1,184,364"
11/11/2013,2013,2013,D5,Separated,Unverified,"12,769,669"
11/11/2013,2013,2013,D6,Assigned,Unverified,"453,429,080"
11/11/2013,2013,2013,D6,Separated,Unverified,"258,561,448"
11/18/2013,2013,2012,D4,Separated,Unverified,"52,160"
11/18/2013,2013,2012,D6,Separated,Unverified,"1,044,100"
11/18/2013,2013,2013,D3,Separated,Unverified,"29,178"
11/18/2013,2013,2013,D4,Assigned,Unverified,"101,709,662"
11/18/2013,2013,2013,D4,Separated,Unverified,"58,323,532"
11/18/2013,2013,2013,D5,Assigned,Unverified,"573,214"
11/18/2013,2013,2013,D5,Separated,Unverified,"4,137,568"
11/18/2013,2013,2013,D6,Assigned,Unverified,"454,442,945"
11/18/2013,2013,2013,D6,Separated,Unverified,"252,742,485"
11/25/2013,2013,2012,D4,Assigned,Unverified,248
11/25/2013,2013,2012,D4,Separated,Unverified,"85,000"
11/25/2013,2013,2012,D5,Separated,Unverified,"22,000"
11/25/2013,2013,2012,D6,Separated,Unverified,"6,150,000"
11/25/2013,2013,2013,D4,Assigned,Unverified,"85,207,759"
11/25/2013,2013,2013,D4,Separated,Unverified,"56,456,705"
11/25/2013,2013,2013,D5,Assigned,Unverified,"5,780,107"
11/25/2013,2013,2013,D5,Separated,Unverified,"6,343,365"
11/25/2013,2013,2013,D6,Assigned,Unverified,"441,225,366"
11/25/2013,2013,2013,D6,Separated,Unverified,"608,782,799"
12/2/2013,2013,2012,D6,Separated,Unverified,"8,389,660"
12/2/2013,2013,2013,D4,Assigned,Unverified,"103,902,881"
12/2/2013,2013,2013,D4,Separated,Unverified,"76,915,175"
12/2/2013,2013,2013,D5,Assigned,Unverified,"479,556"
12/2/2013,2013,2013,D5,Separated,Unverified,"6,390,278"
12/2/2013,2013,2013,D6,Assigned,Unverified,"469,371,143"
12/2/2013,2013,2013,D6,Separated,Unverified,"333,684,975"
12/9/2013,2013,2012,D4,Separated,Unverified,"1,817,000"
12/9/2013,2013,2012,D5,Separated,Unverified,"1,068,000"
12/9/2013,2013,2012,D6,Separated,Unverified,"22,386,000"
12/9/2013,2013,2013,D4,Assigned,Unverified,"80,202,203"
12/9/2013,2013,2013,D4,Separated,Unverified,"104,796,978"
12/9/2013,2013,2013,D5,Assigned,Unverified,"7,909,070"
12/9/2013,2013,2013,D5,Separated,Unverified,"13,397,525"
12/9/2013,2013,2013,D6,Assigned,Unverified,"451,855,039"
12/9/2013,2013,2013,D6,Separated,Unverified,"402,419,330"
12/16/2013,2013,2012,D4,Separated,Unverified,"3,541,620"
12/16/2013,2013,2012,D5,Separated,Unverified,"1,172,000"
12/16/2013,2013,2012,D6,Separated,Unverified,"33,328,000"
12/16/2013,2013,2013,D3,Assigned,Unverified,"22,777"
12/16/2013,2013,2013,D4,Assigned,Unverified,"92,863,271"
12/16/2013,2013,2013,D4,Separated,Unverified,"83,680,630"
12/16/2013,2013,2013,D5,Assigned,Unverified,"16,482,695"
12/16/2013,2013,2013,D5,Separated,Unverified,"32,127,081"
12/16/2013,2013,2013,D6,Assigned,Unverified,"459,580,941"
12/16/2013,2013,2013,D6,Separated,Unverified,"684,685,807"
12/23/2013,2013,2012,D4,Separated,Unverified,"163,323"
12/23/2013,2013,2012,D5,Separated,Unverified,"1,500,000"
12/23/2013,2013,2012,D6,Separated,Unverified,"1,000,000"
12/23/2013,2013,2013,D3,Assigned,Unverified,"46,290"
12/23/2013,2013,2013,D4,Assigned,Unverified,"100,187,624"
12/23/2013,2013,2013,D4,Separated,Unverified,"56,312,574"
12/23/2013,2013,2013,D5,Assigned,Unverified,"3,545,246"
12/23/2013,2013,2013,D5,Separated,Unverified,"10,449,186"
12/23/2013,2013,2013,D6,Assigned,Unverified,"406,324,008"
12/23/2013,2013,2013,D6,Separated,Unverified,"340,295,311"
12/30/2013,2013,2012,D4,Assigned,Unverified,189
12/30/2013,2013,2012,D4,Separated,Unverified,"100,000"
12/30/2013,2013,2012,D6,Separated,Unverified,"5,021,867"
12/30/2013,2013,2013,D3,Separated,Unverified,"22,777"
12/30/2013,2013,2013,D4,Assigned,Unverified,"110,262,196"
12/30/2013,2013,2013,D4,Separated,Unverified,"117,416,027"
12/30/2013,2013,2013,D5,Assigned,Unverified,"2,101,057"
12/30/2013,2013,2013,D5,Separated,Unverified,"18,470,337"
12/30/2013,2013,2013,D6,Assigned,Unverified,"259,248,035"
12/30/2013,2013,2013,D6,Separated,Unverified,"434,612,835"
12/30/2013,2014,2012,D4,Separated,Unverified,"8,743"
12/30/2013,2014,2012,D6,Separated,Unverified,"2,019,600"
12/30/2013,2014,2013,D4,Assigned,Unverified,"58,222,956"
12/30/2013,2014,2013,D4,Separated,Unverified,"20,257,851"
12/30/2013,2014,2013,D5,Assigned,Unverified,"26,470"
12/30/2013,2014,2013,D5,Separated,Unverified,"1,350,000"
12/30/2013,2014,2013,D6,Assigned,Unverified,"94,960,112"
12/30/2013,2014,2013,D6,Separated,Unverified,"127,702,459"
12/30/2013,2014,2014,D4,Assigned,Unverified,"5,991,972"
12/30/2013,2014,2014,D4,Separated,Unverified,"22,291"
12/30/2013,2014,2014,D5,Assigned,Unverified,"213,380"
12/30/2013,2014,2014,D6,Assigned,Unverified,"112,927,742"
12/30/2013,2014,2014,D6,Separated,Unverified,"5,286,374"
1/6/2014,2014,2012,D4,Separated,Unverified,"6,646"
1/6/2014,2014,2012,D6,Separated,Unverified,"500,000"
1/6/2014,2014,2013,D3,Separated,Unverified,"11,613"
1/6/2014,2014,2013,D4,Assigned,Unverified,"22,895,731"
1/6/2014,2014,2013,D4,Separated,Unverified,"39,736,202"
1/6/2014,2014,2013,D5,Assigned,Unverified,"1,013,534"
1/6/2014,2014,2013,D5,Separated,Unverified,"4,480,617"
1/6/2014,2014,2013,D6,Assigned,Unverified,"108,922,018"
1/6/2014,2014,2013,D6,Separated,Unverified,"214,827,440"
1/6/2014,2014,2014,D3,Assigned,Unverified,"7,119"
1/6/2014,2014,2014,D4,Assigned,Unverified,"20,190,636"
1/6/2014,2014,2014,D4,Separated,Unverified,"1,667,431"
1/6/2014,2014,2014,D5,Assigned,Unverified,"482,363"
1/6/2014,2014,2014,D6,Assigned,Unverified,"294,639,912"
1/6/2014,2014,2014,D6,Separated,Unverified,"11,046,119"
1/13/2014,2014,2012,D4,Separated,Unverified,"2,573,943"
1/13/2014,2014,2012,D6,Separated,Unverified,"41,921"
1/13/2014,2014,2013,D4,Assigned,Unverified,"25,955,795"
1/13/2014,2014,2013,D4,Separated,Unverified,"45,048,589"
1/13/2014,2014,2013,D5,Separated,Unverified,"2,764,073"
1/13/2014,2014,2013,D6,Assigned,Unverified,"30,069,806"
1/13/2014,2014,2013,D6,Separated,Unverified,"241,666,423"
1/13/2014,2014,2014,D3,Assigned,Unverified,"44,168"
1/13/2014,2014,2014,D4,Assigned,Unverified,"31,968,653"
1/13/2014,2014,2014,D4,Separated,Unverified,"1,363,574"
1/13/2014,2014,2014,D5,Assigned,Unverified,"599,326"
1/13/2014,2014,2014,D5,Separated,Unverified,"212,939"
1/13/2014,2014,2014,D6,Assigned,Unverified,"399,952,477"
1/13/2014,2014,2014,D6,Separated,Unverified,"29,155,350"
1/20/2014,2014,2012,D4,Assigned,Unverified,"67,094"
1/20/2014,2014,2012,D4,Separated,Unverified,"2,085,544"
1/20/2014,2014,2012,D5,Assigned,Unverified,"40,638"
1/20/2014,2014,2012,D5,Separated,Unverified,"210,923"
1/20/2014,2014,2012,D6,Assigned,Unverified,"85,000"
1/20/2014,2014,2012,D6,Separated,Unverified,"3,204,215"
1/20/2014,2014,2013,D4,Assigned,Unverified,"8,894,517"
1/20/2014,2014,2013,D4,Separated,Unverified,"17,458,727"
1/20/2014,2014,2013,D5,Assigned,Unverified,"501,122"
1/20/2014,2014,2013,D5,Separated,Unverified,"829,513"
1/20/2014,2014,2013,D6,Assigned,Unverified,"13,797,590"
1/20/2014,2014,2013,D6,Separated,Unverified,"166,741,931"
1/20/2014,2014,2014,D3,Assigned,Unverified,"20,751"
1/20/2014,2014,2014,D4,Assigned,Unverified,"34,990,155"
1/20/2014,2014,2014,D4,Separated,Unverified,"1,720,102"
1/20/2014,2014,2014,D5,Assigned,Unverified,"1,977,032"
1/20/2014,2014,2014,D5,Separated,Unverified,"367,092"
1/20/2014,2014,2014,D6,Assigned,Unverified,"432,584,403"
1/20/2014,2014,2014,D6,Separated,Unverified,"46,078,763"
1/27/2014,2014,2012,D4,Separated,Unverified,"296,439"
1/27/2014,2014,2012,D5,Separated,Unverified,"16,551"
1/27/2014,2014,2012,D6,Assigned,Unverified,"3,766,154"
1/27/2014,2014,2012,D6,Separated,Unverified,"3,572,019"
1/27/2014,2014,2013,D4,Assigned,Unverified,"4,396,672"
1/27/2014,2014,2013,D4,Separated,Unverified,"59,900,228"
1/27/2014,2014,2013,D5,Separated,Unverified,"2,433,680"
1/27/2014,2014,2013,D6,Assigned,Unverified,"11,576,415"
1/27/2014,2014,2013,D6,Separated,Unverified,"231,649,014"
1/27/2014,2014,2014,D3,Assigned,Unverified,"7,128"
1/27/2014,2014,2014,D3,Separated,Unverified,"23,417"
1/27/2014,2014,2014,D4,Assigned,Unverified,"47,133,840"
1/27/2014,2014,2014,D4,Separated,Unverified,"6,905,269"
1/27/2014,2014,2014,D5,Assigned,Unverified,"1,968,087"
1/27/2014,2014,2014,D5,Separated,Unverified,"669,243"
1/27/2014,2014,2014,D6,Assigned,Unverified,"447,792,456"
1/27/2014,2014,2014,D6,Separated,Unverified,"87,884,165"
2/3/2014,2014,2012,D4,Separated,Unverified,"854,732"
2/3/2014,2014,2012,D5,Separated,Unverified,"13,028"
2/3/2014,2014,2012,D6,Separated,Unverified,"1,167,961"
2/3/2014,2014,2013,D4,Assigned,Unverified,"4,672,587"
2/3/2014,2014,2013,D4,Separated,Unverified,"22,459,854"
2/3/2014,2014,2013,D5,Separated,Unverified,"250,000"
2/3/2014,2014,2013,D6,Assigned,Unverified,"162,523"
2/3/2014,2014,2013,D6,Separated,Unverified,"80,869,086"
2/3/2014,2014,2014,D4,Assigned,Unverified,"36,730,283"
2/3/2014,2014,2014,D4,Separated,Unverified,"8,459,156"
2/3/2014,2014,2014,D5,Assigned,Unverified,"2,803,881"
2/3/2014,2014,2014,D5,Separated,Unverified,"673,945"
2/3/2014,2014,2014,D6,Assigned,Unverified,"408,400,452"
2/3/2014,2014,2014,D6,Separated,Unverified,"128,505,128"
2/10/2014,2014,2012,D4,Separated,Unverified,"108,136"
2/10/2014,2014,2012,D6,Separated,Unverified,"1,500,000"
2/10/2014,2014,2013,D4,Assigned,Unverified,"2,645,666"
2/10/2014,2014,2013,D4,Separated,Unverified,"16,709,268"
2/10/2014,2014,2013,D5,Separated,Unverified,"614,385"
2/10/2014,2014,2013,D6,Assigned,Unverified,"8,116"
2/10/2014,2014,2013,D6,Separated,Unverified,"84,720,118"
2/10/2014,2014,2014,D4,Assigned,Unverified,"40,914,725"
2/10/2014,2014,2014,D4,Separated,Unverified,"8,605,929"
2/10/2014,2014,2014,D5,Assigned,Unverified,"400,821"
2/10/2014,2014,2014,D5,Separated,Unverified,"360,806"
2/10/2014,2014,2014,D6,Assigned,Unverified,"454,463,939"
2/10/2014,2014,2014,D6,Separated,Unverified,"203,216,844"
2/17/2014,2014,2012,D4,Separated,Unverified,"103,884"
2/17/2014,2014,2012,D5,Separated,Unverified,"4,082"
2/17/2014,2014,2012,D6,Separated,Unverified,"1,002,245"
2/17/2014,2014,2013,D4,Assigned,Unverified,"3,889,711"
2/17/2014,2014,2013,D4,Separated,Unverified,"23,785,571"
2/17/2014,2014,2013,D5,Separated,Unverified,"65,588"
2/17/2014,2014,2013,D6,Assigned,Unverified,"383,766"
2/17/2014,2014,2013,D6,Separated,Unverified,"39,665,471"
2/17/2014,2014,2014,D3,Assigned,Unverified,"7,072"
2/17/2014,2014,2014,D4,Assigned,Unverified,"50,939,640"
2/17/2014,2014,2014,D4,Separated,Unverified,"10,066,566"
2/17/2014,2014,2014,D5,Assigned,Unverified,"389,326"
2/17/2014,2014,2014,D5,Separated,Unverified,"660,262"
2/17/2014,2014,2014,D6,Assigned,Unverified,"445,815,598"
2/17/2014,2014,2014,D6,Separated,Unverified,"149,666,179"
2/24/2014,2014,2012,D4,Separated,Unverified,"683,360"
2/24/2014,2014,2012,D6,Separated,Unverified,"4,542,956"
2/24/2014,2014,2013,D4,Assigned,Unverified,"3,505,717"
2/24/2014,2014,2013,D4,Separated,Unverified,"35,675,671"
2/24/2014,2014,2013,D5,Separated,Unverified,"477,725"
2/24/2014,2014,2013,D6,Assigned,Unverified,"116,740"
2/24/2014,2014,2013,D6,Separated,Unverified,"90,504,675"
2/24/2014,2014,2014,D4,Assigned,Unverified,"77,006,996"
2/24/2014,2014,2014,D4,Separated,Unverified,"17,064,297"
2/24/2014,2014,2014,D5,Assigned,Unverified,"1,992,265"
2/24/2014,2014,2014,D5,Separated,Unverified,"775,863"
2/24/2014,2014,2014,D6,Assigned,Unverified,"490,587,480"
2/24/2014,2014,2014,D6,Separated,Unverified,"208,575,813"
3/3/2014,2014,2012,D4,Separated,Unverified,"269,842"
3/3/2014,2014,2012,D6,Assigned,Unverified,"114,789"
3/3/2014,2014,2013,D4,Assigned,Unverified,"1,150,168"
3/3/2014,2014,2013,D4,Separated,Unverified,"5,990,563"
3/3/2014,2014,2013,D5,Separated,Unverified,"1,630,000"
3/3/2014,2014,2013,D6,Assigned,Unverified,"1,580,612"
3/3/2014,2014,2013,D6,Separated,Unverified,"39,307,673"
3/3/2014,2014,2014,D4,Assigned,Unverified,"54,172,302"
3/3/2014,2014,2014,D4,Separated,Unverified,"18,137,695"
3/3/2014,2014,2014,D5,Assigned,Unverified,"439,241"
3/3/2014,2014,2014,D5,Separated,Unverified,"310,000"
3/3/2014,2014,2014,D6,Assigned,Unverified,"412,538,546"
3/3/2014,2014,2014,D6,Separated,Unverified,"251,871,437"
3/10/2014,2014,2012,D4,Separated,Unverified,"700,805"
3/10/2014,2014,2012,D6,Separated,Unverified,"1,100,000"
3/10/2014,2014,2013,D4,Assigned,Unverified,"577,534"
3/10/2014,2014,2013,D4,Separated,Unverified,"13,710,254"
3/10/2014,2014,2013,D6,Separated,Unverified,"59,387,991"
3/10/2014,2014,2014,D4,Assigned,Unverified,"60,686,792"
3/10/2014,2014,2014,D4,Separated,Unverified,"17,767,432"
3/10/2014,2014,2014,D5,Assigned,Unverified,"1,869,706"
3/10/2014,2014,2014,D5,Separated,Unverified,"650,846"
3/10/2014,2014,2014,D6,Assigned,Unverified,"446,946,145"
3/10/2014,2014,2014,D6,Separated,Unverified,"240,514,056"
3/17/2014,2014,2012,D4,Separated,Unverified,"273,518"
3/17/2014,2014,2012,D5,Separated,Unverified,"500,000"
3/17/2014,2014,2013,D4,Assigned,Unverified,"2,027,665"
3/17/2014,2014,2013,D4,Separated,Unverified,"17,445,889"
3/17/2014,2014,2013,D5,Assigned,Unverified,"277,175"
3/17/2014,2014,2013,D5,Separated,Unverified,"137,494"
3/17/2014,2014,2013,D6,Assigned,Unverified,"15,224"
3/17/2014,2014,2013,D6,Separated,Unverified,"69,461,759"
3/17/2014,2014,2014,D3,Assigned,Unverified,"6,624"
3/17/2014,2014,2014,D4,Assigned,Unverified,"65,236,047"
3/17/2014,2014,2014,D4,Separated,Unverified,"22,603,647"
3/17/2014,2014,2014,D5,Assigned,Unverified,"624,905"
3/17/2014,2014,2014,D5,Separated,Unverified,"66,385"
3/17/2014,2014,2014,D6,Assigned,Unverified,"470,635,923"
3/17/2014,2014,2014,D6,Separated,Unverified,"275,872,653"
3/24/2014,2014,2012,D4,Assigned,Unverified,"38,779"
3/24/2014,2014,2012,D4,Separated,Unverified,"1,088,802"
3/24/2014,2014,2012,D6,Separated,Unverified,"28,900,000"
3/24/2014,2014,2013,D4,Assigned,Unverified,"2,016,665"
3/24/2014,2014,2013,D4,Separated,Unverified,"47,717,577"
3/24/2014,2014,2013,D6,Assigned,Unverified,"52,848"
3/24/2014,2014,2013,D6,Separated,Unverified,"158,328,279"
3/24/2014,2014,2014,D4,Assigned,Unverified,"106,063,433"
3/24/2014,2014,2014,D4,Separated,Unverified,"26,736,162"
3/24/2014,2014,2014,D5,Assigned,Unverified,"441,876"
3/24/2014,2014,2014,D5,Separated,Unverified,"598,496"
3/24/2014,2014,2014,D6,Assigned,Unverified,"473,444,276"
3/24/2014,2014,2014,D6,Separated,Unverified,"266,012,648"
3/31/2014,2014,2012,D4,Separated,Unverified,"132,533"
3/31/2014,2014,2012,D6,Separated,Unverified,"2,725,000"
3/31/2014,2014,2013,D4,Assigned,Unverified,"1,815,194"
3/31/2014,2014,2013,D4,Separated,Unverified,"34,174,717"
3/31/2014,2014,2013,D5,Assigned,Unverified,"7,946"
3/31/2014,2014,2013,D5,Separated,Unverified,"277,175"
3/31/2014,2014,2013,D6,Assigned,Unverified,"5,904"
3/31/2014,2014,2013,D6,Separated,Unverified,"62,357,053"
3/31/2014,2014,2014,D4,Assigned,Unverified,"70,217,514"
3/31/2014,2014,2014,D4,Separated,Unverified,"57,654,314"
3/31/2014,2014,2014,D5,Assigned,Unverified,"2,119,897"
3/31/2014,2014,2014,D5,Separated,Unverified,"625,588"
3/31/2014,2014,2014,D6,Assigned,Unverified,"483,009,368"
3/31/2014,2014,2014,D6,Separated,Unverified,"338,268,624"
4/7/2014,2014,2012,D4,Separated,Unverified,"1,831,966"
4/7/2014,2014,2012,D5,Separated,Unverified,"1,000,000"
4/7/2014,2014,2012,D6,Assigned,Unverified,"7,000"
4/7/2014,2014,2012,D6,Separated,Unverified,"7,945,805"
4/7/2014,2014,2013,D4,Assigned,Unverified,"796,329"
4/7/2014,2014,2013,D4,Separated,Unverified,"30,355,486"
4/7/2014,2014,2013,D5,Separated,Unverified,"9,456,529"
4/7/2014,2014,2013,D6,Separated,Unverified,"160,746,888"
4/7/2014,2014,2014,D4,Assigned,Unverified,"66,061,979"
4/7/2014,2014,2014,D4,Separated,Unverified,"31,365,783"
4/7/2014,2014,2014,D5,Assigned,Unverified,"2,092,958"
4/7/2014,2014,2014,D5,Separated,Unverified,"300,809"
4/7/2014,2014,2014,D6,Assigned,Unverified,"485,470,743"
4/7/2014,2014,2014,D6,Separated,Unverified,"229,563,918"
4/14/2014,2014,2012,D4,Separated,Unverified,"360,942"
4/14/2014,2014,2012,D6,Separated,Unverified,"1,059,056"
4/14/2014,2014,2013,D4,Assigned,Unverified,"35,533"
4/14/2014,2014,2013,D4,Separated,Unverified,"4,938,110"
4/14/2014,2014,2013,D6,Assigned,Unverified,"10,016,057"
4/14/2014,2014,2013,D6,Separated,Unverified,"27,503,246"
4/14/2014,2014,2014,D3,Assigned,Unverified,643
4/14/2014,2014,2014,D4,Assigned,Unverified,"59,926,547"
4/14/2014,2014,2014,D4,Separated,Unverified,"26,622,657"
4/14/2014,2014,2014,D5,Assigned,Unverified,"2,314,572"
4/14/2014,2014,2014,D5,Separated,Unverified,"525,612"
4/14/2014,2014,2014,D6,Assigned,Unverified,"429,543,759"
4/14/2014,2014,2014,D6,Separated,Unverified,"203,454,935"
4/21/2014,2014,2012,D4,Assigned,Unverified,"10,922"
4/21/2014,2014,2012,D4,Separated,Unverified,"1,715,565"
4/21/2014,2014,2013,D4,Assigned,Unverified,"353,835"
4/21/2014,2014,2013,D4,Separated,Unverified,"5,823,995"
4/21/2014,2014,2013,D5,Separated,Unverified,"892,000"
4/21/2014,2014,2013,D6,Separated,Unverified,"38,073,324"
4/21/2014,2014,2014,D3,Assigned,Unverified,643
4/21/2014,2014,2014,D4,Assigned,Unverified,"105,068,623"
4/21/2014,2014,2014,D4,Separated,Unverified,"38,203,465"
4/21/2014,2014,2014,D5,Assigned,Unverified,"520,574"
4/21/2014,2014,2014,D5,Separated,Unverified,"526,810"
4/21/2014,2014,2014,D6,Assigned,Unverified,"488,443,650"
4/21/2014,2014,2014,D6,Separated,Unverified,"186,104,204"
4/28/2014,2014,2012,D4,Separated,Unverified,"4,048,786"
4/28/2014,2014,2012,D6,Separated,Unverified,"22,079,754"
4/28/2014,2014,2013,D3,Separated,Unverified,"25,000"
4/28/2014,2014,2013,D4,Assigned,Unverified,"414,787"
4/28/2014,2014,2013,D4,Separated,Unverified,"25,387,317"
4/28/2014,2014,2013,D5,Separated,Unverified,"607,875"
4/28/2014,2014,2013,D6,Separated,Unverified,"78,011,427"
4/28/2014,2014,2014,D4,Assigned,Unverified,"68,933,029"
4/28/2014,2014,2014,D4,Separated,Unverified,"45,861,921"
4/28/2014,2014,2014,D5,Assigned,Unverified,"6,410,790"
4/28/2014,2014,2014,D5,Separated,Unverified,"3,946,977"
4/28/2014,2014,2014,D6,Assigned,Unverified,"468,883,730"
4/28/2014,2014,2014,D6,Separated,Unverified,"293,288,847"
5/5/2014,2014,2012,D4,Separated,Unverified,"1,565,363"
5/5/2014,2014,2012,D5,Separated,Unverified,"125,693"
5/5/2014,2014,2012,D6,Separated,Unverified,"3,400,000"
5/5/2014,2014,2013,D4,Assigned,Unverified,"798,940"
5/5/2014,2014,2013,D4,Separated,Unverified,"30,654,726"
5/5/2014,2014,2013,D5,Assigned,Unverified,"948,463"
5/5/2014,2014,2013,D5,Separated,Unverified,"1,561,000"
5/5/2014,2014,2013,D6,Separated,Unverified,"31,685,198"
5/5/2014,2014,2014,D4,Assigned,Unverified,"75,106,321"
5/5/2014,2014,2014,D4,Separated,Unverified,"30,910,187"
5/5/2014,2014,2014,D5,Assigned,Unverified,"538,574"
5/5/2014,2014,2014,D5,Separated,Unverified,"1,937,184"
5/5/2014,2014,2014,D6,Assigned,Unverified,"495,272,925"
5/5/2014,2014,2014,D6,Separated,Unverified,"287,461,036"
5/12/2014,2014,2012,D4,Separated,Unverified,"447,689"
5/12/2014,2014,2012,D6,Separated,Unverified,"2,500,000"
5/12/2014,2014,2013,D4,Assigned,Unverified,"530,502"
5/12/2014,2014,2013,D4,Separated,Unverified,"2,227,889"
5/12/2014,2014,2013,D5,Separated,Unverified,"1,710,463"
5/12/2014,2014,2013,D6,Assigned,Unverified,"15,300"
5/12/2014,2014,2013,D6,Separated,Unverified,"47,952,403"
5/12/2014,2014,2014,D4,Assigned,Unverified,"68,969,701"
5/12/2014,2014,2014,D4,Separated,Unverified,"23,506,398"
5/12/2014,2014,2014,D5,Assigned,Unverified,"2,971,709"
5/12/2014,2014,2014,D5,Separated,Unverified,"1,172,156"
5/12/2014,2014,2014,D6,Assigned,Unverified,"464,265,414"
5/12/2014,2014,2014,D6,Separated,Unverified,"269,958,789"
5/19/2014,2014,2012,D4,Separated,Unverified,"36,850"
5/19/2014,2014,2012,D5,Separated,Unverified,"939,000"
5/19/2014,2014,2012,D6,Separated,Unverified,"1,000,000"
5/19/2014,2014,2013,D4,Assigned,Unverified,"474,737"
5/19/2014,2014,2013,D4,Separated,Unverified,"7,466,169"
5/19/2014,2014,2013,D5,Separated,Unverified,"9,000,000"
5/19/2014,2014,2013,D6,Separated,Unverified,"92,150,632"
5/19/2014,2014,2014,D4,Assigned,Unverified,"65,399,754"
5/19/2014,2014,2014,D4,Separated,Unverified,"32,308,626"
5/19/2014,2014,2014,D5,Assigned,Unverified,"2,642,906"
5/19/2014,2014,2014,D5,Separated,Unverified,"840,141"
5/19/2014,2014,2014,D6,Assigned,Unverified,"458,568,488"
5/19/2014,2014,2014,D6,Separated,Unverified,"195,158,716"
5/26/2014,2014,2012,D4,Separated,Unverified,"1,985,283"
5/26/2014,2014,2012,D5,Separated,Unverified,"2,968,718"
5/26/2014,2014,2012,D6,Separated,Unverified,"36,184,706"
5/26/2014,2014,2013,D4,Assigned,Unverified,"64,625"
5/26/2014,2014,2013,D4,Separated,Unverified,"36,995,991"
5/26/2014,2014,2013,D5,Separated,Unverified,"6,531,222"
5/26/2014,2014,2013,D6,Separated,Unverified,"211,384,964"
5/26/2014,2014,2014,D4,Assigned,Unverified,"69,283,297"
5/26/2014,2014,2014,D4,Separated,Unverified,"39,893,618"
5/26/2014,2014,2014,D5,Assigned,Unverified,"6,003,274"
5/26/2014,2014,2014,D5,Separated,Unverified,"3,599,236"
5/26/2014,2014,2014,D6,Assigned,Unverified,"502,771,489"
5/26/2014,2014,2014,D6,Separated,Unverified,"315,379,771"
6/2/2014,2014,2012,D4,Separated,Unverified,"47,534"
6/2/2014,2014,2012,D5,Separated,Unverified,"2,500,000"
6/2/2014,2014,2012,D6,Separated,Unverified,"10,351,278"
6/2/2014,2014,2013,D3,Separated,Unverified,"20,069"
6/2/2014,2014,2013,D4,Assigned,Unverified,"164,068"
6/2/2014,2014,2013,D4,Separated,Unverified,"6,143,039"
6/2/2014,2014,2013,D5,Separated,Unverified,"14,000,000"
6/2/2014,2014,2013,D6,Separated,Unverified,"37,424,964"
6/2/2014,2014,2014,D4,Assigned,Unverified,"99,224,855"
6/2/2014,2014,2014,D4,Separated,Unverified,"51,524,289"
6/2/2014,2014,2014,D5,Assigned,Unverified,"539,364"
6/2/2014,2014,2014,D5,Separated,Unverified,"1,181,257"
6/2/2014,2014,2014,D6,Assigned,Unverified,"447,621,429"
6/2/2014,2014,2014,D6,Separated,Unverified,"320,829,269"
6/9/2014,2014,2012,D4,Separated,Unverified,"30,501"
6/9/2014,2014,2012,D6,Separated,Unverified,"13,300,000"
6/9/2014,2014,2013,D4,Assigned,Unverified,"226,930"
6/9/2014,2014,2013,D4,Separated,Unverified,"9,374,657"
6/9/2014,2014,2013,D6,Separated,Unverified,"64,747,094"
6/9/2014,2014,2014,D4,Assigned,Unverified,"84,895,739"
6/9/2014,2014,2014,D4,Separated,Unverified,"40,407,085"
6/9/2014,2014,2014,D5,Assigned,Unverified,"1,596,416"
6/9/2014,2014,2014,D5,Separated,Unverified,"3,856,146"
6/9/2014,2014,2014,D6,Assigned,Unverified,"482,385,920"
6/9/2014,2014,2014,D6,Separated,Unverified,"328,397,076"
6/16/2014,2014,2012,D4,Separated,Unverified,"100,459"
6/16/2014,2014,2013,D4,Assigned,Unverified,"56,807"
6/16/2014,2014,2013,D4,Separated,Unverified,"4,345,588"
6/16/2014,2014,2013,D5,Separated,Unverified,"200,000"
6/16/2014,2014,2013,D6,Assigned,Unverified,"1,082,921"
6/16/2014,2014,2013,D6,Separated,Unverified,"56,486,801"
6/16/2014,2014,2014,D4,Assigned,Unverified,"73,148,573"
6/16/2014,2014,2014,D4,Separated,Unverified,"44,608,971"
6/16/2014,2014,2014,D5,Assigned,Unverified,"8,745,219"
6/16/2014,2014,2014,D5,Separated,Unverified,"12,659,779"
6/16/2014,2014,2014,D6,Assigned,Unverified,"480,795,951"
6/16/2014,2014,2014,D6,Separated,Unverified,"393,745,831"
6/23/2014,2014,2012,D4,Separated,Unverified,"78,985"
6/23/2014,2014,2013,D4,Assigned,Unverified,"18,409"
6/23/2014,2014,2013,D4,Separated,Unverified,"4,909,497"
6/23/2014,2014,2013,D5,Separated,Unverified,"3,225,000"
6/23/2014,2014,2013,D6,Separated,Unverified,"12,200,759"
6/23/2014,2014,2014,D4,Assigned,Unverified,"73,572,567"
6/23/2014,2014,2014,D4,Separated,Unverified,"98,414,334"
6/23/2014,2014,2014,D5,Assigned,Unverified,"435,253"
6/23/2014,2014,2014,D5,Separated,Unverified,"10,423,829"
6/23/2014,2014,2014,D6,Assigned,Unverified,"468,720,426"
6/23/2014,2014,2014,D6,Separated,Unverified,"455,527,191"
6/30/2014,2014,2013,D4,Assigned,Unverified,842
6/30/2014,2014,2013,D4,Separated,Unverified,"11,456,121"
6/30/2014,2014,2013,D5,Separated,Unverified,"5,000,000"
6/30/2014,2014,2013,D6,Assigned,Unverified,"145,004"
6/30/2014,2014,2013,D6,Separated,Unverified,"5,003,003"
6/30/2014,2014,2014,D3,Assigned,Unverified,"2,002"
6/30/2014,2014,2014,D4,Assigned,Unverified,"79,392,946"
6/30/2014,2014,2014,D4,Separated,Unverified,"94,601,770"
6/30/2014,2014,2014,D5,Assigned,Unverified,"1,913,400"
6/30/2014,2014,2014,D5,Separated,Unverified,"3,066,813"
6/30/2014,2014,2014,D6,Assigned,Unverified,"432,169,476"
6/30/2014,2014,2014,D6,Separated,Unverified,"490,577,676"
7/7/2014,2014,2012,D4,Separated,Unverified,"980,509"
7/7/2014,2014,2012,D5,Separated,Unverified,"50,716"
7/7/2014,2014,2012,D6,Separated,Unverified,"1,148,693"
7/7/2014,2014,2013,D4,Separated,Unverified,"3,326,239"
7/7/2014,2014,2013,D5,Separated,Unverified,"863,211"
7/7/2014,2014,2013,D6,Assigned,Unverified,"45,859"
7/7/2014,2014,2013,D6,Separated,Unverified,"16,516,719"
7/7/2014,2014,2014,D3,Assigned,Unverified,"2,002"
7/7/2014,2014,2014,D4,Assigned,Unverified,"75,670,685"
7/7/2014,2014,2014,D4,Separated,Unverified,"35,827,672"
7/7/2014,2014,2014,D5,Assigned,Unverified,"525,752"
7/7/2014,2014,2014,D5,Separated,Unverified,"1,163,052"
7/7/2014,2014,2014,D6,Assigned,Unverified,"465,259,701"
7/7/2014,2014,2014,D6,Separated,Unverified,"260,015,815"
7/14/2014,2014,2013,D4,Separated,Unverified,"4,433,148"
7/14/2014,2014,2013,D6,Assigned,Unverified,"13,663"
7/14/2014,2014,2013,D6,Separated,Unverified,"3,723,805"
7/14/2014,2014,2014,D4,Assigned,Unverified,"72,252,057"
7/14/2014,2014,2014,D4,Separated,Unverified,"41,279,878"
7/14/2014,2014,2014,D5,Assigned,Unverified,"536,661"
7/14/2014,2014,2014,D5,Separated,Unverified,"910,165"
7/14/2014,2014,2014,D6,Assigned,Unverified,"470,832,312"
7/14/2014,2014,2014,D6,Separated,Unverified,"315,845,898"
7/21/2014,2014,2012,D4,Separated,Unverified,"979,499"
7/21/2014,2014,2012,D6,Separated,Unverified,"4,437,713"
7/21/2014,2014,2013,D4,Separated,Unverified,"4,910,334"
7/21/2014,2014,2013,D5,Separated,Unverified,"407,070"
7/21/2014,2014,2013,D6,Assigned,Unverified,"62,600"
7/21/2014,2014,2013,D6,Separated,Unverified,"6,358,681"
7/21/2014,2014,2014,D4,Assigned,Unverified,"128,352,116"
7/21/2014,2014,2014,D4,Separated,Unverified,"36,709,422"
7/21/2014,2014,2014,D5,Assigned,Unverified,"3,027,315"
7/21/2014,2014,2014,D5,Separated,Unverified,"2,604,863"
7/21/2014,2014,2014,D6,Assigned,Unverified,"465,115,299"
7/21/2014,2014,2014,D6,Separated,Unverified,"259,377,702"
7/28/2014,2014,2013,D4,Separated,Unverified,"5,428,814"
7/28/2014,2014,2013,D6,Separated,Unverified,"4,662,489"
7/28/2014,2014,2014,D4,Assigned,Unverified,"94,171,960"
7/28/2014,2014,2014,D4,Separated,Unverified,"41,613,026"
7/28/2014,2014,2014,D5,Assigned,Unverified,"3,694,775"
7/28/2014,2014,2014,D5,Separated,Unverified,"7,313,377"
7/28/2014,2014,2014,D6,Assigned,Unverified,"485,081,576"
7/28/2014,2014,2014,D6,Separated,Unverified,"300,627,066"
8/4/2014,2014,2012,D4,Separated,Unverified,"5,738"
8/4/2014,2014,2012,D5,Separated,Unverified,"1,145,000"
8/4/2014,2014,2012,D6,Separated,Unverified,"3,175,611"
8/4/2014,2014,2013,D3,Separated,Unverified,"1,117"
8/4/2014,2014,2013,D4,Separated,Unverified,"15,659,934"
8/4/2014,2014,2013,D5,Separated,Unverified,"3,364,831"
8/4/2014,2014,2013,D6,Separated,Unverified,"58,376,290"
8/4/2014,2014,2014,D4,Assigned,Unverified,"71,759,796"
8/4/2014,2014,2014,D4,Separated,Unverified,"68,304,784"
8/4/2014,2014,2014,D5,Assigned,Unverified,"417,796"
8/4/2014,2014,2014,D5,Separated,Unverified,"1,906,879"
8/4/2014,2014,2014,D6,Assigned,Unverified,"473,058,781"
8/4/2014,2014,2014,D6,Separated,Unverified,"370,988,187"
8/11/2014,2014,2013,D3,Separated,Unverified,"121,704"
8/11/2014,2014,2013,D4,Separated,Unverified,"9,486,362"
8/11/2014,2014,2013,D6,Separated,Unverified,"114,708"
8/11/2014,2014,2014,D3,Separated,Unverified,"23,417"
8/11/2014,2014,2014,D4,Assigned,Unverified,"80,471,966"
8/11/2014,2014,2014,D4,Separated,Unverified,"35,500,871"
8/11/2014,2014,2014,D5,Assigned,Unverified,"509,111"
8/11/2014,2014,2014,D5,Separated,Unverified,"690,112"
8/11/2014,2014,2014,D6,Assigned,Unverified,"456,462,671"
8/11/2014,2014,2014,D6,Separated,Unverified,"232,737,402"
8/18/2014,2014,2013,D4,Separated,Unverified,"694,169"
8/18/2014,2014,2013,D5,Separated,Unverified,"5,209"
8/18/2014,2014,2013,D6,Separated,Unverified,"1,779,366"
8/18/2014,2014,2014,D3,Separated,Unverified,"585,244"
8/18/2014,2014,2014,D4,Assigned,Unverified,"81,783,020"
8/18/2014,2014,2014,D4,Separated,Unverified,"64,752,999"
8/18/2014,2014,2014,D5,Assigned,Unverified,"508,079"
8/18/2014,2014,2014,D5,Separated,Unverified,"130,038"
8/18/2014,2014,2014,D6,Assigned,Unverified,"476,473,683"
8/18/2014,2014,2014,D6,Separated,Unverified,"362,461,643"
8/25/2014,2014,2012,D4,Separated,Unverified,"140,000"
8/25/2014,2014,2012,D6,Separated,Unverified,"145,806"
8/25/2014,2014,2013,D4,Assigned,Unverified,"118,815"
8/25/2014,2014,2013,D4,Separated,Unverified,"2,046,690"
8/25/2014,2014,2013,D6,Separated,Unverified,"1,312,762"
8/25/2014,2014,2014,D3,Separated,Unverified,"1,128,994"
8/25/2014,2014,2014,D4,Assigned,Unverified,"79,313,131"
8/25/2014,2014,2014,D4,Separated,Unverified,"36,875,621"
8/25/2014,2014,2014,D5,Assigned,Unverified,"2,200,471"
8/25/2014,2014,2014,D5,Separated,Unverified,"705,078"
8/25/2014,2014,2014,D6,Assigned,Unverified,"477,725,428"
8/25/2014,2014,2014,D6,Separated,Unverified,"300,473,729"
9/1/2014,2014,2013,D4,Separated,Unverified,"934,089"
9/1/2014,2014,2013,D6,Separated,Unverified,"4,275,465"
9/1/2014,2014,2014,D3,Assigned,Unverified,"4,885"
9/1/2014,2014,2014,D3,Separated,Unverified,"1,096,205"
9/1/2014,2014,2014,D4,Assigned,Unverified,"66,243,081"
9/1/2014,2014,2014,D4,Separated,Unverified,"52,700,538"
9/1/2014,2014,2014,D5,Assigned,Unverified,"414,487"
9/1/2014,2014,2014,D5,Separated,Unverified,"2,049,540"
9/1/2014,2014,2014,D6,Assigned,Unverified,"452,939,766"
9/1/2014,2014,2014,D6,Separated,Unverified,"227,005,281"
9/8/2014,2014,2013,D4,Separated,Unverified,"17,152"
9/8/2014,2014,2013,D5,Separated,Unverified,"939,638"
9/8/2014,2014,2013,D6,Separated,Unverified,"16,011,396"
9/8/2014,2014,2014,D3,Assigned,Unverified,"4,885"
9/8/2014,2014,2014,D3,Separated,Unverified,"769,487"
9/8/2014,2014,2014,D4,Assigned,Unverified,"87,471,171"
9/8/2014,2014,2014,D4,Separated,Unverified,"83,661,719"
9/8/2014,2014,2014,D5,Assigned,Unverified,"655,932"
9/8/2014,2014,2014,D5,Separated,Unverified,"5,673,710"
9/8/2014,2014,2014,D6,Assigned,Unverified,"465,091,032"
9/8/2014,2014,2014,D6,Separated,Unverified,"316,627,490"
9/15/2014,2014,2013,D4,Separated,Unverified,"10,778,799"
9/15/2014,2014,2013,D6,Separated,Unverified,"2,448,946"
9/15/2014,2014,2014,D3,Separated,Unverified,"795,089"
9/15/2014,2014,2014,D4,Assigned,Unverified,"79,164,249"
9/15/2014,2014,2014,D4,Separated,Unverified,"99,330,117"
9/15/2014,2014,2014,D5,Assigned,Unverified,"366,024"
9/15/2014,2014,2014,D5,Separated,Unverified,"4,319,469"
9/15/2014,2014,2014,D6,Assigned,Unverified,"467,652,641"
9/15/2014,2014,2014,D6,Separated,Unverified,"402,316,568"
9/22/2014,2014,2013,D4,Assigned,Unverified,"47,848"
9/22/2014,2014,2013,D4,Separated,Unverified,"9,832,822"
9/22/2014,2014,2013,D6,Separated,Unverified,"5,726,848"
9/22/2014,2014,2014,D3,Separated,Unverified,"607,371"
9/22/2014,2014,2014,D4,Assigned,Unverified,"82,652,854"
9/22/2014,2014,2014,D4,Separated,Unverified,"50,685,231"
9/22/2014,2014,2014,D5,Assigned,Unverified,"554,344"
9/22/2014,2014,2014,D5,Separated,Unverified,"1,251,759"
9/22/2014,2014,2014,D6,Assigned,Unverified,"459,431,330"
9/22/2014,2014,2014,D6,Separated,Unverified,"420,242,676"
9/29/2014,2014,2012,D4,Separated,Unverified,"2,812,571"
9/29/2014,2014,2012,D6,Separated,Unverified,"12,064"
9/29/2014,2014,2013,D4,Assigned,Unverified,"33,991"
9/29/2014,2014,2013,D4,Separated,Unverified,"4,924,031"
9/29/2014,2014,2013,D6,Separated,Unverified,"3,695,638"
9/29/2014,2014,2014,D3,Separated,Unverified,"1,288,179"
9/29/2014,2014,2014,D4,Assigned,Unverified,"63,615,922"
9/29/2014,2014,2014,D4,Separated,Unverified,"171,778,515"
9/29/2014,2014,2014,D5,Assigned,Unverified,"2,650,392"
9/29/2014,2014,2014,D5,Separated,Unverified,"2,799,300"
9/29/2014,2014,2014,D6,Assigned,Unverified,"442,880,586"
9/29/2014,2014,2014,D6,Separated,Unverified,"581,667,493"
10/6/2014,2014,2012,D4,Separated,Unverified,"939,439"
10/6/2014,2014,2012,D5,Separated,Unverified,"27,211"
10/6/2014,2014,2012,D6,Separated,Unverified,"400,000"
10/6/2014,2014,2013,D4,Assigned,Unverified,"125,922"
10/6/2014,2014,2013,D4,Separated,Unverified,"2,367,507"
10/6/2014,2014,2013,D5,Separated,Unverified,"22,440"
10/6/2014,2014,2013,D6,Separated,Unverified,"13,002,076"
10/6/2014,2014,2014,D3,Separated,Unverified,"1,770,939"
10/6/2014,2014,2014,D4,Assigned,Unverified,"69,620,706"
10/6/2014,2014,2014,D4,Separated,Unverified,"32,579,224"
10/6/2014,2014,2014,D5,Assigned,Unverified,"549,090"
10/6/2014,2014,2014,D5,Separated,Unverified,"3,451,118"
10/6/2014,2014,2014,D6,Assigned,Unverified,"439,959,885"
10/6/2014,2014,2014,D6,Separated,Unverified,"334,909,859"
10/13/2014,2014,2012,D4,Separated,Unverified,"62,512"
10/13/2014,2014,2013,D4,Assigned,Unverified,"189,512"
10/13/2014,2014,2013,D4,Separated,Unverified,"6,302,162"
10/13/2014,2014,2013,D6,Separated,Unverified,"7,000,000"
10/13/2014,2014,2014,D3,Assigned,Unverified,"56,301"
10/13/2014,2014,2014,D3,Separated,Unverified,"620,021"
10/13/2014,2014,2014,D4,Assigned,Q-RIN,"305,237"
10/13/2014,2014,2014,D4,Assigned,Unverified,"66,962,705"
10/13/2014,2014,2014,D4,Separated,Unverified,"28,876,566"
10/13/2014,2014,2014,D5,Assigned,Unverified,"493,935"
10/13/2014,2014,2014,D5,Separated,Unverified,"262,586"
10/13/2014,2014,2014,D6,Assigned,Unverified,"437,519,793"
10/13/2014,2014,2014,D6,Separated,Unverified,"294,278,262"
10/20/2014,2014,2012,D4,Separated,Unverified,"2,753,055"
10/20/2014,2014,2012,D5,Separated,Unverified,"1,192,111"
10/20/2014,2014,2012,D6,Separated,Unverified,"19,775,170"
10/20/2014,2014,2013,D4,Assigned,Unverified,"3,171,153"
10/20/2014,2014,2013,D4,Separated,Unverified,"12,741,712"
10/20/2014,2014,2013,D5,Separated,Unverified,"4,768,446"
10/20/2014,2014,2013,D6,Separated,Unverified,"91,123,755"
10/20/2014,2014,2014,D3,Assigned,Unverified,"226,339"
10/20/2014,2014,2014,D3,Separated,Unverified,"608,884"
10/20/2014,2014,2014,D4,Assigned,Q-RIN,"985,995"
10/20/2014,2014,2014,D4,Assigned,Unverified,"100,208,054"
10/20/2014,2014,2014,D4,Separated,Unverified,"64,805,662"
10/20/2014,2014,2014,D5,Assigned,Unverified,"480,653"
10/20/2014,2014,2014,D5,Separated,Unverified,"2,696,693"
10/20/2014,2014,2014,D6,Assigned,Unverified,"452,152,651"
10/20/2014,2014,2014,D6,Separated,Unverified,"317,643,605"
10/27/2014,2014,2012,D6,Assigned,Unverified,"319,004"
10/27/2014,2014,2013,D4,Assigned,Unverified,"169,382"
10/27/2014,2014,2013,D4,Separated,Unverified,"13,862,007"
10/27/2014,2014,2013,D5,Separated,Unverified,"859,622"
10/27/2014,2014,2013,D6,Separated,Unverified,"20,614,868"
10/27/2014,2014,2014,D3,Assigned,Unverified,"147,994"
10/27/2014,2014,2014,D3,Separated,Unverified,"677,836"
10/27/2014,2014,2014,D4,Assigned,Q-RIN,"1,235,721"
10/27/2014,2014,2014,D4,Assigned,Unverified,"85,502,728"
10/27/2014,2014,2014,D4,Separated,Unverified,"95,990,599"
10/27/2014,2014,2014,D5,Assigned,Unverified,"5,268,220"
10/27/2014,2014,2014,D5,Separated,Unverified,"2,252,347"
10/27/2014,2014,2014,D6,Assigned,Unverified,"467,968,933"
10/27/2014,2014,2014,D6,Separated,Unverified,"503,380,753"
11/3/2014,2014,2012,D4,Separated,Unverified,"490,020"
11/3/2014,2014,2012,D5,Separated,Unverified,"416,463"
11/3/2014,2014,2012,D6,Separated,Unverified,"3,820,324"
11/3/2014,2014,2013,D4,Assigned,Unverified,"176,704"
11/3/2014,2014,2013,D4,Separated,Unverified,"1,591,330"
11/3/2014,2014,2013,D5,Separated,Unverified,"187,270"
11/3/2014,2014,2013,D6,Separated,Unverified,"13,889,664"
11/3/2014,2014,2014,D3,Assigned,Unverified,"40,308"
11/3/2014,2014,2014,D3,Separated,Unverified,"677,516"
11/3/2014,2014,2014,D4,Assigned,Q-RIN,"651,294"
11/3/2014,2014,2014,D4,Assigned,Unverified,"62,783,752"
11/3/2014,2014,2014,D4,Separated,Q-RIN,"371,654"
11/3/2014,2014,2014,D4,Separated,Unverified,"57,838,495"
11/3/2014,2014,2014,D5,Assigned,Unverified,"100,193"
11/3/2014,2014,2014,D5,Separated,Unverified,"361,585"
11/3/2014,2014,2014,D6,Assigned,Unverified,"438,581,520"
11/3/2014,2014,2014,D6,Separated,Unverified,"290,837,687"
11/10/2014,2014,2012,D6,Assigned,Unverified,"15,328"
11/10/2014,2014,2013,D4,Assigned,Unverified,"120,698"
11/10/2014,2014,2013,D4,Separated,Unverified,"552,357"
11/10/2014,2014,2013,D6,Assigned,Unverified,"55,918"
11/10/2014,2014,2013,D6,Separated,Unverified,"4,022,663"
11/10/2014,2014,2014,D3,Assigned,Unverified,"23,607"
11/10/2014,2014,2014,D3,Separated,Unverified,"980,892"
11/10/2014,2014,2014,D4,Assigned,Q-RIN,"1,201,061"
11/10/2014,2014,2014,D4,Assigned,Unverified,"67,592,355"
11/10/2014,2014,2014,D4,Separated,Q-RIN,"500,427"
11/10/2014,2014,2014,D4,Separated,Unverified,"31,321,360"
11/10/2014,2014,2014,D5,Assigned,Unverified,"429,366"
11/10/2014,2014,2014,D5,Separated,Unverified,"1,680,073"
11/10/2014,2014,2014,D6,Assigned,Unverified,"484,128,418"
11/10/2014,2014,2014,D6,Separated,Unverified,"311,976,891"
11/17/2014,2014,2013,D4,Assigned,Unverified,"202,563"
11/17/2014,2014,2013,D4,Separated,Unverified,"200,128"
11/17/2014,2014,2013,D5,Separated,Unverified,"1,176,000"
11/17/2014,2014,2013,D6,Assigned,Unverified,"175,979"
11/17/2014,2014,2013,D6,Separated,Unverified,"13,090,007"
11/17/2014,2014,2014,D3,Assigned,Unverified,"57,682"
11/17/2014,2014,2014,D3,Separated,Unverified,"565,259"
11/17/2014,2014,2014,D4,Assigned,Q-RIN,"444,554"
11/17/2014,2014,2014,D4,Assigned,Unverified,"58,921,146"
11/17/2014,2014,2014,D4,Separated,Q-RIN,"983,410"
11/17/2014,2014,2014,D4,Separated,Unverified,"42,908,357"
11/17/2014,2014,2014,D5,Assigned,Unverified,"1,566,988"
11/17/2014,2014,2014,D5,Separated,Unverified,"270,514"
11/17/2014,2014,2014,D6,Assigned,Unverified,"478,174,962"
11/17/2014,2014,2014,D6,Separated,Unverified,"498,605,241"
11/24/2014,2014,2013,D4,Assigned,Unverified,"13,452"
11/24/2014,2014,2013,D4,Separated,Unverified,"1,687,156"
11/24/2014,2014,2013,D5,Separated,Unverified,"1,000,000"
11/24/2014,2014,2013,D6,Separated,Unverified,"7,442,601"
11/24/2014,2014,2014,D3,Assigned,Unverified,"7,521"
11/24/2014,2014,2014,D3,Separated,Unverified,"1,530,155"
11/24/2014,2014,2014,D4,Assigned,Q-RIN,"281,275"
11/24/2014,2014,2014,D4,Assigned,Unverified,"65,867,015"
11/24/2014,2014,2014,D4,Separated,Q-RIN,"10,481"
11/24/2014,2014,2014,D4,Separated,Unverified,"45,666,588"
11/24/2014,2014,2014,D5,Assigned,Unverified,"2,531,325"
11/24/2014,2014,2014,D5,Separated,Unverified,"29,155"
11/24/2014,2014,2014,D6,Assigned,Unverified,"471,143,582"
11/24/2014,2014,2014,D6,Separated,Unverified,"270,129,215"
12/1/2014,2014,2013,D4,Separated,Unverified,"9,021,816"
12/1/2014,2014,2013,D5,Separated,Unverified,"1,150,000"
12/1/2014,2014,2013,D6,Separated,Unverified,"4,518,482"
12/1/2014,2014,2014,D3,Assigned,Unverified,"8,594"
12/1/2014,2014,2014,D3,Separated,Unverified,"1,232,613"
12/1/2014,2014,2014,D4,Assigned,Q-RIN,"1,026,698"
12/1/2014,2014,2014,D4,Assigned,Unverified,"72,701,169"
12/1/2014,2014,2014,D4,Separated,Q-RIN,"1,284,718"
12/1/2014,2014,2014,D4,Separated,Unverified,"44,862,036"
12/1/2014,2014,2014,D5,Assigned,Unverified,"445,942"
12/1/2014,2014,2014,D5,Separated,Unverified,"2,859,706"
12/1/2014,2014,2014,D6,Assigned,Unverified,"456,830,340"
12/1/2014,2014,2014,D6,Separated,Unverified,"304,426,880"
12/8/2014,2014,2012,D4,Separated,Unverified,"112,082"
12/8/2014,2014,2012,D6,Separated,Unverified,"1,282,371"
12/8/2014,2014,2013,D4,Separated,Unverified,"6,690,695"
12/8/2014,2014,2013,D6,Assigned,Unverified,"29,017"
12/8/2014,2014,2013,D6,Separated,Unverified,"2,866,678"
12/8/2014,2014,2014,D3,Assigned,Unverified,"16,336"
12/8/2014,2014,2014,D3,Separated,Unverified,"3,954,366"
12/8/2014,2014,2014,D4,Assigned,Q-RIN,"3,266,995"
12/8/2014,2014,2014,D4,Assigned,Unverified,"68,497,016"
12/8/2014,2014,2014,D4,Separated,Q-RIN,"358,157"
12/8/2014,2014,2014,D4,Separated,Unverified,"43,586,611"
12/8/2014,2014,2014,D5,Assigned,Unverified,"3,240,048"
12/8/2014,2014,2014,D5,Separated,Unverified,"28,651"
12/8/2014,2014,2014,D6,Assigned,Unverified,"554,931,954"
12/8/2014,2014,2014,D6,Separated,Unverified,"476,433,059"
12/15/2014,2014,2012,D4,Separated,Unverified,"18,000"
12/15/2014,2014,2013,D4,Separated,Unverified,"3,853,396"
12/15/2014,2014,2013,D6,Separated,Unverified,"9,689,221"
12/15/2014,2014,2014,D3,Assigned,Unverified,"46,291"
12/15/2014,2014,2014,D3,Separated,Unverified,"956,411"
12/15/2014,2014,2014,D4,Assigned,Q-RIN,"5,424,368"
12/15/2014,2014,2014,D4,Assigned,Unverified,"80,045,088"
12/15/2014,2014,2014,D4,Separated,Q-RIN,"768,860"
12/15/2014,2014,2014,D4,Separated,Unverified,"135,669,908"
12/15/2014,2014,2014,D5,Assigned,Unverified,"538,985"
12/15/2014,2014,2014,D5,Separated,Unverified,"4,729,549"
12/15/2014,2014,2014,D6,Assigned,Unverified,"500,737,568"
12/15/2014,2014,2014,D6,Separated,Unverified,"831,394,407"
12/22/2014,2014,2012,D4,Separated,Unverified,"18,000"
12/22/2014,2014,2013,D4,Assigned,Unverified,"100,000"
12/22/2014,2014,2013,D4,Separated,Unverified,"9,223,482"
12/22/2014,2014,2013,D5,Separated,Unverified,"600,000"
12/22/2014,2014,2013,D6,Separated,Unverified,"114,990"
12/22/2014,2014,2014,D3,Separated,Unverified,"3,596,033"
12/22/2014,2014,2014,D4,Assigned,Q-RIN,"3,990,062"
12/22/2014,2014,2014,D4,Assigned,Unverified,"81,732,163"
12/22/2014,2014,2014,D4,Separated,Q-RIN,"1,947,839"
12/22/2014,2014,2014,D4,Separated,Unverified,"59,603,575"
12/22/2014,2014,2014,D5,Assigned,Unverified,"2,269,119"
12/22/2014,2014,2014,D5,Separated,Unverified,"1,303,407"
12/22/2014,2014,2014,D6,Assigned,Q-RIN,"87,298"
12/22/2014,2014,2014,D6,Assigned,Unverified,"452,730,505"
12/22/2014,2014,2014,D6,Separated,Unverified,"395,898,187"
12/29/2014,2014,2013,D4,Assigned,Unverified,"37,500"
12/29/2014,2014,2013,D4,Separated,Unverified,"2,417,981"
12/29/2014,2014,2013,D5,Separated,Unverified,"246,055"
12/29/2014,2014,2013,D6,Assigned,Unverified,"170,679"
12/29/2014,2014,2013,D6,Separated,Unverified,"1,950,000"
12/29/2014,2014,2014,D3,Assigned,Unverified,"18,106"
12/29/2014,2014,2014,D3,Separated,Unverified,"930,546"
12/29/2014,2014,2014,D4,Assigned,Q-RIN,"16,322,281"
12/29/2014,2014,2014,D4,Assigned,Unverified,"90,800,627"
12/29/2014,2014,2014,D4,Separated,Q-RIN,"13,215,780"
12/29/2014,2014,2014,D4,Separated,Unverified,"154,996,778"
12/29/2014,2014,2014,D5,Assigned,Unverified,"2,595,123"
12/29/2014,2014,2014,D5,Separated,Q-RIN,"9,720"
12/29/2014,2014,2014,D5,Separated,Unverified,"1,598,401"
12/29/2014,2014,2014,D6,Assigned,Q-RIN,"202,498"
12/29/2014,2014,2014,D6,Assigned,Unverified,"315,814,916"
12/29/2014,2014,2014,D6,Separated,Unverified,"666,986,118"
12/29/2014,2015,2013,D4,Assigned,Unverified,"12,500"
12/29/2014,2015,2013,D6,Assigned,Unverified,"1,479,143"
12/29/2014,2015,2014,D3,Separated,Unverified,"300,000"
12/29/2014,2015,2014,D4,Assigned,Q-RIN,"538,463"
12/29/2014,2015,2014,D4,Assigned,Unverified,"29,722,590"
12/29/2014,2015,2014,D4,Separated,Q-RIN,"334,055"
12/29/2014,2015,2014,D4,Separated,Unverified,"8,424,680"
12/29/2014,2015,2014,D5,Assigned,Unverified,"12,157"
12/29/2014,2015,2014,D6,Assigned,Unverified,"70,668,621"
12/29/2014,2015,2014,D6,Separated,Unverified,"68,515,441"
12/29/2014,2015,2015,D3,Assigned,Q-RIN,"25,417"
12/29/2014,2015,2015,D4,Assigned,Q-RIN,"135,172"
12/29/2014,2015,2015,D4,Assigned,Unverified,"4,805,077"
12/29/2014,2015,2015,D5,Assigned,Unverified,"256,070"
12/29/2014,2015,2015,D6,Assigned,Q-RIN,"261,070"
12/29/2014,2015,2015,D6,Assigned,Unverified,"82,504,332"
12/29/2014,2015,2015,D6,Separated,Unverified,"155,853"
1/5/2015,2015,2013,D4,Assigned,Unverified,"23,975"
1/5/2015,2015,2013,D4,Separated,Unverified,"243,635"
1/5/2015,2015,2013,D6,Assigned,Unverified,"23,561"
1/5/2015,2015,2013,D6,Separated,Unverified,"1,003,674"
1/5/2015,2015,2014,D3,Separated,Unverified,"2,263,820"
1/5/2015,2015,2014,D4,Assigned,Q-RIN,"4,435,915"
1/5/2015,2015,2014,D4,Assigned,Unverified,"51,314,050"
1/5/2015,2015,2014,D4,Separated,Q-RIN,"2,047,929"
1/5/2015,2015,2014,D4,Separated,Unverified,"62,557,344"
1/5/2015,2015,2014,D5,Assigned,Unverified,"59,044"
1/5/2015,2015,2014,D5,Separated,Unverified,"544,842"
1/5/2015,2015,2014,D6,Assigned,Q-RIN,"284,688"
1/5/2015,2015,2014,D6,Assigned,Unverified,"124,047,030"
1/5/2015,2015,2014,D6,Separated,Unverified,"291,963,720"
1/5/2015,2015,2015,D3,Assigned,Q-RIN,"41,296"
1/5/2015,2015,2015,D4,Assigned,Q-RIN,"1,974,628"
1/5/2015,2015,2015,D4,Assigned,Unverified,"14,309,830"
1/5/2015,2015,2015,D4,Separated,Q-RIN,"24,673"
1/5/2015,2015,2015,D4,Separated,Unverified,"923,747"
1/5/2015,2015,2015,D5,Assigned,Unverified,"557,548"
1/5/2015,2015,2015,D6,Assigned,Q-RIN,"539,546"
1/5/2015,2015,2015,D6,Assigned,Unverified,"351,706,969"
1/5/2015,2015,2015,D6,Separated,Unverified,"7,227,399"
1/12/2015,2015,2013,D4,Assigned,Unverified,"2,450"
1/12/2015,2015,2013,D4,Separated,Unverified,"43,306"
1/12/2015,2015,2013,D5,Separated,Unverified,"7,875"
1/12/2015,2015,2013,D6,Separated,Unverified,"551,779"
1/12/2015,2015,2014,D3,Assigned,Unverified,"38,428"
1/12/2015,2015,2014,D3,Separated,Unverified,"1,110,292"
1/12/2015,2015,2014,D4,Assigned,Q-RIN,"823,274"
1/12/2015,2015,2014,D4,Assigned,Unverified,"19,688,742"
1/12/2015,2015,2014,D4,Separated,Q-RIN,"4,238,761"
1/12/2015,2015,2014,D4,Separated,Unverified,"64,598,079"
1/12/2015,2015,2014,D5,Separated,Unverified,"2,002,493"
1/12/2015,2015,2014,D6,Assigned,Q-RIN,"40,354"
1/12/2015,2015,2014,D6,Assigned,Unverified,"55,737,636"
1/12/2015,2015,2014,D6,Separated,Unverified,"412,100,829"
1/12/2015,2015,2015,D3,Assigned,Q-RIN,"7,566"
1/12/2015,2015,2015,D4,Assigned,Q-RIN,"3,040,648"
1/12/2015,2015,2015,D4,Assigned,Unverified,"24,836,146"
1/12/2015,2015,2015,D4,Separated,Q-RIN,"90,165"
1/12/2015,2015,2015,D4,Separated,Unverified,"1,485,827"
1/12/2015,2015,2015,D5,Assigned,Unverified,"448,547"
1/12/2015,2015,2015,D5,Separated,Q-RIN,"23,203"
1/12/2015,2015,2015,D6,Assigned,Q-RIN,"602,846"
1/12/2015,2015,2015,D6,Assigned,Unverified,"410,407,186"
1/12/2015,2015,2015,D6,Separated,Unverified,"27,361,745"
1/19/2015,2015,2013,D4,Assigned,Unverified,"27,340"
1/19/2015,2015,2013,D4,Separated,Unverified,"766,177"
1/19/2015,2015,2013,D6,Separated,Unverified,"2,120,940"
1/19/2015,2015,2014,D3,Assigned,Q-RIN,"8,181"
1/19/2015,2015,2014,D3,Assigned,Unverified,"40,172"
1/19/2015,2015,2014,D3,Separated,Unverified,"391,594"
1/19/2015,2015,2014,D4,Assigned,Q-RIN,"984,218"
1/19/2015,2015,2014,D4,Assigned,Unverified,"12,544,331"
1/19/2015,2015,2014,D4,Separated,Q-RIN,"3,127,013"
1/19/2015,2015,2014,D4,Separated,Unverified,"28,740,684"
1/19/2015,2015,2014,D5,Assigned,Unverified,"321,378"
1/19/2015,2015,2014,D5,Separated,Q-RIN,"9,720"
1/19/2015,2015,2014,D5,Separated,Unverified,"385,061"
1/19/2015,2015,2014,D6,Assigned,Q-RIN,"381,364"
1/19/2015,2015,2014,D6,Assigned,Unverified,"17,346,469"
1/19/2015,2015,2014,D6,Separated,Unverified,"205,363,300"
1/19/2015,2015,2015,D3,Assigned,Q-RIN,"31,791"
1/19/2015,2015,2015,D4,Assigned,Q-RIN,"5,053,065"
1/19/2015,2015,2015,D4,Assigned,Unverified,"29,698,570"
1/19/2015,2015,2015,D4,Separated,Q-RIN,"342,506"
1/19/2015,2015,2015,D4,Separated,Unverified,"2,526,403"
1/19/2015,2015,2015,D5,Assigned,Unverified,"1,017,748"
1/19/2015,2015,2015,D5,Separated,Q-RIN,"52,027"
1/19/2015,2015,2015,D6,Assigned,Q-RIN,"566,840"
1/19/2015,2015,2015,D6,Assigned,Unverified,"432,259,300"
1/19/2015,2015,2015,D6,Separated,Unverified,"31,167,339"
1/26/2015,2015,2013,D4,Assigned,Unverified,"96,235"
1/26/2015,2015,2013,D4,Separated,Unverified,"4,565,351"
1/26/2015,2015,2013,D5,Assigned,Unverified,"44,136"
1/26/2015,2015,2013,D5,Separated,Unverified,"6,480,828"
1/26/2015,2015,2013,D6,Assigned,Unverified,"72,091"
1/26/2015,2015,2013,D6,Separated,Unverified,"10,846,641"
1/26/2015,2015,2014,D3,Separated,Unverified,"577,755"
1/26/2015,2015,2014,D4,Assigned,Q-RIN,"575,600"
1/26/2015,2015,2014,D4,Assigned,Unverified,"4,180,183"
1/26/2015,2015,2014,D4,Separated,Q-RIN,"5,643,574"
1/26/2015,2015,2014,D4,Separated,Unverified,"86,827,931"
1/26/2015,2015,2014,D5,Assigned,Unverified,"402,616"
1/26/2015,2015,2014,D5,Separated,Unverified,"935,270"
1/26/2015,2015,2014,D6,Assigned,Unverified,"6,302,900"
1/26/2015,2015,2014,D6,Separated,Unverified,"353,538,236"
1/26/2015,2015,2015,D3,Assigned,Q-RIN,"8,191"
1/26/2015,2015,2015,D4,Assigned,Q-RIN,"5,882,230"
1/26/2015,2015,2015,D4,Assigned,Unverified,"32,989,508"
1/26/2015,2015,2015,D4,Separated,Q-RIN,"754,049"
1/26/2015,2015,2015,D4,Separated,Unverified,"3,309,916"
1/26/2015,2015,2015,D5,Assigned,Unverified,"3,468,281"
1/26/2015,2015,2015,D5,Separated,Q-RIN,"171,047"
1/26/2015,2015,2015,D5,Separated,Unverified,"88,776"
1/26/2015,2015,2015,D6,Assigned,Q-RIN,"681,075"
1/26/2015,2015,2015,D6,Assigned,Unverified,"463,676,897"
1/26/2015,2015,2015,D6,Separated,Unverified,"78,341,441"
2/2/2015,2015,2013,D4,Separated,Unverified,"246,626"
2/2/2015,2015,2013,D6,Separated,Unverified,"125,600"
2/2/2015,2015,2014,D4,Assigned,Q-RIN,"649,547"
2/2/2015,2015,2014,D4,Assigned,Unverified,"2,308,055"
2/2/2015,2015,2014,D4,Separated,Q-RIN,"482,946"
2/2/2015,2015,2014,D4,Separated,Unverified,"22,653,628"
2/2/2015,2015,2014,D5,Separated,Unverified,"609,574"
2/2/2015,2015,2014,D6,Assigned,Unverified,"793,583"
2/2/2015,2015,2014,D6,Separated,Unverified,"93,291,143"
2/2/2015,2015,2015,D3,Assigned,Q-RIN,"44,906"
2/2/2015,2015,2015,D4,Assigned,Q-RIN,"5,357,452"
2/2/2015,2015,2015,D4,Assigned,Unverified,"32,534,684"
2/2/2015,2015,2015,D4,Separated,Q-RIN,"1,818,543"
2/2/2015,2015,2015,D4,Separated,Unverified,"2,836,153"
2/2/2015,2015,2015,D5,Assigned,Unverified,"460,384"
2/2/2015,2015,2015,D5,Separated,Q-RIN,"31,451"
2/2/2015,2015,2015,D6,Assigned,Q-RIN,"615,598"
2/2/2015,2015,2015,D6,Assigned,Unverified,"438,820,877"
2/2/2015,2015,2015,D6,Separated,Unverified,"125,045,836"
2/9/2015,2015,2013,D4,Separated,Unverified,"147,218"
2/9/2015,2015,2013,D6,Separated,Unverified,"3,125,729"
2/9/2015,2015,2014,D4,Assigned,Q-RIN,"305,530"
2/9/2015,2015,2014,D4,Assigned,Unverified,"4,177,817"
2/9/2015,2015,2014,D4,Separated,Q-RIN,"376,637"
2/9/2015,2015,2014,D4,Separated,Unverified,"28,810,044"
2/9/2015,2015,2014,D6,Assigned,Unverified,"415,247"
2/9/2015,2015,2014,D6,Separated,Unverified,"125,888,630"
2/9/2015,2015,2015,D3,Assigned,Q-RIN,"16,204"
2/9/2015,2015,2015,D4,Assigned,Q-RIN,"7,387,881"
2/9/2015,2015,2015,D4,Assigned,Unverified,"38,759,106"
2/9/2015,2015,2015,D4,Separated,Q-RIN,"706,471"
2/9/2015,2015,2015,D4,Separated,Unverified,"5,230,361"
2/9/2015,2015,2015,D5,Assigned,Unverified,"1,086,645"
2/9/2015,2015,2015,D5,Separated,Q-RIN,"37,489"
2/9/2015,2015,2015,D6,Assigned,Q-RIN,"446,075"
2/9/2015,2015,2015,D6,Assigned,Unverified,"477,817,887"
2/9/2015,2015,2015,D6,Separated,Unverified,"167,757,085"
2/16/2015,2015,2013,D4,Separated,Unverified,"110,180"
2/16/2015,2015,2013,D6,Separated,Unverified,"65,767"
2/16/2015,2015,2014,D3,Separated,Unverified,"1,155,448"
2/16/2015,2015,2014,D4,Assigned,Q-RIN,"386,868"
2/16/2015,2015,2014,D4,Assigned,Unverified,"20,589,159"
2/16/2015,2015,2014,D4,Separated,Q-RIN,"32,359"
2/16/2015,2015,2014,D4,Separated,Unverified,"14,913,014"
2/16/2015,2015,2014,D6,Assigned,Unverified,"209,734"
2/16/2015,2015,2014,D6,Separated,Unverified,"45,362,179"
2/16/2015,2015,2015,D3,Assigned,Q-RIN,"16,492"
2/16/2015,2015,2015,D3,Separated,Q-RIN,"333,383"
2/16/2015,2015,2015,D3,Separated,Unverified,"2,147,979"
2/16/2015,2015,2015,D4,Assigned,Q-RIN,"5,437,312"
2/16/2015,2015,2015,D4,Assigned,Unverified,"39,200,083"
2/16/2015,2015,2015,D4,Separated,Q-RIN,"2,374,693"
2/16/2015,2015,2015,D4,Separated,Unverified,"6,641,347"
2/16/2015,2015,2015,D5,Assigned,Unverified,"858,184"
2/16/2015,2015,2015,D5,Separated,Q-RIN,"210,979"
2/16/2015,2015,2015,D6,Assigned,Q-RIN,"702,307"
2/16/2015,2015,2015,D6,Assigned,Unverified,"450,936,561"
2/16/2015,2015,2015,D6,Separated,Unverified,"139,946,986"
2/23/2015,2015,2013,D4,Separated,Unverified,"2,769,205"
2/23/2015,2015,2013,D6,Separated,Unverified,"2,147,820"
2/23/2015,2015,2014,D3,Separated,Unverified,"2,428"
2/23/2015,2015,2014,D4,Assigned,Q-RIN,"324,460"
2/23/2015,2015,2014,D4,Assigned,Unverified,"1,140,336"
2/23/2015,2015,2014,D4,Separated,Q-RIN,"1,500"
2/23/2015,2015,2014,D4,Separated,Unverified,"22,092,667"
2/23/2015,2015,2014,D5,Assigned,Unverified,81
2/23/2015,2015,2014,D6,Assigned,Unverified,"46,930"
2/23/2015,2015,2014,D6,Separated,Unverified,"110,475,007"
2/23/2015,2015,2015,D4,Assigned,Q-RIN,"11,853,993"
2/23/2015,2015,2015,D4,Assigned,Unverified,"49,951,268"
2/23/2015,2015,2015,D4,Separated,Q-RIN,"2,559,312"
2/23/2015,2015,2015,D4,Separated,Unverified,"7,609,398"
2/23/2015,2015,2015,D5,Assigned,Unverified,"2,781,761"
2/23/2015,2015,2015,D5,Separated,Q-RIN,"157,556"
2/23/2015,2015,2015,D6,Assigned,Q-RIN,"550,638"
2/23/2015,2015,2015,D6,Assigned,Unverified,"533,848,857"
2/23/2015,2015,2015,D6,Separated,Unverified,"224,134,050"
3/2/2015,2015,2013,D6,Separated,Unverified,"49,000,000"
3/2/2015,2015,2014,D3,Separated,Unverified,"2,000,000"
3/2/2015,2015,2014,D4,Assigned,Q-RIN,"352,221"
3/2/2015,2015,2014,D4,Assigned,Unverified,"1,544,222"
3/2/2015,2015,2014,D4,Separated,Q-RIN,"305,198"
3/2/2015,2015,2014,D4,Separated,Unverified,"4,313,830"
3/2/2015,2015,2014,D6,Assigned,Unverified,"100,202"
3/2/2015,2015,2014,D6,Separated,Unverified,"53,245,482"
3/2/2015,2015,2015,D3,Assigned,Q-RIN,"31,942"
3/2/2015,2015,2015,D3,Separated,Q-RIN,"1,246,117"
3/2/2015,2015,2015,D3,Separated,Unverified,"857,508"
3/2/2015,2015,2015,D4,Assigned,Q-RIN,"9,854,519"
3/2/2015,2015,2015,D4,Assigned,Unverified,"52,963,987"
3/2/2015,2015,2015,D4,Separated,Q-RIN,"4,520,141"
3/2/2015,2015,2015,D4,Separated,Unverified,"13,874,806"
3/2/2015,2015,2015,D5,Assigned,Unverified,"755,199"
3/2/2015,2015,2015,D5,Separated,Q-RIN,"45,616"
3/2/2015,2015,2015,D5,Separated,Unverified,"37,453"
3/2/2015,2015,2015,D6,Assigned,Q-RIN,"664,132"
3/2/2015,2015,2015,D6,Assigned,Unverified,"434,847,169"
3/2/2015,2015,2015,D6,Separated,Unverified,"246,209,614"
3/9/2015,2015,2013,D4,Separated,Unverified,"110,180"
3/9/2015,2015,2013,D6,Separated,Unverified,"1,051,759"
3/9/2015,2015,2014,D3,Separated,Unverified,"4,452,598"
3/9/2015,2015,2014,D4,Assigned,Q-RIN,"682,419"
3/9/2015,2015,2014,D4,Assigned,Unverified,"1,072,882"
3/9/2015,2015,2014,D4,Separated,Q-RIN,"19,722"
3/9/2015,2015,2014,D4,Separated,Unverified,"14,577,793"
3/9/2015,2015,2014,D5,Separated,Unverified,"2,000,000"
3/9/2015,2015,2014,D6,Assigned,Unverified,"519,073"
3/9/2015,2015,2014,D6,Separated,Unverified,"59,059,420"
3/9/2015,2015,2015,D3,Assigned,Q-RIN,"7,645"
3/9/2015,2015,2015,D3,Separated,Unverified,"2,595,050"
3/9/2015,2015,2015,D4,Assigned,Q-RIN,"11,579,882"
3/9/2015,2015,2015,D4,Assigned,Unverified,"52,505,113"
3/9/2015,2015,2015,D4,Separated,Q-RIN,"1,300,255"
3/9/2015,2015,2015,D4,Separated,Unverified,"10,687,329"
3/9/2015,2015,2015,D5,Assigned,Unverified,"598,371"
3/9/2015,2015,2015,D5,Separated,Q-RIN,"155,956"
3/9/2015,2015,2015,D6,Assigned,Q-RIN,"661,047"
3/9/2015,2015,2015,D6,Assigned,Unverified,"468,600,211"
3/9/2015,2015,2015,D6,Separated,Unverified,"142,088,901"
3/16/2015,2015,2012,D6,Separated,Unverified,"182,087"
3/16/2015,2015,2014,D4,Assigned,Q-RIN,"560,703"
3/16/2015,2015,2014,D4,Assigned,Unverified,"7,507,070"
3/16/2015,2015,2014,D4,Separated,Q-RIN,"522,973"
3/16/2015,2015,2014,D4,Separated,Unverified,"3,393,116"
3/16/2015,2015,2014,D6,Assigned,Unverified,"2,884"
3/16/2015,2015,2014,D6,Separated,Unverified,"135,147,977"
3/16/2015,2015,2015,D3,Separated,Q-RIN,"224,120"
3/16/2015,2015,2015,D3,Separated,Unverified,"2,352,364"
3/16/2015,2015,2015,D4,Assigned,Q-RIN,"12,852,818"
3/16/2015,2015,2015,D4,Assigned,Unverified,"41,213,682"
3/16/2015,2015,2015,D4,Separated,Q-RIN,"5,865,963"
3/16/2015,2015,2015,D4,Separated,Unverified,"17,434,623"
3/16/2015,2015,2015,D5,Assigned,Unverified,"597,500"
3/16/2015,2015,2015,D5,Separated,Q-RIN,"140,213"
3/16/2015,2015,2015,D5,Separated,Unverified,"8,017"
3/16/2015,2015,2015,D6,Assigned,Q-RIN,"637,572"
3/16/2015,2015,2015,D6,Assigned,Unverified,"447,523,306"
3/16/2015,2015,2015,D6,Separated,Unverified,"407,047,314"
3/23/2015,2015,2013,D4,Separated,Unverified,"1,000,000"
3/23/2015,2015,2013,D6,Separated,Unverified,"9,982,198"
3/23/2015,2015,2014,D4,Assigned,Q-RIN,"381,334"
3/23/2015,2015,2014,D4,Assigned,Unverified,"344,454"
3/23/2015,2015,2014,D4,Separated,Q-RIN,"721,152"
3/23/2015,2015,2014,D4,Separated,Unverified,"28,525,682"
3/23/2015,2015,2014,D6,Assigned,Unverified,"95,614"
3/23/2015,2015,2014,D6,Separated,Unverified,"141,660,506"
3/23/2015,2015,2015,D3,Assigned,Q-RIN,"31,663"
3/23/2015,2015,2015,D3,Separated,Q-RIN,"2,143,242"
3/23/2015,2015,2015,D3,Separated,Unverified,"544,199"
3/23/2015,2015,2015,D4,Assigned,Q-RIN,"14,935,776"
3/23/2015,2015,2015,D4,Assigned,Unverified,"50,827,816"
3/23/2015,2015,2015,D4,Separated,Q-RIN,"6,144,921"
3/23/2015,2015,2015,D4,Separated,Unverified,"22,948,690"
3/23/2015,2015,2015,D5,Assigned,Unverified,"826,102"
3/23/2015,2015,2015,D5,Separated,Q-RIN,"101,783"
3/23/2015,2015,2015,D5,Separated,Unverified,"208,017"
3/23/2015,2015,2015,D6,Assigned,Q-RIN,"1,539,800"
3/23/2015,2015,2015,D6,Assigned,Unverified,"510,282,903"
3/23/2015,2015,2015,D6,Separated,Unverified,"273,681,340"
3/30/2015,2015,2013,D4,Separated,Unverified,"14,987"
3/30/2015,2015,2013,D6,Separated,Unverified,"1,000,000"
3/30/2015,2015,2014,D3,Separated,Unverified,"857,299"
3/30/2015,2015,2014,D4,Assigned,Q-RIN,"223,108"
3/30/2015,2015,2014,D4,Assigned,Unverified,"242,719"
3/30/2015,2015,2014,D4,Separated,Q-RIN,"792,283"
3/30/2015,2015,2014,D4,Separated,Unverified,"55,500,450"
3/30/2015,2015,2014,D6,Assigned,Unverified,"31,638"
3/30/2015,2015,2014,D6,Separated,Unverified,"267,280,078"
3/30/2015,2015,2015,D3,Assigned,Q-RIN,"15,629"
3/30/2015,2015,2015,D3,Separated,Unverified,"651,480"
3/30/2015,2015,2015,D4,Assigned,Q-RIN,"11,076,461"
3/30/2015,2015,2015,D4,Assigned,Unverified,"63,203,162"
3/30/2015,2015,2015,D4,Separated,Q-RIN,"12,963,102"
3/30/2015,2015,2015,D4,Separated,Unverified,"74,954,858"
3/30/2015,2015,2015,D5,Assigned,Unverified,"2,393,946"
3/30/2015,2015,2015,D5,Separated,Q-RIN,"588,121"
3/30/2015,2015,2015,D5,Separated,Unverified,"97,685"
3/30/2015,2015,2015,D6,Assigned,Q-RIN,"13,712,759"
3/30/2015,2015,2015,D6,Assigned,Unverified,"489,025,449"
3/30/2015,2015,2015,D6,Separated,Unverified,"327,159,486"
4/6/2015,2015,2013,D4,Separated,Unverified,"1,100,150"
4/6/2015,2015,2013,D6,Separated,Unverified,"800,000"
4/6/2015,2015,2014,D4,Assigned,Q-RIN,"199,414"
4/6/2015,2015,2014,D4,Assigned,Unverified,"354,830"
4/6/2015,2015,2014,D4,Separated,Q-RIN,"608,721"
4/6/2015,2015,2014,D4,Separated,Unverified,"8,436,866"
4/6/2015,2015,2014,D6,Assigned,Unverified,"31,739"
4/6/2015,2015,2014,D6,Separated,Unverified,"2,467,983"
4/6/2015,2015,2015,D3,Assigned,Q-RIN,"115,498"
4/6/2015,2015,2015,D3,Separated,Q-RIN,"400,000"
4/6/2015,2015,2015,D4,Assigned,Q-RIN,"14,518,306"
4/6/2015,2015,2015,D4,Assigned,Unverified,"67,468,460"
4/6/2015,2015,2015,D4,Separated,Q-RIN,"3,647,615"
4/6/2015,2015,2015,D4,Separated,Unverified,"26,027,073"
4/6/2015,2015,2015,D5,Assigned,Unverified,"660,820"
4/6/2015,2015,2015,D5,Separated,Q-RIN,"13,134"
4/6/2015,2015,2015,D6,Assigned,Q-RIN,"6,192,477"
4/6/2015,2015,2015,D6,Assigned,Unverified,"484,395,077"
4/6/2015,2015,2015,D6,Separated,Q-RIN,"522,717"
4/6/2015,2015,2015,D6,Separated,Unverified,"186,341,887"
4/13/2015,2015,2013,D6,Separated,Unverified,"1,317,949"
4/13/2015,2015,2014,D3,Separated,Unverified,"33,119"
4/13/2015,2015,2014,D4,Assigned,Q-RIN,"77,080"
4/13/2015,2015,2014,D4,Assigned,Unverified,"4,466,493"
4/13/2015,2015,2014,D4,Separated,Q-RIN,"1,165,230"
4/13/2015,2015,2014,D4,Separated,Unverified,"16,817,008"
4/13/2015,2015,2014,D6,Assigned,Unverified,"13,029"
4/13/2015,2015,2014,D6,Separated,Unverified,"7,424,986"
4/13/2015,2015,2015,D3,Assigned,Q-RIN,"86,623"
4/13/2015,2015,2015,D3,Separated,Q-RIN,"2,405,592"
4/13/2015,2015,2015,D3,Separated,Unverified,"3,159,445"
4/13/2015,2015,2015,D4,Assigned,Q-RIN,"12,363,924"
4/13/2015,2015,2015,D4,Assigned,Unverified,"64,113,223"
4/13/2015,2015,2015,D4,Separated,Q-RIN,"6,800,306"
4/13/2015,2015,2015,D4,Separated,Unverified,"23,568,353"
4/13/2015,2015,2015,D5,Assigned,Unverified,"619,478"
4/13/2015,2015,2015,D5,Separated,Q-RIN,"220,892"
4/13/2015,2015,2015,D6,Assigned,Q-RIN,"4,038,387"
4/13/2015,2015,2015,D6,Assigned,Unverified,"444,156,948"
4/13/2015,2015,2015,D6,Separated,Q-RIN,"440,000"
4/13/2015,2015,2015,D6,Separated,Unverified,"228,997,441"
4/20/2015,2015,2013,D4,Separated,Unverified,"764,195"
4/20/2015,2015,2014,D3,Separated,Unverified,"370,550"
4/20/2015,2015,2014,D4,Assigned,Q-RIN,"9,939"
4/20/2015,2015,2014,D4,Assigned,Unverified,"10,493"
4/20/2015,2015,2014,D4,Separated,Q-RIN,"154,079"
4/20/2015,2015,2014,D4,Separated,Unverified,"10,670,238"
4/20/2015,2015,2014,D5,Separated,Unverified,"450,020"
4/20/2015,2015,2014,D6,Assigned,Unverified,"775,198"
4/20/2015,2015,2014,D6,Separated,Unverified,"9,097,613"
4/20/2015,2015,2015,D3,Assigned,Q-RIN,"57,565"
4/20/2015,2015,2015,D3,Separated,Q-RIN,"2,356,245"
4/20/2015,2015,2015,D3,Separated,Unverified,"618,777"
4/20/2015,2015,2015,D4,Assigned,Q-RIN,"13,225,932"
4/20/2015,2015,2015,D4,Assigned,Unverified,"50,239,015"
4/20/2015,2015,2015,D4,Separated,Q-RIN,"3,206,731"
4/20/2015,2015,2015,D4,Separated,Unverified,"25,800,643"
4/20/2015,2015,2015,D5,Assigned,Q-RIN,"24,730"
4/20/2015,2015,2015,D5,Assigned,Unverified,"713,662"
4/20/2015,2015,2015,D5,Separated,Q-RIN,"51,554"
4/20/2015,2015,2015,D6,Assigned,Q-RIN,"2,545,562"
4/20/2015,2015,2015,D6,Assigned,Unverified,"458,289,591"
4/20/2015,2015,2015,D6,Separated,Unverified,"212,248,231"
4/27/2015,2015,2013,D4,Separated,Unverified,"1,000,000"
4/27/2015,2015,2013,D6,Separated,Unverified,"317,949"
4/27/2015,2015,2014,D4,Separated,Q-RIN,"4,135,620"
4/27/2015,2015,2014,D4,Separated,Unverified,"19,736,872"
4/27/2015,2015,2014,D6,Separated,Unverified,"73,144,256"
4/27/2015,2015,2015,D3,Assigned,Q-RIN,"28,999"
4/27/2015,2015,2015,D3,Separated,Q-RIN,"691,778"
4/27/2015,2015,2015,D4,Assigned,Q-RIN,"19,385,992"
4/27/2015,2015,2015,D4,Assigned,Unverified,"61,738,771"
4/27/2015,2015,2015,D4,Separated,Q-RIN,"11,507,364"
4/27/2015,2015,2015,D4,Separated,Unverified,"21,725,973"
4/27/2015,2015,2015,D5,Assigned,Q-RIN,"16,258"
4/27/2015,2015,2015,D5,Assigned,Unverified,"2,524,479"
4/27/2015,2015,2015,D5,Separated,Q-RIN,"35,690"
4/27/2015,2015,2015,D6,Assigned,Q-RIN,"4,181,396"
4/27/2015,2015,2015,D6,Assigned,Unverified,"480,324,656"
4/27/2015,2015,2015,D6,Separated,Unverified,"358,332,156"
5/4/2015,2015,2013,D4,Separated,Unverified,"2,010,298"
5/4/2015,2015,2013,D6,Separated,Unverified,"1,196"
5/4/2015,2015,2014,D4,Assigned,Q-RIN,"177,323"
5/4/2015,2015,2014,D4,Assigned,Unverified,"6,041"
5/4/2015,2015,2014,D4,Separated,Q-RIN,"335,333"
5/4/2015,2015,2014,D4,Separated,Unverified,"1,583,061"
5/4/2015,2015,2014,D5,Separated,Unverified,"250,000"
5/4/2015,2015,2014,D6,Assigned,Unverified,"5,208,934"
5/4/2015,2015,2014,D6,Separated,Unverified,"39,448,297"
5/4/2015,2015,2015,D3,Assigned,Q-RIN,"57,020"
5/4/2015,2015,2015,D4,Assigned,Q-RIN,"15,807,941"
5/4/2015,2015,2015,D4,Assigned,Unverified,"63,321,688"
5/4/2015,2015,2015,D4,Separated,Q-RIN,"5,127,933"
5/4/2015,2015,2015,D4,Separated,Unverified,"29,797,761"
5/4/2015,2015,2015,D5,Assigned,Q-RIN,"15,858"
5/4/2015,2015,2015,D5,Assigned,Unverified,"4,613,942"
5/4/2015,2015,2015,D5,Separated,Q-RIN,"181,566"
5/4/2015,2015,2015,D5,Separated,Unverified,"46,222"
5/4/2015,2015,2015,D6,Assigned,Q-RIN,"18,726,115"
5/4/2015,2015,2015,D6,Assigned,Unverified,"431,168,533"
5/4/2015,2015,2015,D6,Separated,Unverified,"219,638,294"
5/11/2015,2015,2013,D4,Separated,Unverified,901
5/11/2015,2015,2013,D6,Separated,Unverified,"3,000,000"
5/11/2015,2015,2014,D4,Assigned,Q-RIN,"184,077"
5/11/2015,2015,2014,D4,Assigned,Unverified,"26,397"
5/11/2015,2015,2014,D4,Separated,Q-RIN,"265,760"
5/11/2015,2015,2014,D4,Separated,Unverified,"3,970,485"
5/11/2015,2015,2014,D6,Assigned,Unverified,"1,140,240"
5/11/2015,2015,2014,D6,Separated,Unverified,"11,083,223"
5/11/2015,2015,2015,D3,Separated,Unverified,"35,182"
5/11/2015,2015,2015,D4,Assigned,Q-RIN,"20,623,488"
5/11/2015,2015,2015,D4,Assigned,Unverified,"65,677,275"
5/11/2015,2015,2015,D4,Separated,Q-RIN,"3,399,479"
5/11/2015,2015,2015,D4,Separated,Unverified,"11,517,588"
5/11/2015,2015,2015,D5,Assigned,Q-RIN,"16,006"
5/11/2015,2015,2015,D5,Assigned,Unverified,"1,015,601"
5/11/2015,2015,2015,D5,Separated,Q-RIN,"13,318"
5/11/2015,2015,2015,D5,Separated,Unverified,"138,000"
5/11/2015,2015,2015,D6,Assigned,Q-RIN,"12,229,671"
5/11/2015,2015,2015,D6,Assigned,Unverified,"458,468,416"
5/11/2015,2015,2015,D6,Separated,Unverified,"275,005,771"
5/18/2015,2015,2013,D6,Assigned,Unverified,"2,930"
5/18/2015,2015,2014,D4,Assigned,Q-RIN,"4,642"
5/18/2015,2015,2014,D4,Assigned,Unverified,"13,310"
5/18/2015,2015,2014,D4,Separated,Unverified,"11,467,800"
5/18/2015,2015,2014,D6,Assigned,Unverified,"23,450"
5/18/2015,2015,2014,D6,Separated,Unverified,"56,450,828"
5/18/2015,2015,2015,D3,Assigned,Q-RIN,"56,998"
5/18/2015,2015,2015,D3,Separated,Q-RIN,"3,387,125"
5/18/2015,2015,2015,D3,Separated,Unverified,"3,330,159"
5/18/2015,2015,2015,D4,Assigned,Q-RIN,"18,967,587"
5/18/2015,2015,2015,D4,Assigned,Unverified,"64,795,925"
5/18/2015,2015,2015,D4,Separated,Q-RIN,"10,351,808"
5/18/2015,2015,2015,D4,Separated,Unverified,"23,379,551"
5/18/2015,2015,2015,D5,Assigned,Q-RIN,"15,798"
5/18/2015,2015,2015,D5,Assigned,Unverified,"1,182,711"
5/18/2015,2015,2015,D5,Separated,Q-RIN,"29,515"
5/18/2015,2015,2015,D5,Separated,Unverified,"500,000"
5/18/2015,2015,2015,D6,Assigned,Q-RIN,"10,426,154"
5/18/2015,2015,2015,D6,Assigned,Unverified,"492,973,362"
5/18/2015,2015,2015,D6,Separated,Unverified,"243,750,476"
5/25/2015,2015,2013,D4,Separated,Unverified,"500,752"
5/25/2015,2015,2013,D6,Separated,Unverified,"9,067"
5/25/2015,2015,2014,D4,Assigned,Unverified,"154,892"
5/25/2015,2015,2014,D4,Separated,Q-RIN,"500,282"
5/25/2015,2015,2014,D4,Separated,Unverified,"7,828,346"
5/25/2015,2015,2014,D5,Separated,Unverified,"4,000,000"
5/25/2015,2015,2014,D6,Assigned,Unverified,"74,227"
5/25/2015,2015,2014,D6,Separated,Unverified,"8,884,049"
5/25/2015,2015,2015,D3,Separated,Q-RIN,"3,287,345"
5/25/2015,2015,2015,D3,Separated,Unverified,"310,182"
5/25/2015,2015,2015,D4,Assigned,Q-RIN,"16,547,308"
5/25/2015,2015,2015,D4,Assigned,Unverified,"76,210,385"
5/25/2015,2015,2015,D4,Separated,Q-RIN,"9,195,022"
5/25/2015,2015,2015,D4,Separated,Unverified,"33,189,025"
5/25/2015,2015,2015,D5,Assigned,Unverified,"2,795,850"
5/25/2015,2015,2015,D5,Separated,Q-RIN,"16,709"
5/25/2015,2015,2015,D5,Separated,Unverified,"300,000"
5/25/2015,2015,2015,D6,Assigned,Q-RIN,"12,896,217"
5/25/2015,2015,2015,D6,Assigned,Unverified,"496,352,093"
5/25/2015,2015,2015,D6,Separated,Unverified,"260,538,563"
6/1/2015,2015,2013,D4,Separated,Unverified,338
6/1/2015,2015,2013,D5,Separated,Unverified,"300,000"
6/1/2015,2015,2013,D6,Assigned,Unverified,"124,021"
6/1/2015,2015,2013,D6,Separated,Unverified,"1,872"
6/1/2015,2015,2014,D4,Separated,Unverified,"7,667,769"
6/1/2015,2015,2014,D6,Assigned,Q-RIN,"95,681"
6/1/2015,2015,2014,D6,Assigned,Unverified,"72,817"
6/1/2015,2015,2014,D6,Separated,Unverified,"29,238,148"
6/1/2015,2015,2015,D3,Assigned,Q-RIN,"7,495"
6/1/2015,2015,2015,D3,Separated,Q-RIN,"900,000"
6/1/2015,2015,2015,D4,Assigned,Q-RIN,"17,000,855"
6/1/2015,2015,2015,D4,Assigned,Unverified,"64,861,329"
6/1/2015,2015,2015,D4,Separated,Q-RIN,"6,929,668"
6/1/2015,2015,2015,D4,Separated,Unverified,"22,486,701"
6/1/2015,2015,2015,D5,Assigned,Q-RIN,"7,909"
6/1/2015,2015,2015,D5,Assigned,Unverified,"633,337"
6/1/2015,2015,2015,D5,Separated,Q-RIN,"48,423"
6/1/2015,2015,2015,D5,Separated,Unverified,"58,125"
6/1/2015,2015,2015,D6,Assigned,Q-RIN,"11,498,813"
6/1/2015,2015,2015,D6,Assigned,Unverified,"431,955,353"
6/1/2015,2015,2015,D6,Separated,Q-RIN,"5,000,000"
6/1/2015,2015,2015,D6,Separated,Unverified,"259,378,525"
6/8/2015,2015,2012,D6,Assigned,Unverified,"21,706"
6/8/2015,2015,2013,D4,Separated,Unverified,"460,227"
6/8/2015,2015,2013,D5,Separated,Unverified,"2,972,000"
6/8/2015,2015,2013,D6,Assigned,Unverified,"293,673"
6/8/2015,2015,2013,D6,Separated,Unverified,"8,173,453"
6/8/2015,2015,2014,D3,Assigned,Q-RIN,"36,685"
6/8/2015,2015,2014,D3,Separated,Unverified,"9,633,389"
6/8/2015,2015,2014,D4,Assigned,Unverified,"17,183"
6/8/2015,2015,2014,D4,Separated,Q-RIN,"7,470"
6/8/2015,2015,2014,D4,Separated,Unverified,"20,445,412"
6/8/2015,2015,2014,D6,Assigned,Unverified,"670,522"
6/8/2015,2015,2014,D6,Separated,Unverified,"9,315,309"
6/8/2015,2015,2015,D3,Assigned,Q-RIN,"180,564"
6/8/2015,2015,2015,D3,Assigned,Unverified,"12,518"
6/8/2015,2015,2015,D3,Separated,Q-RIN,"600,000"
6/8/2015,2015,2015,D4,Assigned,Q-RIN,"18,282,412"
6/8/2015,2015,2015,D4,Assigned,Unverified,"63,333,529"
6/8/2015,2015,2015,D4,Separated,Q-RIN,"8,828,850"
6/8/2015,2015,2015,D4,Separated,Unverified,"27,671,840"
6/8/2015,2015,2015,D5,Assigned,Q-RIN,"7,889"
6/8/2015,2015,2015,D5,Assigned,Unverified,"1,008,032"
6/8/2015,2015,2015,D5,Separated,Q-RIN,"24,618"
6/8/2015,2015,2015,D6,Assigned,Q-RIN,"16,775,774"
6/8/2015,2015,2015,D6,Assigned,Unverified,"460,408,131"
6/8/2015,2015,2015,D6,Separated,Unverified,"301,355,354"
6/15/2015,2015,2013,D4,Separated,Unverified,"1,000,000"
6/15/2015,2015,2013,D6,Separated,Unverified,"6,142,395"
6/15/2015,2015,2014,D3,Separated,Unverified,"77,533"
6/15/2015,2015,2014,D4,Assigned,Unverified,"31,626"
6/15/2015,2015,2014,D4,Separated,Q-RIN,"651,294"
6/15/2015,2015,2014,D4,Separated,Unverified,"9,571,611"
6/15/2015,2015,2014,D5,Separated,Unverified,"23,010"
6/15/2015,2015,2014,D6,Separated,Unverified,"16,523,752"
6/15/2015,2015,2015,D3,Separated,Q-RIN,"2,429,401"
6/15/2015,2015,2015,D3,Separated,Unverified,"1,708,624"
6/15/2015,2015,2015,D4,Assigned,Q-RIN,"16,760,762"
6/15/2015,2015,2015,D4,Assigned,Unverified,"64,466,926"
6/15/2015,2015,2015,D4,Separated,Q-RIN,"10,054,476"
6/15/2015,2015,2015,D4,Separated,Unverified,"30,132,837"
6/15/2015,2015,2015,D5,Assigned,Q-RIN,"7,869"
6/15/2015,2015,2015,D5,Assigned,Unverified,"865,045"
6/15/2015,2015,2015,D5,Separated,Q-RIN,"91,102"
6/15/2015,2015,2015,D5,Separated,Unverified,"1,556,805"
6/15/2015,2015,2015,D6,Assigned,Q-RIN,"21,638,769"
6/15/2015,2015,2015,D6,Assigned,Unverified,"474,409,626"
6/15/2015,2015,2015,D6,Separated,Q-RIN,"1,818,870"
6/15/2015,2015,2015,D6,Separated,Unverified,"449,490,905"
6/22/2015,2015,2013,D4,Separated,Unverified,"2,000,000"
6/22/2015,2015,2013,D5,Separated,Unverified,"4,740,000"
6/22/2015,2015,2013,D6,Separated,Unverified,"1,633,453"
6/22/2015,2015,2014,D3,Separated,Unverified,"4,132,540"
6/22/2015,2015,2014,D4,Assigned,Unverified,"30,245"
6/22/2015,2015,2014,D4,Separated,Q-RIN,"1,429,312"
6/22/2015,2015,2014,D4,Separated,Unverified,"33,245,290"
6/22/2015,2015,2014,D5,Separated,Unverified,"1,000,000"
6/22/2015,2015,2014,D6,Assigned,Unverified,"11,714"
6/22/2015,2015,2014,D6,Separated,Unverified,"76,283,363"
6/22/2015,2015,2015,D3,Assigned,Q-RIN,"86,999"
6/22/2015,2015,2015,D3,Assigned,Unverified,"8,765"
6/22/2015,2015,2015,D3,Separated,Q-RIN,"5,954,515"
6/22/2015,2015,2015,D3,Separated,Unverified,"6,029,968"
6/22/2015,2015,2015,D4,Assigned,Q-RIN,"19,900,295"
6/22/2015,2015,2015,D4,Assigned,Unverified,"71,494,826"
6/22/2015,2015,2015,D4,Separated,Q-RIN,"21,707,452"
6/22/2015,2015,2015,D4,Separated,Unverified,"62,316,931"
6/22/2015,2015,2015,D5,Assigned,Q-RIN,"15,778"
6/22/2015,2015,2015,D5,Assigned,Unverified,"797,451"
6/22/2015,2015,2015,D5,Separated,Q-RIN,"387,490"
6/22/2015,2015,2015,D6,Assigned,Q-RIN,"20,439,210"
6/22/2015,2015,2015,D6,Assigned,Unverified,"452,760,250"
6/22/2015,2015,2015,D6,Separated,Q-RIN,"2,164,727"
6/22/2015,2015,2015,D6,Separated,Unverified,"402,112,827"
6/29/2015,2015,2013,D4,Separated,Unverified,"2,823,312"
6/29/2015,2015,2013,D5,Separated,Unverified,"11,650,000"
6/29/2015,2015,2013,D6,Separated,Unverified,"50,079,576"
6/29/2015,2015,2014,D4,Assigned,Unverified,"1,398"
6/29/2015,2015,2014,D4,Separated,Q-RIN,"4,327,826"
6/29/2015,2015,2014,D4,Separated,Unverified,"34,003,245"
6/29/2015,2015,2014,D5,Separated,Unverified,"2,005,920"
6/29/2015,2015,2014,D6,Separated,Unverified,"163,682,153"
6/29/2015,2015,2015,D3,Assigned,Unverified,"8,765"
6/29/2015,2015,2015,D3,Separated,Unverified,"312,675"
6/29/2015,2015,2015,D4,Assigned,Q-RIN,"33,327,071"
6/29/2015,2015,2015,D4,Assigned,Unverified,"137,418,766"
6/29/2015,2015,2015,D4,Separated,Q-RIN,"27,653,756"
6/29/2015,2015,2015,D4,Separated,Unverified,"114,151,861"
6/29/2015,2015,2015,D5,Assigned,Q-RIN,"15,798"
6/29/2015,2015,2015,D5,Assigned,Unverified,"2,528,886"
6/29/2015,2015,2015,D5,Separated,Q-RIN,"1,048,987"
6/29/2015,2015,2015,D6,Assigned,Q-RIN,"46,725,626"
6/29/2015,2015,2015,D6,Assigned,Unverified,"439,824,660"
6/29/2015,2015,2015,D6,Separated,Q-RIN,"15,000,000"
6/29/2015,2015,2015,D6,Separated,Unverified,"548,756,360"
7/6/2015,2015,2012,D6,Assigned,Unverified,461
7/6/2015,2015,2012,D6,Separated,Unverified,"3,315,312"
7/6/2015,2015,2013,D4,Separated,Unverified,"48,850"
7/6/2015,2015,2013,D6,Separated,Unverified,"1,300,000"
7/6/2015,2015,2014,D3,Assigned,Q-RIN,"44,866"
7/6/2015,2015,2014,D3,Assigned,Unverified,"568,661"
7/6/2015,2015,2014,D3,Separated,Unverified,"300,000"
7/6/2015,2015,2014,D4,Separated,Q-RIN,"2,737,335"
7/6/2015,2015,2014,D4,Separated,Unverified,"14,673,144"
7/6/2015,2015,2014,D6,Separated,Unverified,"9,252,472"
7/6/2015,2015,2015,D3,Assigned,Q-RIN,"700,524"
7/6/2015,2015,2015,D3,Separated,Q-RIN,"725,500"
7/6/2015,2015,2015,D4,Assigned,Q-RIN,"22,242,575"
7/6/2015,2015,2015,D4,Assigned,Unverified,"77,906,180"
7/6/2015,2015,2015,D4,Separated,Q-RIN,"22,051,679"
7/6/2015,2015,2015,D4,Separated,Unverified,"40,011,445"
7/6/2015,2015,2015,D5,Assigned,Q-RIN,"15,778"
7/6/2015,2015,2015,D5,Assigned,Unverified,"436,743"
7/6/2015,2015,2015,D5,Separated,Q-RIN,"134,873"
7/6/2015,2015,2015,D5,Separated,Unverified,"39,911"
7/6/2015,2015,2015,D6,Assigned,Q-RIN,"29,105,566"
7/6/2015,2015,2015,D6,Assigned,Unverified,"464,792,527"
7/6/2015,2015,2015,D6,Separated,Q-RIN,"1,413,559"
7/6/2015,2015,2015,D6,Separated,Unverified,"299,885,828"
7/13/2015,2015,2013,D4,Separated,Unverified,"7,183,773"
7/13/2015,2015,2014,D4,Assigned,Unverified,"29,700"
7/13/2015,2015,2014,D4,Separated,Q-RIN,"25,262"
7/13/2015,2015,2014,D4,Separated,Unverified,"15,324,738"
7/13/2015,2015,2014,D5,Separated,Unverified,"275,000"
7/13/2015,2015,2014,D6,Assigned,Unverified,"124,162"
7/13/2015,2015,2014,D6,Separated,Unverified,"8,876,385"
7/13/2015,2015,2015,D3,Assigned,Q-RIN,"86,997"
7/13/2015,2015,2015,D3,Separated,Q-RIN,"1,557,074"
7/13/2015,2015,2015,D3,Separated,Unverified,"1,771,961"
7/13/2015,2015,2015,D4,Assigned,Q-RIN,"17,118,879"
7/13/2015,2015,2015,D4,Assigned,Unverified,"62,981,772"
7/13/2015,2015,2015,D4,Separated,Q-RIN,"15,354,719"
7/13/2015,2015,2015,D4,Separated,Unverified,"36,116,616"
7/13/2015,2015,2015,D5,Assigned,Q-RIN,"7,894"
7/13/2015,2015,2015,D5,Assigned,Unverified,"750,727"
7/13/2015,2015,2015,D5,Separated,Q-RIN,"2,023,965"
7/13/2015,2015,2015,D5,Separated,Unverified,"500,000"
7/13/2015,2015,2015,D6,Assigned,Q-RIN,"31,074,159"
7/13/2015,2015,2015,D6,Assigned,Unverified,"451,827,961"
7/13/2015,2015,2015,D6,Separated,Q-RIN,"5,609,917"
7/13/2015,2015,2015,D6,Separated,Unverified,"273,388,095"
7/20/2015,2015,2014,D3,Separated,Unverified,"366,303"
7/20/2015,2015,2014,D4,Separated,Unverified,"15,604,700"
7/20/2015,2015,2014,D6,Separated,Unverified,"72,821,695"
7/20/2015,2015,2015,D3,Assigned,Q-RIN,"115,997"
7/20/2015,2015,2015,D3,Separated,Q-RIN,"7,471,539"
7/20/2015,2015,2015,D3,Separated,Unverified,"4,234,758"
7/20/2015,2015,2015,D4,Assigned,Q-RIN,"20,793,170"
7/20/2015,2015,2015,D4,Assigned,Unverified,"73,837,376"
7/20/2015,2015,2015,D4,Separated,Q-RIN,"11,681,544"
7/20/2015,2015,2015,D4,Separated,Unverified,"36,306,084"
7/20/2015,2015,2015,D5,Assigned,Q-RIN,"15,768"
7/20/2015,2015,2015,D5,Assigned,Unverified,"891,171"
7/20/2015,2015,2015,D5,Separated,Q-RIN,"39,401"
7/20/2015,2015,2015,D6,Assigned,Q-RIN,"30,315,667"
7/20/2015,2015,2015,D6,Assigned,Unverified,"449,870,764"
7/20/2015,2015,2015,D6,Separated,Q-RIN,"4,303,947"
7/20/2015,2015,2015,D6,Separated,Unverified,"276,389,424"
7/27/2015,2015,2012,D4,Separated,Unverified,"2,699"
7/27/2015,2015,2013,D4,Separated,Unverified,"946,308"
7/27/2015,2015,2013,D5,Separated,Unverified,"5,255,497"
7/27/2015,2015,2013,D6,Separated,Unverified,"9,488,035"
7/27/2015,2015,2014,D4,Separated,Unverified,"28,732,931"
7/27/2015,2015,2014,D5,Separated,Unverified,"2,345,727"
7/27/2015,2015,2014,D6,Separated,Unverified,"127,742,477"
7/27/2015,2015,2015,D3,Assigned,Q-RIN,"58,000"
7/27/2015,2015,2015,D3,Separated,Q-RIN,"2,451,904"
7/27/2015,2015,2015,D3,Separated,Unverified,"95,000"
7/27/2015,2015,2015,D4,Assigned,Q-RIN,"45,080,212"
7/27/2015,2015,2015,D4,Assigned,Unverified,"68,321,778"
7/27/2015,2015,2015,D4,Separated,Q-RIN,"13,689,005"
7/27/2015,2015,2015,D4,Separated,Unverified,"53,096,478"
7/27/2015,2015,2015,D5,Assigned,Q-RIN,"15,788"
7/27/2015,2015,2015,D5,Assigned,Unverified,"3,277,232"
7/27/2015,2015,2015,D5,Separated,Q-RIN,"22,517"
7/27/2015,2015,2015,D5,Separated,Unverified,"500,000"
7/27/2015,2015,2015,D6,Assigned,Q-RIN,"25,537,599"
7/27/2015,2015,2015,D6,Assigned,Unverified,"476,104,488"
7/27/2015,2015,2015,D6,Separated,Q-RIN,"2,200,000"
7/27/2015,2015,2015,D6,Separated,Unverified,"358,300,954"
8/3/2015,2015,2014,D4,Separated,Unverified,"4,559,224"
8/3/2015,2015,2014,D5,Separated,Unverified,"1,000,000"
8/3/2015,2015,2014,D6,Separated,Unverified,"9,387,721"
8/3/2015,2015,2015,D3,Assigned,Q-RIN,"15,520"
8/3/2015,2015,2015,D3,Separated,Q-RIN,"278,865"
8/3/2015,2015,2015,D4,Assigned,Q-RIN,"17,539,507"
8/3/2015,2015,2015,D4,Assigned,Unverified,"60,700,558"
8/3/2015,2015,2015,D4,Separated,Q-RIN,"26,354,295"
8/3/2015,2015,2015,D4,Separated,Unverified,"34,772,562"
8/3/2015,2015,2015,D5,Assigned,Q-RIN,"15,758"
8/3/2015,2015,2015,D5,Assigned,Unverified,"913,337"
8/3/2015,2015,2015,D5,Separated,Q-RIN,"26,104"
8/3/2015,2015,2015,D6,Assigned,Q-RIN,"44,756,828"
8/3/2015,2015,2015,D6,Assigned,Unverified,"409,660,999"
8/3/2015,2015,2015,D6,Separated,Q-RIN,"200,637"
8/3/2015,2015,2015,D6,Separated,Unverified,"297,376,948"
8/10/2015,2015,2012,D4,Separated,Unverified,"382,583"
8/10/2015,2015,2013,D4,Separated,Unverified,"1,000,000"
8/10/2015,2015,2014,D4,Separated,Unverified,"6,210,094"
8/10/2015,2015,2014,D6,Separated,Unverified,"19,464,742"
8/10/2015,2015,2015,D3,Assigned,Q-RIN,"87,004"
8/10/2015,2015,2015,D3,Separated,Q-RIN,"229,540"
8/10/2015,2015,2015,D4,Assigned,Q-RIN,"21,989,454"
8/10/2015,2015,2015,D4,Assigned,Unverified,"78,127,287"
8/10/2015,2015,2015,D4,Separated,Q-RIN,"9,343,241"
8/10/2015,2015,2015,D4,Separated,Unverified,"37,825,990"
8/10/2015,2015,2015,D5,Assigned,Q-RIN,"15,778"
8/10/2015,2015,2015,D5,Assigned,Unverified,"4,277,399"
8/10/2015,2015,2015,D5,Separated,Q-RIN,"14,424"
8/10/2015,2015,2015,D5,Separated,Unverified,"53,520"
8/10/2015,2015,2015,D6,Assigned,Q-RIN,"41,059,098"
8/10/2015,2015,2015,D6,Assigned,Unverified,"461,218,141"
8/10/2015,2015,2015,D6,Separated,Q-RIN,"5,602,969"
8/10/2015,2015,2015,D6,Separated,Unverified,"226,163,653"
8/17/2015,2015,2013,D4,Separated,Unverified,"6,834,190"
8/17/2015,2015,2013,D5,Separated,Unverified,"2,500,000"
8/17/2015,2015,2013,D6,Separated,Unverified,"20,834,190"
8/17/2015,2015,2014,D4,Separated,Unverified,450
8/17/2015,2015,2014,D6,Separated,Unverified,"13,648,798"
8/17/2015,2015,2015,D3,Assigned,Q-RIN,"73,662"
8/17/2015,2015,2015,D3,Separated,Q-RIN,"9,770,003"
8/17/2015,2015,2015,D3,Separated,Unverified,"5,704,776"
8/17/2015,2015,2015,D4,Assigned,Q-RIN,"18,337,220"
8/17/2015,2015,2015,D4,Assigned,Unverified,"70,397,805"
8/17/2015,2015,2015,D4,Separated,Q-RIN,"6,896,953"
8/17/2015,2015,2015,D4,Separated,Unverified,"16,503,678"
8/17/2015,2015,2015,D5,Assigned,Q-RIN,"7,889"
8/17/2015,2015,2015,D5,Assigned,Unverified,"922,734"
8/17/2015,2015,2015,D6,Assigned,Q-RIN,"43,730,988"
8/17/2015,2015,2015,D6,Assigned,Unverified,"458,555,677"
8/17/2015,2015,2015,D6,Separated,Q-RIN,"5,040,034"
8/17/2015,2015,2015,D6,Separated,Unverified,"247,670,067"
8/24/2015,2015,2013,D4,Separated,Unverified,"725,000"
8/24/2015,2015,2013,D5,Separated,Unverified,"2,500,000"
8/24/2015,2015,2013,D6,Separated,Unverified,"725,000"
8/24/2015,2015,2014,D4,Separated,Unverified,"5,066,983"
8/24/2015,2015,2014,D5,Separated,Unverified,"500,000"
8/24/2015,2015,2014,D6,Separated,Unverified,"4,394,865"
8/24/2015,2015,2015,D3,Assigned,Q-RIN,"109,995"
8/24/2015,2015,2015,D3,Separated,Q-RIN,"3,608,558"
8/24/2015,2015,2015,D3,Separated,Unverified,"3,793"
8/24/2015,2015,2015,D4,Assigned,Q-RIN,"13,364,723"
8/24/2015,2015,2015,D4,Assigned,Unverified,"64,267,718"
8/24/2015,2015,2015,D4,Separated,Q-RIN,"20,111,508"
8/24/2015,2015,2015,D4,Separated,Unverified,"36,766,421"
8/24/2015,2015,2015,D5,Assigned,Q-RIN,"15,778"
8/24/2015,2015,2015,D5,Assigned,Unverified,"925,662"
8/24/2015,2015,2015,D5,Separated,Q-RIN,"48,785"
8/24/2015,2015,2015,D6,Assigned,Q-RIN,"44,932,874"
8/24/2015,2015,2015,D6,Assigned,Unverified,"388,788,041"
8/24/2015,2015,2015,D6,Separated,Q-RIN,"5,225,790"
8/24/2015,2015,2015,D6,Separated,Unverified,"314,630,914"
8/31/2015,2015,2013,D6,Separated,Unverified,"2,000,000"
8/31/2015,2015,2014,D4,Separated,Q-RIN,"122,551"
8/31/2015,2015,2014,D4,Separated,Unverified,"14,158,697"
8/31/2015,2015,2014,D6,Assigned,Unverified,"3,072"
8/31/2015,2015,2014,D6,Separated,Unverified,"1,555,046"
8/31/2015,2015,2015,D3,Assigned,Unverified,"24,226"
8/31/2015,2015,2015,D3,Separated,Q-RIN,"1,000,000"
8/31/2015,2015,2015,D3,Separated,Unverified,"235,185"
8/31/2015,2015,2015,D4,Assigned,Q-RIN,"17,259,173"
8/31/2015,2015,2015,D4,Assigned,Unverified,"67,291,590"
8/31/2015,2015,2015,D4,Separated,Q-RIN,"9,482,999"
8/31/2015,2015,2015,D4,Separated,Unverified,"47,932,721"
8/31/2015,2015,2015,D5,Assigned,Q-RIN,"15,818"
8/31/2015,2015,2015,D5,Assigned,Unverified,"14,827,545"
8/31/2015,2015,2015,D5,Separated,Q-RIN,"10,000"
8/31/2015,2015,2015,D5,Separated,Unverified,"500,000"
8/31/2015,2015,2015,D6,Assigned,Q-RIN,"47,330,840"
8/31/2015,2015,2015,D6,Assigned,Unverified,"455,829,857"
8/31/2015,2015,2015,D6,Separated,Unverified,"382,359,871"
9/7/2015,2015,2013,D4,Separated,Unverified,"234,444"
9/7/2015,2015,2014,D4,Separated,Unverified,"11,691,649"
9/7/2015,2015,2014,D6,Separated,Unverified,"540,611"
9/7/2015,2015,2015,D3,Separated,Unverified,"928,987"
9/7/2015,2015,2015,D4,Assigned,Q-RIN,"13,008,742"
9/7/2015,2015,2015,D4,Assigned,Unverified,"72,585,918"
9/7/2015,2015,2015,D4,Separated,Q-RIN,"15,614,650"
9/7/2015,2015,2015,D4,Separated,Unverified,"49,257,353"
9/7/2015,2015,2015,D5,Assigned,Q-RIN,"15,818"
9/7/2015,2015,2015,D5,Assigned,Unverified,"712,799"
9/7/2015,2015,2015,D5,Separated,Q-RIN,"28,867"
9/7/2015,2015,2015,D5,Separated,Unverified,"69,030"
9/7/2015,2015,2015,D6,Assigned,Q-RIN,"41,392,238"
9/7/2015,2015,2015,D6,Assigned,Unverified,"411,761,395"
9/7/2015,2015,2015,D6,Separated,Q-RIN,"9,339"
9/7/2015,2015,2015,D6,Separated,Unverified,"278,201,609"
9/14/2015,2015,2012,D4,Separated,Unverified,"30,133"
9/14/2015,2015,2013,D4,Separated,Unverified,"207,232"
9/14/2015,2015,2013,D6,Separated,Unverified,"1,000,000"
9/14/2015,2015,2014,D4,Separated,Unverified,"4,113,047"
9/14/2015,2015,2014,D5,Separated,Unverified,"274,294"
9/14/2015,2015,2014,D6,Assigned,Unverified,"180,707"
9/14/2015,2015,2014,D6,Separated,Unverified,"28,385,962"
9/14/2015,2015,2015,D3,Separated,Q-RIN,"1,744,694"
9/14/2015,2015,2015,D3,Separated,Unverified,"8,456,063"
9/14/2015,2015,2015,D4,Assigned,Q-RIN,"20,921,122"
9/14/2015,2015,2015,D4,Assigned,Unverified,"63,908,939"
9/14/2015,2015,2015,D4,Separated,Q-RIN,"12,745,644"
9/14/2015,2015,2015,D4,Separated,Unverified,"47,863,113"
9/14/2015,2015,2015,D5,Assigned,Q-RIN,"15,838"
9/14/2015,2015,2015,D5,Assigned,Unverified,"891,274"
9/14/2015,2015,2015,D5,Separated,Unverified,"500,000"
9/14/2015,2015,2015,D6,Assigned,Q-RIN,"46,405,018"
9/14/2015,2015,2015,D6,Assigned,Unverified,"413,113,639"
9/14/2015,2015,2015,D6,Separated,Q-RIN,"3,803,843"
9/14/2015,2015,2015,D6,Separated,Unverified,"331,243,431"
9/21/2015,2015,2013,D4,Separated,Unverified,"8,000,262"
9/21/2015,2015,2013,D6,Separated,Unverified,"15,701"
9/21/2015,2015,2014,D4,Separated,Q-RIN,"107,836"
9/21/2015,2015,2014,D4,Separated,Unverified,"8,538,853"
9/21/2015,2015,2014,D6,Assigned,Unverified,"3,072"
9/21/2015,2015,2014,D6,Separated,Unverified,"28,427,710"
9/21/2015,2015,2015,D3,Separated,Q-RIN,"2,221,505"
9/21/2015,2015,2015,D3,Separated,Unverified,"1,098,744"
9/21/2015,2015,2015,D4,Assigned,Q-RIN,"20,034,653"
9/21/2015,2015,2015,D4,Assigned,Unverified,"70,175,254"
9/21/2015,2015,2015,D4,Separated,Q-RIN,"17,375,792"
9/21/2015,2015,2015,D4,Separated,Unverified,"80,358,723"
9/21/2015,2015,2015,D5,Assigned,Unverified,"793,742"
9/21/2015,2015,2015,D5,Separated,Q-RIN,"29,232"
9/21/2015,2015,2015,D5,Separated,Unverified,"5,500,000"
9/21/2015,2015,2015,D6,Assigned,Q-RIN,"36,996,348"
9/21/2015,2015,2015,D6,Assigned,Unverified,"415,169,870"
9/21/2015,2015,2015,D6,Separated,Q-RIN,"3,220,724"
9/21/2015,2015,2015,D6,Separated,Unverified,"375,802,264"
9/28/2015,2015,2012,D4,Separated,Unverified,"6,237"
9/28/2015,2015,2013,D4,Separated,Unverified,"8,252,096"
9/28/2015,2015,2013,D5,Separated,Unverified,"861,766"
9/28/2015,2015,2013,D6,Separated,Unverified,"3,697,038"
9/28/2015,2015,2014,D4,Separated,Unverified,"47,818,614"
9/28/2015,2015,2014,D5,Separated,Unverified,"1,184,943"
9/28/2015,2015,2014,D6,Separated,Unverified,"142,265,376"
9/28/2015,2015,2015,D3,Separated,Q-RIN,"7,578,687"
9/28/2015,2015,2015,D3,Separated,Unverified,"2,633,063"
9/28/2015,2015,2015,D4,Assigned,Q-RIN,"32,087,873"
9/28/2015,2015,2015,D4,Assigned,Unverified,"95,575,494"
9/28/2015,2015,2015,D4,Separated,Q-RIN,"54,619,647"
9/28/2015,2015,2015,D4,Separated,Unverified,"147,718,959"
9/28/2015,2015,2015,D5,Assigned,Q-RIN,"1,615,848"
9/28/2015,2015,2015,D5,Assigned,Unverified,"6,423,823"
9/28/2015,2015,2015,D5,Separated,Q-RIN,"5,047,838"
9/28/2015,2015,2015,D5,Separated,Unverified,"1,420,000"
9/28/2015,2015,2015,D6,Assigned,Q-RIN,"38,018,380"
9/28/2015,2015,2015,D6,Assigned,Unverified,"441,183,308"
9/28/2015,2015,2015,D6,Separated,Q-RIN,"5,707,968"
9/28/2015,2015,2015,D6,Separated,Unverified,"549,115,417"
10/5/2015,2015,2012,D4,Separated,Unverified,"13,296"
10/5/2015,2015,2013,D4,Separated,Unverified,"5,300,277"
10/5/2015,2015,2014,D4,Separated,Unverified,"10,111,311"
10/5/2015,2015,2014,D6,Separated,Unverified,"45,914,116"
10/5/2015,2015,2015,D3,Assigned,Q-RIN,"142,662"
10/5/2015,2015,2015,D3,Separated,Unverified,"512,724"
10/5/2015,2015,2015,D4,Assigned,Q-RIN,"14,767,324"
10/5/2015,2015,2015,D4,Assigned,Unverified,"54,444,020"
10/5/2015,2015,2015,D4,Separated,Q-RIN,"28,126,009"
10/5/2015,2015,2015,D4,Separated,Unverified,"29,876,001"
10/5/2015,2015,2015,D5,Assigned,Q-RIN,"39,413"
10/5/2015,2015,2015,D5,Assigned,Unverified,"487,680"
10/5/2015,2015,2015,D5,Separated,Q-RIN,"13,500"
10/5/2015,2015,2015,D5,Separated,Unverified,"535,294"
10/5/2015,2015,2015,D6,Assigned,Q-RIN,"45,189,250"
10/5/2015,2015,2015,D6,Assigned,Unverified,"418,953,586"
10/5/2015,2015,2015,D6,Separated,Q-RIN,"8,929,070"
10/5/2015,2015,2015,D6,Separated,Unverified,"361,774,344"
10/12/2015,2015,2013,D4,Separated,Unverified,"176,371"
10/12/2015,2015,2014,D3,Separated,Q-RIN,"110,822"
10/12/2015,2015,2014,D3,Separated,Unverified,"1,244,678"
10/12/2015,2015,2014,D4,Separated,Q-RIN,"10,919"
10/12/2015,2015,2014,D4,Separated,Unverified,"10,989,081"
10/12/2015,2015,2014,D6,Separated,Unverified,"196,332"
10/12/2015,2015,2015,D3,Separated,Q-RIN,"1,581,269"
10/12/2015,2015,2015,D3,Separated,Unverified,"3,777,602"
10/12/2015,2015,2015,D4,Assigned,Q-RIN,"14,106,023"
10/12/2015,2015,2015,D4,Assigned,Unverified,"64,108,131"
10/12/2015,2015,2015,D4,Separated,Q-RIN,"19,054,621"
10/12/2015,2015,2015,D4,Separated,Unverified,"50,229,405"
10/12/2015,2015,2015,D5,Assigned,Q-RIN,"31,476"
10/12/2015,2015,2015,D5,Assigned,Unverified,"607,055"
10/12/2015,2015,2015,D5,Separated,Q-RIN,"24,228"
10/12/2015,2015,2015,D5,Separated,Unverified,"500,000"
10/12/2015,2015,2015,D6,Assigned,Q-RIN,"39,671,533"
10/12/2015,2015,2015,D6,Assigned,Unverified,"405,979,451"
10/12/2015,2015,2015,D6,Separated,Q-RIN,"1,053,951"
10/12/2015,2015,2015,D6,Separated,Unverified,"247,024,518"
10/19/2015,2015,2014,D4,Assigned,Q-RIN,"18,274"
10/19/2015,2015,2014,D4,Separated,Unverified,"4,234,799"
10/19/2015,2015,2014,D6,Separated,Unverified,"2,371,186"
10/19/2015,2015,2015,D3,Assigned,Q-RIN,"42,664"
10/19/2015,2015,2015,D3,Separated,Q-RIN,"1,371,945"
10/19/2015,2015,2015,D3,Separated,Unverified,"3,052,789"
10/19/2015,2015,2015,D4,Assigned,Q-RIN,"28,531,457"
10/19/2015,2015,2015,D4,Assigned,Unverified,"77,239,215"
10/19/2015,2015,2015,D4,Separated,Q-RIN,"16,959,220"
10/19/2015,2015,2015,D4,Separated,Unverified,"40,817,020"
10/19/2015,2015,2015,D5,Assigned,Q-RIN,"37,558"
10/19/2015,2015,2015,D5,Assigned,Unverified,"4,014,037"
10/19/2015,2015,2015,D5,Separated,Q-RIN,"56,924"
10/19/2015,2015,2015,D6,Assigned,Q-RIN,"34,693,442"
10/19/2015,2015,2015,D6,Assigned,Unverified,"409,136,818"
10/19/2015,2015,2015,D6,Separated,Q-RIN,"15,469,242"
10/19/2015,2015,2015,D6,Separated,Unverified,"297,590,772"
10/26/2015,2015,2012,D4,Separated,Unverified,"6,618"
10/26/2015,2015,2012,D6,Separated,Unverified,"912,182"
10/26/2015,2015,2013,D4,Separated,Unverified,"86,920"
10/26/2015,2015,2014,D3,Separated,Unverified,"2,000,000"
10/26/2015,2015,2014,D4,Separated,Q-RIN,"300,000"
10/26/2015,2015,2014,D4,Separated,Unverified,"13,831,798"
10/26/2015,2015,2014,D5,Separated,Unverified,"2,000,263"
10/26/2015,2015,2014,D6,Separated,Unverified,"16,079,479"
10/26/2015,2015,2015,D3,Assigned,Q-RIN,"43,847"
10/26/2015,2015,2015,D3,Separated,Q-RIN,"5,209,426"
10/26/2015,2015,2015,D3,Separated,Unverified,"4,474,469"
10/26/2015,2015,2015,D4,Assigned,Q-RIN,"30,149,526"
10/26/2015,2015,2015,D4,Assigned,Unverified,"65,509,735"
10/26/2015,2015,2015,D4,Separated,Q-RIN,"42,773,270"
10/26/2015,2015,2015,D4,Separated,Unverified,"44,771,821"
10/26/2015,2015,2015,D5,Assigned,Q-RIN,"31,734"
10/26/2015,2015,2015,D5,Assigned,Unverified,"2,730,521"
10/26/2015,2015,2015,D5,Separated,Q-RIN,"15,997"
10/26/2015,2015,2015,D5,Separated,Unverified,"500,000"
10/26/2015,2015,2015,D6,Assigned,Q-RIN,"41,024,403"
10/26/2015,2015,2015,D6,Assigned,Unverified,"456,898,403"
10/26/2015,2015,2015,D6,Separated,Q-RIN,"1,514,432"
10/26/2015,2015,2015,D6,Separated,Unverified,"285,007,903"
11/2/2015,2015,2013,D4,Separated,Unverified,"499,301"
11/2/2015,2015,2013,D6,Separated,Unverified,"16,245"
11/2/2015,2015,2014,D3,Separated,Q-RIN,"110,823"
11/2/2015,2015,2014,D3,Separated,Unverified,"247,867"
11/2/2015,2015,2014,D4,Separated,Unverified,"2,527,720"
11/2/2015,2015,2014,D5,Separated,Unverified,"800,000"
11/2/2015,2015,2014,D6,Separated,Unverified,"11,000,600"
11/2/2015,2015,2015,D3,Assigned,Unverified,"26,953"
11/2/2015,2015,2015,D3,Separated,Q-RIN,"1,231,169"
11/2/2015,2015,2015,D3,Separated,Unverified,"1,468,831"
11/2/2015,2015,2015,D4,Assigned,Q-RIN,"12,950,660"
11/2/2015,2015,2015,D4,Assigned,Unverified,"64,761,138"
11/2/2015,2015,2015,D4,Separated,Q-RIN,"14,146,761"
11/2/2015,2015,2015,D4,Separated,Unverified,"22,273,911"
11/2/2015,2015,2015,D5,Assigned,Q-RIN,"7,907"
11/2/2015,2015,2015,D5,Assigned,Unverified,"10,502,410"
11/2/2015,2015,2015,D5,Separated,Q-RIN,"48,604"
11/2/2015,2015,2015,D5,Separated,Unverified,"108,386"
11/2/2015,2015,2015,D6,Assigned,Q-RIN,"41,326,667"
11/2/2015,2015,2015,D6,Assigned,Unverified,"424,423,643"
11/2/2015,2015,2015,D6,Separated,Q-RIN,"28,601"
11/2/2015,2015,2015,D6,Separated,Unverified,"278,353,740"
11/9/2015,2015,2013,D4,Separated,Unverified,"221,835"
11/9/2015,2015,2014,D3,Separated,Unverified,"2,200,000"
11/9/2015,2015,2014,D6,Separated,Unverified,"4,560,638"
11/9/2015,2015,2015,D3,Separated,Q-RIN,"6,771,455"
11/9/2015,2015,2015,D3,Separated,Unverified,"100,000"
11/9/2015,2015,2015,D4,Assigned,Q-RIN,"21,652,236"
11/9/2015,2015,2015,D4,Assigned,Unverified,"52,585,402"
11/9/2015,2015,2015,D4,Separated,Q-RIN,"9,062,057"
11/9/2015,2015,2015,D4,Separated,Unverified,"17,990,142"
11/9/2015,2015,2015,D5,Assigned,Q-RIN,"23,943"
11/9/2015,2015,2015,D5,Assigned,Unverified,"1,007,123"
11/9/2015,2015,2015,D5,Separated,Q-RIN,"57,328"
11/9/2015,2015,2015,D5,Separated,Unverified,"9,433,846"
11/9/2015,2015,2015,D6,Assigned,Q-RIN,"35,146,741"
11/9/2015,2015,2015,D6,Assigned,Unverified,"461,877,774"
11/9/2015,2015,2015,D6,Separated,Q-RIN,"32,035"
11/9/2015,2015,2015,D6,Separated,Unverified,"292,007,892"
11/16/2015,2015,2013,D4,Separated,Unverified,"2,539,445"
11/16/2015,2015,2013,D5,Separated,Unverified,"5,000,000"
11/16/2015,2015,2013,D6,Separated,Unverified,"5,199,391"
11/16/2015,2015,2014,D3,Separated,Unverified,"2,040,000"
11/16/2015,2015,2014,D4,Separated,Unverified,"5,850,000"
11/16/2015,2015,2014,D5,Separated,Unverified,"1,180,000"
11/16/2015,2015,2014,D6,Separated,Unverified,"41,100,052"
11/16/2015,2015,2015,D3,Assigned,Q-RIN,"67,678"
11/16/2015,2015,2015,D3,Assigned,Unverified,"26,953"
11/16/2015,2015,2015,D3,Separated,Q-RIN,"5,156,991"
11/16/2015,2015,2015,D3,Separated,Unverified,"7,284,181"
11/16/2015,2015,2015,D4,Assigned,Q-RIN,"16,699,063"
11/16/2015,2015,2015,D4,Assigned,Unverified,"68,890,518"
11/16/2015,2015,2015,D4,Separated,Q-RIN,"20,323,495"
11/16/2015,2015,2015,D4,Separated,Unverified,"37,862,949"
11/16/2015,2015,2015,D5,Assigned,Q-RIN,"23,514"
11/16/2015,2015,2015,D5,Assigned,Unverified,"862,636"
11/16/2015,2015,2015,D5,Separated,Q-RIN,"244,824"
11/16/2015,2015,2015,D5,Separated,Unverified,"7,589,916"
11/16/2015,2015,2015,D6,Assigned,Q-RIN,"35,356,643"
11/16/2015,2015,2015,D6,Assigned,Unverified,"434,711,981"
11/16/2015,2015,2015,D6,Separated,Q-RIN,"5,297,460"
11/16/2015,2015,2015,D6,Separated,Unverified,"296,814,239"
11/23/2015,2015,2012,D4,Separated,Unverified,"71,847"
11/23/2015,2015,2012,D6,Separated,Unverified,"134,121"
11/23/2015,2015,2013,D6,Separated,Unverified,"4,553,911"
11/23/2015,2015,2014,D3,Separated,Unverified,"660,000"
11/23/2015,2015,2014,D4,Separated,Unverified,"70,748"
11/23/2015,2015,2014,D6,Separated,Unverified,"2,559,227"
11/23/2015,2015,2015,D3,Assigned,Q-RIN,"22,682"
11/23/2015,2015,2015,D3,Separated,Q-RIN,"3,322,686"
11/23/2015,2015,2015,D4,Assigned,Q-RIN,"17,605,516"
11/23/2015,2015,2015,D4,Assigned,Unverified,"65,433,611"
11/23/2015,2015,2015,D4,Separated,Q-RIN,"5,737,597"
11/23/2015,2015,2015,D4,Separated,Unverified,"29,436,658"
11/23/2015,2015,2015,D5,Assigned,Q-RIN,"7,884"
11/23/2015,2015,2015,D5,Assigned,Unverified,"628,414"
11/23/2015,2015,2015,D5,Separated,Q-RIN,"55,562"
11/23/2015,2015,2015,D5,Separated,Unverified,"500,000"
11/23/2015,2015,2015,D6,Assigned,Q-RIN,"34,335,424"
11/23/2015,2015,2015,D6,Assigned,Unverified,"395,072,585"
11/23/2015,2015,2015,D6,Separated,Q-RIN,"5,000,049"
11/23/2015,2015,2015,D6,Separated,Unverified,"379,651,777"
11/30/2015,2015,2013,D4,Separated,Unverified,"74,846"
11/30/2015,2015,2013,D6,Separated,Unverified,"8,500,000"
11/30/2015,2015,2014,D4,Separated,Q-RIN,"600,000"
11/30/2015,2015,2014,D4,Separated,Unverified,"5,816,729"
11/30/2015,2015,2014,D5,Separated,Unverified,"2,500,000"
11/30/2015,2015,2014,D6,Separated,Unverified,"178,820,774"
11/30/2015,2015,2015,D3,Assigned,Q-RIN,"15,930"
11/30/2015,2015,2015,D3,Separated,Q-RIN,"15,066,731"
11/30/2015,2015,2015,D3,Separated,Unverified,"1,809,503"
11/30/2015,2015,2015,D4,Assigned,Q-RIN,"13,467,666"
11/30/2015,2015,2015,D4,Assigned,Unverified,"54,605,072"
11/30/2015,2015,2015,D4,Separated,Q-RIN,"12,207,374"
11/30/2015,2015,2015,D4,Separated,Unverified,"46,151,757"
11/30/2015,2015,2015,D5,Assigned,Q-RIN,"23,866"
11/30/2015,2015,2015,D5,Assigned,Unverified,"2,638,125"
11/30/2015,2015,2015,D5,Separated,Q-RIN,"44,995"
11/30/2015,2015,2015,D5,Separated,Unverified,"8,348,335"
11/30/2015,2015,2015,D6,Assigned,Q-RIN,"38,697,236"
11/30/2015,2015,2015,D6,Assigned,Unverified,"484,688,188"
11/30/2015,2015,2015,D6,Separated,Q-RIN,"6,315,000"
11/30/2015,2015,2015,D6,Separated,Unverified,"398,797,770"
12/7/2015,2015,2013,D4,Separated,Unverified,"640,749"
12/7/2015,2015,2013,D5,Separated,Unverified,"389,600"
12/7/2015,2015,2013,D6,Separated,Unverified,"58,600"
12/7/2015,2015,2014,D4,Separated,Q-RIN,"150,000"
12/7/2015,2015,2014,D4,Separated,Unverified,"5,319,450"
12/7/2015,2015,2014,D6,Separated,Unverified,"1,711,519"
12/7/2015,2015,2015,D3,Assigned,Q-RIN,"29,400"
12/7/2015,2015,2015,D3,Separated,Q-RIN,"3,129,711"
12/7/2015,2015,2015,D3,Separated,Unverified,"75,646"
12/7/2015,2015,2015,D4,Assigned,Q-RIN,"23,378,186"
12/7/2015,2015,2015,D4,Assigned,Unverified,"57,429,061"
12/7/2015,2015,2015,D4,Separated,Q-RIN,"41,097,915"
12/7/2015,2015,2015,D4,Separated,Unverified,"40,066,384"
12/7/2015,2015,2015,D5,Assigned,Q-RIN,"39,487"
12/7/2015,2015,2015,D5,Assigned,Unverified,"927,367"
12/7/2015,2015,2015,D5,Separated,Q-RIN,"98,151"
12/7/2015,2015,2015,D5,Separated,Unverified,"1,000,000"
12/7/2015,2015,2015,D6,Assigned,Q-RIN,"35,295,104"
12/7/2015,2015,2015,D6,Assigned,Unverified,"460,581,645"
12/7/2015,2015,2015,D6,Separated,Unverified,"400,635,763"
12/14/2015,2015,2013,D4,Separated,Unverified,"788,500"
12/14/2015,2015,2013,D6,Separated,Unverified,"1,559,000"
12/14/2015,2015,2014,D3,Separated,Unverified,"250,000"
12/14/2015,2015,2014,D4,Separated,Unverified,"19,283,720"
12/14/2015,2015,2014,D5,Separated,Unverified,"670,000"
12/14/2015,2015,2014,D6,Separated,Unverified,"18,987,586"
12/14/2015,2015,2015,D3,Separated,Q-RIN,"15,096,241"
12/14/2015,2015,2015,D3,Separated,Unverified,"4,153,545"
12/14/2015,2015,2015,D4,Assigned,Q-RIN,"19,817,422"
12/14/2015,2015,2015,D4,Assigned,Unverified,"77,268,956"
12/14/2015,2015,2015,D4,Separated,Q-RIN,"54,935,625"
12/14/2015,2015,2015,D4,Separated,Unverified,"121,801,445"
12/14/2015,2015,2015,D5,Assigned,Q-RIN,"7,617"
12/14/2015,2015,2015,D5,Assigned,Unverified,"10,388,405"
12/14/2015,2015,2015,D5,Separated,Q-RIN,"44,000"
12/14/2015,2015,2015,D5,Separated,Unverified,"25,597,698"
12/14/2015,2015,2015,D6,Assigned,Q-RIN,"38,163,764"
12/14/2015,2015,2015,D6,Assigned,Unverified,"470,587,233"
12/14/2015,2015,2015,D6,Separated,Q-RIN,"13,534,409"
12/14/2015,2015,2015,D6,Separated,Unverified,"624,777,502"
12/21/2015,2015,2013,D4,Separated,Unverified,"175,000"
12/21/2015,2015,2013,D6,Separated,Unverified,"1,500,000"
12/21/2015,2015,2014,D4,Separated,Q-RIN,"150,000"
12/21/2015,2015,2014,D4,Separated,Unverified,"2,556,692"
12/21/2015,2015,2014,D6,Separated,Unverified,"3,605,266"
12/21/2015,2015,2015,D3,Separated,Q-RIN,"8,551,032"
12/21/2015,2015,2015,D3,Separated,Unverified,"5,072,298"
12/21/2015,2015,2015,D4,Assigned,Q-RIN,"11,135,402"
12/21/2015,2015,2015,D4,Assigned,Unverified,"54,543,375"
12/21/2015,2015,2015,D4,Separated,Q-RIN,"30,500,377"
12/21/2015,2015,2015,D4,Separated,Unverified,"69,066,487"
12/21/2015,2015,2015,D5,Assigned,Q-RIN,"15,671"
12/21/2015,2015,2015,D5,Assigned,Unverified,"737,530"
12/21/2015,2015,2015,D5,Separated,Q-RIN,"40,000"
12/21/2015,2015,2015,D5,Separated,Unverified,"22,057,147"
12/21/2015,2015,2015,D6,Assigned,Q-RIN,"35,151,701"
12/21/2015,2015,2015,D6,Assigned,Unverified,"408,606,257"
12/21/2015,2015,2015,D6,Separated,Unverified,"381,182,035"
12/28/2015,2015,2013,D4,Separated,Unverified,"18,992"
12/28/2015,2015,2013,D6,Separated,Unverified,"3,999,999"
12/28/2015,2015,2014,D3,Separated,Unverified,"150,000"
12/28/2015,2015,2014,D4,Separated,Unverified,"11,724,313"
12/28/2015,2015,2014,D5,Separated,Unverified,"8,532,859"
12/28/2015,2015,2014,D6,Separated,Unverified,"26,048,630"
12/28/2015,2015,2015,D3,Assigned,Q-RIN,"201,213"
12/28/2015,2015,2015,D3,Separated,Q-RIN,"6,600,000"
12/28/2015,2015,2015,D3,Separated,Unverified,"432,992"
12/28/2015,2015,2015,D4,Assigned,Q-RIN,"28,608,015"
12/28/2015,2015,2015,D4,Assigned,Unverified,"61,455,735"
12/28/2015,2015,2015,D4,Separated,Q-RIN,"87,399,522"
12/28/2015,2015,2015,D4,Separated,Unverified,"195,918,850"
12/28/2015,2015,2015,D5,Assigned,Q-RIN,"31,538"
12/28/2015,2015,2015,D5,Assigned,Unverified,"13,443,380"
12/28/2015,2015,2015,D5,Separated,Q-RIN,"228,387"
12/28/2015,2015,2015,D5,Separated,Unverified,"40,645,753"
12/28/2015,2015,2015,D6,Assigned,Q-RIN,"60,321,515"
12/28/2015,2015,2015,D6,Assigned,Unverified,"379,433,956"
12/28/2015,2015,2015,D6,Separated,Q-RIN,"28,945,210"
12/28/2015,2015,2015,D6,Separated,Unverified,"742,295,623"
12/28/2015,2016,2015,D4,Assigned,Q-RIN,"2,796"
12/28/2015,2016,2015,D4,Assigned,Unverified,"1,343,318"
12/28/2015,2016,2015,D4,Separated,Q-RIN,"93,181"
12/28/2015,2016,2015,D4,Separated,Unverified,"600,000"
12/28/2015,2016,2015,D6,Assigned,Unverified,"34,954,020"
12/28/2015,2016,2015,D6,Separated,Q-RIN,"5,171,673"
12/28/2015,2016,2015,D6,Separated,Unverified,"26,782,399"
12/28/2015,2016,2016,D4,Assigned,Q-RIN,"377,431"
12/28/2015,2016,2016,D4,Assigned,Unverified,"5,740,474"
12/28/2015,2016,2016,D5,Assigned,Unverified,"181,700"
12/28/2015,2016,2016,D6,Assigned,Q-RIN,"1,783,703"
12/28/2015,2016,2016,D6,Assigned,Unverified,"43,015,664"
12/28/2015,2016,2016,D6,Separated,Unverified,"2,154,919"
1/4/2016,2016,2013,D4,Separated,Unverified,"1,242,004"
1/4/2016,2016,2013,D6,Separated,Unverified,"500,000"
1/4/2016,2016,2014,D3,Separated,Unverified,"800,000"
1/4/2016,2016,2014,D6,Separated,Unverified,"14,642,923"
1/4/2016,2016,2015,D3,Separated,Q-RIN,"3,843,902"
1/4/2016,2016,2015,D4,Assigned,Q-RIN,"3,026,278"
1/4/2016,2016,2015,D4,Assigned,Unverified,"13,813,792"
1/4/2016,2016,2015,D4,Separated,Q-RIN,"23,036,802"
1/4/2016,2016,2015,D4,Separated,Unverified,"41,201,820"
1/4/2016,2016,2015,D5,Assigned,Unverified,"140,869"
1/4/2016,2016,2015,D5,Separated,Q-RIN,"92,873"
1/4/2016,2016,2015,D5,Separated,Unverified,"2,771,861"
1/4/2016,2016,2015,D6,Assigned,Q-RIN,"5,729,130"
1/4/2016,2016,2015,D6,Assigned,Unverified,"112,501,667"
1/4/2016,2016,2015,D6,Separated,Q-RIN,"117,531"
1/4/2016,2016,2015,D6,Separated,Unverified,"223,783,893"
1/4/2016,2016,2016,D3,Assigned,Q-RIN,"81,477"
1/4/2016,2016,2016,D4,Assigned,Q-RIN,"5,165,205"
1/4/2016,2016,2016,D4,Assigned,Unverified,"26,199,668"
1/4/2016,2016,2016,D4,Separated,Q-RIN,"14,702"
1/4/2016,2016,2016,D4,Separated,Unverified,"263,386"
1/4/2016,2016,2016,D5,Assigned,Q-RIN,"7,801"
1/4/2016,2016,2016,D5,Assigned,Unverified,"469,627"
1/4/2016,2016,2016,D5,Separated,Q-RIN,"17,127"
1/4/2016,2016,2016,D6,Assigned,Q-RIN,"32,224,387"
1/4/2016,2016,2016,D6,Assigned,Unverified,"299,232,713"
1/4/2016,2016,2016,D6,Separated,Unverified,"13,368,608"
1/11/2016,2016,2013,D5,Separated,Unverified,"3,514,692"
1/11/2016,2016,2013,D6,Separated,Unverified,"2,500,000"
1/11/2016,2016,2014,D3,Separated,Unverified,"391,024"
1/11/2016,2016,2014,D4,Separated,Unverified,"1,308,371"
1/11/2016,2016,2014,D5,Separated,Unverified,"594,628"
1/11/2016,2016,2014,D6,Separated,Unverified,"2,422,294"
1/11/2016,2016,2015,D3,Separated,Q-RIN,"2,000,000"
1/11/2016,2016,2015,D3,Separated,Unverified,"1,095,618"
1/11/2016,2016,2015,D4,Assigned,Q-RIN,"757,029"
1/11/2016,2016,2015,D4,Assigned,Unverified,"5,170,272"
1/11/2016,2016,2015,D4,Separated,Q-RIN,"9,463,192"
1/11/2016,2016,2015,D4,Separated,Unverified,"38,285,283"
1/11/2016,2016,2015,D5,Assigned,Unverified,"336,378"
1/11/2016,2016,2015,D5,Separated,Unverified,"5,209,064"
1/11/2016,2016,2015,D6,Assigned,Q-RIN,"1,202,205"
1/11/2016,2016,2015,D6,Assigned,Unverified,"76,669,730"
1/11/2016,2016,2015,D6,Separated,Q-RIN,"150,000"
1/11/2016,2016,2015,D6,Separated,Unverified,"178,458,965"
1/11/2016,2016,2016,D3,Assigned,Q-RIN,"90,126"
1/11/2016,2016,2016,D4,Assigned,Q-RIN,"7,950,235"
1/11/2016,2016,2016,D4,Assigned,Unverified,"36,419,418"
1/11/2016,2016,2016,D4,Separated,Q-RIN,"476,963"
1/11/2016,2016,2016,D4,Separated,Unverified,"791,499"
1/11/2016,2016,2016,D5,Assigned,Q-RIN,"23,910"
1/11/2016,2016,2016,D5,Assigned,Unverified,"424,707"
1/11/2016,2016,2016,D5,Separated,Q-RIN,"70,000"
1/11/2016,2016,2016,D6,Assigned,Q-RIN,"43,577,662"
1/11/2016,2016,2016,D6,Assigned,Unverified,"363,145,475"
1/11/2016,2016,2016,D6,Separated,Unverified,"50,456,102"
1/18/2016,2016,2013,D4,Separated,Unverified,"1,932,502"
1/18/2016,2016,2014,D3,Separated,Unverified,"36,000"
1/18/2016,2016,2014,D4,Separated,Unverified,"85,609"
1/18/2016,2016,2014,D6,Separated,Unverified,"12,582,698"
1/18/2016,2016,2015,D3,Separated,Q-RIN,"8,895,944"
1/18/2016,2016,2015,D3,Separated,Unverified,"1,740,782"
1/18/2016,2016,2015,D4,Assigned,Q-RIN,"510,001"
1/18/2016,2016,2015,D4,Assigned,Unverified,"27,071,349"
1/18/2016,2016,2015,D4,Separated,Q-RIN,"17,420,632"
1/18/2016,2016,2015,D4,Separated,Unverified,"24,438,553"
1/18/2016,2016,2015,D5,Assigned,Unverified,"40,321"
1/18/2016,2016,2015,D6,Assigned,Q-RIN,"54,232"
1/18/2016,2016,2015,D6,Assigned,Unverified,"27,818,491"
1/18/2016,2016,2015,D6,Separated,Q-RIN,"80,216"
1/18/2016,2016,2015,D6,Separated,Unverified,"178,957,609"
1/18/2016,2016,2016,D3,Assigned,Q-RIN,"79,819"
1/18/2016,2016,2016,D4,Assigned,Q-RIN,"9,873,942"
1/18/2016,2016,2016,D4,Assigned,Unverified,"40,170,860"
1/18/2016,2016,2016,D4,Separated,Q-RIN,"1,390,113"
1/18/2016,2016,2016,D4,Separated,Unverified,"1,233,532"
1/18/2016,2016,2016,D5,Assigned,Q-RIN,"31,922"
1/18/2016,2016,2016,D5,Assigned,Unverified,"635,679"
1/18/2016,2016,2016,D5,Separated,Q-RIN,"110,000"
1/18/2016,2016,2016,D6,Assigned,Q-RIN,"36,933,693"
1/18/2016,2016,2016,D6,Assigned,Unverified,"394,984,251"
1/18/2016,2016,2016,D6,Separated,Unverified,"81,995,878"
1/25/2016,2016,2013,D4,Separated,Unverified,"252,502"
1/25/2016,2016,2013,D6,Separated,Unverified,"4,323"
1/25/2016,2016,2014,D3,Separated,Unverified,"906,641"
1/25/2016,2016,2014,D4,Separated,Q-RIN,"58,753"
1/25/2016,2016,2014,D4,Separated,Unverified,"3,663,442"
1/25/2016,2016,2014,D5,Separated,Unverified,"500,000"
1/25/2016,2016,2014,D6,Separated,Unverified,"70,734,475"
1/25/2016,2016,2015,D3,Separated,Q-RIN,"4,476,341"
1/25/2016,2016,2015,D3,Separated,Unverified,"1,541,126"
1/25/2016,2016,2015,D4,Assigned,Q-RIN,"2,272,387"
1/25/2016,2016,2015,D4,Assigned,Unverified,"8,878,386"
1/25/2016,2016,2015,D4,Separated,Q-RIN,"20,752,434"
1/25/2016,2016,2015,D4,Separated,Unverified,"71,467,331"
1/25/2016,2016,2015,D5,Separated,Unverified,"3,515,224"
1/25/2016,2016,2015,D6,Assigned,Q-RIN,"1,686,238"
1/25/2016,2016,2015,D6,Assigned,Unverified,"17,335,683"
1/25/2016,2016,2015,D6,Separated,Q-RIN,"6,058,286"
1/25/2016,2016,2015,D6,Separated,Unverified,"203,147,261"
1/25/2016,2016,2016,D3,Assigned,Q-RIN,"34,010"
1/25/2016,2016,2016,D4,Assigned,Q-RIN,"17,958,282"
1/25/2016,2016,2016,D4,Assigned,Unverified,"60,438,928"
1/25/2016,2016,2016,D4,Separated,Q-RIN,"9,445,861"
1/25/2016,2016,2016,D4,Separated,Unverified,"15,632,173"
1/25/2016,2016,2016,D5,Assigned,Q-RIN,"47,963"
1/25/2016,2016,2016,D5,Assigned,Unverified,"3,583,148"
1/25/2016,2016,2016,D5,Separated,Q-RIN,"140,000"
1/25/2016,2016,2016,D6,Assigned,Q-RIN,"39,771,818"
1/25/2016,2016,2016,D6,Assigned,Unverified,"440,654,566"
1/25/2016,2016,2016,D6,Separated,Q-RIN,"7,717"
1/25/2016,2016,2016,D6,Separated,Unverified,"109,034,211"
2/1/2016,2016,2013,D4,Separated,Unverified,"395,333"
2/1/2016,2016,2013,D5,Separated,Unverified,"600,000"
2/1/2016,2016,2013,D6,Separated,Unverified,"2,886,484"
2/1/2016,2016,2014,D3,Separated,Unverified,"113,638"
2/1/2016,2016,2014,D4,Assigned,Unverified,"113,752"
2/1/2016,2016,2014,D4,Separated,Unverified,"100,000"
2/1/2016,2016,2014,D6,Separated,Unverified,"3,867,446"
2/1/2016,2016,2015,D3,Assigned,Q-RIN,"300,000"
2/1/2016,2016,2015,D3,Separated,Q-RIN,"945,319"
2/1/2016,2016,2015,D4,Assigned,Q-RIN,"335,041"
2/1/2016,2016,2015,D4,Assigned,Unverified,"10,444,308"
2/1/2016,2016,2015,D4,Separated,Q-RIN,"3,523,670"
2/1/2016,2016,2015,D4,Separated,Unverified,"13,301,693"
2/1/2016,2016,2015,D5,Separated,Q-RIN,"40,507"
2/1/2016,2016,2015,D5,Separated,Unverified,"74,907"
2/1/2016,2016,2015,D6,Assigned,Unverified,"5,996,818"
2/1/2016,2016,2015,D6,Separated,Q-RIN,"5,002,884"
2/1/2016,2016,2015,D6,Separated,Unverified,"129,098,560"
2/1/2016,2016,2016,D3,Assigned,Q-RIN,"36,671"
2/1/2016,2016,2016,D3,Separated,Q-RIN,"46,509"
2/1/2016,2016,2016,D4,Assigned,Q-RIN,"8,426,347"
2/1/2016,2016,2016,D4,Assigned,Unverified,"41,638,253"
2/1/2016,2016,2016,D4,Separated,Q-RIN,"4,066,940"
2/1/2016,2016,2016,D4,Separated,Unverified,"12,276,448"
2/1/2016,2016,2016,D5,Assigned,Q-RIN,"7,730"
2/1/2016,2016,2016,D5,Assigned,Unverified,"328,035"
2/1/2016,2016,2016,D5,Separated,Q-RIN,"140,000"
2/1/2016,2016,2016,D6,Assigned,Q-RIN,"31,108,620"
2/1/2016,2016,2016,D6,Assigned,Unverified,"395,288,673"
2/1/2016,2016,2016,D6,Separated,Unverified,"118,169,796"
2/8/2016,2016,2012,D5,Separated,Unverified,"2,145"
2/8/2016,2016,2012,D6,Separated,Unverified,930
2/8/2016,2016,2013,D4,Separated,Unverified,"2,560,000"
2/8/2016,2016,2013,D6,Separated,Unverified,"7,248,178"
2/8/2016,2016,2014,D4,Assigned,Unverified,"127,872"
2/8/2016,2016,2014,D4,Separated,Unverified,"1,429,543"
2/8/2016,2016,2014,D5,Separated,Unverified,"1,100,000"
2/8/2016,2016,2014,D6,Separated,Unverified,"82,841,766"
2/8/2016,2016,2015,D3,Separated,Unverified,"753,472"
2/8/2016,2016,2015,D4,Assigned,Q-RIN,"384,317"
2/8/2016,2016,2015,D4,Assigned,Unverified,"2,023,886"
2/8/2016,2016,2015,D4,Separated,Q-RIN,"1,517,914"
2/8/2016,2016,2015,D4,Separated,Unverified,"22,281,456"
2/8/2016,2016,2015,D5,Separated,Unverified,"969,374"
2/8/2016,2016,2015,D6,Assigned,Unverified,"368,915"
2/8/2016,2016,2015,D6,Separated,Unverified,"72,795,436"
2/8/2016,2016,2016,D3,Assigned,Q-RIN,"53,468"
2/8/2016,2016,2016,D3,Separated,Q-RIN,"245,000"
2/8/2016,2016,2016,D4,Assigned,Q-RIN,"9,770,508"
2/8/2016,2016,2016,D4,Assigned,Unverified,"51,407,560"
2/8/2016,2016,2016,D4,Separated,Q-RIN,"4,868,386"
2/8/2016,2016,2016,D4,Separated,Unverified,"9,968,570"
2/8/2016,2016,2016,D5,Assigned,Q-RIN,"39,775"
2/8/2016,2016,2016,D5,Assigned,Unverified,"480,422"
2/8/2016,2016,2016,D5,Separated,Q-RIN,"100,000"
2/8/2016,2016,2016,D6,Assigned,Q-RIN,"38,673,184"
2/8/2016,2016,2016,D6,Assigned,Unverified,"420,083,608"
2/8/2016,2016,2016,D6,Separated,Unverified,"157,003,089"
2/15/2016,2016,2012,D4,Separated,Unverified,"7,478,787"
2/15/2016,2016,2012,D5,Separated,Unverified,"5,079,085"
2/15/2016,2016,2012,D6,Separated,Unverified,"48,807,743"
2/15/2016,2016,2013,D4,Assigned,Unverified,"1,340,801"
2/15/2016,2016,2013,D4,Separated,Unverified,"48,928,403"
2/15/2016,2016,2013,D5,Separated,Unverified,"16,067,255"
2/15/2016,2016,2013,D6,Separated,Unverified,"356,525,326"
2/15/2016,2016,2014,D3,Separated,Unverified,"73,000"
2/15/2016,2016,2014,D4,Assigned,Unverified,"126,808"
2/15/2016,2016,2014,D4,Separated,Unverified,"4,006,595"
2/15/2016,2016,2014,D6,Separated,Unverified,"1,810,796"
2/15/2016,2016,2015,D3,Separated,Q-RIN,"1,365,000"
2/15/2016,2016,2015,D3,Separated,Unverified,"4,069,228"
2/15/2016,2016,2015,D4,Assigned,Q-RIN,"236,420"
2/15/2016,2016,2015,D4,Assigned,Unverified,"3,776,065"
2/15/2016,2016,2015,D4,Separated,Q-RIN,"1,205,219"
2/15/2016,2016,2015,D4,Separated,Unverified,"10,836,583"
2/15/2016,2016,2015,D6,Assigned,Q-RIN,"57,600"
2/15/2016,2016,2015,D6,Assigned,Unverified,"234,773"
2/15/2016,2016,2015,D6,Separated,Unverified,"154,760,770"
2/15/2016,2016,2016,D3,Assigned,Q-RIN,"106,392"
2/15/2016,2016,2016,D3,Separated,Q-RIN,"5,462,778"
2/15/2016,2016,2016,D3,Separated,Unverified,"2,344,201"
2/15/2016,2016,2016,D4,Assigned,Q-RIN,"14,030,021"
2/15/2016,2016,2016,D4,Assigned,Unverified,"59,667,424"
2/15/2016,2016,2016,D4,Separated,Q-RIN,"2,480,963"
2/15/2016,2016,2016,D4,Separated,Unverified,"8,566,604"
2/15/2016,2016,2016,D5,Assigned,Q-RIN,"15,782"
2/15/2016,2016,2016,D5,Assigned,Unverified,"453,900"
2/15/2016,2016,2016,D5,Separated,Q-RIN,"117,000"
2/15/2016,2016,2016,D6,Assigned,Q-RIN,"40,741,868"
2/15/2016,2016,2016,D6,Assigned,Unverified,"450,958,714"
2/15/2016,2016,2016,D6,Separated,Q-RIN,"28,837"
2/15/2016,2016,2016,D6,Separated,Unverified,"151,002,490"
2/22/2016,2016,2012,D4,Separated,Unverified,"284,419"
2/22/2016,2016,2012,D6,Separated,Unverified,"6,734"
2/22/2016,2016,2013,D3,Separated,Unverified,"1,703"
2/22/2016,2016,2013,D4,Separated,Unverified,"13,102,005"
2/22/2016,2016,2013,D6,Separated,Unverified,"1,052,878"
2/22/2016,2016,2014,D3,Separated,Unverified,"1,825,000"
2/22/2016,2016,2014,D4,Assigned,Q-RIN,"60,486"
2/22/2016,2016,2014,D4,Assigned,Unverified,"46,313"
2/22/2016,2016,2014,D4,Separated,Unverified,"1,801,103"
2/22/2016,2016,2014,D5,Separated,Unverified,"893,416"
2/22/2016,2016,2014,D6,Separated,Unverified,"6,333,353"
2/22/2016,2016,2015,D3,Separated,Q-RIN,"575,000"
2/22/2016,2016,2015,D3,Separated,Unverified,"500,000"
2/22/2016,2016,2015,D4,Assigned,Q-RIN,"139,573"
2/22/2016,2016,2015,D4,Assigned,Unverified,"521,353"
2/22/2016,2016,2015,D4,Separated,Q-RIN,"1,282,838"
2/22/2016,2016,2015,D4,Separated,Unverified,"8,665,977"
2/22/2016,2016,2015,D5,Separated,Unverified,"3,800,000"
2/22/2016,2016,2015,D6,Assigned,Unverified,"44,552"
2/22/2016,2016,2015,D6,Separated,Unverified,"149,695,021"
2/22/2016,2016,2016,D3,Assigned,Q-RIN,"74,990"
2/22/2016,2016,2016,D3,Separated,Q-RIN,"7,006,455"
2/22/2016,2016,2016,D3,Separated,Unverified,"2,000,000"
2/22/2016,2016,2016,D4,Assigned,Q-RIN,"11,603,397"
2/22/2016,2016,2016,D4,Assigned,Unverified,"58,911,864"
2/22/2016,2016,2016,D4,Separated,Q-RIN,"5,414,926"
2/22/2016,2016,2016,D4,Separated,Unverified,"13,497,620"
2/22/2016,2016,2016,D5,Assigned,Q-RIN,"39,629"
2/22/2016,2016,2016,D5,Assigned,Unverified,"436,046"
2/22/2016,2016,2016,D5,Separated,Q-RIN,"117,000"
2/22/2016,2016,2016,D6,Assigned,Q-RIN,"41,293,703"
2/22/2016,2016,2016,D6,Assigned,Unverified,"421,428,738"
2/22/2016,2016,2016,D6,Separated,Unverified,"163,756,552"
2/29/2016,2016,2012,D6,Separated,Unverified,"875,227"
2/29/2016,2016,2013,D4,Separated,Unverified,"5,941,351"
2/29/2016,2016,2013,D6,Separated,Unverified,"1,020,460"
2/29/2016,2016,2014,D4,Assigned,Q-RIN,"59,965"
2/29/2016,2016,2014,D4,Assigned,Unverified,"13,324"
2/29/2016,2016,2014,D4,Separated,Q-RIN,"25,932"
2/29/2016,2016,2014,D4,Separated,Unverified,"3,948,898"
2/29/2016,2016,2014,D6,Separated,Unverified,"11,598,750"
2/29/2016,2016,2015,D3,Separated,Q-RIN,"1,000,000"
2/29/2016,2016,2015,D3,Separated,Unverified,"17,286"
2/29/2016,2016,2015,D4,Assigned,Q-RIN,"47,817"
2/29/2016,2016,2015,D4,Assigned,Unverified,"83,583"
2/29/2016,2016,2015,D4,Separated,Q-RIN,"6,132,410"
2/29/2016,2016,2015,D4,Separated,Unverified,"12,464,097"
2/29/2016,2016,2015,D5,Separated,Q-RIN,"58,739"
2/29/2016,2016,2015,D5,Separated,Unverified,"1,100,000"
2/29/2016,2016,2015,D6,Assigned,Unverified,"3,300"
2/29/2016,2016,2015,D6,Separated,Unverified,"98,189,768"
2/29/2016,2016,2016,D3,Assigned,Q-RIN,"59,257"
2/29/2016,2016,2016,D3,Separated,Q-RIN,"3,227,244"
2/29/2016,2016,2016,D3,Separated,Unverified,"2,235,826"
2/29/2016,2016,2016,D4,Assigned,Q-RIN,"16,080,432"
2/29/2016,2016,2016,D4,Assigned,Unverified,"55,124,425"
2/29/2016,2016,2016,D4,Separated,Q-RIN,"7,979,280"
2/29/2016,2016,2016,D4,Separated,Unverified,"24,277,507"
2/29/2016,2016,2016,D5,Assigned,Q-RIN,"23,434"
2/29/2016,2016,2016,D5,Assigned,Unverified,"1,366,156"
2/29/2016,2016,2016,D5,Separated,Q-RIN,"120,000"
2/29/2016,2016,2016,D6,Assigned,Q-RIN,"37,645,797"
2/29/2016,2016,2016,D6,Assigned,Unverified,"501,323,137"
2/29/2016,2016,2016,D6,Separated,Q-RIN,"16,038"
2/29/2016,2016,2016,D6,Separated,Unverified,"239,121,228"
3/7/2016,2016,2014,D3,Separated,Unverified,"325,000"
3/7/2016,2016,2014,D4,Assigned,Q-RIN,"60,398"
3/7/2016,2016,2014,D4,Separated,Unverified,"426,091"
3/7/2016,2016,2014,D6,Separated,Unverified,"3,444,924"
3/7/2016,2016,2015,D3,Separated,Q-RIN,"1,499,042"
3/7/2016,2016,2015,D4,Assigned,Unverified,"5,733"
3/7/2016,2016,2015,D4,Separated,Q-RIN,"1,564,678"
3/7/2016,2016,2015,D4,Separated,Unverified,"9,664,238"
3/7/2016,2016,2015,D6,Assigned,Unverified,"40,886"
3/7/2016,2016,2015,D6,Separated,Q-RIN,"21,748"
3/7/2016,2016,2015,D6,Separated,Unverified,"58,609,738"
3/7/2016,2016,2016,D3,Assigned,Q-RIN,"79,119"
3/7/2016,2016,2016,D3,Separated,Q-RIN,"65,000"
3/7/2016,2016,2016,D4,Assigned,Q-RIN,"11,618,466"
3/7/2016,2016,2016,D4,Assigned,Unverified,"76,797,025"
3/7/2016,2016,2016,D4,Separated,Q-RIN,"6,472,399"
3/7/2016,2016,2016,D4,Separated,Unverified,"16,844,583"
3/7/2016,2016,2016,D5,Assigned,Q-RIN,"31,701"
3/7/2016,2016,2016,D5,Assigned,Unverified,"960,932"
3/7/2016,2016,2016,D5,Separated,Q-RIN,"50,000"
3/7/2016,2016,2016,D6,Assigned,Q-RIN,"38,402,511"
3/7/2016,2016,2016,D6,Assigned,Unverified,"425,204,352"
3/7/2016,2016,2016,D6,Separated,Q-RIN,"349,320"
3/7/2016,2016,2016,D6,Separated,Unverified,"222,373,743"
3/14/2016,2016,2013,D6,Separated,Unverified,"52,609"
3/14/2016,2016,2014,D3,Separated,Unverified,5
3/14/2016,2016,2014,D4,Assigned,Q-RIN,"34,108"
3/14/2016,2016,2014,D4,Separated,Unverified,"1,500,000"
3/14/2016,2016,2014,D6,Assigned,Unverified,"368,214"
3/14/2016,2016,2014,D6,Separated,Unverified,"8,335,095"
3/14/2016,2016,2015,D3,Separated,Q-RIN,"2,601,799"
3/14/2016,2016,2015,D4,Assigned,Q-RIN,"3,512,612"
3/14/2016,2016,2015,D4,Assigned,Unverified,"3,024,871"
3/14/2016,2016,2015,D4,Separated,Q-RIN,"1,058,269"
3/14/2016,2016,2015,D4,Separated,Unverified,"21,283,142"
3/14/2016,2016,2015,D5,Separated,Q-RIN,"178,387"
3/14/2016,2016,2015,D5,Separated,Unverified,"3,571,613"
3/14/2016,2016,2015,D6,Assigned,Q-RIN,"8,163,505"
3/14/2016,2016,2015,D6,Assigned,Unverified,"105,109"
3/14/2016,2016,2015,D6,Separated,Q-RIN,"16,562"
3/14/2016,2016,2015,D6,Separated,Unverified,"88,967,683"
3/14/2016,2016,2016,D3,Assigned,Q-RIN,"373,673"
3/14/2016,2016,2016,D3,Separated,Q-RIN,"8,020,618"
3/14/2016,2016,2016,D3,Separated,Unverified,"1,251,463"
3/14/2016,2016,2016,D4,Assigned,Q-RIN,"11,313,064"
3/14/2016,2016,2016,D4,Assigned,Unverified,"61,160,536"
3/14/2016,2016,2016,D4,Separated,Q-RIN,"6,784,924"
3/14/2016,2016,2016,D4,Separated,Unverified,"29,656,676"
3/14/2016,2016,2016,D5,Assigned,Q-RIN,"23,451"
3/14/2016,2016,2016,D5,Assigned,Unverified,"968,949"
3/14/2016,2016,2016,D5,Separated,Q-RIN,"15,000"
3/14/2016,2016,2016,D6,Assigned,Q-RIN,"36,148,867"
3/14/2016,2016,2016,D6,Assigned,Unverified,"448,810,794"
3/14/2016,2016,2016,D6,Separated,Unverified,"333,009,219"
3/21/2016,2016,2013,D5,Assigned,Unverified,"165,708"
3/21/2016,2016,2013,D6,Assigned,Unverified,"417,694"
3/21/2016,2016,2014,D3,Separated,Unverified,811
3/21/2016,2016,2014,D4,Assigned,Q-RIN,"20,478"
3/21/2016,2016,2014,D4,Separated,Unverified,"230,339"
3/21/2016,2016,2014,D6,Assigned,Unverified,"3,540,635"
3/21/2016,2016,2014,D6,Separated,Unverified,"2,104,378"
3/21/2016,2016,2015,D4,Assigned,Unverified,"3,758"
3/21/2016,2016,2015,D4,Separated,Q-RIN,"4,291,425"
3/21/2016,2016,2015,D4,Separated,Unverified,"21,302,399"
3/21/2016,2016,2015,D6,Separated,Q-RIN,"5,375,258"
3/21/2016,2016,2015,D6,Separated,Unverified,"76,671,118"
3/21/2016,2016,2016,D3,Assigned,Q-RIN,"117,445"
3/21/2016,2016,2016,D3,Separated,Q-RIN,"5,703,546"
3/21/2016,2016,2016,D4,Assigned,Q-RIN,"13,464,085"
3/21/2016,2016,2016,D4,Assigned,Unverified,"69,624,310"
3/21/2016,2016,2016,D4,Separated,Q-RIN,"3,164,032"
3/21/2016,2016,2016,D4,Separated,Unverified,"28,807,016"
3/21/2016,2016,2016,D5,Assigned,Q-RIN,"39,662"
3/21/2016,2016,2016,D5,Assigned,Unverified,"990,133"
3/21/2016,2016,2016,D5,Separated,Q-RIN,"75,000"
3/21/2016,2016,2016,D5,Separated,Unverified,"500,000"
3/21/2016,2016,2016,D6,Assigned,Q-RIN,"33,574,273"
3/21/2016,2016,2016,D6,Assigned,Unverified,"391,154,659"
3/21/2016,2016,2016,D6,Separated,Q-RIN,"1,699,841"
3/21/2016,2016,2016,D6,Separated,Unverified,"190,902,602"
3/28/2016,2016,2013,D6,Separated,Unverified,"3,117"
3/28/2016,2016,2014,D3,Separated,Unverified,"185,000"
3/28/2016,2016,2014,D4,Assigned,Q-RIN,"24,407"
3/28/2016,2016,2014,D4,Assigned,Unverified,13
3/28/2016,2016,2014,D4,Separated,Q-RIN,"25,000"
3/28/2016,2016,2014,D4,Separated,Unverified,"926,917"
3/28/2016,2016,2014,D6,Separated,Unverified,"16,054,853"
3/28/2016,2016,2015,D3,Separated,Q-RIN,"1,299,000"
3/28/2016,2016,2015,D3,Separated,Unverified,"7,487"
3/28/2016,2016,2015,D4,Assigned,Unverified,46
3/28/2016,2016,2015,D4,Separated,Q-RIN,"16,925,895"
3/28/2016,2016,2015,D4,Separated,Unverified,"100,505,277"
3/28/2016,2016,2015,D5,Separated,Unverified,"6,619"
3/28/2016,2016,2015,D6,Separated,Q-RIN,"13,956,739"
3/28/2016,2016,2015,D6,Separated,Unverified,"175,435,530"
3/28/2016,2016,2016,D3,Assigned,Q-RIN,"75,710"
3/28/2016,2016,2016,D3,Separated,Q-RIN,"5,740,679"
3/28/2016,2016,2016,D3,Separated,Unverified,"1,800,000"
3/28/2016,2016,2016,D4,Assigned,Q-RIN,"37,954,129"
3/28/2016,2016,2016,D4,Assigned,Unverified,"87,482,437"
3/28/2016,2016,2016,D4,Separated,Q-RIN,"25,248,060"
3/28/2016,2016,2016,D4,Separated,Unverified,"97,640,431"
3/28/2016,2016,2016,D5,Assigned,Q-RIN,"15,733"
3/28/2016,2016,2016,D5,Assigned,Unverified,"2,480,209"
3/28/2016,2016,2016,D5,Separated,Q-RIN,"60,000"
3/28/2016,2016,2016,D6,Assigned,Q-RIN,"38,271,111"
3/28/2016,2016,2016,D6,Assigned,Unverified,"481,384,040"
3/28/2016,2016,2016,D6,Separated,Q-RIN,"24,557"
3/28/2016,2016,2016,D6,Separated,Unverified,"425,242,329"
4/4/2016,2016,2013,D6,Separated,Unverified,"506,335"
4/4/2016,2016,2014,D4,Separated,Unverified,"46,439"
4/4/2016,2016,2014,D6,Separated,Unverified,"57,627,294"
4/4/2016,2016,2015,D4,Separated,Q-RIN,"648,097"
4/4/2016,2016,2015,D4,Separated,Unverified,"4,874,187"
4/4/2016,2016,2015,D5,Separated,Q-RIN,"112,840"
4/4/2016,2016,2015,D6,Assigned,Unverified,"250,000"
4/4/2016,2016,2015,D6,Separated,Q-RIN,"500,000"
4/4/2016,2016,2015,D6,Separated,Unverified,"45,075,158"
4/4/2016,2016,2016,D3,Assigned,Q-RIN,"108,721"
4/4/2016,2016,2016,D3,Separated,Q-RIN,"1,600,000"
4/4/2016,2016,2016,D3,Separated,Unverified,"109,000"
4/4/2016,2016,2016,D4,Assigned,Q-RIN,"12,230,781"
4/4/2016,2016,2016,D4,Assigned,Unverified,"80,034,759"
4/4/2016,2016,2016,D4,Separated,Q-RIN,"13,667,404"
4/4/2016,2016,2016,D4,Separated,Unverified,"26,456,934"
4/4/2016,2016,2016,D5,Assigned,Q-RIN,"23,583"
4/4/2016,2016,2016,D5,Assigned,Unverified,"576,826"
4/4/2016,2016,2016,D5,Separated,Q-RIN,"86,013"
4/4/2016,2016,2016,D5,Separated,Unverified,"7,691"
4/4/2016,2016,2016,D6,Assigned,Q-RIN,"46,473,246"
4/4/2016,2016,2016,D6,Assigned,Unverified,"385,936,250"
4/4/2016,2016,2016,D6,Separated,Q-RIN,"126,189"
4/4/2016,2016,2016,D6,Separated,Unverified,"239,274,048"
4/11/2016,2016,2013,D4,Separated,Unverified,"231,267"
4/11/2016,2016,2014,D4,Separated,Unverified,"94,697"
4/11/2016,2016,2014,D6,Assigned,Q-RIN,"87,088"
4/11/2016,2016,2014,D6,Assigned,Unverified,"85,753"
4/11/2016,2016,2014,D6,Separated,Unverified,"6,731"
4/11/2016,2016,2015,D3,Separated,Unverified,"6,069,328"
4/11/2016,2016,2015,D4,Separated,Q-RIN,"10,286,730"
4/11/2016,2016,2015,D4,Separated,Unverified,"6,204,806"
4/11/2016,2016,2015,D5,Separated,Unverified,"1,000,000"
4/11/2016,2016,2015,D6,Assigned,Unverified,"8,105"
4/11/2016,2016,2015,D6,Separated,Unverified,"59,117,745"
4/11/2016,2016,2016,D3,Assigned,Q-RIN,"111,631"
4/11/2016,2016,2016,D3,Separated,Q-RIN,"428,963"
4/11/2016,2016,2016,D3,Separated,Unverified,"571,037"
4/11/2016,2016,2016,D4,Assigned,Q-RIN,"21,137,957"
4/11/2016,2016,2016,D4,Assigned,Unverified,"69,409,520"
4/11/2016,2016,2016,D4,Separated,Q-RIN,"6,877,512"
4/11/2016,2016,2016,D4,Separated,Unverified,"31,938,042"
4/11/2016,2016,2016,D5,Assigned,Q-RIN,"15,897"
4/11/2016,2016,2016,D5,Assigned,Unverified,"986,575"
4/11/2016,2016,2016,D5,Separated,Q-RIN,"78,648"
4/11/2016,2016,2016,D6,Assigned,Q-RIN,"45,109,361"
4/11/2016,2016,2016,D6,Assigned,Unverified,"449,592,354"
4/11/2016,2016,2016,D6,Separated,Q-RIN,"10,671,750"
4/11/2016,2016,2016,D6,Separated,Unverified,"339,793,631"
4/18/2016,2016,2013,D6,Separated,Unverified,"5,953"
4/18/2016,2016,2014,D4,Separated,Unverified,"197,271"
4/18/2016,2016,2014,D6,Assigned,Unverified,"86,601"
4/18/2016,2016,2014,D6,Separated,Unverified,"2,800,515"
4/18/2016,2016,2015,D3,Separated,Q-RIN,"350,000"
4/18/2016,2016,2015,D4,Separated,Q-RIN,"500,000"
4/18/2016,2016,2015,D4,Separated,Unverified,"3,206,648"
4/18/2016,2016,2015,D6,Separated,Unverified,"20,465,820"
4/18/2016,2016,2016,D3,Assigned,Q-RIN,"107,837"
4/18/2016,2016,2016,D3,Separated,Q-RIN,"12,627,621"
4/18/2016,2016,2016,D3,Separated,Unverified,"2,824,102"
4/18/2016,2016,2016,D4,Assigned,Q-RIN,"15,714,134"
4/18/2016,2016,2016,D4,Assigned,Unverified,"87,430,369"
4/18/2016,2016,2016,D4,Separated,Q-RIN,"9,323,429"
4/18/2016,2016,2016,D4,Separated,Unverified,"29,317,994"
4/18/2016,2016,2016,D5,Assigned,Q-RIN,"39,707"
4/18/2016,2016,2016,D5,Assigned,Unverified,"1,151,110"
4/18/2016,2016,2016,D5,Separated,Q-RIN,"52,970"
4/18/2016,2016,2016,D5,Separated,Unverified,"500,000"
4/18/2016,2016,2016,D6,Assigned,Q-RIN,"38,351,671"
4/18/2016,2016,2016,D6,Assigned,Unverified,"441,722,639"
4/18/2016,2016,2016,D6,Separated,Q-RIN,"761,273"
4/18/2016,2016,2016,D6,Separated,Unverified,"235,133,236"
4/25/2016,2016,2013,D4,Separated,Unverified,"502,551"
4/25/2016,2016,2013,D5,Separated,Unverified,"136,789"
4/25/2016,2016,2013,D6,Separated,Unverified,"1,056,915"
4/25/2016,2016,2014,D4,Separated,Unverified,"6,535,723"
4/25/2016,2016,2014,D5,Separated,Unverified,"600,000"
4/25/2016,2016,2014,D6,Assigned,Unverified,"498,941"
4/25/2016,2016,2014,D6,Separated,Unverified,"35,664,437"
4/25/2016,2016,2015,D3,Separated,Q-RIN,"200,000"
4/25/2016,2016,2015,D3,Separated,Unverified,"150,000"
4/25/2016,2016,2015,D4,Separated,Q-RIN,"8,485,468"
4/25/2016,2016,2015,D4,Separated,Unverified,"26,297,805"
4/25/2016,2016,2015,D6,Assigned,Q-RIN,"1,324"
4/25/2016,2016,2015,D6,Assigned,Unverified,"837,453"
4/25/2016,2016,2015,D6,Separated,Unverified,"45,858,908"
4/25/2016,2016,2016,D3,Assigned,Q-RIN,"104,871"
4/25/2016,2016,2016,D3,Separated,Q-RIN,"9,988,828"
4/25/2016,2016,2016,D3,Separated,Unverified,"1,500,000"
4/25/2016,2016,2016,D4,Assigned,Q-RIN,"16,292,608"
4/25/2016,2016,2016,D4,Assigned,Unverified,"77,088,062"
4/25/2016,2016,2016,D4,Separated,Q-RIN,"10,434,168"
4/25/2016,2016,2016,D4,Separated,Unverified,"43,378,754"
4/25/2016,2016,2016,D5,Assigned,Q-RIN,"47,178"
4/25/2016,2016,2016,D5,Assigned,Unverified,"2,993,820"
4/25/2016,2016,2016,D5,Separated,Q-RIN,"37,890"
4/25/2016,2016,2016,D5,Separated,Unverified,"500,000"
4/25/2016,2016,2016,D6,Assigned,Q-RIN,"42,621,204"
4/25/2016,2016,2016,D6,Assigned,Unverified,"438,595,463"
4/25/2016,2016,2016,D6,Separated,Q-RIN,"2,170,202"
4/25/2016,2016,2016,D6,Separated,Unverified,"310,763,804"
5/2/2016,2016,2014,D4,Separated,Unverified,"39,366"
5/2/2016,2016,2014,D5,Separated,Unverified,"4,588"
5/2/2016,2016,2014,D6,Assigned,Q-RIN,"10,513"
5/2/2016,2016,2014,D6,Assigned,Unverified,"621,471"
5/2/2016,2016,2014,D6,Separated,Unverified,"2,044,822"
5/2/2016,2016,2015,D3,Separated,Unverified,"46,864"
5/2/2016,2016,2015,D4,Separated,Q-RIN,"30,896"
5/2/2016,2016,2015,D4,Separated,Unverified,"17,924,292"
5/2/2016,2016,2015,D5,Separated,Unverified,"45,241"
5/2/2016,2016,2015,D6,Assigned,Unverified,"1,280"
5/2/2016,2016,2015,D6,Separated,Unverified,"35,736,728"
5/2/2016,2016,2016,D3,Assigned,Q-RIN,"532,487"
5/2/2016,2016,2016,D3,Separated,Q-RIN,"1,275,000"
5/2/2016,2016,2016,D3,Separated,Unverified,"127,724"
5/2/2016,2016,2016,D4,Assigned,Q-RIN,"18,632,424"
5/2/2016,2016,2016,D4,Assigned,Unverified,"84,853,289"
5/2/2016,2016,2016,D4,Separated,Q-RIN,"11,645,590"
5/2/2016,2016,2016,D4,Separated,Unverified,"61,851,030"
5/2/2016,2016,2016,D5,Assigned,Q-RIN,"39,378"
5/2/2016,2016,2016,D5,Assigned,Unverified,"498,238"
5/2/2016,2016,2016,D5,Separated,Q-RIN,"115,914"
5/2/2016,2016,2016,D6,Assigned,Q-RIN,"36,850,263"
5/2/2016,2016,2016,D6,Assigned,Unverified,"444,497,653"
5/2/2016,2016,2016,D6,Separated,Q-RIN,"695,277"
5/2/2016,2016,2016,D6,Separated,Unverified,"238,036,745"
5/9/2016,2016,2013,D4,Separated,Unverified,"500,000"
5/9/2016,2016,2013,D6,Separated,Unverified,"53,911"
5/9/2016,2016,2014,D4,Separated,Unverified,"38,960"
5/9/2016,2016,2014,D6,Assigned,Unverified,"1,061,090"
5/9/2016,2016,2014,D6,Separated,Unverified,"20,302,100"
5/9/2016,2016,2015,D3,Separated,Q-RIN,"425,000"
5/9/2016,2016,2015,D4,Assigned,Unverified,49
5/9/2016,2016,2015,D4,Separated,Q-RIN,"176,856"
5/9/2016,2016,2015,D4,Separated,Unverified,"3,146,864"
5/9/2016,2016,2015,D6,Assigned,Unverified,"139,456"
5/9/2016,2016,2015,D6,Separated,Q-RIN,"1,000,000"
5/9/2016,2016,2015,D6,Separated,Unverified,"43,117,275"
5/9/2016,2016,2016,D3,Assigned,Q-RIN,"89,528"
5/9/2016,2016,2016,D3,Separated,Q-RIN,"2,775,000"
5/9/2016,2016,2016,D4,Assigned,Q-RIN,"15,670,886"
5/9/2016,2016,2016,D4,Assigned,Unverified,"68,451,329"
5/9/2016,2016,2016,D4,Separated,Q-RIN,"15,964,063"
5/9/2016,2016,2016,D4,Separated,Unverified,"43,439,459"
5/9/2016,2016,2016,D5,Assigned,Q-RIN,"23,460"
5/9/2016,2016,2016,D5,Assigned,Unverified,"1,074,727"
5/9/2016,2016,2016,D5,Separated,Q-RIN,"52,507"
5/9/2016,2016,2016,D5,Separated,Unverified,"500,000"
5/9/2016,2016,2016,D6,Assigned,Q-RIN,"47,108,609"
5/9/2016,2016,2016,D6,Assigned,Unverified,"449,037,400"
5/9/2016,2016,2016,D6,Separated,Q-RIN,"1,015,790"
5/9/2016,2016,2016,D6,Separated,Unverified,"255,482,586"
5/16/2016,2016,2013,D4,Separated,Unverified,"51,773"
5/16/2016,2016,2013,D6,Separated,Unverified,"8,198,457"
5/16/2016,2016,2014,D3,Separated,Unverified,"650,000"
5/16/2016,2016,2014,D4,Separated,Unverified,"5,770,729"
5/16/2016,2016,2014,D6,Assigned,Unverified,"446,285"
5/16/2016,2016,2014,D6,Separated,Unverified,"13,735,579"
5/16/2016,2016,2015,D3,Separated,Unverified,"408,000"
5/16/2016,2016,2015,D4,Separated,Q-RIN,"65,501"
5/16/2016,2016,2015,D4,Separated,Unverified,"2,523,638"
5/16/2016,2016,2015,D6,Assigned,Unverified,"7,270"
5/16/2016,2016,2015,D6,Separated,Unverified,"63,413,112"
5/16/2016,2016,2016,D3,Assigned,Q-RIN,"106,877"
5/16/2016,2016,2016,D3,Separated,Q-RIN,"12,432,699"
5/16/2016,2016,2016,D3,Separated,Unverified,"1,147,940"
5/16/2016,2016,2016,D4,Assigned,Q-RIN,"13,222,803"
5/16/2016,2016,2016,D4,Assigned,Unverified,"79,205,117"
5/16/2016,2016,2016,D4,Separated,Q-RIN,"5,581,647"
5/16/2016,2016,2016,D4,Separated,Unverified,"24,600,152"
5/16/2016,2016,2016,D5,Assigned,Q-RIN,"55,301"
5/16/2016,2016,2016,D5,Assigned,Unverified,"1,090,825"
5/16/2016,2016,2016,D5,Separated,Q-RIN,"48,943"
5/16/2016,2016,2016,D5,Separated,Unverified,"309,064"
5/16/2016,2016,2016,D6,Assigned,Q-RIN,"39,677,699"
5/16/2016,2016,2016,D6,Assigned,Unverified,"464,310,190"
5/16/2016,2016,2016,D6,Separated,Q-RIN,"409,338"
5/16/2016,2016,2016,D6,Separated,Unverified,"272,255,254"
5/23/2016,2016,2013,D4,Separated,Unverified,"6,716,492"
5/23/2016,2016,2014,D3,Separated,Unverified,"5,000,000"
5/23/2016,2016,2014,D5,Separated,Unverified,"38,960"
5/23/2016,2016,2014,D6,Assigned,Unverified,"101,331"
5/23/2016,2016,2014,D6,Separated,Unverified,"7,501,276"
5/23/2016,2016,2015,D3,Separated,Unverified,"8,003,340"
5/23/2016,2016,2015,D4,Assigned,Unverified,"94,884"
5/23/2016,2016,2015,D4,Separated,Q-RIN,"502,084"
5/23/2016,2016,2015,D4,Separated,Unverified,"4,431,242"
5/23/2016,2016,2015,D5,Separated,Unverified,"176,000"
5/23/2016,2016,2015,D6,Assigned,Unverified,"255,236"
5/23/2016,2016,2015,D6,Separated,Unverified,"9,974,953"
5/23/2016,2016,2016,D3,Assigned,Q-RIN,"79,642"
5/23/2016,2016,2016,D3,Separated,Q-RIN,"3,945,259"
5/23/2016,2016,2016,D3,Separated,Unverified,"600,000"
5/23/2016,2016,2016,D4,Assigned,Q-RIN,"18,897,848"
5/23/2016,2016,2016,D4,Assigned,Unverified,"112,055,081"
5/23/2016,2016,2016,D4,Separated,Q-RIN,"16,839,399"
5/23/2016,2016,2016,D4,Separated,Unverified,"60,779,536"
5/23/2016,2016,2016,D5,Assigned,Q-RIN,"55,039"
5/23/2016,2016,2016,D5,Assigned,Unverified,"794,924"
5/23/2016,2016,2016,D5,Separated,Q-RIN,"32,847"
5/23/2016,2016,2016,D6,Assigned,Q-RIN,"42,633,936"
5/23/2016,2016,2016,D6,Assigned,Unverified,"443,002,302"
5/23/2016,2016,2016,D6,Separated,Unverified,"231,374,986"
5/30/2016,2016,2013,D4,Separated,Unverified,"4,731,880"
5/30/2016,2016,2013,D6,Separated,Unverified,"461,342"
5/30/2016,2016,2014,D4,Separated,Unverified,"6,001,855"
5/30/2016,2016,2014,D6,Separated,Unverified,"24,822,284"
5/30/2016,2016,2015,D4,Separated,Q-RIN,"3,326"
5/30/2016,2016,2015,D4,Separated,Unverified,"5,422,804"
5/30/2016,2016,2015,D5,Separated,Unverified,"282,236"
5/30/2016,2016,2015,D6,Assigned,Unverified,"144,724"
5/30/2016,2016,2015,D6,Separated,Unverified,"34,682,186"
5/30/2016,2016,2016,D3,Assigned,Q-RIN,"34,476"
5/30/2016,2016,2016,D3,Separated,Q-RIN,"3,593,072"
5/30/2016,2016,2016,D3,Separated,Unverified,"609,000"
5/30/2016,2016,2016,D4,Assigned,Q-RIN,"15,869,773"
5/30/2016,2016,2016,D4,Assigned,Unverified,"89,174,291"
5/30/2016,2016,2016,D4,Separated,Q-RIN,"11,342,520"
5/30/2016,2016,2016,D4,Separated,Unverified,"60,865,116"
5/30/2016,2016,2016,D5,Assigned,Q-RIN,"31,320"
5/30/2016,2016,2016,D5,Assigned,Unverified,"2,443,173"
5/30/2016,2016,2016,D5,Separated,Q-RIN,"124,663"
5/30/2016,2016,2016,D5,Separated,Unverified,"82,000"
5/30/2016,2016,2016,D6,Assigned,Q-RIN,"43,808,597"
5/30/2016,2016,2016,D6,Assigned,Unverified,"448,287,943"
5/30/2016,2016,2016,D6,Separated,Q-RIN,"8,506,093"
5/30/2016,2016,2016,D6,Separated,Unverified,"319,592,221"
6/6/2016,2016,2013,D4,Separated,Unverified,"404,613"
6/6/2016,2016,2014,D4,Assigned,Q-RIN,"3,718"
6/6/2016,2016,2014,D4,Assigned,Unverified,"9,793"
6/6/2016,2016,2014,D4,Separated,Unverified,"16,073,658"
6/6/2016,2016,2014,D6,Separated,Unverified,"74,766,376"
6/6/2016,2016,2015,D3,Separated,Q-RIN,"90,669"
6/6/2016,2016,2015,D4,Separated,Q-RIN,"64,267"
6/6/2016,2016,2015,D4,Separated,Unverified,"1,033,098"
6/6/2016,2016,2015,D6,Assigned,Unverified,"57,999"
6/6/2016,2016,2015,D6,Separated,Q-RIN,"30,000"
6/6/2016,2016,2015,D6,Separated,Unverified,"25,870,131"
6/6/2016,2016,2016,D3,Assigned,Q-RIN,"104,611"
6/6/2016,2016,2016,D3,Separated,Q-RIN,"762,314"
6/6/2016,2016,2016,D3,Separated,Unverified,"1,209,478"
6/6/2016,2016,2016,D4,Assigned,Q-RIN,"18,336,313"
6/6/2016,2016,2016,D4,Assigned,Unverified,"82,039,183"
6/6/2016,2016,2016,D4,Separated,Q-RIN,"15,903,779"
6/6/2016,2016,2016,D4,Separated,Unverified,"58,098,351"
6/6/2016,2016,2016,D5,Assigned,Q-RIN,"54,828"
6/6/2016,2016,2016,D5,Assigned,Unverified,"1,003,486"
6/6/2016,2016,2016,D5,Separated,Q-RIN,"13,927"
6/6/2016,2016,2016,D6,Assigned,Q-RIN,"44,088,202"
6/6/2016,2016,2016,D6,Assigned,Unverified,"450,971,248"
6/6/2016,2016,2016,D6,Separated,Q-RIN,"561,187"
6/6/2016,2016,2016,D6,Separated,Unverified,"257,435,086"
6/13/2016,2016,2014,D3,Separated,Unverified,"8,167"
6/13/2016,2016,2014,D4,Assigned,Unverified,12
6/13/2016,2016,2014,D4,Separated,Unverified,"5,665,722"
6/13/2016,2016,2014,D6,Separated,Unverified,"54,668,722"
6/13/2016,2016,2015,D3,Separated,Q-RIN,"150,000"
6/13/2016,2016,2015,D4,Assigned,Q-RIN,"28,159"
6/13/2016,2016,2015,D4,Assigned,Unverified,"46,900"
6/13/2016,2016,2015,D4,Separated,Q-RIN,"63,209"
6/13/2016,2016,2015,D4,Separated,Unverified,"3,435,995"
6/13/2016,2016,2015,D6,Assigned,Unverified,"29,203"
6/13/2016,2016,2015,D6,Separated,Unverified,"26,746,989"
6/13/2016,2016,2016,D3,Assigned,Q-RIN,"42,950"
6/13/2016,2016,2016,D3,Separated,Q-RIN,"12,521,279"
6/13/2016,2016,2016,D4,Assigned,Q-RIN,"16,236,265"
6/13/2016,2016,2016,D4,Assigned,Unverified,"78,131,434"
6/13/2016,2016,2016,D4,Separated,Q-RIN,"17,117,271"
6/13/2016,2016,2016,D4,Separated,Unverified,"88,903,689"
6/13/2016,2016,2016,D5,Assigned,Q-RIN,"47,407"
6/13/2016,2016,2016,D5,Assigned,Unverified,"1,057,688"
6/13/2016,2016,2016,D6,Assigned,Q-RIN,"41,689,988"
6/13/2016,2016,2016,D6,Assigned,Unverified,"471,456,940"
6/13/2016,2016,2016,D6,Separated,Q-RIN,"5,595,119"
6/13/2016,2016,2016,D6,Separated,Unverified,"360,841,001"
6/20/2016,2016,2013,D4,Separated,Unverified,"1,500,000"
6/20/2016,2016,2013,D6,Assigned,Unverified,"640,774"
6/20/2016,2016,2013,D6,Separated,Unverified,"7,726,416"
6/20/2016,2016,2014,D4,Separated,Unverified,"1,529,441"
6/20/2016,2016,2014,D5,Separated,Unverified,"273,185"
6/20/2016,2016,2014,D6,Separated,Unverified,"10,878,079"
6/20/2016,2016,2015,D3,Separated,Unverified,"25,000"
6/20/2016,2016,2015,D4,Assigned,Q-RIN,35
6/20/2016,2016,2015,D4,Separated,Q-RIN,"1,265,133"
6/20/2016,2016,2015,D4,Separated,Unverified,"10,750,845"
6/20/2016,2016,2015,D6,Separated,Unverified,"42,723,482"
6/20/2016,2016,2016,D3,Assigned,Q-RIN,"116,084"
6/20/2016,2016,2016,D3,Separated,Q-RIN,"10,571,705"
6/20/2016,2016,2016,D3,Separated,Unverified,"22,675"
6/20/2016,2016,2016,D4,Assigned,Q-RIN,"21,070,792"
6/20/2016,2016,2016,D4,Assigned,Unverified,"106,309,316"
6/20/2016,2016,2016,D4,Separated,Q-RIN,"19,728,628"
6/20/2016,2016,2016,D4,Separated,Unverified,"70,677,409"
6/20/2016,2016,2016,D5,Assigned,Q-RIN,"23,599"
6/20/2016,2016,2016,D5,Assigned,Unverified,"990,348"
6/20/2016,2016,2016,D5,Separated,Q-RIN,"42,058"
6/20/2016,2016,2016,D5,Separated,Unverified,"500,000"
6/20/2016,2016,2016,D6,Assigned,Q-RIN,"46,066,955"
6/20/2016,2016,2016,D6,Assigned,Unverified,"473,828,099"
6/20/2016,2016,2016,D6,Separated,Q-RIN,"2,514,824"
6/20/2016,2016,2016,D6,Separated,Unverified,"396,903,756"
6/27/2016,2016,2013,D4,Separated,Unverified,"2,373,486"
6/27/2016,2016,2013,D6,Separated,Unverified,376
6/27/2016,2016,2014,D3,Separated,Unverified,"1,157,974"
6/27/2016,2016,2014,D4,Separated,Unverified,"2,120,000"
6/27/2016,2016,2014,D5,Separated,Unverified,"272,537"
6/27/2016,2016,2014,D6,Separated,Unverified,"38,178,607"
6/27/2016,2016,2015,D3,Separated,Unverified,"87,838"
6/27/2016,2016,2015,D4,Separated,Q-RIN,"10,766"
6/27/2016,2016,2015,D4,Separated,Unverified,"41,113,704"
6/27/2016,2016,2015,D5,Separated,Unverified,"1,000,000"
6/27/2016,2016,2015,D6,Separated,Q-RIN,"1,000,000"
6/27/2016,2016,2015,D6,Separated,Unverified,"112,969,901"
6/27/2016,2016,2016,D3,Assigned,Q-RIN,"40,437"
6/27/2016,2016,2016,D3,Separated,Q-RIN,"5,751,685"
6/27/2016,2016,2016,D3,Separated,Unverified,"906,351"
6/27/2016,2016,2016,D4,Assigned,Q-RIN,"71,943,699"
6/27/2016,2016,2016,D4,Assigned,Unverified,"160,245,683"
6/27/2016,2016,2016,D4,Separated,Q-RIN,"64,932,762"
6/27/2016,2016,2016,D4,Separated,Unverified,"191,663,695"
6/27/2016,2016,2016,D5,Assigned,Q-RIN,"23,725"
6/27/2016,2016,2016,D5,Assigned,Unverified,"2,807,261"
6/27/2016,2016,2016,D5,Separated,Q-RIN,"66,000"
6/27/2016,2016,2016,D5,Separated,Unverified,"250,000"
6/27/2016,2016,2016,D6,Assigned,Q-RIN,"62,093,491"
6/27/2016,2016,2016,D6,Assigned,Unverified,"470,818,061"
6/27/2016,2016,2016,D6,Separated,Q-RIN,"21,836,638"
6/27/2016,2016,2016,D6,Separated,Unverified,"605,301,223"
7/4/2016,2016,2013,D4,Separated,Unverified,"5,447,677"
7/4/2016,2016,2014,D3,Separated,Unverified,"4,989"
7/4/2016,2016,2014,D4,Separated,Unverified,"13,241,069"
7/4/2016,2016,2014,D5,Separated,Unverified,"1,000"
7/4/2016,2016,2014,D6,Separated,Unverified,"57,384,254"
7/4/2016,2016,2015,D3,Separated,Unverified,"38,292"
7/4/2016,2016,2015,D4,Separated,Q-RIN,"90,722"
7/4/2016,2016,2015,D4,Separated,Unverified,"9,587,110"
7/4/2016,2016,2015,D6,Separated,Unverified,"3,851,581"
7/4/2016,2016,2016,D3,Assigned,Q-RIN,"41,995"
7/4/2016,2016,2016,D3,Separated,Q-RIN,"2,156,693"
7/4/2016,2016,2016,D3,Separated,Unverified,"166,000"
7/4/2016,2016,2016,D4,Assigned,Q-RIN,"13,445,754"
7/4/2016,2016,2016,D4,Assigned,Unverified,"61,508,472"
7/4/2016,2016,2016,D4,Separated,Q-RIN,"17,815,013"
7/4/2016,2016,2016,D4,Separated,Unverified,"46,592,637"
7/4/2016,2016,2016,D5,Assigned,Q-RIN,"7,964"
7/4/2016,2016,2016,D5,Assigned,Unverified,"636,702"
7/4/2016,2016,2016,D6,Assigned,Q-RIN,"37,052,727"
7/4/2016,2016,2016,D6,Assigned,Unverified,"414,819,854"
7/4/2016,2016,2016,D6,Separated,Q-RIN,"50,897"
7/4/2016,2016,2016,D6,Separated,Unverified,"167,319,256"
7/11/2016,2016,2013,D4,Separated,Unverified,"503,076"
7/11/2016,2016,2013,D5,Separated,Unverified,"250,000"
7/11/2016,2016,2013,D6,Separated,Unverified,"2,539,443"
7/11/2016,2016,2014,D4,Separated,Q-RIN,"33,863"
7/11/2016,2016,2014,D4,Separated,Unverified,"1,172,804"
7/11/2016,2016,2014,D6,Separated,Unverified,"40,000,000"
7/11/2016,2016,2015,D3,Separated,Q-RIN,"90,669"
7/11/2016,2016,2015,D3,Separated,Unverified,"2,556"
7/11/2016,2016,2015,D4,Assigned,Q-RIN,"71,356"
7/11/2016,2016,2015,D4,Separated,Q-RIN,"20,000"
7/11/2016,2016,2015,D4,Separated,Unverified,"3,500,000"
7/11/2016,2016,2015,D6,Assigned,Unverified,"16,349"
7/11/2016,2016,2015,D6,Separated,Unverified,"101,416,736"
7/11/2016,2016,2016,D3,Assigned,Q-RIN,"76,882"
7/11/2016,2016,2016,D3,Separated,Q-RIN,"2,506,380"
7/11/2016,2016,2016,D3,Separated,Unverified,"63,174"
7/11/2016,2016,2016,D4,Assigned,Q-RIN,"14,583,735"
7/11/2016,2016,2016,D4,Assigned,Unverified,"105,115,811"
7/11/2016,2016,2016,D4,Separated,Q-RIN,"22,954,624"
7/11/2016,2016,2016,D4,Separated,Unverified,"88,391,747"
7/11/2016,2016,2016,D5,Assigned,Q-RIN,"31,995"
7/11/2016,2016,2016,D5,Assigned,Unverified,"570,779"
7/11/2016,2016,2016,D5,Separated,Q-RIN,"176,205"
7/11/2016,2016,2016,D5,Separated,Unverified,"350,000"
7/11/2016,2016,2016,D6,Assigned,Q-RIN,"46,945,663"
7/11/2016,2016,2016,D6,Assigned,Unverified,"438,197,269"
7/11/2016,2016,2016,D6,Separated,Q-RIN,"12,154,565"
7/11/2016,2016,2016,D6,Separated,Unverified,"280,823,094"
7/18/2016,2016,2013,D4,Separated,Unverified,"5,465,346"
7/18/2016,2016,2013,D6,Separated,Unverified,"20,032,977"
7/18/2016,2016,2014,D3,Separated,Unverified,"3,314,371"
7/18/2016,2016,2014,D4,Separated,Unverified,"26,205,195"
7/18/2016,2016,2014,D5,Separated,Unverified,"1,035,397"
7/18/2016,2016,2014,D6,Separated,Unverified,"90,337,512"
7/18/2016,2016,2015,D3,Separated,Q-RIN,"318,823"
7/18/2016,2016,2015,D3,Separated,Unverified,"6,021,864"
7/18/2016,2016,2015,D4,Separated,Unverified,"23,077,173"
7/18/2016,2016,2015,D6,Assigned,Unverified,"16,349"
7/18/2016,2016,2015,D6,Separated,Unverified,"26,792,028"
7/18/2016,2016,2016,D3,Assigned,Q-RIN,"1,114,301"
7/18/2016,2016,2016,D3,Separated,Q-RIN,"13,736,053"
7/18/2016,2016,2016,D3,Separated,Unverified,"221,190"
7/18/2016,2016,2016,D4,Assigned,Q-RIN,"13,918,029"
7/18/2016,2016,2016,D4,Assigned,Unverified,"92,596,806"
7/18/2016,2016,2016,D4,Separated,Q-RIN,"20,834,612"
7/18/2016,2016,2016,D4,Separated,Unverified,"44,621,680"
7/18/2016,2016,2016,D5,Assigned,Q-RIN,"31,380"
7/18/2016,2016,2016,D5,Assigned,Unverified,"584,676"
7/18/2016,2016,2016,D5,Separated,Q-RIN,"15,000"
7/18/2016,2016,2016,D6,Assigned,Q-RIN,"38,493,322"
7/18/2016,2016,2016,D6,Assigned,Unverified,"452,580,822"
7/18/2016,2016,2016,D6,Separated,Q-RIN,"9,237,684"
7/18/2016,2016,2016,D6,Separated,Unverified,"268,914,272"
7/25/2016,2016,2013,D4,Separated,Unverified,"26,065,402"
7/25/2016,2016,2013,D5,Separated,Unverified,"362,125"
7/25/2016,2016,2013,D6,Separated,Unverified,"18,321,974"
7/25/2016,2016,2014,D3,Separated,Unverified,"1,501,190"
7/25/2016,2016,2014,D4,Separated,Unverified,"106,529,397"
7/25/2016,2016,2014,D5,Separated,Unverified,"4,195,813"
7/25/2016,2016,2014,D6,Separated,Unverified,"529,519,505"
7/25/2016,2016,2015,D4,Assigned,Q-RIN,"99,204"
7/25/2016,2016,2015,D4,Separated,Q-RIN,"1,795,639"
7/25/2016,2016,2015,D4,Separated,Unverified,"1,531,259"
7/25/2016,2016,2015,D6,Separated,Unverified,"37,283,133"
7/25/2016,2016,2016,D3,Assigned,Q-RIN,"55,071"
7/25/2016,2016,2016,D3,Separated,Q-RIN,"7,195,855"
7/25/2016,2016,2016,D3,Separated,Unverified,"369,174"
7/25/2016,2016,2016,D4,Assigned,Q-RIN,"42,137,868"
7/25/2016,2016,2016,D4,Assigned,Unverified,"95,158,393"
7/25/2016,2016,2016,D4,Separated,Q-RIN,"33,076,558"
7/25/2016,2016,2016,D4,Separated,Unverified,"63,028,362"
7/25/2016,2016,2016,D5,Assigned,Q-RIN,"31,171"
7/25/2016,2016,2016,D5,Assigned,Unverified,"5,785,958"
7/25/2016,2016,2016,D5,Separated,Q-RIN,"50,670"
7/25/2016,2016,2016,D5,Separated,Unverified,"3,187,909"
7/25/2016,2016,2016,D6,Assigned,Q-RIN,"43,990,184"
7/25/2016,2016,2016,D6,Assigned,Unverified,"482,378,681"
7/25/2016,2016,2016,D6,Separated,Q-RIN,"781,590"
7/25/2016,2016,2016,D6,Separated,Unverified,"368,313,499"
8/1/2016,2016,2014,D6,Separated,Unverified,"22,270,747"
8/1/2016,2016,2015,D4,Separated,Unverified,"2,589,672"
8/1/2016,2016,2015,D6,Assigned,Unverified,"294,464"
8/1/2016,2016,2015,D6,Separated,Unverified,"32,794,932"
8/1/2016,2016,2016,D3,Assigned,Q-RIN,"157,195"
8/1/2016,2016,2016,D3,Separated,Q-RIN,"136,319"
8/1/2016,2016,2016,D4,Assigned,Q-RIN,"22,113,407"
8/1/2016,2016,2016,D4,Assigned,Unverified,"102,579,008"
8/1/2016,2016,2016,D4,Separated,Q-RIN,"25,049,441"
8/1/2016,2016,2016,D4,Separated,Unverified,"69,822,526"
8/1/2016,2016,2016,D5,Assigned,Q-RIN,"15,477"
8/1/2016,2016,2016,D5,Assigned,Unverified,"499,716"
8/1/2016,2016,2016,D5,Separated,Q-RIN,"166,102"
8/1/2016,2016,2016,D5,Separated,Unverified,"520,294"
8/1/2016,2016,2016,D6,Assigned,Q-RIN,"42,457,122"
8/1/2016,2016,2016,D6,Assigned,Unverified,"396,919,741"
8/1/2016,2016,2016,D6,Separated,Q-RIN,"1,983,499"
8/1/2016,2016,2016,D6,Separated,Unverified,"219,969,520"
8/8/2016,2016,2014,D6,Separated,Unverified,"7,689"
8/8/2016,2016,2015,D4,Separated,Unverified,"1,108,939"
8/8/2016,2016,2015,D5,Separated,Unverified,"1,090,000"
8/8/2016,2016,2015,D6,Separated,Unverified,"7,896,466"
8/8/2016,2016,2016,D3,Assigned,Q-RIN,"49,083"
8/8/2016,2016,2016,D3,Separated,Q-RIN,"806,499"
8/8/2016,2016,2016,D3,Separated,Unverified,"109,000"
8/8/2016,2016,2016,D4,Assigned,Q-RIN,"20,221,210"
8/8/2016,2016,2016,D4,Assigned,Unverified,"69,922,983"
8/8/2016,2016,2016,D4,Separated,Q-RIN,"16,934,770"
8/8/2016,2016,2016,D4,Separated,Unverified,"64,305,405"
8/8/2016,2016,2016,D5,Assigned,Q-RIN,"30,920"
8/8/2016,2016,2016,D5,Assigned,Unverified,"529,741"
8/8/2016,2016,2016,D5,Separated,Q-RIN,"15,000"
8/8/2016,2016,2016,D5,Separated,Unverified,"1,900,000"
8/8/2016,2016,2016,D6,Assigned,Q-RIN,"39,619,906"
8/8/2016,2016,2016,D6,Assigned,Unverified,"448,520,276"
8/8/2016,2016,2016,D6,Separated,Q-RIN,"3,275,647"
8/8/2016,2016,2016,D6,Separated,Unverified,"226,913,190"
8/15/2016,2016,2015,D4,Separated,Unverified,"1,419,830"
8/15/2016,2016,2015,D5,Separated,Unverified,"5,090,000"
8/15/2016,2016,2015,D6,Assigned,Unverified,"32,715"
8/15/2016,2016,2015,D6,Separated,Unverified,"21,111,620"
8/15/2016,2016,2016,D3,Assigned,Q-RIN,"66,502"
8/15/2016,2016,2016,D3,Separated,Q-RIN,"11,835,266"
8/15/2016,2016,2016,D3,Separated,Unverified,"19,483"
8/15/2016,2016,2016,D4,Assigned,Q-RIN,"25,687,245"
8/15/2016,2016,2016,D4,Assigned,Unverified,"83,466,253"
8/15/2016,2016,2016,D4,Separated,Q-RIN,"40,745,466"
8/15/2016,2016,2016,D4,Separated,Unverified,"59,418,986"
8/15/2016,2016,2016,D5,Assigned,Q-RIN,"7,627"
8/15/2016,2016,2016,D5,Assigned,Unverified,"12,679,895"
8/15/2016,2016,2016,D5,Separated,Q-RIN,"28,276"
8/15/2016,2016,2016,D6,Assigned,Q-RIN,"38,317,391"
8/15/2016,2016,2016,D6,Assigned,Unverified,"445,226,181"
8/15/2016,2016,2016,D6,Separated,Q-RIN,"2,073,768"
8/15/2016,2016,2016,D6,Separated,Unverified,"292,709,226"
8/22/2016,2016,2014,D4,Separated,Unverified,"2,700,847"
8/22/2016,2016,2014,D6,Separated,Unverified,"7,546,210"
8/22/2016,2016,2015,D4,Separated,Unverified,"7,223,937"
8/22/2016,2016,2015,D6,Assigned,Unverified,"32,715"
8/22/2016,2016,2015,D6,Separated,Unverified,"8,118,172"
8/22/2016,2016,2016,D3,Assigned,Q-RIN,"513,070"
8/22/2016,2016,2016,D3,Separated,Q-RIN,"6,195,945"
8/22/2016,2016,2016,D3,Separated,Unverified,"225,000"
8/22/2016,2016,2016,D4,Assigned,Q-RIN,"20,261,934"
8/22/2016,2016,2016,D4,Assigned,Unverified,"101,068,814"
8/22/2016,2016,2016,D4,Separated,Q-RIN,"33,320,365"
8/22/2016,2016,2016,D4,Separated,Unverified,"54,658,465"
8/22/2016,2016,2016,D5,Assigned,Q-RIN,"39,372"
8/22/2016,2016,2016,D5,Assigned,Unverified,"506,672"
8/22/2016,2016,2016,D5,Separated,Q-RIN,"56,002"
8/22/2016,2016,2016,D5,Separated,Unverified,"13,339,806"
8/22/2016,2016,2016,D6,Assigned,Q-RIN,"37,098,416"
8/22/2016,2016,2016,D6,Assigned,Unverified,"451,869,426"
8/22/2016,2016,2016,D6,Separated,Q-RIN,"797,738"
8/22/2016,2016,2016,D6,Separated,Unverified,"257,747,032"
8/29/2016,2016,2014,D3,Separated,Unverified,"35,885"
8/29/2016,2016,2014,D4,Separated,Unverified,"991,626"
8/29/2016,2016,2015,D4,Separated,Unverified,"7,525,000"
8/29/2016,2016,2015,D5,Separated,Unverified,"800,000"
8/29/2016,2016,2015,D6,Separated,Unverified,"4,225,132"
8/29/2016,2016,2016,D3,Assigned,Q-RIN,"317,226"
8/29/2016,2016,2016,D3,Separated,Q-RIN,"6,127,212"
8/29/2016,2016,2016,D3,Separated,Unverified,"800,000"
8/29/2016,2016,2016,D4,Assigned,Q-RIN,"36,501,476"
8/29/2016,2016,2016,D4,Assigned,Unverified,"98,289,241"
8/29/2016,2016,2016,D4,Separated,Q-RIN,"35,976,725"
8/29/2016,2016,2016,D4,Separated,Unverified,"64,792,145"
8/29/2016,2016,2016,D5,Assigned,Q-RIN,"15,695"
8/29/2016,2016,2016,D5,Assigned,Unverified,"2,864,276"
8/29/2016,2016,2016,D5,Separated,Q-RIN,"143,671"
8/29/2016,2016,2016,D5,Separated,Unverified,"10,000,000"
8/29/2016,2016,2016,D6,Assigned,Q-RIN,"42,563,598"
8/29/2016,2016,2016,D6,Assigned,Unverified,"451,573,652"
8/29/2016,2016,2016,D6,Separated,Q-RIN,"3,663,385"
8/29/2016,2016,2016,D6,Separated,Unverified,"365,796,864"
9/5/2016,2016,2015,D4,Separated,Q-RIN,"16,842"
9/5/2016,2016,2015,D4,Separated,Unverified,"5,018,565"
9/5/2016,2016,2015,D6,Separated,Unverified,"1,590,289"
9/5/2016,2016,2016,D3,Assigned,Q-RIN,"81,162"
9/5/2016,2016,2016,D3,Separated,Q-RIN,"816,772"
9/5/2016,2016,2016,D4,Assigned,Q-RIN,"42,722,080"
9/5/2016,2016,2016,D4,Assigned,Unverified,"97,332,689"
9/5/2016,2016,2016,D4,Separated,Q-RIN,"39,241,822"
9/5/2016,2016,2016,D4,Separated,Unverified,"107,874,121"
9/5/2016,2016,2016,D5,Assigned,Q-RIN,"23,750"
9/5/2016,2016,2016,D5,Assigned,Unverified,"502,930"
9/5/2016,2016,2016,D5,Separated,Q-RIN,"52,000"
9/5/2016,2016,2016,D5,Separated,Unverified,"400,000"
9/5/2016,2016,2016,D6,Assigned,Q-RIN,"48,681,379"
9/5/2016,2016,2016,D6,Assigned,Unverified,"414,254,892"
9/5/2016,2016,2016,D6,Separated,Q-RIN,"1,951,731"
9/5/2016,2016,2016,D6,Separated,Unverified,"208,138,973"
9/12/2016,2016,2014,D3,Separated,Unverified,"10,067"
9/12/2016,2016,2014,D6,Separated,Unverified,"3,786"
9/12/2016,2016,2015,D3,Separated,Unverified,"1,404,060"
9/12/2016,2016,2015,D4,Separated,Unverified,"12,941,730"
9/12/2016,2016,2015,D5,Separated,Unverified,"3,589"
9/12/2016,2016,2015,D6,Separated,Unverified,"19,158,488"
9/12/2016,2016,2016,D3,Assigned,Q-RIN,"259,323"
9/12/2016,2016,2016,D3,Separated,Q-RIN,"4,595,691"
9/12/2016,2016,2016,D4,Assigned,Q-RIN,"36,248,487"
9/12/2016,2016,2016,D4,Assigned,Unverified,"63,411,643"
9/12/2016,2016,2016,D4,Separated,Q-RIN,"46,176,552"
9/12/2016,2016,2016,D4,Separated,Unverified,"120,350,820"
9/12/2016,2016,2016,D5,Assigned,Q-RIN,"7,974"
9/12/2016,2016,2016,D5,Assigned,Unverified,"1,933,862"
9/12/2016,2016,2016,D5,Separated,Q-RIN,"7,889"
9/12/2016,2016,2016,D5,Separated,Unverified,"500,000"
9/12/2016,2016,2016,D6,Assigned,Q-RIN,"49,166,429"
9/12/2016,2016,2016,D6,Assigned,Unverified,"451,726,396"
9/12/2016,2016,2016,D6,Separated,Q-RIN,"7,701,958"
9/12/2016,2016,2016,D6,Separated,Unverified,"393,241,872"
9/19/2016,2016,2014,D4,Separated,Unverified,"10,000,000"
9/19/2016,2016,2015,D3,Assigned,Q-RIN,"25,119"
9/19/2016,2016,2015,D4,Separated,Q-RIN,"205,798"
9/19/2016,2016,2015,D4,Separated,Unverified,"10,948,265"
9/19/2016,2016,2015,D5,Separated,Unverified,"2,000,000"
9/19/2016,2016,2015,D6,Separated,Unverified,"13,136,223"
9/19/2016,2016,2016,D3,Assigned,Q-RIN,"81,848"
9/19/2016,2016,2016,D3,Separated,Q-RIN,"20,178,692"
9/19/2016,2016,2016,D3,Separated,Unverified,"602,671"
9/19/2016,2016,2016,D4,Assigned,Q-RIN,"17,985,822"
9/19/2016,2016,2016,D4,Assigned,Unverified,"110,878,857"
9/19/2016,2016,2016,D4,Separated,Q-RIN,"36,058,084"
9/19/2016,2016,2016,D4,Separated,Unverified,"79,617,430"
9/19/2016,2016,2016,D5,Assigned,Q-RIN,"39,669"
9/19/2016,2016,2016,D5,Assigned,Unverified,"356,756"
9/19/2016,2016,2016,D5,Separated,Q-RIN,"52,000"
9/19/2016,2016,2016,D5,Separated,Unverified,"500,000"
9/19/2016,2016,2016,D6,Assigned,Q-RIN,"42,606,833"
9/19/2016,2016,2016,D6,Assigned,Unverified,"467,449,028"
9/19/2016,2016,2016,D6,Separated,Q-RIN,"5,498,022"
9/19/2016,2016,2016,D6,Separated,Unverified,"444,632,674"
9/26/2016,2016,2014,D3,Separated,Unverified,"31,300"
9/26/2016,2016,2014,D5,Separated,Unverified,"6,953"
9/26/2016,2016,2014,D6,Separated,Unverified,"944,716"
9/26/2016,2016,2015,D3,Separated,Q-RIN,"250,000"
9/26/2016,2016,2015,D3,Separated,Unverified,"1,403,380"
9/26/2016,2016,2015,D4,Separated,Unverified,"6,300,000"
9/26/2016,2016,2015,D5,Separated,Unverified,"1,278,809"
9/26/2016,2016,2015,D6,Separated,Unverified,"6,849,982"
9/26/2016,2016,2016,D3,Assigned,Q-RIN,"115,122"
9/26/2016,2016,2016,D3,Separated,Q-RIN,"4,046,667"
9/26/2016,2016,2016,D3,Separated,Unverified,"525,000"
9/26/2016,2016,2016,D4,Assigned,Q-RIN,"73,760,530"
9/26/2016,2016,2016,D4,Assigned,Unverified,"124,065,141"
9/26/2016,2016,2016,D4,Separated,Q-RIN,"85,567,351"
9/26/2016,2016,2016,D4,Separated,Unverified,"230,707,154"
9/26/2016,2016,2016,D5,Assigned,Q-RIN,"15,983"
9/26/2016,2016,2016,D5,Assigned,Unverified,"2,695,385"
9/26/2016,2016,2016,D5,Separated,Q-RIN,"80,000"
9/26/2016,2016,2016,D6,Assigned,Q-RIN,"72,905,688"
9/26/2016,2016,2016,D6,Assigned,Unverified,"481,164,121"
9/26/2016,2016,2016,D6,Separated,Q-RIN,"51,672,179"
9/26/2016,2016,2016,D6,Separated,Unverified,"573,062,518"
10/3/2016,2016,2014,D4,Separated,Unverified,"583,066"
10/3/2016,2016,2015,D4,Separated,Unverified,"5,661,820"
10/3/2016,2016,2015,D6,Separated,Unverified,"96,259,152"
10/3/2016,2016,2016,D3,Assigned,Q-RIN,"78,614"
10/3/2016,2016,2016,D3,Separated,Q-RIN,"1,076,807"
10/3/2016,2016,2016,D4,Assigned,Q-RIN,"16,071,202"
10/3/2016,2016,2016,D4,Assigned,Unverified,"83,963,984"
10/3/2016,2016,2016,D4,Separated,Q-RIN,"52,813,655"
10/3/2016,2016,2016,D4,Separated,Unverified,"75,926,403"
10/3/2016,2016,2016,D5,Assigned,Q-RIN,"23,775"
10/3/2016,2016,2016,D5,Assigned,Unverified,"478,949"
10/3/2016,2016,2016,D5,Separated,Q-RIN,"161,970"
10/3/2016,2016,2016,D5,Separated,Unverified,"500,000"
10/3/2016,2016,2016,D6,Assigned,Q-RIN,"35,112,119"
10/3/2016,2016,2016,D6,Assigned,Unverified,"412,540,283"
10/3/2016,2016,2016,D6,Separated,Q-RIN,"11,894,398"
10/3/2016,2016,2016,D6,Separated,Unverified,"231,372,146"
10/10/2016,2016,2014,D4,Separated,Unverified,"583,066"
10/10/2016,2016,2015,D4,Separated,Q-RIN,"750,000"
10/10/2016,2016,2015,D4,Separated,Unverified,"5,313,161"
10/10/2016,2016,2015,D6,Separated,Q-RIN,"48,109"
10/10/2016,2016,2015,D6,Separated,Unverified,"73,513,754"
10/10/2016,2016,2016,D3,Assigned,Q-RIN,"142,818"
10/10/2016,2016,2016,D3,Separated,Q-RIN,"300,000"
10/10/2016,2016,2016,D4,Assigned,Q-RIN,"19,773,883"
10/10/2016,2016,2016,D4,Assigned,Unverified,"83,138,446"
10/10/2016,2016,2016,D4,Separated,Q-RIN,"11,993,505"
10/10/2016,2016,2016,D4,Separated,Unverified,"73,442,726"
10/10/2016,2016,2016,D5,Assigned,Q-RIN,"7,890"
10/10/2016,2016,2016,D5,Assigned,Unverified,"444,475"
10/10/2016,2016,2016,D5,Separated,Q-RIN,"28,000"
10/10/2016,2016,2016,D5,Separated,Unverified,"120,000"
10/10/2016,2016,2016,D6,Assigned,Q-RIN,"46,442,716"
10/10/2016,2016,2016,D6,Assigned,Unverified,"456,688,499"
10/10/2016,2016,2016,D6,Separated,Q-RIN,"2,972,039"
10/10/2016,2016,2016,D6,Separated,Unverified,"272,496,946"
10/17/2016,2016,2014,D3,Separated,Unverified,"1,500,000"
10/17/2016,2016,2014,D4,Separated,Unverified,"624,056"
10/17/2016,2016,2014,D5,Separated,Unverified,"436,000"
10/17/2016,2016,2014,D6,Separated,Unverified,"26,260"
10/17/2016,2016,2015,D3,Assigned,Q-RIN,"3,881"
10/17/2016,2016,2015,D3,Separated,Q-RIN,"200,000"
10/17/2016,2016,2015,D4,Separated,Unverified,"1,845,881"
10/17/2016,2016,2015,D6,Separated,Q-RIN,"48,109"
10/17/2016,2016,2015,D6,Separated,Unverified,"37,834,519"
10/17/2016,2016,2016,D3,Assigned,Q-RIN,"60,536"
10/17/2016,2016,2016,D3,Separated,Q-RIN,"20,446,279"
10/17/2016,2016,2016,D3,Separated,Unverified,"230,722"
10/17/2016,2016,2016,D4,Assigned,Q-RIN,"19,438,811"
10/17/2016,2016,2016,D4,Assigned,Unverified,"73,139,883"
10/17/2016,2016,2016,D4,Separated,Q-RIN,"8,747,445"
10/17/2016,2016,2016,D4,Separated,Unverified,"64,798,981"
10/17/2016,2016,2016,D5,Assigned,Q-RIN,"47,046"
10/17/2016,2016,2016,D5,Assigned,Unverified,"682,668"
10/17/2016,2016,2016,D5,Separated,Q-RIN,"67,919"
10/17/2016,2016,2016,D5,Separated,Unverified,"500,000"
10/17/2016,2016,2016,D6,Assigned,Q-RIN,"37,018,320"
10/17/2016,2016,2016,D6,Assigned,Unverified,"419,179,706"
10/17/2016,2016,2016,D6,Separated,Q-RIN,"7,329,752"
10/17/2016,2016,2016,D6,Separated,Unverified,"348,913,648"
10/24/2016,2016,2014,D3,Separated,Unverified,"711,242"
10/24/2016,2016,2014,D4,Separated,Unverified,"461,627"
10/24/2016,2016,2014,D5,Separated,Unverified,"3,972"
10/24/2016,2016,2014,D6,Separated,Unverified,"1,569,969"
10/24/2016,2016,2015,D3,Separated,Q-RIN,"120,000"
10/24/2016,2016,2015,D3,Separated,Unverified,"201,274"
10/24/2016,2016,2015,D4,Separated,Q-RIN,"5,799,898"
10/24/2016,2016,2015,D4,Separated,Unverified,"5,974,345"
10/24/2016,2016,2015,D6,Separated,Q-RIN,"33,549"
10/24/2016,2016,2015,D6,Separated,Unverified,"142,613,063"
10/24/2016,2016,2016,D3,Assigned,Q-RIN,"60,038"
10/24/2016,2016,2016,D3,Assigned,Unverified,"1,301"
10/24/2016,2016,2016,D3,Separated,Q-RIN,"8,728,592"
10/24/2016,2016,2016,D4,Assigned,Q-RIN,"36,990,560"
10/24/2016,2016,2016,D4,Assigned,Unverified,"111,010,956"
10/24/2016,2016,2016,D4,Separated,Q-RIN,"54,632,007"
10/24/2016,2016,2016,D4,Separated,Unverified,"102,766,270"
10/24/2016,2016,2016,D5,Assigned,Q-RIN,"39,312"
10/24/2016,2016,2016,D5,Assigned,Unverified,"2,020,088"
10/24/2016,2016,2016,D5,Separated,Q-RIN,"60,000"
10/24/2016,2016,2016,D6,Assigned,Q-RIN,"45,435,588"
10/24/2016,2016,2016,D6,Assigned,Unverified,"450,058,608"
10/24/2016,2016,2016,D6,Separated,Q-RIN,"53,760"
10/24/2016,2016,2016,D6,Separated,Unverified,"310,376,000"
10/31/2016,2016,2014,D4,Separated,Unverified,"3,957,334"
10/31/2016,2016,2014,D5,Separated,Unverified,"400,480"
10/31/2016,2016,2014,D6,Separated,Unverified,"51,706"
10/31/2016,2016,2015,D4,Separated,Q-RIN,"4,946,520"
10/31/2016,2016,2015,D4,Separated,Unverified,"11,028,985"
10/31/2016,2016,2015,D5,Separated,Unverified,"36,426"
10/31/2016,2016,2015,D6,Separated,Unverified,"44,082,100"
10/31/2016,2016,2016,D3,Assigned,Q-RIN,"302,949"
10/31/2016,2016,2016,D3,Assigned,Unverified,"63,776"
10/31/2016,2016,2016,D3,Separated,Q-RIN,"6,718,343"
10/31/2016,2016,2016,D3,Separated,Unverified,"263,324"
10/31/2016,2016,2016,D4,Assigned,Q-RIN,"29,241,549"
10/31/2016,2016,2016,D4,Assigned,Unverified,"84,139,921"
10/31/2016,2016,2016,D4,Separated,Q-RIN,"26,702,812"
10/31/2016,2016,2016,D4,Separated,Unverified,"102,202,897"
10/31/2016,2016,2016,D5,Assigned,Q-RIN,"39,833"
10/31/2016,2016,2016,D5,Assigned,Unverified,"2,895,053"
10/31/2016,2016,2016,D5,Separated,Q-RIN,"149,153"
10/31/2016,2016,2016,D5,Separated,Unverified,"426,617"
10/31/2016,2016,2016,D6,Assigned,Q-RIN,"36,057,851"
10/31/2016,2016,2016,D6,Assigned,Unverified,"468,907,886"
10/31/2016,2016,2016,D6,Separated,Q-RIN,"14,916,146"
10/31/2016,2016,2016,D6,Separated,Unverified,"354,588,676"
11/7/2016,2016,2014,D4,Separated,Unverified,"723,579"
11/7/2016,2016,2014,D5,Separated,Unverified,"135,526"
11/7/2016,2016,2015,D4,Separated,Q-RIN,"1,707,719"
11/7/2016,2016,2015,D4,Separated,Unverified,"15,191,208"
11/7/2016,2016,2015,D5,Assigned,Q-RIN,"173,509"
11/7/2016,2016,2015,D5,Separated,Q-RIN,"882,400"
11/7/2016,2016,2015,D5,Separated,Unverified,"31,774"
11/7/2016,2016,2015,D6,Separated,Q-RIN,"2,662,950"
11/7/2016,2016,2015,D6,Separated,Unverified,"76,262,401"
11/7/2016,2016,2016,D3,Assigned,Q-RIN,"81,902"
11/7/2016,2016,2016,D3,Assigned,Unverified,"7,961"
11/7/2016,2016,2016,D3,Separated,Q-RIN,"1,945,966"
11/7/2016,2016,2016,D4,Assigned,Q-RIN,"17,383,123"
11/7/2016,2016,2016,D4,Assigned,Unverified,"103,964,168"
11/7/2016,2016,2016,D4,Separated,Q-RIN,"35,764,706"
11/7/2016,2016,2016,D4,Separated,Unverified,"58,336,541"
11/7/2016,2016,2016,D5,Assigned,Q-RIN,"206,978"
11/7/2016,2016,2016,D5,Assigned,Unverified,"535,929"
11/7/2016,2016,2016,D5,Separated,Q-RIN,"36,000"
11/7/2016,2016,2016,D6,Assigned,Q-RIN,"37,715,980"
11/7/2016,2016,2016,D6,Assigned,Unverified,"436,985,384"
11/7/2016,2016,2016,D6,Separated,Q-RIN,"8,731,055"
11/7/2016,2016,2016,D6,Separated,Unverified,"335,920,489"
11/14/2016,2016,2014,D3,Separated,Unverified,"608,488"
11/14/2016,2016,2014,D4,Separated,Q-RIN,"3,509,597"
11/14/2016,2016,2014,D4,Separated,Unverified,"12,747,872"
11/14/2016,2016,2014,D5,Separated,Unverified,"1,990,183"
11/14/2016,2016,2014,D6,Separated,Q-RIN,"342,145"
11/14/2016,2016,2014,D6,Separated,Unverified,"35,052,373"
11/14/2016,2016,2015,D3,Separated,Q-RIN,"650,101"
11/14/2016,2016,2015,D3,Separated,Unverified,"2,849,921"
11/14/2016,2016,2015,D4,Separated,Q-RIN,"14,756,799"
11/14/2016,2016,2015,D4,Separated,Unverified,"69,571,050"
11/14/2016,2016,2015,D5,Separated,Unverified,"2,810,601"
11/14/2016,2016,2015,D6,Separated,Q-RIN,"67,798,659"
11/14/2016,2016,2015,D6,Separated,Unverified,"487,082,174"
11/14/2016,2016,2016,D3,Assigned,Q-RIN,"120,631"
11/14/2016,2016,2016,D3,Assigned,Unverified,"36,025"
11/14/2016,2016,2016,D3,Separated,Q-RIN,"14,110,516"
11/14/2016,2016,2016,D4,Assigned,Q-RIN,"26,898,096"
11/14/2016,2016,2016,D4,Assigned,Unverified,"109,513,285"
11/14/2016,2016,2016,D4,Separated,Q-RIN,"20,389,422"
11/14/2016,2016,2016,D4,Separated,Unverified,"70,217,701"
11/14/2016,2016,2016,D5,Assigned,Q-RIN,"23,992"
11/14/2016,2016,2016,D5,Assigned,Unverified,"480,521"
11/14/2016,2016,2016,D5,Separated,Q-RIN,"103,919"
11/14/2016,2016,2016,D6,Assigned,Q-RIN,"43,369,916"
11/14/2016,2016,2016,D6,Assigned,Unverified,"442,857,231"
11/14/2016,2016,2016,D6,Separated,Q-RIN,"4,080,629"
11/14/2016,2016,2016,D6,Separated,Unverified,"550,205,232"
11/21/2016,2016,2014,D3,Separated,Unverified,451
11/21/2016,2016,2014,D4,Separated,Q-RIN,"300,000"
11/21/2016,2016,2014,D4,Separated,Unverified,"1,484,216"
11/21/2016,2016,2014,D5,Separated,Unverified,"42,287"
11/21/2016,2016,2014,D6,Separated,Unverified,"11,614,393"
11/21/2016,2016,2015,D3,Separated,Q-RIN,"239,667"
11/21/2016,2016,2015,D3,Separated,Unverified,"36,129"
11/21/2016,2016,2015,D4,Separated,Q-RIN,"13,313,019"
11/21/2016,2016,2015,D4,Separated,Unverified,"15,199,247"
11/21/2016,2016,2015,D5,Separated,Unverified,"169,196"
11/21/2016,2016,2015,D6,Separated,Q-RIN,"527,562"
11/21/2016,2016,2015,D6,Separated,Unverified,"116,598,787"
11/21/2016,2016,2016,D3,Assigned,Q-RIN,"68,407"
11/21/2016,2016,2016,D3,Separated,Q-RIN,"5,999,677"
11/21/2016,2016,2016,D4,Assigned,Q-RIN,"18,377,585"
11/21/2016,2016,2016,D4,Assigned,Unverified,"66,753,263"
11/21/2016,2016,2016,D4,Separated,Q-RIN,"18,185,356"
11/21/2016,2016,2016,D4,Separated,Unverified,"70,827,711"
11/21/2016,2016,2016,D5,Assigned,Q-RIN,"40,003"
11/21/2016,2016,2016,D5,Assigned,Unverified,"481,624"
11/21/2016,2016,2016,D5,Separated,Q-RIN,"64,000"
11/21/2016,2016,2016,D6,Assigned,Q-RIN,"60,744,393"
11/21/2016,2016,2016,D6,Assigned,Unverified,"404,385,633"
11/21/2016,2016,2016,D6,Separated,Q-RIN,"307,511"
11/21/2016,2016,2016,D6,Separated,Unverified,"335,032,811"
11/28/2016,2016,2014,D3,Separated,Unverified,"220,422"
11/28/2016,2016,2014,D4,Separated,Unverified,"4,759,838"
11/28/2016,2016,2014,D5,Separated,Unverified,"194,866"
11/28/2016,2016,2014,D6,Assigned,Unverified,"5,093,837"
11/28/2016,2016,2014,D6,Separated,Unverified,"6,943,504"
11/28/2016,2016,2015,D3,Separated,Unverified,"989,689"
11/28/2016,2016,2015,D4,Separated,Q-RIN,"1,035,194"
11/28/2016,2016,2015,D4,Separated,Unverified,"21,367,504"
11/28/2016,2016,2015,D5,Separated,Unverified,"779,464"
11/28/2016,2016,2015,D6,Separated,Q-RIN,"59,159"
11/28/2016,2016,2015,D6,Separated,Unverified,"141,372,448"
11/28/2016,2016,2016,D3,Assigned,Q-RIN,"78,641"
11/28/2016,2016,2016,D3,Separated,Q-RIN,"8,434,240"
11/28/2016,2016,2016,D3,Separated,Unverified,"63,090"
11/28/2016,2016,2016,D4,Assigned,Q-RIN,"55,372,362"
11/28/2016,2016,2016,D4,Assigned,Unverified,"95,643,062"
11/28/2016,2016,2016,D4,Separated,Q-RIN,"60,352,682"
11/28/2016,2016,2016,D4,Separated,Unverified,"127,253,503"
11/28/2016,2016,2016,D5,Assigned,Q-RIN,"32,043"
11/28/2016,2016,2016,D5,Assigned,Unverified,"5,007,490"
11/28/2016,2016,2016,D5,Separated,Q-RIN,"216,107"
11/28/2016,2016,2016,D5,Separated,Unverified,"36,436"
11/28/2016,2016,2016,D6,Assigned,Q-RIN,"72,124,131"
11/28/2016,2016,2016,D6,Assigned,Unverified,"485,048,117"
11/28/2016,2016,2016,D6,Separated,Q-RIN,"64,282,247"
11/28/2016,2016,2016,D6,Separated,Unverified,"507,081,196"
12/5/2016,2016,2015,D3,Separated,Q-RIN,"24,000"
12/5/2016,2016,2015,D4,Separated,Unverified,"2,100,000"
12/5/2016,2016,2015,D5,Separated,Unverified,"168,096"
12/5/2016,2016,2015,D6,Separated,Q-RIN,"2,000,000"
12/5/2016,2016,2015,D6,Separated,Unverified,"727,081"
12/5/2016,2016,2016,D3,Assigned,Q-RIN,"29,098"
12/5/2016,2016,2016,D3,Separated,Q-RIN,"1,434,179"
12/5/2016,2016,2016,D4,Assigned,Q-RIN,"34,026,131"
12/5/2016,2016,2016,D4,Assigned,Unverified,"82,182,442"
12/5/2016,2016,2016,D4,Separated,Q-RIN,"73,576,481"
12/5/2016,2016,2016,D4,Separated,Unverified,"158,368,772"
12/5/2016,2016,2016,D5,Assigned,Q-RIN,"31,058"
12/5/2016,2016,2016,D5,Assigned,Unverified,"530,616"
12/5/2016,2016,2016,D5,Separated,Q-RIN,"64,000"
12/5/2016,2016,2016,D5,Separated,Unverified,"1,400,000"
12/5/2016,2016,2016,D6,Assigned,Q-RIN,"39,863,487"
12/5/2016,2016,2016,D6,Assigned,Unverified,"445,832,134"
12/5/2016,2016,2016,D6,Separated,Q-RIN,"20,200,069"
12/5/2016,2016,2016,D6,Separated,Unverified,"414,702,067"
12/12/2016,2016,2015,D3,Separated,Unverified,"549,176"
12/12/2016,2016,2015,D4,Separated,Unverified,261
12/12/2016,2016,2015,D6,Separated,Unverified,"5,550,000"
12/12/2016,2016,2016,D3,Assigned,Q-RIN,"380,425"
12/12/2016,2016,2016,D3,Separated,Q-RIN,"13,708,385"
12/12/2016,2016,2016,D4,Assigned,Q-RIN,"31,993,742"
12/12/2016,2016,2016,D4,Assigned,Unverified,"82,006,036"
12/12/2016,2016,2016,D4,Separated,Q-RIN,"63,652,456"
12/12/2016,2016,2016,D4,Separated,Unverified,"182,341,474"
12/12/2016,2016,2016,D5,Assigned,Q-RIN,"47,563"
12/12/2016,2016,2016,D5,Assigned,Unverified,"388,866"
12/12/2016,2016,2016,D5,Separated,Q-RIN,"64,000"
12/12/2016,2016,2016,D5,Separated,Unverified,"6,729,503"
12/12/2016,2016,2016,D6,Assigned,Q-RIN,"43,472,233"
12/12/2016,2016,2016,D6,Assigned,Unverified,"470,188,581"
12/12/2016,2016,2016,D6,Separated,Q-RIN,"34,876,581"
12/12/2016,2016,2016,D6,Separated,Unverified,"582,902,690"
12/19/2016,2016,2015,D4,Separated,Q-RIN,"36,643"
12/19/2016,2016,2015,D4,Separated,Unverified,"5,173,726"
12/19/2016,2016,2015,D6,Assigned,Q-RIN,"29,000"
12/19/2016,2016,2015,D6,Assigned,Unverified,"1,739"
12/19/2016,2016,2015,D6,Separated,Unverified,"16,111,741"
12/19/2016,2016,2016,D3,Assigned,Q-RIN,"285,831"
12/19/2016,2016,2016,D3,Separated,Q-RIN,"11,308,076"
12/19/2016,2016,2016,D3,Separated,Unverified,"3,008,887"
12/19/2016,2016,2016,D4,Assigned,Q-RIN,"17,146,289"
12/19/2016,2016,2016,D4,Assigned,Unverified,"81,424,189"
12/19/2016,2016,2016,D4,Separated,Q-RIN,"51,008,830"
12/19/2016,2016,2016,D4,Separated,Unverified,"184,659,438"
12/19/2016,2016,2016,D5,Assigned,Q-RIN,"24,124"
12/19/2016,2016,2016,D5,Assigned,Unverified,"347,508"
12/19/2016,2016,2016,D5,Separated,Q-RIN,"138,268"
12/19/2016,2016,2016,D5,Separated,Unverified,"4,300,000"
12/19/2016,2016,2016,D6,Assigned,Q-RIN,"34,169,592"
12/19/2016,2016,2016,D6,Assigned,Unverified,"487,556,264"
12/19/2016,2016,2016,D6,Separated,Q-RIN,"7,350,958"
12/19/2016,2016,2016,D6,Separated,Unverified,"480,169,630"
12/26/2016,2016,2015,D3,Assigned,Q-RIN,"1,035,062"
12/26/2016,2016,2015,D4,Separated,Q-RIN,"3,440,505"
12/26/2016,2016,2015,D4,Separated,Unverified,"1,097,215"
12/26/2016,2016,2015,D6,Separated,Unverified,"14,326,441"
12/26/2016,2016,2016,D3,Assigned,Q-RIN,"136,269"
12/26/2016,2016,2016,D3,Assigned,Unverified,"94,933"
12/26/2016,2016,2016,D3,Separated,Q-RIN,"14,900,809"
12/26/2016,2016,2016,D3,Separated,Unverified,"1,334,523"
12/26/2016,2016,2016,D4,Assigned,Q-RIN,"153,330,085"
12/26/2016,2016,2016,D4,Assigned,Unverified,"176,753,944"
12/26/2016,2016,2016,D4,Separated,Q-RIN,"118,370,119"
12/26/2016,2016,2016,D4,Separated,Unverified,"281,984,629"
12/26/2016,2016,2016,D5,Assigned,Q-RIN,"7,624"
12/26/2016,2016,2016,D5,Assigned,Unverified,"3,692,698"
12/26/2016,2016,2016,D5,Separated,Q-RIN,"152,098"
12/26/2016,2016,2016,D5,Separated,Unverified,"643,061"
12/26/2016,2016,2016,D6,Assigned,Q-RIN,"43,737,557"
12/26/2016,2016,2016,D6,Assigned,Unverified,"474,828,725"
12/26/2016,2016,2016,D6,Separated,Q-RIN,"2,623,758"
12/26/2016,2016,2016,D6,Separated,Unverified,"674,997,370"
12/26/2016,2017,2016,D4,Assigned,Q-RIN,"2,542"
12/26/2016,2017,2016,D4,Assigned,Unverified,"189,046"
12/26/2016,2017,2016,D4,Separated,Q-RIN,"2,138,564"
12/26/2016,2017,2016,D6,Assigned,Unverified,"7,633,381"
12/26/2016,2017,2016,D6,Separated,Unverified,"4,862,890"
12/26/2016,2017,2017,D4,Assigned,Q-RIN,"77,049"
12/26/2016,2017,2017,D4,Assigned,Unverified,"32,445"
12/26/2016,2017,2017,D5,Assigned,Unverified,"42,346"
12/26/2016,2017,2017,D6,Assigned,Q-RIN,"660,776"
12/26/2016,2017,2017,D6,Assigned,Unverified,"8,538,640"
12/26/2016,2017,2017,D6,Separated,Unverified,"187,105"
1/2/2017,2017,2015,D4,Separated,Q-RIN,"1,087,010"
1/2/2017,2017,2015,D6,Separated,Unverified,"19,659"
1/2/2017,2017,2016,D3,Assigned,Q-RIN,"272,622"
1/2/2017,2017,2016,D3,Separated,Q-RIN,"209,000"
1/2/2017,2017,2016,D3,Separated,Unverified,"49,049"
1/2/2017,2017,2016,D4,Assigned,Q-RIN,"8,620,200"
1/2/2017,2017,2016,D4,Assigned,Unverified,"62,630,729"
1/2/2017,2017,2016,D4,Separated,Q-RIN,"64,294,215"
1/2/2017,2017,2016,D4,Separated,Unverified,"60,459,341"
1/2/2017,2017,2016,D5,Assigned,Unverified,"2,342,361"
1/2/2017,2017,2016,D5,Separated,Q-RIN,"133,341"
1/2/2017,2017,2016,D6,Assigned,Q-RIN,"1,704,529"
1/2/2017,2017,2016,D6,Assigned,Unverified,"131,371,691"
1/2/2017,2017,2016,D6,Separated,Q-RIN,"2,000,000"
1/2/2017,2017,2016,D6,Separated,Unverified,"209,528,396"
1/2/2017,2017,2017,D3,Assigned,Q-RIN,"33,732"
1/2/2017,2017,2017,D4,Assigned,Q-RIN,"2,405,004"
1/2/2017,2017,2017,D4,Assigned,Unverified,"6,580,518"
1/2/2017,2017,2017,D4,Separated,Q-RIN,513
1/2/2017,2017,2017,D4,Separated,Unverified,"145,160"
1/2/2017,2017,2017,D5,Assigned,Q-RIN,"8,032"
1/2/2017,2017,2017,D5,Assigned,Unverified,"283,136"
1/2/2017,2017,2017,D5,Separated,Q-RIN,"43,659"
1/2/2017,2017,2017,D6,Assigned,Q-RIN,"33,302,861"
1/2/2017,2017,2017,D6,Assigned,Unverified,"252,417,172"
1/2/2017,2017,2017,D6,Separated,Unverified,"12,671,690"
1/9/2017,2017,2014,D4,Separated,Q-RIN,"10,355"
1/9/2017,2017,2014,D4,Separated,Unverified,"10,235"
1/9/2017,2017,2015,D4,Separated,Q-RIN,"68,797"
1/9/2017,2017,2015,D4,Separated,Unverified,"131,015"
1/9/2017,2017,2015,D5,Separated,Unverified,"926,668"
1/9/2017,2017,2015,D6,Separated,Q-RIN,"574,788"
1/9/2017,2017,2015,D6,Separated,Unverified,"1,763,324"
1/9/2017,2017,2016,D3,Separated,Q-RIN,"4,716,385"
1/9/2017,2017,2016,D3,Separated,Unverified,"317,486"
1/9/2017,2017,2016,D4,Assigned,Q-RIN,"2,030,819"
1/9/2017,2017,2016,D4,Assigned,Unverified,"11,772,958"
1/9/2017,2017,2016,D4,Separated,Q-RIN,"25,653,460"
1/9/2017,2017,2016,D4,Separated,Unverified,"39,193,100"
1/9/2017,2017,2016,D5,Separated,Q-RIN,"1,341"
1/9/2017,2017,2016,D6,Assigned,Q-RIN,"231,786"
1/9/2017,2017,2016,D6,Assigned,Unverified,"72,678,423"
1/9/2017,2017,2016,D6,Separated,Q-RIN,"2,002,765"
1/9/2017,2017,2016,D6,Separated,Unverified,"292,844,481"
1/9/2017,2017,2017,D3,Assigned,Q-RIN,"7,817"
1/9/2017,2017,2017,D4,Assigned,Q-RIN,"3,652,496"
1/9/2017,2017,2017,D4,Assigned,Unverified,"25,108,461"
1/9/2017,2017,2017,D4,Separated,Q-RIN,"272,966"
1/9/2017,2017,2017,D4,Separated,Unverified,"389,552"
1/9/2017,2017,2017,D5,Assigned,Q-RIN,"24,141"
1/9/2017,2017,2017,D5,Assigned,Unverified,"514,584"
1/9/2017,2017,2017,D5,Separated,Q-RIN,"96,709"
1/9/2017,2017,2017,D6,Assigned,Q-RIN,"35,438,520"
1/9/2017,2017,2017,D6,Assigned,Unverified,"315,313,208"
1/9/2017,2017,2017,D6,Separated,Unverified,"30,104,384"
1/16/2017,2017,2014,D4,Separated,Unverified,1
1/16/2017,2017,2015,D4,Separated,Q-RIN,"1,654,860"
1/16/2017,2017,2015,D4,Separated,Unverified,"30,929"
1/16/2017,2017,2015,D6,Separated,Unverified,"2,108,011"
1/16/2017,2017,2016,D3,Separated,Q-RIN,"6,550,914"
1/16/2017,2017,2016,D4,Assigned,Q-RIN,"988,662"
1/16/2017,2017,2016,D4,Assigned,Unverified,"20,643,844"
1/16/2017,2017,2016,D4,Separated,Q-RIN,"20,058,501"
1/16/2017,2017,2016,D4,Separated,Unverified,"58,787,828"
1/16/2017,2017,2016,D5,Separated,Unverified,"2,000,000"
1/16/2017,2017,2016,D6,Assigned,Q-RIN,"314,028"
1/16/2017,2017,2016,D6,Assigned,Unverified,"15,742,337"
1/16/2017,2017,2016,D6,Separated,Q-RIN,"2,266,330"
1/16/2017,2017,2016,D6,Separated,Unverified,"216,813,389"
1/16/2017,2017,2017,D3,Assigned,Q-RIN,"24,638"
1/16/2017,2017,2017,D4,Assigned,Q-RIN,"2,648,985"
1/16/2017,2017,2017,D4,Assigned,Unverified,"39,222,961"
1/16/2017,2017,2017,D4,Separated,Q-RIN,"344,184"
1/16/2017,2017,2017,D4,Separated,Unverified,"3,601,987"
1/16/2017,2017,2017,D5,Assigned,Q-RIN,"39,758"
1/16/2017,2017,2017,D5,Assigned,Unverified,"408,997"
1/16/2017,2017,2017,D5,Separated,Q-RIN,"140,000"
1/16/2017,2017,2017,D6,Assigned,Q-RIN,"35,768,548"
1/16/2017,2017,2017,D6,Assigned,Unverified,"406,751,263"
1/16/2017,2017,2017,D6,Separated,Unverified,"56,021,539"
1/23/2017,2017,2014,D6,Separated,Unverified,1
1/23/2017,2017,2015,D3,Separated,Q-RIN,"22,200"
1/23/2017,2017,2015,D4,Separated,Q-RIN,"116,954"
1/23/2017,2017,2015,D4,Separated,Unverified,"900,894"
1/23/2017,2017,2015,D6,Separated,Unverified,"16,507,604"
1/23/2017,2017,2016,D3,Separated,Q-RIN,"5,512,006"
1/23/2017,2017,2016,D3,Separated,Unverified,"1,173"
1/23/2017,2017,2016,D4,Assigned,Q-RIN,"800,821"
1/23/2017,2017,2016,D4,Assigned,Unverified,"5,611,431"
1/23/2017,2017,2016,D4,Separated,Q-RIN,"53,765,238"
1/23/2017,2017,2016,D4,Separated,Unverified,"50,803,791"
1/23/2017,2017,2016,D5,Assigned,Unverified,"1,580"
1/23/2017,2017,2016,D6,Assigned,Q-RIN,"310,922"
1/23/2017,2017,2016,D6,Assigned,Unverified,"4,571,351"
1/23/2017,2017,2016,D6,Separated,Q-RIN,"1,168,638"
1/23/2017,2017,2016,D6,Separated,Unverified,"190,852,047"
1/23/2017,2017,2017,D3,Assigned,Q-RIN,"273,903"
1/23/2017,2017,2017,D4,Assigned,Q-RIN,"5,839,594"
1/23/2017,2017,2017,D4,Assigned,Unverified,"39,145,003"
1/23/2017,2017,2017,D4,Separated,Q-RIN,"3,191,203"
1/23/2017,2017,2017,D4,Separated,Unverified,"5,551,641"
1/23/2017,2017,2017,D5,Assigned,Q-RIN,"7,999"
1/23/2017,2017,2017,D5,Assigned,Unverified,"380,496"
1/23/2017,2017,2017,D5,Separated,Q-RIN,"90,000"
1/23/2017,2017,2017,D6,Assigned,Q-RIN,"41,145,169"
1/23/2017,2017,2017,D6,Assigned,Unverified,"426,261,669"
1/23/2017,2017,2017,D6,Separated,Q-RIN,"8,098"
1/23/2017,2017,2017,D6,Separated,Unverified,"95,018,781"
1/30/2017,2017,2015,D4,Separated,Q-RIN,"316,246"
1/30/2017,2017,2015,D4,Separated,Unverified,"1,035,100"
1/30/2017,2017,2015,D6,Separated,Q-RIN,"51,933"
1/30/2017,2017,2015,D6,Separated,Unverified,"4,005,140"
1/30/2017,2017,2016,D3,Separated,Q-RIN,"12,594,404"
1/30/2017,2017,2016,D3,Separated,Unverified,"1,530,000"
1/30/2017,2017,2016,D4,Assigned,Q-RIN,"1,123,384"
1/30/2017,2017,2016,D4,Assigned,Unverified,"19,500,555"
1/30/2017,2017,2016,D4,Separated,Q-RIN,"31,873,971"
1/30/2017,2017,2016,D4,Separated,Unverified,"75,208,630"
1/30/2017,2017,2016,D5,Assigned,Unverified,"630,349"
1/30/2017,2017,2016,D6,Assigned,Unverified,"12,375,234"
1/30/2017,2017,2016,D6,Separated,Q-RIN,"500,000"
1/30/2017,2017,2016,D6,Separated,Unverified,"213,326,836"
1/30/2017,2017,2017,D3,Assigned,Q-RIN,"177,345"
1/30/2017,2017,2017,D4,Assigned,Q-RIN,"12,799,429"
1/30/2017,2017,2017,D4,Assigned,Unverified,"45,050,382"
1/30/2017,2017,2017,D4,Separated,Q-RIN,"3,774,828"
1/30/2017,2017,2017,D4,Separated,Unverified,"7,672,148"
1/30/2017,2017,2017,D5,Assigned,Q-RIN,"24,052"
1/30/2017,2017,2017,D5,Assigned,Unverified,"4,949,102"
1/30/2017,2017,2017,D5,Separated,Q-RIN,"45,000"
1/30/2017,2017,2017,D6,Assigned,Q-RIN,"38,049,748"
1/30/2017,2017,2017,D6,Assigned,Unverified,"484,078,061"
1/30/2017,2017,2017,D6,Separated,Q-RIN,"16,978"
1/30/2017,2017,2017,D6,Separated,Unverified,"127,055,833"
2/6/2017,2017,2015,D3,Separated,Unverified,"300,000"
2/6/2017,2017,2015,D6,Separated,Q-RIN,"919,414"
2/6/2017,2017,2015,D6,Separated,Unverified,"4,548,546"
2/6/2017,2017,2016,D3,Separated,Q-RIN,"1,018,745"
2/6/2017,2017,2016,D3,Separated,Unverified,"7,800"
2/6/2017,2017,2016,D4,Assigned,Q-RIN,"412,523"
2/6/2017,2017,2016,D4,Assigned,Unverified,"2,947,666"
2/6/2017,2017,2016,D4,Separated,Q-RIN,"5,598,465"
2/6/2017,2017,2016,D4,Separated,Unverified,"43,891,180"
2/6/2017,2017,2016,D5,Separated,Q-RIN,"11,641"
2/6/2017,2017,2016,D5,Separated,Unverified,"400,000"
2/6/2017,2017,2016,D6,Assigned,Q-RIN,"31,931"
2/6/2017,2017,2016,D6,Assigned,Unverified,"6,050,929"
2/6/2017,2017,2016,D6,Separated,Unverified,"69,183,382"
2/6/2017,2017,2017,D3,Assigned,Q-RIN,"61,304"
2/6/2017,2017,2017,D4,Assigned,Q-RIN,"6,244,820"
2/6/2017,2017,2017,D4,Assigned,Unverified,"46,894,182"
2/6/2017,2017,2017,D4,Separated,Q-RIN,"7,391,130"
2/6/2017,2017,2017,D4,Separated,Unverified,"11,171,587"
2/6/2017,2017,2017,D5,Assigned,Q-RIN,"39,995"
2/6/2017,2017,2017,D5,Assigned,Unverified,"413,425"
2/6/2017,2017,2017,D5,Separated,Q-RIN,"262,032"
2/6/2017,2017,2017,D6,Assigned,Q-RIN,"35,890,634"
2/6/2017,2017,2017,D6,Assigned,Unverified,"440,836,571"
2/6/2017,2017,2017,D6,Separated,Unverified,"155,340,228"
2/13/2017,2017,2015,D3,Assigned,Q-RIN,"29,000"
2/13/2017,2017,2015,D4,Separated,Q-RIN,"289,816"
2/13/2017,2017,2015,D4,Separated,Unverified,"23,937"
2/13/2017,2017,2015,D6,Assigned,Q-RIN,"33,960"
2/13/2017,2017,2015,D6,Assigned,Unverified,"424,873"
2/13/2017,2017,2015,D6,Separated,Unverified,"3,769,820"
2/13/2017,2017,2016,D3,Separated,Q-RIN,"500,000"
2/13/2017,2017,2016,D4,Assigned,Q-RIN,"3,185,627"
2/13/2017,2017,2016,D4,Assigned,Unverified,"20,016,980"
2/13/2017,2017,2016,D4,Separated,Q-RIN,"11,869,586"
2/13/2017,2017,2016,D4,Separated,Unverified,"39,816,118"
2/13/2017,2017,2016,D6,Assigned,Unverified,"401,063"
2/13/2017,2017,2016,D6,Separated,Q-RIN,"2,675,413"
2/13/2017,2017,2016,D6,Separated,Unverified,"38,163,789"
2/13/2017,2017,2017,D3,Assigned,Q-RIN,"73,033"
2/13/2017,2017,2017,D3,Separated,Q-RIN,"200,000"
2/13/2017,2017,2017,D4,Assigned,Q-RIN,"7,454,996"
2/13/2017,2017,2017,D4,Assigned,Unverified,"47,084,708"
2/13/2017,2017,2017,D4,Separated,Q-RIN,"8,563,005"
2/13/2017,2017,2017,D4,Separated,Unverified,"17,999,435"
2/13/2017,2017,2017,D5,Assigned,Q-RIN,"23,846"
2/13/2017,2017,2017,D5,Assigned,Unverified,"592,244"
2/13/2017,2017,2017,D5,Separated,Q-RIN,"108,000"
2/13/2017,2017,2017,D6,Assigned,Q-RIN,"40,483,680"
2/13/2017,2017,2017,D6,Assigned,Unverified,"472,687,792"
2/13/2017,2017,2017,D6,Separated,Unverified,"137,786,991"
2/20/2017,2017,2015,D3,Separated,Unverified,"70,000"
2/20/2017,2017,2015,D6,Assigned,Q-RIN,"24,040"
2/20/2017,2017,2016,D3,Separated,Q-RIN,551
2/20/2017,2017,2016,D4,Assigned,Q-RIN,"259,111"
2/20/2017,2017,2016,D4,Assigned,Unverified,"1,259,963"
2/20/2017,2017,2016,D4,Separated,Q-RIN,"2,121,937"
2/20/2017,2017,2016,D4,Separated,Unverified,"48,072,865"
2/20/2017,2017,2016,D5,Separated,Unverified,"140,381"
2/20/2017,2017,2016,D6,Assigned,Unverified,"789,267"
2/20/2017,2017,2016,D6,Separated,Q-RIN,"2,675,413"
2/20/2017,2017,2016,D6,Separated,Unverified,"78,605,806"
2/20/2017,2017,2017,D3,Assigned,Q-RIN,"65,581"
2/20/2017,2017,2017,D3,Separated,Q-RIN,"11,257,067"
2/20/2017,2017,2017,D4,Assigned,Q-RIN,"8,187,515"
2/20/2017,2017,2017,D4,Assigned,Unverified,"51,281,439"
2/20/2017,2017,2017,D4,Separated,Q-RIN,"4,079,202"
2/20/2017,2017,2017,D4,Separated,Unverified,"19,179,800"
2/20/2017,2017,2017,D5,Assigned,Q-RIN,"31,763"
2/20/2017,2017,2017,D5,Assigned,Unverified,"433,797"
2/20/2017,2017,2017,D5,Separated,Q-RIN,"160,000"
2/20/2017,2017,2017,D6,Assigned,Q-RIN,"40,442,460"
2/20/2017,2017,2017,D6,Assigned,Unverified,"445,282,336"
2/20/2017,2017,2017,D6,Separated,Q-RIN,"1,000,000"
2/20/2017,2017,2017,D6,Separated,Unverified,"189,196,888"
2/27/2017,2017,2015,D3,Separated,Q-RIN,"427,574"
2/27/2017,2017,2015,D4,Separated,Q-RIN,"1,101,458"
2/27/2017,2017,2015,D5,Separated,Unverified,"61,352"
2/27/2017,2017,2015,D6,Separated,Q-RIN,"1,181,767"
2/27/2017,2017,2015,D6,Separated,Unverified,"4,919,485"
2/27/2017,2017,2016,D3,Separated,Q-RIN,"1,673,687"
2/27/2017,2017,2016,D3,Separated,Unverified,"105,444"
2/27/2017,2017,2016,D4,Assigned,Q-RIN,"305,046"
2/27/2017,2017,2016,D4,Assigned,Unverified,"7,145,731"
2/27/2017,2017,2016,D4,Separated,Q-RIN,"18,335,625"
2/27/2017,2017,2016,D4,Separated,Unverified,"57,164,336"
2/27/2017,2017,2016,D5,Assigned,Unverified,"144,232"
2/27/2017,2017,2016,D5,Separated,Unverified,"75,000"
2/27/2017,2017,2016,D6,Assigned,Unverified,"151,680"
2/27/2017,2017,2016,D6,Separated,Q-RIN,"205,649"
2/27/2017,2017,2016,D6,Separated,Unverified,"128,651,268"
2/27/2017,2017,2017,D3,Assigned,Q-RIN,"65,839"
2/27/2017,2017,2017,D3,Separated,Q-RIN,"5,051,862"
2/27/2017,2017,2017,D4,Assigned,Q-RIN,"23,449,861"
2/27/2017,2017,2017,D4,Assigned,Unverified,"55,448,408"
2/27/2017,2017,2017,D4,Separated,Q-RIN,"20,798,946"
2/27/2017,2017,2017,D4,Separated,Unverified,"19,840,101"
2/27/2017,2017,2017,D5,Assigned,Q-RIN,"31,755"
2/27/2017,2017,2017,D5,Assigned,Unverified,"3,673,983"
2/27/2017,2017,2017,D5,Separated,Q-RIN,"106,000"
2/27/2017,2017,2017,D6,Assigned,Q-RIN,"40,865,077"
2/27/2017,2017,2017,D6,Assigned,Unverified,"460,192,833"
2/27/2017,2017,2017,D6,Separated,Q-RIN,"210,000"
2/27/2017,2017,2017,D6,Separated,Unverified,"236,018,093"
3/6/2017,2017,2015,D4,Separated,Q-RIN,"893,986"
3/6/2017,2017,2015,D4,Separated,Unverified,"26,439"
3/6/2017,2017,2015,D5,Assigned,Unverified,"249,948"
3/6/2017,2017,2015,D5,Separated,Unverified,"30,396"
3/6/2017,2017,2015,D6,Separated,Q-RIN,"61,795"
3/6/2017,2017,2015,D6,Separated,Unverified,"3,489,625"
3/6/2017,2017,2016,D3,Separated,Q-RIN,"1,205,000"
3/6/2017,2017,2016,D4,Assigned,Q-RIN,"9,450"
3/6/2017,2017,2016,D4,Assigned,Unverified,"341,652"
3/6/2017,2017,2016,D4,Separated,Q-RIN,"9,076,016"
3/6/2017,2017,2016,D4,Separated,Unverified,"36,163,950"
3/6/2017,2017,2016,D5,Assigned,Unverified,"190,648"
3/6/2017,2017,2016,D6,Separated,Q-RIN,"688,502"
3/6/2017,2017,2016,D6,Separated,Unverified,"127,027,208"
3/6/2017,2017,2017,D3,Assigned,Q-RIN,"305,212"
3/6/2017,2017,2017,D3,Separated,Q-RIN,"2,297,648"
3/6/2017,2017,2017,D4,Assigned,Q-RIN,"10,214,976"
3/6/2017,2017,2017,D4,Assigned,Unverified,"68,024,913"
3/6/2017,2017,2017,D4,Separated,Q-RIN,"6,280,450"
3/6/2017,2017,2017,D4,Separated,Unverified,"31,626,572"
3/6/2017,2017,2017,D5,Assigned,Q-RIN,"31,812"
3/6/2017,2017,2017,D5,Assigned,Unverified,"447,189"
3/6/2017,2017,2017,D5,Separated,Q-RIN,"172,657"
3/6/2017,2017,2017,D6,Assigned,Q-RIN,"38,409,111"
3/6/2017,2017,2017,D6,Assigned,Unverified,"460,380,870"
3/6/2017,2017,2017,D6,Separated,Unverified,"204,445,266"
3/13/2017,2017,2015,D3,Separated,Q-RIN,"3,079,527"
3/13/2017,2017,2015,D3,Separated,Unverified,"459,518"
3/13/2017,2017,2015,D4,Separated,Q-RIN,"1,716,851"
3/13/2017,2017,2015,D4,Separated,Unverified,"1,230,143"
3/13/2017,2017,2015,D5,Separated,Unverified,"1,256,804"
3/13/2017,2017,2015,D6,Separated,Q-RIN,"61,795"
3/13/2017,2017,2015,D6,Separated,Unverified,"620,502"
3/13/2017,2017,2016,D3,Separated,Q-RIN,"4,776,051"
3/13/2017,2017,2016,D4,Assigned,Unverified,"127,957"
3/13/2017,2017,2016,D4,Separated,Q-RIN,"18,806,552"
3/13/2017,2017,2016,D4,Separated,Unverified,"47,305,789"
3/13/2017,2017,2016,D5,Separated,Unverified,"100,802"
3/13/2017,2017,2016,D6,Separated,Q-RIN,"7,801"
3/13/2017,2017,2016,D6,Separated,Unverified,"134,908,258"
3/13/2017,2017,2017,D3,Assigned,Q-RIN,"231,975"
3/13/2017,2017,2017,D3,Separated,Q-RIN,"7,959,070"
3/13/2017,2017,2017,D4,Assigned,Q-RIN,"12,965,751"
3/13/2017,2017,2017,D4,Assigned,Unverified,"46,034,787"
3/13/2017,2017,2017,D4,Separated,Q-RIN,"8,567,273"
3/13/2017,2017,2017,D4,Separated,Unverified,"38,848,279"
3/13/2017,2017,2017,D5,Assigned,Q-RIN,"16,034"
3/13/2017,2017,2017,D5,Assigned,Unverified,"568,588"
3/13/2017,2017,2017,D5,Separated,Q-RIN,"100,000"
3/13/2017,2017,2017,D6,Assigned,Q-RIN,"47,220,916"
3/13/2017,2017,2017,D6,Assigned,Unverified,"457,315,309"
3/13/2017,2017,2017,D6,Separated,Q-RIN,"7,850"
3/13/2017,2017,2017,D6,Separated,Unverified,"327,745,018"
3/20/2017,2017,2015,D3,Separated,Q-RIN,"4,906,000"
3/20/2017,2017,2015,D3,Separated,Unverified,"145,095"
3/20/2017,2017,2015,D4,Separated,Unverified,"1,399"
3/20/2017,2017,2015,D5,Separated,Unverified,"1,000,255"
3/20/2017,2017,2015,D6,Assigned,Q-RIN,"725,110"
3/20/2017,2017,2015,D6,Assigned,Unverified,"15,053,730"
3/20/2017,2017,2015,D6,Separated,Q-RIN,"772,724"
3/20/2017,2017,2015,D6,Separated,Unverified,"19,843,626"
3/20/2017,2017,2016,D3,Separated,Q-RIN,"1,269,334"
3/20/2017,2017,2016,D3,Separated,Unverified,268
3/20/2017,2017,2016,D4,Assigned,Q-RIN,"207,554"
3/20/2017,2017,2016,D4,Assigned,Unverified,"2,270,601"
3/20/2017,2017,2016,D4,Separated,Q-RIN,"5,820,922"
3/20/2017,2017,2016,D4,Separated,Unverified,"37,034,594"
3/20/2017,2017,2016,D5,Separated,Unverified,"430,299"
3/20/2017,2017,2016,D6,Assigned,Q-RIN,175
3/20/2017,2017,2016,D6,Separated,Q-RIN,"4,425,000"
3/20/2017,2017,2016,D6,Separated,Unverified,"86,244,165"
3/20/2017,2017,2017,D3,Assigned,Q-RIN,"315,844"
3/20/2017,2017,2017,D3,Separated,Q-RIN,"9,314,647"
3/20/2017,2017,2017,D4,Assigned,Q-RIN,"16,217,069"
3/20/2017,2017,2017,D4,Assigned,Unverified,"44,916,032"
3/20/2017,2017,2017,D4,Separated,Q-RIN,"7,541,949"
3/20/2017,2017,2017,D4,Separated,Unverified,"34,538,567"
3/20/2017,2017,2017,D5,Assigned,Q-RIN,"39,753"
3/20/2017,2017,2017,D5,Assigned,Unverified,"469,101"
3/20/2017,2017,2017,D5,Separated,Q-RIN,"130,000"
3/20/2017,2017,2017,D6,Assigned,Q-RIN,"40,889,839"
3/20/2017,2017,2017,D6,Assigned,Unverified,"462,510,580"
3/20/2017,2017,2017,D6,Separated,Q-RIN,"8,064,025"
3/20/2017,2017,2017,D6,Separated,Unverified,"375,684,422"
3/27/2017,2017,2015,D3,Separated,Q-RIN,"4,791,990"
3/27/2017,2017,2015,D3,Separated,Unverified,"93,918"
3/27/2017,2017,2015,D4,Separated,Q-RIN,"141,843"
3/27/2017,2017,2015,D4,Separated,Unverified,"3,645,931"
3/27/2017,2017,2015,D5,Separated,Unverified,"2,185,120"
3/27/2017,2017,2015,D6,Assigned,Q-RIN,109
3/27/2017,2017,2015,D6,Assigned,Unverified,"471,053"
3/27/2017,2017,2015,D6,Separated,Q-RIN,"139,219"
3/27/2017,2017,2015,D6,Separated,Unverified,"19,789,046"
3/27/2017,2017,2016,D3,Separated,Q-RIN,"6,355,054"
3/27/2017,2017,2016,D3,Separated,Unverified,"119,268"
3/27/2017,2017,2016,D4,Assigned,Q-RIN,"162,918"
3/27/2017,2017,2016,D4,Assigned,Unverified,"221,826"
3/27/2017,2017,2016,D4,Separated,Q-RIN,"13,415,646"
3/27/2017,2017,2016,D4,Separated,Unverified,"192,940,378"
3/27/2017,2017,2016,D5,Separated,Unverified,"3,488,903"
3/27/2017,2017,2016,D6,Assigned,Q-RIN,"234,520"
3/27/2017,2017,2016,D6,Assigned,Unverified,"589,443"
3/27/2017,2017,2016,D6,Separated,Q-RIN,"1,246,537"
3/27/2017,2017,2016,D6,Separated,Unverified,"683,563,801"
3/27/2017,2017,2017,D3,Assigned,Q-RIN,"246,728"
3/27/2017,2017,2017,D3,Separated,Q-RIN,"9,378,666"
3/27/2017,2017,2017,D3,Separated,Unverified,"167,595"
3/27/2017,2017,2017,D4,Assigned,Q-RIN,"13,584,487"
3/27/2017,2017,2017,D4,Assigned,Unverified,"72,225,658"
3/27/2017,2017,2017,D4,Separated,Q-RIN,"17,135,361"
3/27/2017,2017,2017,D4,Separated,Unverified,"46,900,064"
3/27/2017,2017,2017,D5,Assigned,Q-RIN,"39,615"
3/27/2017,2017,2017,D5,Assigned,Unverified,"1,353,315"
3/27/2017,2017,2017,D5,Separated,Q-RIN,"176,661"
3/27/2017,2017,2017,D6,Assigned,Q-RIN,"47,148,187"
3/27/2017,2017,2017,D6,Assigned,Unverified,"452,084,166"
3/27/2017,2017,2017,D6,Separated,Q-RIN,"11,231"
3/27/2017,2017,2017,D6,Separated,Unverified,"368,979,162"
4/3/2017,2017,2016,D3,Separated,Q-RIN,"511,232"
4/3/2017,2017,2016,D4,Assigned,Q-RIN,"185,929"
4/3/2017,2017,2016,D4,Separated,Q-RIN,"10,223,751"
4/3/2017,2017,2016,D4,Separated,Unverified,"17,185,837"
4/3/2017,2017,2016,D6,Assigned,Unverified,"1,370,842"
4/3/2017,2017,2016,D6,Separated,Q-RIN,"627,135"
4/3/2017,2017,2016,D6,Separated,Unverified,"24,950,020"
4/3/2017,2017,2017,D3,Assigned,Q-RIN,"193,787"
4/3/2017,2017,2017,D3,Separated,Q-RIN,"1,959,992"
4/3/2017,2017,2017,D4,Assigned,Q-RIN,"55,668,405"
4/3/2017,2017,2017,D4,Assigned,Unverified,"75,929,366"
4/3/2017,2017,2017,D4,Separated,Q-RIN,"52,595,561"
4/3/2017,2017,2017,D4,Separated,Unverified,"58,890,690"
4/3/2017,2017,2017,D5,Assigned,Q-RIN,"23,984"
4/3/2017,2017,2017,D5,Assigned,Unverified,"4,611,397"
4/3/2017,2017,2017,D5,Separated,Q-RIN,"100,000"
4/3/2017,2017,2017,D5,Separated,Unverified,"5,704,902"
4/3/2017,2017,2017,D6,Assigned,Q-RIN,"43,943,317"
4/3/2017,2017,2017,D6,Assigned,Unverified,"435,357,822"
4/3/2017,2017,2017,D6,Separated,Q-RIN,"351,017"
4/3/2017,2017,2017,D6,Separated,Unverified,"214,484,028"
4/10/2017,2017,2015,D6,Separated,Unverified,"1,001"
4/10/2017,2017,2016,D3,Separated,Q-RIN,"78,933"
4/10/2017,2017,2016,D4,Assigned,Q-RIN,"293,845"
4/10/2017,2017,2016,D4,Assigned,Unverified,"73,042"
4/10/2017,2017,2016,D4,Separated,Q-RIN,"3,736,245"
4/10/2017,2017,2016,D4,Separated,Unverified,"8,191,122"
4/10/2017,2017,2016,D6,Separated,Unverified,"3,936,633"
4/10/2017,2017,2017,D3,Assigned,Q-RIN,"82,295"
4/10/2017,2017,2017,D3,Separated,Q-RIN,"3,140,000"
4/10/2017,2017,2017,D4,Assigned,Q-RIN,"25,703,955"
4/10/2017,2017,2017,D4,Assigned,Unverified,"63,488,927"
4/10/2017,2017,2017,D4,Separated,Q-RIN,"23,390,701"
4/10/2017,2017,2017,D4,Separated,Unverified,"28,891,642"
4/10/2017,2017,2017,D5,Assigned,Q-RIN,"7,904"
4/10/2017,2017,2017,D5,Assigned,Unverified,"441,857"
4/10/2017,2017,2017,D5,Separated,Q-RIN,"100,000"
4/10/2017,2017,2017,D6,Assigned,Q-RIN,"36,590,138"
4/10/2017,2017,2017,D6,Assigned,Unverified,"453,552,518"
4/10/2017,2017,2017,D6,Separated,Q-RIN,"50,173"
4/10/2017,2017,2017,D6,Separated,Unverified,"246,478,505"
4/17/2017,2017,2015,D6,Separated,Unverified,"7,393"
4/17/2017,2017,2016,D4,Assigned,Q-RIN,"184,802"
4/17/2017,2017,2016,D4,Assigned,Unverified,"29,116"
4/17/2017,2017,2016,D4,Separated,Q-RIN,"2,692,312"
4/17/2017,2017,2016,D4,Separated,Unverified,"6,512,516"
4/17/2017,2017,2016,D5,Separated,Unverified,"860,598"
4/17/2017,2017,2016,D6,Assigned,Unverified,"8,086"
4/17/2017,2017,2016,D6,Separated,Unverified,"40,049,684"
4/17/2017,2017,2017,D3,Assigned,Q-RIN,"172,434"
4/17/2017,2017,2017,D3,Separated,Q-RIN,"11,233,054"
4/17/2017,2017,2017,D4,Assigned,Q-RIN,"17,789,969"
4/17/2017,2017,2017,D4,Assigned,Unverified,"98,197,972"
4/17/2017,2017,2017,D4,Separated,Q-RIN,"7,482,502"
4/17/2017,2017,2017,D4,Separated,Unverified,"30,006,911"
4/17/2017,2017,2017,D5,Assigned,Q-RIN,"23,759"
4/17/2017,2017,2017,D5,Assigned,Unverified,"465,411"
4/17/2017,2017,2017,D5,Separated,Q-RIN,"80,000"
4/17/2017,2017,2017,D6,Assigned,Q-RIN,"41,102,917"
4/17/2017,2017,2017,D6,Assigned,Unverified,"477,372,472"
4/17/2017,2017,2017,D6,Separated,Q-RIN,"17,023"
4/17/2017,2017,2017,D6,Separated,Unverified,"258,278,980"
4/24/2017,2017,2016,D3,Separated,Q-RIN,"400,000"
4/24/2017,2017,2016,D3,Separated,Unverified,"6,904"
4/24/2017,2017,2016,D4,Assigned,Q-RIN,"85,208"
4/24/2017,2017,2016,D4,Assigned,Unverified,"416,171"
4/24/2017,2017,2016,D4,Separated,Q-RIN,"899,981"
4/24/2017,2017,2016,D4,Separated,Unverified,"9,755,079"
4/24/2017,2017,2016,D5,Separated,Unverified,"487,392"
4/24/2017,2017,2016,D6,Assigned,Unverified,660
4/24/2017,2017,2016,D6,Separated,Q-RIN,"26,320"
4/24/2017,2017,2016,D6,Separated,Unverified,"48,683,869"
4/24/2017,2017,2017,D3,Assigned,Q-RIN,"113,354"
4/24/2017,2017,2017,D3,Separated,Q-RIN,"9,243,451"
4/24/2017,2017,2017,D3,Separated,Unverified,"135,454"
4/24/2017,2017,2017,D4,Assigned,Q-RIN,"14,575,167"
4/24/2017,2017,2017,D4,Assigned,Unverified,"85,236,268"
4/24/2017,2017,2017,D4,Separated,Q-RIN,"35,546,754"
4/24/2017,2017,2017,D4,Separated,Unverified,"69,283,997"
4/24/2017,2017,2017,D5,Assigned,Q-RIN,"23,802"
4/24/2017,2017,2017,D5,Assigned,Unverified,"1,608,532"
4/24/2017,2017,2017,D5,Separated,Q-RIN,"104,634"
4/24/2017,2017,2017,D5,Separated,Unverified,"1,308,592"
4/24/2017,2017,2017,D6,Assigned,Q-RIN,"47,876,661"
4/24/2017,2017,2017,D6,Assigned,Unverified,"474,749,810"
4/24/2017,2017,2017,D6,Separated,Q-RIN,"3,692,670"
4/24/2017,2017,2017,D6,Separated,Unverified,"335,729,136"
5/1/2017,2017,2016,D3,Separated,Unverified,"17,772"
5/1/2017,2017,2016,D4,Assigned,Q-RIN,"35,065"
5/1/2017,2017,2016,D4,Assigned,Unverified,"289,693"
5/1/2017,2017,2016,D4,Separated,Q-RIN,"4,055,187"
5/1/2017,2017,2016,D4,Separated,Unverified,"5,771,653"
5/1/2017,2017,2016,D5,Separated,Unverified,"271,141"
5/1/2017,2017,2016,D6,Separated,Unverified,"13,432,516"
5/1/2017,2017,2017,D3,Assigned,Q-RIN,"188,981"
5/1/2017,2017,2017,D3,Separated,Q-RIN,"5,290,300"
5/1/2017,2017,2017,D4,Assigned,Q-RIN,"30,085,953"
5/1/2017,2017,2017,D4,Assigned,Unverified,"64,392,573"
5/1/2017,2017,2017,D4,Separated,Q-RIN,"19,703,291"
5/1/2017,2017,2017,D4,Separated,Unverified,"35,335,920"
5/1/2017,2017,2017,D5,Assigned,Q-RIN,"15,731"
5/1/2017,2017,2017,D5,Assigned,Unverified,"4,835,720"
5/1/2017,2017,2017,D5,Separated,Q-RIN,"90,000"
5/1/2017,2017,2017,D5,Separated,Unverified,"954,617"
5/1/2017,2017,2017,D6,Assigned,Q-RIN,"33,813,754"
5/1/2017,2017,2017,D6,Assigned,Unverified,"451,807,811"
5/1/2017,2017,2017,D6,Separated,Q-RIN,"195,635"
5/1/2017,2017,2017,D6,Separated,Unverified,"185,741,765"
5/8/2017,2017,2016,D3,Separated,Q-RIN,"508,177"
5/8/2017,2017,2016,D3,Separated,Unverified,300
5/8/2017,2017,2016,D4,Assigned,Q-RIN,"36,201"
5/8/2017,2017,2016,D4,Assigned,Unverified,"448,881"
5/8/2017,2017,2016,D4,Separated,Q-RIN,"7,796,535"
5/8/2017,2017,2016,D4,Separated,Unverified,"10,018,876"
5/8/2017,2017,2016,D6,Separated,Unverified,"15,428,363"
5/8/2017,2017,2017,D3,Assigned,Q-RIN,"533,374"
5/8/2017,2017,2017,D3,Separated,Q-RIN,"2,568,677"
5/8/2017,2017,2017,D4,Assigned,Q-RIN,"17,638,931"
5/8/2017,2017,2017,D4,Assigned,Unverified,"94,702,429"
5/8/2017,2017,2017,D4,Separated,Q-RIN,"16,440,843"
5/8/2017,2017,2017,D4,Separated,Unverified,"41,291,898"
5/8/2017,2017,2017,D5,Assigned,Q-RIN,"47,450"
5/8/2017,2017,2017,D5,Assigned,Unverified,"5,553,360"
5/8/2017,2017,2017,D5,Separated,Q-RIN,"27,939"
5/8/2017,2017,2017,D5,Separated,Unverified,"250,000"
5/8/2017,2017,2017,D6,Assigned,Q-RIN,"43,840,697"
5/8/2017,2017,2017,D6,Assigned,Unverified,"438,364,468"
5/8/2017,2017,2017,D6,Separated,Q-RIN,"1,119,886"
5/8/2017,2017,2017,D6,Separated,Unverified,"265,642,565"
5/15/2017,2017,2016,D3,Separated,Q-RIN,"600,000"
5/15/2017,2017,2016,D4,Assigned,Q-RIN,"33,129"
5/15/2017,2017,2016,D4,Assigned,Unverified,"1,707,668"
5/15/2017,2017,2016,D4,Separated,Q-RIN,"1,698,053"
5/15/2017,2017,2016,D4,Separated,Unverified,"7,082,188"
5/15/2017,2017,2016,D6,Separated,Unverified,"30,654,547"
5/15/2017,2017,2017,D3,Assigned,Q-RIN,"353,317"
5/15/2017,2017,2017,D3,Separated,Q-RIN,"9,490,566"
5/15/2017,2017,2017,D4,Assigned,Q-RIN,"21,275,285"
5/15/2017,2017,2017,D4,Assigned,Unverified,"66,054,176"
5/15/2017,2017,2017,D4,Separated,Q-RIN,"14,856,741"
5/15/2017,2017,2017,D4,Separated,Unverified,"104,710,999"
5/15/2017,2017,2017,D5,Assigned,Q-RIN,"54,393"
5/15/2017,2017,2017,D5,Assigned,Unverified,"547,580"
5/15/2017,2017,2017,D5,Separated,Q-RIN,"22,021"
5/15/2017,2017,2017,D5,Separated,Unverified,"5,969,339"
5/15/2017,2017,2017,D6,Assigned,Q-RIN,"34,618,788"
5/15/2017,2017,2017,D6,Assigned,Unverified,"462,153,781"
5/15/2017,2017,2017,D6,Separated,Q-RIN,"5,500,000"
5/15/2017,2017,2017,D6,Separated,Unverified,"251,693,867"
5/22/2017,2017,2016,D4,Assigned,Unverified,"298,464"
5/22/2017,2017,2016,D4,Separated,Q-RIN,"7,189,826"
5/22/2017,2017,2016,D4,Separated,Unverified,"9,964,126"
5/22/2017,2017,2016,D6,Separated,Q-RIN,"32,000"
5/22/2017,2017,2016,D6,Separated,Unverified,"26,496,953"
5/22/2017,2017,2017,D3,Assigned,Q-RIN,"113,128"
5/22/2017,2017,2017,D3,Separated,Q-RIN,"4,645,751"
5/22/2017,2017,2017,D4,Assigned,Q-RIN,"20,497,567"
5/22/2017,2017,2017,D4,Assigned,Unverified,"67,915,409"
5/22/2017,2017,2017,D4,Separated,Q-RIN,"21,455,427"
5/22/2017,2017,2017,D4,Separated,Unverified,"41,601,909"
5/22/2017,2017,2017,D5,Assigned,Q-RIN,"47,132"
5/22/2017,2017,2017,D5,Assigned,Unverified,"432,110"
5/22/2017,2017,2017,D5,Separated,Q-RIN,"47,914"
5/22/2017,2017,2017,D6,Assigned,Q-RIN,"41,154,998"
5/22/2017,2017,2017,D6,Assigned,Unverified,"444,151,054"
5/22/2017,2017,2017,D6,Separated,Q-RIN,"62,425"
5/22/2017,2017,2017,D6,Separated,Unverified,"253,199,649"
5/29/2017,2017,2016,D3,Separated,Q-RIN,"1,000,000"
5/29/2017,2017,2016,D3,Separated,Unverified,"63,090"
5/29/2017,2017,2016,D4,Assigned,Unverified,"1,635,740"
5/29/2017,2017,2016,D4,Separated,Q-RIN,"8,100,143"
5/29/2017,2017,2016,D4,Separated,Unverified,"21,114,599"
5/29/2017,2017,2016,D6,Assigned,Unverified,"60,114"
5/29/2017,2017,2016,D6,Separated,Unverified,"17,521,576"
5/29/2017,2017,2017,D3,Assigned,Q-RIN,"197,232"
5/29/2017,2017,2017,D3,Assigned,Unverified,"431,007"
5/29/2017,2017,2017,D3,Separated,Q-RIN,"11,006,488"
5/29/2017,2017,2017,D4,Assigned,Q-RIN,"17,740,374"
5/29/2017,2017,2017,D4,Assigned,Unverified,"74,688,147"
5/29/2017,2017,2017,D4,Separated,Q-RIN,"16,917,018"
5/29/2017,2017,2017,D4,Separated,Unverified,"48,339,364"
5/29/2017,2017,2017,D5,Assigned,Q-RIN,"47,066"
5/29/2017,2017,2017,D5,Assigned,Unverified,"3,970,373"
5/29/2017,2017,2017,D5,Separated,Q-RIN,"143,329"
5/29/2017,2017,2017,D5,Separated,Unverified,"6,088,458"
5/29/2017,2017,2017,D6,Assigned,Q-RIN,"43,919,630"
5/29/2017,2017,2017,D6,Assigned,Unverified,"432,260,470"
5/29/2017,2017,2017,D6,Separated,Q-RIN,"630,000"
5/29/2017,2017,2017,D6,Separated,Unverified,"326,269,890"
6/5/2017,2017,2016,D3,Separated,Q-RIN,"1,018,072"
6/5/2017,2017,2016,D3,Separated,Unverified,"18,072"
6/5/2017,2017,2016,D4,Assigned,Unverified,"321,237"
6/5/2017,2017,2016,D4,Separated,Q-RIN,"4,690,316"
6/5/2017,2017,2016,D4,Separated,Unverified,"13,738,217"
6/5/2017,2017,2016,D5,Separated,Unverified,"2,067,360"
6/5/2017,2017,2016,D6,Assigned,Unverified,"53,626"
6/5/2017,2017,2016,D6,Separated,Q-RIN,"493,767"
6/5/2017,2017,2016,D6,Separated,Unverified,"18,788,392"
6/5/2017,2017,2017,D3,Assigned,Q-RIN,"82,295"
6/5/2017,2017,2017,D3,Separated,Q-RIN,"2,990,858"
6/5/2017,2017,2017,D4,Assigned,Q-RIN,"32,468,423"
6/5/2017,2017,2017,D4,Assigned,Unverified,"109,927,755"
6/5/2017,2017,2017,D4,Separated,Q-RIN,"47,114,375"
6/5/2017,2017,2017,D4,Separated,Unverified,"70,817,652"
6/5/2017,2017,2017,D5,Assigned,Q-RIN,"39,324"
6/5/2017,2017,2017,D5,Assigned,Unverified,"11,312,209"
6/5/2017,2017,2017,D5,Separated,Q-RIN,"47,939"
6/5/2017,2017,2017,D6,Assigned,Q-RIN,"39,026,596"
6/5/2017,2017,2017,D6,Assigned,Unverified,"413,048,111"
6/5/2017,2017,2017,D6,Separated,Unverified,"424,666,474"
6/12/2017,2017,2016,D3,Separated,Q-RIN,"1,400,000"
6/12/2017,2017,2016,D4,Assigned,Q-RIN,"343,721"
6/12/2017,2017,2016,D4,Assigned,Unverified,"52,041"
6/12/2017,2017,2016,D4,Separated,Q-RIN,"10,160,541"
6/12/2017,2017,2016,D4,Separated,Unverified,"7,037,747"
6/12/2017,2017,2016,D5,Separated,Unverified,"102,798"
6/12/2017,2017,2016,D6,Assigned,Q-RIN,"7,980"
6/12/2017,2017,2016,D6,Separated,Unverified,"53,024,607"
6/12/2017,2017,2017,D3,Assigned,Q-RIN,"377,614"
6/12/2017,2017,2017,D3,Separated,Q-RIN,"12,527,917"
6/12/2017,2017,2017,D4,Assigned,Q-RIN,"42,517,292"
6/12/2017,2017,2017,D4,Assigned,Unverified,"82,322,176"
6/12/2017,2017,2017,D4,Separated,Q-RIN,"52,888,075"
6/12/2017,2017,2017,D4,Separated,Unverified,"90,360,316"
6/12/2017,2017,2017,D5,Assigned,Q-RIN,"54,902"
6/12/2017,2017,2017,D5,Assigned,Unverified,"592,290"
6/12/2017,2017,2017,D5,Separated,Q-RIN,"2,061"
6/12/2017,2017,2017,D5,Separated,Unverified,"11,175,825"
6/12/2017,2017,2017,D6,Assigned,Q-RIN,"43,312,521"
6/12/2017,2017,2017,D6,Assigned,Unverified,"447,903,574"
6/12/2017,2017,2017,D6,Separated,Q-RIN,"5,257,996"
6/12/2017,2017,2017,D6,Separated,Unverified,"399,754,929"
6/19/2017,2017,2016,D4,Assigned,Q-RIN,"340,153"
6/19/2017,2017,2016,D4,Assigned,Unverified,"1,126,966"
6/19/2017,2017,2016,D4,Separated,Q-RIN,"10,562,954"
6/19/2017,2017,2016,D4,Separated,Unverified,"18,426,498"
6/19/2017,2017,2016,D6,Separated,Unverified,"8,832,551"
6/19/2017,2017,2017,D3,Assigned,Q-RIN,"23,534"
6/19/2017,2017,2017,D3,Assigned,Unverified,"1,331,289"
6/19/2017,2017,2017,D3,Separated,Q-RIN,"15,983,981"
6/19/2017,2017,2017,D3,Separated,Unverified,"1,331,289"
6/19/2017,2017,2017,D4,Assigned,Q-RIN,"19,738,438"
6/19/2017,2017,2017,D4,Assigned,Unverified,"90,845,481"
6/19/2017,2017,2017,D4,Separated,Q-RIN,"26,821,436"
6/19/2017,2017,2017,D4,Separated,Unverified,"108,172,266"
6/19/2017,2017,2017,D5,Assigned,Q-RIN,"54,953"
6/19/2017,2017,2017,D5,Assigned,Unverified,"497,624"
6/19/2017,2017,2017,D5,Separated,Q-RIN,"36,000"
6/19/2017,2017,2017,D5,Separated,Unverified,"1,266,888"
6/19/2017,2017,2017,D6,Assigned,Q-RIN,"40,870,816"
6/19/2017,2017,2017,D6,Assigned,Unverified,"446,962,125"
6/19/2017,2017,2017,D6,Separated,Q-RIN,"1,200,000"
6/19/2017,2017,2017,D6,Separated,Unverified,"536,509,141"
6/26/2017,2017,2016,D3,Separated,Q-RIN,"115,000"
6/26/2017,2017,2016,D4,Assigned,Q-RIN,"123,219"
6/26/2017,2017,2016,D4,Separated,Q-RIN,"9,045,789"
6/26/2017,2017,2016,D4,Separated,Unverified,"22,899,648"
6/26/2017,2017,2016,D5,Separated,Unverified,"102,798"
6/26/2017,2017,2016,D6,Separated,Unverified,"10,380,758"
6/26/2017,2017,2017,D3,Assigned,Q-RIN,"24,503"
6/26/2017,2017,2017,D3,Separated,Q-RIN,"14,461,592"
6/26/2017,2017,2017,D3,Separated,Unverified,"171,964"
6/26/2017,2017,2017,D4,Assigned,Q-RIN,"43,266,064"
6/26/2017,2017,2017,D4,Assigned,Unverified,"99,479,897"
6/26/2017,2017,2017,D4,Separated,Q-RIN,"47,129,602"
6/26/2017,2017,2017,D4,Separated,Unverified,"126,325,753"
6/26/2017,2017,2017,D5,Assigned,Q-RIN,"31,368"
6/26/2017,2017,2017,D5,Assigned,Unverified,"2,062,502"
6/26/2017,2017,2017,D5,Separated,Q-RIN,"188,099"
6/26/2017,2017,2017,D5,Separated,Unverified,"5,000,000"
6/26/2017,2017,2017,D6,Assigned,Q-RIN,"37,540,393"
6/26/2017,2017,2017,D6,Assigned,Unverified,"461,021,091"
6/26/2017,2017,2017,D6,Separated,Q-RIN,"371,823"
6/26/2017,2017,2017,D6,Separated,Unverified,"575,457,033"
7/3/2017,2017,2016,D3,Separated,Q-RIN,"200,000"
7/3/2017,2017,2016,D4,Separated,Q-RIN,"4,340,221"
7/3/2017,2017,2016,D4,Separated,Unverified,"2,762,958"
7/3/2017,2017,2016,D6,Separated,Unverified,"3,907,887"
7/3/2017,2017,2017,D3,Assigned,Q-RIN,"543,301"
7/3/2017,2017,2017,D3,Separated,Q-RIN,"2,008,004"
7/3/2017,2017,2017,D4,Assigned,Q-RIN,"22,668,119"
7/3/2017,2017,2017,D4,Assigned,Unverified,"63,753,013"
7/3/2017,2017,2017,D4,Separated,Q-RIN,"32,768,176"
7/3/2017,2017,2017,D4,Separated,Unverified,"58,828,687"
7/3/2017,2017,2017,D5,Assigned,Q-RIN,"39,249"
7/3/2017,2017,2017,D5,Assigned,Unverified,"2,095,899"
7/3/2017,2017,2017,D5,Separated,Q-RIN,"36,000"
7/3/2017,2017,2017,D5,Separated,Unverified,"2,400,000"
7/3/2017,2017,2017,D6,Assigned,Q-RIN,"39,302,699"
7/3/2017,2017,2017,D6,Assigned,Unverified,"411,891,263"
7/3/2017,2017,2017,D6,Separated,Q-RIN,"578,800"
7/3/2017,2017,2017,D6,Separated,Unverified,"267,928,722"
7/10/2017,2017,2016,D3,Separated,Q-RIN,"80,696"
7/10/2017,2017,2016,D4,Assigned,Q-RIN,"3,081"
7/10/2017,2017,2016,D4,Separated,Q-RIN,"3,636,813"
7/10/2017,2017,2016,D4,Separated,Unverified,"17,546,223"
7/10/2017,2017,2016,D6,Separated,Q-RIN,"26,088"
7/10/2017,2017,2016,D6,Separated,Unverified,"18,388,125"
7/10/2017,2017,2017,D3,Assigned,Q-RIN,"24,524"
7/10/2017,2017,2017,D3,Separated,Q-RIN,"2,285,581"
7/10/2017,2017,2017,D3,Separated,Unverified,"1,200,000"
7/10/2017,2017,2017,D4,Assigned,Q-RIN,"28,664,159"
7/10/2017,2017,2017,D4,Assigned,Unverified,"106,437,597"
7/10/2017,2017,2017,D4,Separated,Q-RIN,"39,707,632"
7/10/2017,2017,2017,D4,Separated,Unverified,"59,074,792"
7/10/2017,2017,2017,D5,Assigned,Q-RIN,"31,509"
7/10/2017,2017,2017,D5,Assigned,Unverified,"487,593"
7/10/2017,2017,2017,D5,Separated,Q-RIN,"18,000"
7/10/2017,2017,2017,D5,Separated,Unverified,"4,000,000"
7/10/2017,2017,2017,D6,Assigned,Q-RIN,"39,477,553"
7/10/2017,2017,2017,D6,Assigned,Unverified,"466,291,531"
7/10/2017,2017,2017,D6,Separated,Q-RIN,"208,599"
7/10/2017,2017,2017,D6,Separated,Unverified,"327,473,295"
7/17/2017,2017,2016,D3,Separated,Q-RIN,"903,946"
7/17/2017,2017,2016,D4,Separated,Q-RIN,"2,809,585"
7/17/2017,2017,2016,D4,Separated,Unverified,"7,049,516"
7/17/2017,2017,2016,D6,Separated,Unverified,"21,532,232"
7/17/2017,2017,2017,D3,Assigned,Q-RIN,"547,369"
7/17/2017,2017,2017,D3,Separated,Q-RIN,"6,746,557"
7/17/2017,2017,2017,D4,Assigned,Q-RIN,"26,273,091"
7/17/2017,2017,2017,D4,Assigned,Unverified,"63,692,142"
7/17/2017,2017,2017,D4,Separated,Q-RIN,"43,305,819"
7/17/2017,2017,2017,D4,Separated,Unverified,"59,057,349"
7/17/2017,2017,2017,D5,Assigned,Q-RIN,"46,933"
7/17/2017,2017,2017,D5,Assigned,Unverified,"497,963"
7/17/2017,2017,2017,D5,Separated,Q-RIN,"18,000"
7/17/2017,2017,2017,D5,Separated,Unverified,"769,476"
7/17/2017,2017,2017,D6,Assigned,Q-RIN,"42,768,907"
7/17/2017,2017,2017,D6,Assigned,Unverified,"462,313,550"
7/17/2017,2017,2017,D6,Separated,Q-RIN,"5,234,627"
7/17/2017,2017,2017,D6,Separated,Unverified,"435,714,669"
7/24/2017,2017,2016,D4,Separated,Q-RIN,"947,706"
7/24/2017,2017,2016,D4,Separated,Unverified,"1,903,332"
7/24/2017,2017,2016,D6,Separated,Q-RIN,"197,842"
7/24/2017,2017,2016,D6,Separated,Unverified,"39,403,832"
7/24/2017,2017,2017,D3,Assigned,Q-RIN,"360,131"
7/24/2017,2017,2017,D3,Separated,Q-RIN,"21,908,740"
7/24/2017,2017,2017,D4,Assigned,Q-RIN,"17,217,856"
7/24/2017,2017,2017,D4,Assigned,Unverified,"90,984,233"
7/24/2017,2017,2017,D4,Separated,Q-RIN,"24,975,127"
7/24/2017,2017,2017,D4,Separated,Unverified,"74,026,922"
7/24/2017,2017,2017,D5,Assigned,Q-RIN,"47,212"
7/24/2017,2017,2017,D5,Assigned,Unverified,"442,595"
7/24/2017,2017,2017,D5,Separated,Unverified,"500,000"
7/24/2017,2017,2017,D6,Assigned,Q-RIN,"35,833,112"
7/24/2017,2017,2017,D6,Assigned,Unverified,"464,980,906"
7/24/2017,2017,2017,D6,Separated,Q-RIN,"2,000,000"
7/24/2017,2017,2017,D6,Separated,Unverified,"287,881,622"
7/31/2017,2017,2016,D4,Separated,Q-RIN,"1,123,732"
7/31/2017,2017,2016,D4,Separated,Unverified,"6,873,564"
7/31/2017,2017,2016,D6,Assigned,Unverified,"15,776"
7/31/2017,2017,2016,D6,Separated,Unverified,"10,321,895"
7/31/2017,2017,2017,D3,Assigned,Q-RIN,"425,402"
7/31/2017,2017,2017,D3,Separated,Q-RIN,"4,562,613"
7/31/2017,2017,2017,D4,Assigned,Q-RIN,"43,015,023"
7/31/2017,2017,2017,D4,Assigned,Unverified,"106,648,737"
7/31/2017,2017,2017,D4,Separated,Q-RIN,"69,495,582"
7/31/2017,2017,2017,D4,Separated,Unverified,"98,699,388"
7/31/2017,2017,2017,D5,Assigned,Q-RIN,"23,467"
7/31/2017,2017,2017,D5,Assigned,Unverified,"6,883,151"
7/31/2017,2017,2017,D5,Separated,Q-RIN,"171,848"
7/31/2017,2017,2017,D5,Separated,Unverified,"2,600,000"
7/31/2017,2017,2017,D6,Assigned,Q-RIN,"43,948,464"
7/31/2017,2017,2017,D6,Assigned,Unverified,"448,977,604"
7/31/2017,2017,2017,D6,Separated,Q-RIN,"786,491"
7/31/2017,2017,2017,D6,Separated,Unverified,"273,118,689"
8/7/2017,2017,2016,D3,Separated,Q-RIN,"350,000"
8/7/2017,2017,2016,D4,Assigned,Q-RIN,648
8/7/2017,2017,2016,D4,Separated,Q-RIN,"282,287"
8/7/2017,2017,2016,D4,Separated,Unverified,"4,208,767"
8/7/2017,2017,2016,D6,Separated,Unverified,"2,516,818"
8/7/2017,2017,2017,D3,Assigned,Q-RIN,"440,992"
8/7/2017,2017,2017,D3,Separated,Q-RIN,"3,181,496"
8/7/2017,2017,2017,D4,Assigned,Q-RIN,"28,994,879"
8/7/2017,2017,2017,D4,Assigned,Unverified,"81,843,910"
8/7/2017,2017,2017,D4,Separated,Q-RIN,"26,359,635"
8/7/2017,2017,2017,D4,Separated,Unverified,"61,557,509"
8/7/2017,2017,2017,D5,Assigned,Q-RIN,"47,231"
8/7/2017,2017,2017,D5,Assigned,Unverified,"469,070"
8/7/2017,2017,2017,D5,Separated,Q-RIN,"23,879"
8/7/2017,2017,2017,D5,Separated,Unverified,"4,100,000"
8/7/2017,2017,2017,D6,Assigned,Q-RIN,"38,010,139"
8/7/2017,2017,2017,D6,Assigned,Unverified,"446,245,625"
8/7/2017,2017,2017,D6,Separated,Q-RIN,"211,895"
8/7/2017,2017,2017,D6,Separated,Unverified,"325,046,032"
8/14/2017,2017,2016,D3,Separated,Q-RIN,"650,000"
8/14/2017,2017,2016,D4,Separated,Q-RIN,"2,426,934"
8/14/2017,2017,2016,D4,Separated,Unverified,"2,520,517"
8/14/2017,2017,2016,D6,Separated,Unverified,"10,473,406"
8/14/2017,2017,2017,D3,Assigned,Q-RIN,"23,601"
8/14/2017,2017,2017,D3,Separated,Q-RIN,"8,299,600"
8/14/2017,2017,2017,D4,Assigned,Q-RIN,"27,114,537"
8/14/2017,2017,2017,D4,Assigned,Unverified,"68,618,245"
8/14/2017,2017,2017,D4,Separated,Q-RIN,"45,459,653"
8/14/2017,2017,2017,D4,Separated,Unverified,"76,277,957"
8/14/2017,2017,2017,D5,Assigned,Q-RIN,"47,346"
8/14/2017,2017,2017,D5,Assigned,Unverified,"1,085,198"
8/14/2017,2017,2017,D5,Separated,Q-RIN,"48,000"
8/14/2017,2017,2017,D5,Separated,Unverified,"250,000"
8/14/2017,2017,2017,D6,Assigned,Q-RIN,"38,604,364"
8/14/2017,2017,2017,D6,Assigned,Unverified,"471,806,923"
8/14/2017,2017,2017,D6,Separated,Q-RIN,"6,124,112"
8/14/2017,2017,2017,D6,Separated,Unverified,"430,949,558"
8/21/2017,2017,2016,D3,Separated,Q-RIN,"425,880"
8/21/2017,2017,2016,D4,Assigned,Q-RIN,"696,411"
8/21/2017,2017,2016,D4,Assigned,Unverified,"3,378,500"
8/21/2017,2017,2016,D4,Separated,Q-RIN,"3,664,014"
8/21/2017,2017,2016,D4,Separated,Unverified,"5,505,231"
8/21/2017,2017,2016,D6,Assigned,Unverified,"137,259"
8/21/2017,2017,2016,D6,Separated,Q-RIN,"600,000"
8/21/2017,2017,2016,D6,Separated,Unverified,"4,350,000"
8/21/2017,2017,2017,D3,Assigned,Q-RIN,"284,261"
8/21/2017,2017,2017,D3,Separated,Q-RIN,"10,315,676"
8/21/2017,2017,2017,D4,Assigned,Q-RIN,"35,356,257"
8/21/2017,2017,2017,D4,Assigned,Unverified,"79,565,528"
8/21/2017,2017,2017,D4,Separated,Q-RIN,"18,707,263"
8/21/2017,2017,2017,D4,Separated,Unverified,"55,953,618"
8/21/2017,2017,2017,D5,Assigned,Q-RIN,"31,569"
8/21/2017,2017,2017,D5,Assigned,Unverified,"498,768"
8/21/2017,2017,2017,D5,Separated,Unverified,"950,000"
8/21/2017,2017,2017,D6,Assigned,Q-RIN,"40,671,682"
8/21/2017,2017,2017,D6,Assigned,Unverified,"450,212,774"
8/21/2017,2017,2017,D6,Separated,Q-RIN,"3,081,663"
8/21/2017,2017,2017,D6,Separated,Unverified,"466,827,068"
8/28/2017,2017,2016,D3,Separated,Q-RIN,"256,901"
8/28/2017,2017,2016,D4,Separated,Q-RIN,"1,656,444"
8/28/2017,2017,2016,D4,Separated,Unverified,"898,119"
8/28/2017,2017,2016,D5,Separated,Q-RIN,"15,248"
8/28/2017,2017,2016,D6,Assigned,Unverified,"34,050"
8/28/2017,2017,2016,D6,Separated,Unverified,"183,112"
8/28/2017,2017,2017,D3,Assigned,Q-RIN,"23,497"
8/28/2017,2017,2017,D3,Separated,Q-RIN,"12,846,326"
8/28/2017,2017,2017,D3,Separated,Unverified,"166,422"
8/28/2017,2017,2017,D4,Assigned,Q-RIN,"22,555,442"
8/28/2017,2017,2017,D4,Assigned,Unverified,"76,978,299"
8/28/2017,2017,2017,D4,Separated,Q-RIN,"27,256,382"
8/28/2017,2017,2017,D4,Separated,Unverified,"60,962,769"
8/28/2017,2017,2017,D5,Assigned,Q-RIN,"23,686"
8/28/2017,2017,2017,D5,Assigned,Unverified,"4,660,810"
8/28/2017,2017,2017,D5,Separated,Q-RIN,"144,050"
8/28/2017,2017,2017,D6,Assigned,Q-RIN,"38,030,658"
8/28/2017,2017,2017,D6,Assigned,Unverified,"448,795,778"
8/28/2017,2017,2017,D6,Separated,Q-RIN,"4,015,767"
8/28/2017,2017,2017,D6,Separated,Unverified,"346,571,205"
9/4/2017,2017,2016,D3,Separated,Q-RIN,"250,000"
9/4/2017,2017,2016,D4,Separated,Q-RIN,"680,582"
9/4/2017,2017,2016,D4,Separated,Unverified,"10,202,719"
9/4/2017,2017,2016,D6,Separated,Unverified,"3,223,348"
9/4/2017,2017,2017,D3,Assigned,Q-RIN,"195,734"
9/4/2017,2017,2017,D3,Separated,Q-RIN,"500,000"
9/4/2017,2017,2017,D3,Separated,Unverified,"5,605,517"
9/4/2017,2017,2017,D4,Assigned,Q-RIN,"13,506,178"
9/4/2017,2017,2017,D4,Assigned,Unverified,"69,798,930"
9/4/2017,2017,2017,D4,Separated,Q-RIN,"17,189,928"
9/4/2017,2017,2017,D4,Separated,Unverified,"150,398,110"
9/4/2017,2017,2017,D5,Assigned,Q-RIN,"23,645"
9/4/2017,2017,2017,D5,Assigned,Unverified,"533,300"
9/4/2017,2017,2017,D5,Separated,Q-RIN,"36,000"
9/4/2017,2017,2017,D6,Assigned,Q-RIN,"39,651,501"
9/4/2017,2017,2017,D6,Assigned,Unverified,"444,157,900"
9/4/2017,2017,2017,D6,Separated,Q-RIN,"80,511"
9/4/2017,2017,2017,D6,Separated,Unverified,"332,943,646"
9/11/2017,2017,2016,D3,Separated,Q-RIN,"27,385"
9/11/2017,2017,2016,D4,Separated,Q-RIN,"1,302,550"
9/11/2017,2017,2016,D4,Separated,Unverified,"8,697,450"
9/11/2017,2017,2016,D6,Separated,Unverified,"4,134,634"
9/11/2017,2017,2017,D3,Assigned,Q-RIN,"102,715"
9/11/2017,2017,2017,D3,Separated,Q-RIN,"6,401,512"
9/11/2017,2017,2017,D3,Separated,Unverified,"4,061,085"
9/11/2017,2017,2017,D4,Assigned,Q-RIN,"25,354,626"
9/11/2017,2017,2017,D4,Assigned,Unverified,"83,254,625"
9/11/2017,2017,2017,D4,Separated,Q-RIN,"43,047,805"
9/11/2017,2017,2017,D4,Separated,Unverified,"98,979,198"
9/11/2017,2017,2017,D5,Assigned,Q-RIN,"8,050"
9/11/2017,2017,2017,D5,Assigned,Unverified,"22,355,880"
9/11/2017,2017,2017,D5,Separated,Q-RIN,"60,000"
9/11/2017,2017,2017,D5,Separated,Unverified,"12,934,977"
9/11/2017,2017,2017,D6,Assigned,Q-RIN,"37,748,084"
9/11/2017,2017,2017,D6,Assigned,Unverified,"458,454,850"
9/11/2017,2017,2017,D6,Separated,Q-RIN,"8,316"
9/11/2017,2017,2017,D6,Separated,Unverified,"440,316,499"
9/18/2017,2017,2016,D3,Separated,Q-RIN,"691,686"
9/18/2017,2017,2016,D4,Separated,Q-RIN,"5,883,720"
9/18/2017,2017,2016,D4,Separated,Unverified,"17,783,056"
9/18/2017,2017,2016,D5,Separated,Unverified,"26,660"
9/18/2017,2017,2016,D6,Separated,Unverified,"5,722,038"
9/18/2017,2017,2017,D3,Assigned,Q-RIN,"291,042"
9/18/2017,2017,2017,D3,Separated,Q-RIN,"17,694,598"
9/18/2017,2017,2017,D3,Separated,Unverified,"1,172"
9/18/2017,2017,2017,D4,Assigned,Q-RIN,"22,840,910"
9/18/2017,2017,2017,D4,Assigned,Unverified,"87,436,745"
9/18/2017,2017,2017,D4,Separated,Q-RIN,"44,398,757"
9/18/2017,2017,2017,D4,Separated,Unverified,"149,292,660"
9/18/2017,2017,2017,D5,Assigned,Q-RIN,"31,689"
9/18/2017,2017,2017,D5,Assigned,Unverified,"490,260"
9/18/2017,2017,2017,D5,Separated,Q-RIN,"90,000"
9/18/2017,2017,2017,D5,Separated,Unverified,"15,902,520"
9/18/2017,2017,2017,D6,Assigned,Q-RIN,"41,550,265"
9/18/2017,2017,2017,D6,Assigned,Unverified,"475,885,397"
9/18/2017,2017,2017,D6,Separated,Unverified,"469,084,950"
9/25/2017,2017,2016,D3,Separated,Q-RIN,"538,336"
9/25/2017,2017,2016,D4,Separated,Q-RIN,"7,584,866"
9/25/2017,2017,2016,D4,Separated,Unverified,"26,798,793"
9/25/2017,2017,2016,D6,Separated,Unverified,"2,342,771"
9/25/2017,2017,2017,D3,Assigned,Q-RIN,"505,295"
9/25/2017,2017,2017,D3,Separated,Q-RIN,"13,146,780"
9/25/2017,2017,2017,D4,Assigned,Q-RIN,"35,563,974"
9/25/2017,2017,2017,D4,Assigned,Unverified,"101,527,279"
9/25/2017,2017,2017,D4,Separated,Q-RIN,"44,897,141"
9/25/2017,2017,2017,D4,Separated,Unverified,"237,897,620"
9/25/2017,2017,2017,D5,Assigned,Q-RIN,"55,102"
9/25/2017,2017,2017,D5,Assigned,Unverified,"2,722,086"
9/25/2017,2017,2017,D5,Separated,Q-RIN,"122,022"
9/25/2017,2017,2017,D5,Separated,Unverified,"5,197,613"
9/25/2017,2017,2017,D6,Assigned,Q-RIN,"38,801,730"
9/25/2017,2017,2017,D6,Assigned,Unverified,"474,994,274"
9/25/2017,2017,2017,D6,Separated,Q-RIN,"103,381"
9/25/2017,2017,2017,D6,Separated,Unverified,"448,574,504"
10/2/2017,2017,2016,D4,Separated,Q-RIN,"65,975"
10/2/2017,2017,2016,D4,Separated,Unverified,"1,615,282"
10/2/2017,2017,2016,D6,Assigned,Unverified,"135,252"
10/2/2017,2017,2016,D6,Separated,Unverified,"2,523,281"
10/2/2017,2017,2017,D3,Assigned,Q-RIN,"182,660"
10/2/2017,2017,2017,D3,Separated,Q-RIN,"6,139,483"
10/2/2017,2017,2017,D4,Assigned,Q-RIN,"20,719,142"
10/2/2017,2017,2017,D4,Assigned,Unverified,"69,007,581"
10/2/2017,2017,2017,D4,Separated,Q-RIN,"25,820,933"
10/2/2017,2017,2017,D4,Separated,Unverified,"63,603,507"
10/2/2017,2017,2017,D5,Assigned,Q-RIN,"31,816"
10/2/2017,2017,2017,D5,Assigned,Unverified,"2,108,733"
10/2/2017,2017,2017,D5,Separated,Q-RIN,"50,000"
10/2/2017,2017,2017,D5,Separated,Unverified,"11,300,000"
10/2/2017,2017,2017,D6,Assigned,Q-RIN,"35,731,367"
10/2/2017,2017,2017,D6,Assigned,Unverified,"403,141,824"
10/2/2017,2017,2017,D6,Separated,Q-RIN,"52,808"
10/2/2017,2017,2017,D6,Separated,Unverified,"314,054,183"
10/9/2017,2017,2016,D3,Assigned,Q-RIN,"16,691"
10/9/2017,2017,2016,D4,Separated,Unverified,"2,900,000"
10/9/2017,2017,2016,D6,Assigned,Q-RIN,584
10/9/2017,2017,2016,D6,Assigned,Unverified,"66,349"
10/9/2017,2017,2016,D6,Separated,Unverified,"201,601"
10/9/2017,2017,2017,D3,Assigned,Q-RIN,"234,664"
10/9/2017,2017,2017,D3,Separated,Q-RIN,"4,635,029"
10/9/2017,2017,2017,D3,Separated,Unverified,"685,732"
10/9/2017,2017,2017,D4,Assigned,Q-RIN,"20,849,604"
10/9/2017,2017,2017,D4,Assigned,Unverified,"69,637,268"
10/9/2017,2017,2017,D4,Separated,Q-RIN,"24,728,199"
10/9/2017,2017,2017,D4,Separated,Unverified,"80,396,086"
10/9/2017,2017,2017,D5,Assigned,Q-RIN,"39,465"
10/9/2017,2017,2017,D5,Assigned,Unverified,"343,326"
10/9/2017,2017,2017,D5,Separated,Q-RIN,"60,000"
10/9/2017,2017,2017,D5,Separated,Unverified,"583,765"
10/9/2017,2017,2017,D6,Assigned,Q-RIN,"34,180,465"
10/9/2017,2017,2017,D6,Assigned,Unverified,"413,859,170"
10/9/2017,2017,2017,D6,Separated,Q-RIN,"7,608,600"
10/9/2017,2017,2017,D6,Separated,Unverified,"380,948,457"
10/16/2017,2017,2016,D3,Assigned,Q-RIN,"11,512"
10/16/2017,2017,2016,D3,Separated,Q-RIN,"411,907"
10/16/2017,2017,2016,D4,Assigned,Unverified,"111,424"
10/16/2017,2017,2016,D4,Separated,Q-RIN,"1,177,394"
10/16/2017,2017,2016,D4,Separated,Unverified,"2,450,518"
10/16/2017,2017,2016,D6,Separated,Unverified,"1,269,053"
10/16/2017,2017,2017,D3,Assigned,Q-RIN,"58,004"
10/16/2017,2017,2017,D3,Separated,Q-RIN,"5,476,831"
10/16/2017,2017,2017,D4,Assigned,Q-RIN,"44,285,464"
10/16/2017,2017,2017,D4,Assigned,Unverified,"78,865,698"
10/16/2017,2017,2017,D4,Separated,Q-RIN,"42,144,091"
10/16/2017,2017,2017,D4,Separated,Unverified,"88,323,310"
10/16/2017,2017,2017,D5,Assigned,Q-RIN,"23,899"
10/16/2017,2017,2017,D5,Assigned,Unverified,"527,206"
10/16/2017,2017,2017,D5,Separated,Q-RIN,"60,000"
10/16/2017,2017,2017,D5,Separated,Unverified,"600,000"
10/16/2017,2017,2017,D6,Assigned,Q-RIN,"40,770,053"
10/16/2017,2017,2017,D6,Assigned,Unverified,"455,557,152"
10/16/2017,2017,2017,D6,Separated,Q-RIN,"2,630,162"
10/16/2017,2017,2017,D6,Separated,Unverified,"574,531,203"
10/23/2017,2017,2016,D3,Separated,Q-RIN,"505,651"
10/23/2017,2017,2016,D4,Separated,Q-RIN,"2,066,742"
10/23/2017,2017,2016,D4,Separated,Unverified,"1,699,777"
10/23/2017,2017,2016,D6,Separated,Unverified,"7,009,140"
10/23/2017,2017,2017,D3,Assigned,Q-RIN,"243,607"
10/23/2017,2017,2017,D3,Separated,Q-RIN,"11,584,444"
10/23/2017,2017,2017,D3,Separated,Unverified,"2,957,618"
10/23/2017,2017,2017,D4,Assigned,Q-RIN,"20,637,764"
10/23/2017,2017,2017,D4,Assigned,Unverified,"76,024,884"
10/23/2017,2017,2017,D4,Separated,Q-RIN,"24,130,325"
10/23/2017,2017,2017,D4,Separated,Unverified,"58,901,926"
10/23/2017,2017,2017,D5,Assigned,Q-RIN,"47,837"
10/23/2017,2017,2017,D5,Assigned,Unverified,"2,187,052"
10/23/2017,2017,2017,D5,Separated,Unverified,"2,047,327"
10/23/2017,2017,2017,D6,Assigned,Q-RIN,"39,414,898"
10/23/2017,2017,2017,D6,Assigned,Unverified,"444,781,089"
10/23/2017,2017,2017,D6,Separated,Unverified,"425,992,586"
10/30/2017,2017,2016,D3,Separated,Q-RIN,"198,881"
10/30/2017,2017,2016,D4,Assigned,Unverified,"111,424"
10/30/2017,2017,2016,D4,Separated,Q-RIN,"155,584"
10/30/2017,2017,2016,D4,Separated,Unverified,"1,993,762"
10/30/2017,2017,2016,D6,Separated,Unverified,"8,766,367"
10/30/2017,2017,2017,D3,Assigned,Q-RIN,"463,613"
10/30/2017,2017,2017,D3,Separated,Q-RIN,"4,018,368"
10/30/2017,2017,2017,D4,Assigned,Q-RIN,"22,500,020"
10/30/2017,2017,2017,D4,Assigned,Unverified,"88,808,774"
10/30/2017,2017,2017,D4,Separated,Q-RIN,"41,997,268"
10/30/2017,2017,2017,D4,Separated,Unverified,"129,124,456"
10/30/2017,2017,2017,D5,Assigned,Q-RIN,"23,867"
10/30/2017,2017,2017,D5,Assigned,Unverified,"2,737,741"
10/30/2017,2017,2017,D5,Separated,Q-RIN,"175,964"
10/30/2017,2017,2017,D6,Assigned,Q-RIN,"39,754,364"
10/30/2017,2017,2017,D6,Assigned,Unverified,"494,365,019"
10/30/2017,2017,2017,D6,Separated,Q-RIN,"72,095"
10/30/2017,2017,2017,D6,Separated,Unverified,"309,718,183"
11/6/2017,2017,2016,D3,Separated,Q-RIN,"180,000"
11/6/2017,2017,2016,D4,Separated,Q-RIN,"1,287,432"
11/6/2017,2017,2016,D4,Separated,Unverified,"1,341,308"
11/6/2017,2017,2016,D6,Separated,Unverified,"2,750,063"
11/6/2017,2017,2017,D3,Assigned,Q-RIN,"281,812"
11/6/2017,2017,2017,D3,Separated,Q-RIN,"2,417,438"
11/6/2017,2017,2017,D4,Assigned,Q-RIN,"25,343,692"
11/6/2017,2017,2017,D4,Assigned,Unverified,"67,036,502"
11/6/2017,2017,2017,D4,Separated,Q-RIN,"24,312,017"
11/6/2017,2017,2017,D4,Separated,Unverified,"84,125,054"
11/6/2017,2017,2017,D5,Assigned,Q-RIN,"31,790"
11/6/2017,2017,2017,D5,Assigned,Unverified,"368,645"
11/6/2017,2017,2017,D5,Separated,Q-RIN,"133,212"
11/6/2017,2017,2017,D5,Separated,Unverified,"142,123"
11/6/2017,2017,2017,D6,Assigned,Q-RIN,"39,121,896"
11/6/2017,2017,2017,D6,Assigned,Unverified,"448,015,052"
11/6/2017,2017,2017,D6,Separated,Unverified,"305,970,054"
11/13/2017,2017,2016,D3,Separated,Q-RIN,"2,282,824"
11/13/2017,2017,2016,D4,Separated,Q-RIN,"323,582"
11/13/2017,2017,2016,D4,Separated,Unverified,"4,815,312"
11/13/2017,2017,2016,D6,Separated,Unverified,"18,932,734"
11/13/2017,2017,2017,D3,Assigned,Q-RIN,"49,910"
11/13/2017,2017,2017,D3,Separated,Q-RIN,"14,420,295"
11/13/2017,2017,2017,D3,Separated,Unverified,"1,600,000"
11/13/2017,2017,2017,D4,Assigned,Q-RIN,"27,289,218"
11/13/2017,2017,2017,D4,Assigned,Unverified,"76,882,284"
11/13/2017,2017,2017,D4,Separated,Q-RIN,"12,217,775"
11/13/2017,2017,2017,D4,Separated,Unverified,"88,772,487"
11/13/2017,2017,2017,D5,Assigned,Q-RIN,"23,968"
11/13/2017,2017,2017,D5,Assigned,Unverified,"1,233,689"
11/13/2017,2017,2017,D5,Separated,Q-RIN,"160,000"
11/13/2017,2017,2017,D5,Separated,Unverified,"689,327"
11/13/2017,2017,2017,D6,Assigned,Q-RIN,"35,448,361"
11/13/2017,2017,2017,D6,Assigned,Unverified,"487,146,923"
11/13/2017,2017,2017,D6,Separated,Q-RIN,"9,091"
11/13/2017,2017,2017,D6,Separated,Unverified,"553,121,443"
11/20/2017,2017,2016,D4,Separated,Q-RIN,"119,010"
11/20/2017,2017,2016,D4,Separated,Unverified,"3,000,000"
11/20/2017,2017,2016,D6,Separated,Unverified,"900,000"
11/20/2017,2017,2017,D3,Assigned,Q-RIN,"30,484"
11/20/2017,2017,2017,D3,Separated,Q-RIN,"4,380,879"
11/20/2017,2017,2017,D4,Assigned,Q-RIN,"11,539,121"
11/20/2017,2017,2017,D4,Assigned,Unverified,"66,143,785"
11/20/2017,2017,2017,D4,Separated,Q-RIN,"32,099,393"
11/20/2017,2017,2017,D4,Separated,Unverified,"52,329,177"
11/20/2017,2017,2017,D5,Assigned,Q-RIN,"23,986"
11/20/2017,2017,2017,D5,Assigned,Unverified,"466,940"
11/20/2017,2017,2017,D5,Separated,Q-RIN,"140,000"
11/20/2017,2017,2017,D6,Assigned,Q-RIN,"37,565,529"
11/20/2017,2017,2017,D6,Assigned,Unverified,"408,585,089"
11/20/2017,2017,2017,D6,Separated,Q-RIN,"9,181,905"
11/20/2017,2017,2017,D6,Separated,Unverified,"241,505,573"
11/27/2017,2017,2016,D4,Assigned,Unverified,"19,136"
11/27/2017,2017,2016,D4,Separated,Q-RIN,"999,849"
11/27/2017,2017,2016,D4,Separated,Unverified,"20,783,744"
11/27/2017,2017,2016,D6,Separated,Unverified,"50,351,918"
11/27/2017,2017,2017,D3,Assigned,Q-RIN,"48,466"
11/27/2017,2017,2017,D3,Assigned,Unverified,"2,971,935"
11/27/2017,2017,2017,D3,Separated,Q-RIN,"12,557,075"
11/27/2017,2017,2017,D3,Separated,Unverified,"2,971,935"
11/27/2017,2017,2017,D4,Assigned,Q-RIN,"31,166,320"
11/27/2017,2017,2017,D4,Assigned,Unverified,"90,461,799"
11/27/2017,2017,2017,D4,Separated,Q-RIN,"39,479,003"
11/27/2017,2017,2017,D4,Separated,Unverified,"125,888,524"
11/27/2017,2017,2017,D5,Assigned,Q-RIN,"23,935"
11/27/2017,2017,2017,D5,Assigned,Unverified,"15,230,992"
11/27/2017,2017,2017,D5,Separated,Q-RIN,"189,824"
11/27/2017,2017,2017,D5,Separated,Unverified,"10,825,218"
11/27/2017,2017,2017,D6,Assigned,Q-RIN,"35,512,621"
11/27/2017,2017,2017,D6,Assigned,Unverified,"511,694,380"
11/27/2017,2017,2017,D6,Separated,Unverified,"507,325,049"
12/4/2017,2017,2016,D4,Separated,Q-RIN,"8,654,271"
12/4/2017,2017,2016,D4,Separated,Unverified,"8,080,382"
12/4/2017,2017,2016,D6,Separated,Q-RIN,"1,230,401"
12/4/2017,2017,2016,D6,Separated,Unverified,"27,690,907"
12/4/2017,2017,2017,D3,Assigned,Q-RIN,"964,284"
12/4/2017,2017,2017,D3,Assigned,Unverified,3
12/4/2017,2017,2017,D3,Separated,Q-RIN,"6,846,019"
12/4/2017,2017,2017,D3,Separated,Unverified,"4,491,181"
12/4/2017,2017,2017,D4,Assigned,Q-RIN,"25,630,967"
12/4/2017,2017,2017,D4,Assigned,Unverified,"105,434,735"
12/4/2017,2017,2017,D4,Separated,Q-RIN,"33,475,439"
12/4/2017,2017,2017,D4,Separated,Unverified,"199,028,117"
12/4/2017,2017,2017,D5,Assigned,Q-RIN,"15,801"
12/4/2017,2017,2017,D5,Assigned,Unverified,"2,701,772"
12/4/2017,2017,2017,D5,Separated,Q-RIN,"245,000"
12/4/2017,2017,2017,D6,Assigned,Q-RIN,"32,368,488"
12/4/2017,2017,2017,D6,Assigned,Unverified,"462,910,858"
12/4/2017,2017,2017,D6,Separated,Q-RIN,"10,999,975"
12/4/2017,2017,2017,D6,Separated,Unverified,"552,380,224"
12/11/2017,2017,2016,D3,Separated,Q-RIN,"3,954,865"
12/11/2017,2017,2016,D4,Separated,Q-RIN,"469,804"
12/11/2017,2017,2016,D4,Separated,Unverified,"12,932,226"
12/11/2017,2017,2016,D5,Separated,Unverified,"1,581,924"
12/11/2017,2017,2016,D6,Separated,Q-RIN,"191,612"
12/11/2017,2017,2016,D6,Separated,Unverified,"46,878,902"
12/11/2017,2017,2017,D3,Assigned,Q-RIN,"178,498"
12/11/2017,2017,2017,D3,Assigned,Unverified,"31,723"
12/11/2017,2017,2017,D3,Separated,Q-RIN,"13,916,469"
12/11/2017,2017,2017,D3,Separated,Unverified,"5,961,772"
12/11/2017,2017,2017,D4,Assigned,Q-RIN,"23,807,637"
12/11/2017,2017,2017,D4,Assigned,Unverified,"74,262,725"
12/11/2017,2017,2017,D4,Separated,Q-RIN,"43,990,450"
12/11/2017,2017,2017,D4,Separated,Unverified,"157,934,904"
12/11/2017,2017,2017,D5,Assigned,Q-RIN,"48,024"
12/11/2017,2017,2017,D5,Assigned,Unverified,"418,528"
12/11/2017,2017,2017,D5,Separated,Q-RIN,"150,000"
12/11/2017,2017,2017,D5,Separated,Unverified,"500,000"
12/11/2017,2017,2017,D6,Assigned,Q-RIN,"39,040,429"
12/11/2017,2017,2017,D6,Assigned,Unverified,"465,096,785"
12/11/2017,2017,2017,D6,Separated,Q-RIN,"11,348,574"
12/11/2017,2017,2017,D6,Separated,Unverified,"895,653,564"
12/18/2017,2017,2016,D3,Separated,Q-RIN,"265,281"
12/18/2017,2017,2016,D4,Separated,Q-RIN,"2,614,574"
12/18/2017,2017,2016,D4,Separated,Unverified,"2,318,450"
12/18/2017,2017,2016,D5,Separated,Unverified,863
12/18/2017,2017,2016,D6,Separated,Q-RIN,"56,872"
12/18/2017,2017,2016,D6,Separated,Unverified,"46,110,429"
12/18/2017,2017,2017,D3,Assigned,Q-RIN,"159,096"
12/18/2017,2017,2017,D3,Assigned,Unverified,"656,092"
12/18/2017,2017,2017,D3,Separated,Q-RIN,"33,241,895"
12/18/2017,2017,2017,D3,Separated,Unverified,"6,286,283"
12/18/2017,2017,2017,D4,Assigned,Q-RIN,"18,666,693"
12/18/2017,2017,2017,D4,Assigned,Unverified,"89,060,577"
12/18/2017,2017,2017,D4,Separated,Q-RIN,"72,696,900"
12/18/2017,2017,2017,D4,Separated,Unverified,"252,221,493"
12/18/2017,2017,2017,D5,Assigned,Q-RIN,"39,839"
12/18/2017,2017,2017,D5,Assigned,Unverified,"477,216"
12/18/2017,2017,2017,D5,Separated,Q-RIN,"2,160,000"
12/18/2017,2017,2017,D5,Separated,Unverified,"16,570,999"
12/18/2017,2017,2017,D6,Assigned,Q-RIN,"33,456,326"
12/18/2017,2017,2017,D6,Assigned,Unverified,"477,038,622"
12/18/2017,2017,2017,D6,Separated,Q-RIN,"450,000"
12/18/2017,2017,2017,D6,Separated,Unverified,"585,140,535"
12/25/2017,2017,2016,D3,Separated,Q-RIN,"2,938"
12/25/2017,2017,2016,D4,Separated,Q-RIN,"6,490"
12/25/2017,2017,2016,D4,Separated,Unverified,"11,048,980"
12/25/2017,2017,2016,D5,Separated,Unverified,863
12/25/2017,2017,2016,D6,Separated,Q-RIN,"1,348,436"
12/25/2017,2017,2016,D6,Separated,Unverified,"16,681,902"
12/25/2017,2017,2017,D3,Assigned,Q-RIN,"197,727"
12/25/2017,2017,2017,D3,Assigned,Unverified,"434,804"
12/25/2017,2017,2017,D3,Separated,Q-RIN,"11,641,269"
12/25/2017,2017,2017,D3,Separated,Unverified,"6,441,868"
12/25/2017,2017,2017,D4,Assigned,Q-RIN,"20,811,158"
12/25/2017,2017,2017,D4,Assigned,Unverified,"90,728,216"
12/25/2017,2017,2017,D4,Separated,Q-RIN,"67,610,566"
12/25/2017,2017,2017,D4,Separated,Unverified,"292,531,596"
12/25/2017,2017,2017,D5,Assigned,Q-RIN,"26,358"
12/25/2017,2017,2017,D5,Assigned,Unverified,"17,139,235"
12/25/2017,2017,2017,D5,Separated,Q-RIN,"299,122"
12/25/2017,2017,2017,D5,Separated,Unverified,"14,668,610"
12/25/2017,2017,2017,D6,Assigned,Q-RIN,"34,559,822"
12/25/2017,2017,2017,D6,Assigned,Unverified,"470,618,354"
12/25/2017,2017,2017,D6,Separated,Q-RIN,"3,364,326"
12/25/2017,2017,2017,D6,Separated,Unverified,"649,990,318"
1/1/2018,2018,2016,D4,Separated,Q-RIN,"1,000,000"
1/1/2018,2018,2016,D4,Separated,Unverified,"1,993,108"
1/1/2018,2018,2016,D6,Separated,Unverified,"1,883,176"
1/1/2018,2018,2017,D3,Assigned,Q-RIN,"58,001"
1/1/2018,2018,2017,D3,Separated,Q-RIN,"1,812,017"
1/1/2018,2018,2017,D3,Separated,Unverified,"1,742,393"
1/1/2018,2018,2017,D4,Assigned,Q-RIN,"2,477,884"
1/1/2018,2018,2017,D4,Assigned,Unverified,"27,623,608"
1/1/2018,2018,2017,D4,Separated,Q-RIN,"15,297,608"
1/1/2018,2018,2017,D4,Separated,Unverified,"41,244,792"
1/1/2018,2018,2017,D5,Assigned,Unverified,"1,527,338"
1/1/2018,2018,2017,D5,Separated,Q-RIN,"796,864"
1/1/2018,2018,2017,D5,Separated,Unverified,"13,924"
1/1/2018,2018,2017,D6,Assigned,Q-RIN,"2,896,695"
1/1/2018,2018,2017,D6,Assigned,Unverified,"134,451,151"
1/1/2018,2018,2017,D6,Separated,Q-RIN,"787,919"
1/1/2018,2018,2017,D6,Separated,Unverified,"240,916,832"
1/1/2018,2018,2018,D3,Assigned,Unverified,"23,502"
1/1/2018,2018,2018,D4,Assigned,Q-RIN,"4,901,881"
1/1/2018,2018,2018,D4,Assigned,Unverified,"17,030,635"
1/1/2018,2018,2018,D4,Separated,Q-RIN,"83,219"
1/1/2018,2018,2018,D4,Separated,Unverified,"623,293"
1/1/2018,2018,2018,D5,Assigned,Q-RIN,"32,109"
1/1/2018,2018,2018,D5,Assigned,Unverified,"392,702"
1/1/2018,2018,2018,D5,Separated,Q-RIN,"63,136"
1/1/2018,2018,2018,D6,Assigned,Q-RIN,"25,450,727"
1/1/2018,2018,2018,D6,Assigned,Unverified,"230,930,927"
1/1/2018,2018,2018,D6,Separated,Unverified,"16,569,478"
1/8/2018,2018,2016,D3,Separated,Q-RIN,"18,881"
1/8/2018,2018,2016,D4,Separated,Q-RIN,"8,008,037"
1/8/2018,2018,2016,D4,Separated,Unverified,"7,547,388"
1/8/2018,2018,2016,D6,Separated,Q-RIN,"191,612"
1/8/2018,2018,2016,D6,Separated,Unverified,"23,151,543"
1/8/2018,2018,2017,D3,Separated,Q-RIN,"5,136,632"
1/8/2018,2018,2017,D4,Assigned,Q-RIN,"899,877"
1/8/2018,2018,2017,D4,Assigned,Unverified,"22,907,178"
1/8/2018,2018,2017,D4,Separated,Q-RIN,"19,762,624"
1/8/2018,2018,2017,D4,Separated,Unverified,"89,088,670"
1/8/2018,2018,2017,D5,Separated,Q-RIN,"700,000"
1/8/2018,2018,2017,D5,Separated,Unverified,"5,630,134"
1/8/2018,2018,2017,D6,Assigned,Q-RIN,"1,095,890"
1/8/2018,2018,2017,D6,Assigned,Unverified,"84,426,201"
1/8/2018,2018,2017,D6,Separated,Q-RIN,"317,264"
1/8/2018,2018,2017,D6,Separated,Unverified,"232,788,146"
1/8/2018,2018,2018,D3,Assigned,Q-RIN,"55,149"
1/8/2018,2018,2018,D3,Assigned,Unverified,"274,083"
1/8/2018,2018,2018,D4,Assigned,Q-RIN,"9,303,650"
1/8/2018,2018,2018,D4,Assigned,Unverified,"37,947,153"
1/8/2018,2018,2018,D4,Separated,Q-RIN,"348,789"
1/8/2018,2018,2018,D4,Separated,Unverified,"1,299,614"
1/8/2018,2018,2018,D5,Assigned,Q-RIN,"80,207"
1/8/2018,2018,2018,D5,Assigned,Unverified,"510,516"
1/8/2018,2018,2018,D5,Separated,Q-RIN,"160,000"
1/8/2018,2018,2018,D6,Assigned,Q-RIN,"37,149,126"
1/8/2018,2018,2018,D6,Assigned,Unverified,"343,173,815"
1/8/2018,2018,2018,D6,Separated,Unverified,"55,007,933"
1/15/2018,2018,2016,D3,Separated,Q-RIN,"1,200,152"
1/15/2018,2018,2016,D4,Separated,Q-RIN,"2,265,540"
1/15/2018,2018,2016,D4,Separated,Unverified,"6,622,749"
1/15/2018,2018,2016,D5,Separated,Unverified,434
1/15/2018,2018,2016,D6,Separated,Q-RIN,"279,246"
1/15/2018,2018,2016,D6,Separated,Unverified,"5,755,233"
1/15/2018,2018,2017,D3,Separated,Q-RIN,"13,194,036"
1/15/2018,2018,2017,D3,Separated,Unverified,"268,009"
1/15/2018,2018,2017,D4,Assigned,Q-RIN,"2,158,470"
1/15/2018,2018,2017,D4,Assigned,Unverified,"9,820,486"
1/15/2018,2018,2017,D4,Separated,Q-RIN,"17,579,682"
1/15/2018,2018,2017,D4,Separated,Unverified,"77,909,138"
1/15/2018,2018,2017,D5,Separated,Unverified,"68,911"
1/15/2018,2018,2017,D6,Assigned,Q-RIN,"16,635"
1/15/2018,2018,2017,D6,Assigned,Unverified,"46,742,824"
1/15/2018,2018,2017,D6,Separated,Q-RIN,"4,598,074"
1/15/2018,2018,2017,D6,Separated,Unverified,"390,550,728"
1/15/2018,2018,2018,D3,Assigned,Q-RIN,"181,423"
1/15/2018,2018,2018,D3,Assigned,Unverified,"426,398"
1/15/2018,2018,2018,D4,Assigned,Q-RIN,"9,135,561"
1/15/2018,2018,2018,D4,Assigned,Unverified,"40,283,860"
1/15/2018,2018,2018,D4,Separated,Q-RIN,"3,287,005"
1/15/2018,2018,2018,D4,Separated,Unverified,"1,867,012"
1/15/2018,2018,2018,D5,Assigned,Q-RIN,"24,084"
1/15/2018,2018,2018,D5,Assigned,Unverified,"993,385"
1/15/2018,2018,2018,D5,Separated,Q-RIN,"170,000"
1/15/2018,2018,2018,D6,Assigned,Q-RIN,"32,846,497"
1/15/2018,2018,2018,D6,Assigned,Unverified,"379,922,760"
1/15/2018,2018,2018,D6,Separated,Unverified,"67,380,816"
1/22/2018,2018,2016,D3,Separated,Q-RIN,"548,387"
1/22/2018,2018,2016,D4,Separated,Unverified,"4,010,500"
1/22/2018,2018,2016,D5,Separated,Unverified,434
1/22/2018,2018,2016,D6,Assigned,Unverified,"8,211"
1/22/2018,2018,2016,D6,Separated,Q-RIN,"7,801"
1/22/2018,2018,2016,D6,Separated,Unverified,"30,430,541"
1/22/2018,2018,2017,D3,Separated,Q-RIN,"18,669,169"
1/22/2018,2018,2017,D3,Separated,Unverified,"248,096"
1/22/2018,2018,2017,D4,Assigned,Q-RIN,"847,241"
1/22/2018,2018,2017,D4,Assigned,Unverified,"12,575,224"
1/22/2018,2018,2017,D4,Separated,Q-RIN,"7,153,027"
1/22/2018,2018,2017,D4,Separated,Unverified,"45,874,856"
1/22/2018,2018,2017,D5,Separated,Unverified,"1,094,950"
1/22/2018,2018,2017,D6,Assigned,Q-RIN,"15,807"
1/22/2018,2018,2017,D6,Assigned,Unverified,"15,943,218"
1/22/2018,2018,2017,D6,Separated,Q-RIN,"203,805"
1/22/2018,2018,2017,D6,Separated,Unverified,"276,465,140"
1/22/2018,2018,2018,D3,Assigned,Unverified,"39,379"
1/22/2018,2018,2018,D4,Assigned,Q-RIN,"15,224,343"
1/22/2018,2018,2018,D4,Assigned,Unverified,"51,836,794"
1/22/2018,2018,2018,D4,Separated,Q-RIN,"1,621,802"
1/22/2018,2018,2018,D4,Separated,Unverified,"4,960,628"
1/22/2018,2018,2018,D5,Assigned,Q-RIN,"40,000"
1/22/2018,2018,2018,D5,Assigned,Unverified,"561,371"
1/22/2018,2018,2018,D5,Separated,Q-RIN,"180,000"
1/22/2018,2018,2018,D6,Assigned,Q-RIN,"44,133,530"
1/22/2018,2018,2018,D6,Assigned,Unverified,"371,141,454"
1/22/2018,2018,2018,D6,Separated,Unverified,"68,404,384"
1/29/2018,2018,2016,D3,Separated,Q-RIN,152
1/29/2018,2018,2016,D4,Separated,Q-RIN,"1,230,771"
1/29/2018,2018,2016,D4,Separated,Unverified,"9,563,542"
1/29/2018,2018,2016,D6,Assigned,Q-RIN,"9,871"
1/29/2018,2018,2016,D6,Assigned,Unverified,"14,729"
1/29/2018,2018,2016,D6,Separated,Q-RIN,"7,360"
1/29/2018,2018,2016,D6,Separated,Unverified,"17,956,109"
1/29/2018,2018,2017,D3,Separated,Q-RIN,"7,293,748"
1/29/2018,2018,2017,D4,Assigned,Q-RIN,"706,238"
1/29/2018,2018,2017,D4,Assigned,Unverified,"29,529,588"
1/29/2018,2018,2017,D4,Separated,Q-RIN,"16,693,831"
1/29/2018,2018,2017,D4,Separated,Unverified,"138,544,974"
1/29/2018,2018,2017,D5,Separated,Q-RIN,"153,785"
1/29/2018,2018,2017,D5,Separated,Unverified,"283,566"
1/29/2018,2018,2017,D6,Assigned,Q-RIN,"132,209"
1/29/2018,2018,2017,D6,Assigned,Unverified,"6,442,360"
1/29/2018,2018,2017,D6,Separated,Q-RIN,"548,457"
1/29/2018,2018,2017,D6,Separated,Unverified,"373,074,811"
1/29/2018,2018,2018,D3,Assigned,Q-RIN,"57,998"
1/29/2018,2018,2018,D3,Assigned,Unverified,"23,498"
1/29/2018,2018,2018,D4,Assigned,Q-RIN,"16,003,720"
1/29/2018,2018,2018,D4,Assigned,Unverified,"50,928,210"
1/29/2018,2018,2018,D4,Separated,Q-RIN,"5,430,599"
1/29/2018,2018,2018,D4,Separated,Unverified,"6,632,315"
1/29/2018,2018,2018,D5,Assigned,Q-RIN,"23,689"
1/29/2018,2018,2018,D5,Assigned,Unverified,"3,247,416"
1/29/2018,2018,2018,D5,Separated,Q-RIN,"333,894"
1/29/2018,2018,2018,D5,Separated,Unverified,"470,184"
1/29/2018,2018,2018,D6,Assigned,Q-RIN,"35,281,909"
1/29/2018,2018,2018,D6,Assigned,Unverified,"445,352,943"
1/29/2018,2018,2018,D6,Separated,Unverified,"91,976,437"
2/5/2018,2018,2016,D4,Separated,Q-RIN,"6,505,809"
2/5/2018,2018,2016,D4,Separated,Unverified,"11,044,204"
2/5/2018,2018,2016,D6,Separated,Unverified,"28,042,461"
2/5/2018,2018,2017,D3,Separated,Q-RIN,"5,780,374"
2/5/2018,2018,2017,D3,Separated,Unverified,"4,158,045"
2/5/2018,2018,2017,D4,Assigned,Q-RIN,"443,598"
2/5/2018,2018,2017,D4,Assigned,Unverified,"16,602,498"
2/5/2018,2018,2017,D4,Separated,Q-RIN,"11,194,314"
2/5/2018,2018,2017,D4,Separated,Unverified,"68,652,054"
2/5/2018,2018,2017,D5,Separated,Unverified,"225,000"
2/5/2018,2018,2017,D6,Assigned,Q-RIN,116
2/5/2018,2018,2017,D6,Assigned,Unverified,"577,259"
2/5/2018,2018,2017,D6,Separated,Q-RIN,"7,571,802"
2/5/2018,2018,2017,D6,Separated,Unverified,"146,933,202"
2/5/2018,2018,2018,D3,Assigned,Q-RIN,"29,000"
2/5/2018,2018,2018,D3,Assigned,Unverified,"23,634"
2/5/2018,2018,2018,D4,Assigned,Q-RIN,"13,096,103"
2/5/2018,2018,2018,D4,Assigned,Unverified,"52,428,024"
2/5/2018,2018,2018,D4,Separated,Q-RIN,"6,923,101"
2/5/2018,2018,2018,D4,Separated,Unverified,"11,673,724"
2/5/2018,2018,2018,D5,Assigned,Q-RIN,"31,990"
2/5/2018,2018,2018,D5,Assigned,Unverified,"424,457"
2/5/2018,2018,2018,D5,Separated,Q-RIN,"250,000"
2/5/2018,2018,2018,D6,Assigned,Q-RIN,"38,273,911"
2/5/2018,2018,2018,D6,Assigned,Unverified,"428,547,145"
2/5/2018,2018,2018,D6,Separated,Q-RIN,"41,269"
2/5/2018,2018,2018,D6,Separated,Unverified,"135,501,142"
2/12/2018,2018,2016,D3,Separated,Q-RIN,"396,142"
2/12/2018,2018,2016,D4,Separated,Q-RIN,"1,200,000"
2/12/2018,2018,2016,D4,Separated,Unverified,"5,307,035"
2/12/2018,2018,2016,D5,Assigned,Q-RIN,"71,813"
2/12/2018,2018,2016,D5,Separated,Unverified,"162,552"
2/12/2018,2018,2016,D6,Assigned,Q-RIN,"9,871"
2/12/2018,2018,2016,D6,Assigned,Unverified,"14,729"
2/12/2018,2018,2016,D6,Separated,Unverified,"38,288,196"
2/12/2018,2018,2017,D3,Separated,Q-RIN,"17,730,480"
2/12/2018,2018,2017,D3,Separated,Unverified,"7,500"
2/12/2018,2018,2017,D4,Assigned,Q-RIN,"253,673"
2/12/2018,2018,2017,D4,Assigned,Unverified,"9,302,980"
2/12/2018,2018,2017,D4,Separated,Q-RIN,"8,984,379"
2/12/2018,2018,2017,D4,Separated,Unverified,"57,834,961"
2/12/2018,2018,2017,D5,Separated,Unverified,"2,384,765"
2/12/2018,2018,2017,D6,Assigned,Unverified,"112,939"
2/12/2018,2018,2017,D6,Separated,Unverified,"133,881,939"
2/12/2018,2018,2018,D3,Assigned,Q-RIN,"201,805"
2/12/2018,2018,2018,D3,Assigned,Unverified,"23,824"
2/12/2018,2018,2018,D3,Separated,Q-RIN,"1,454,181"
2/12/2018,2018,2018,D4,Assigned,Q-RIN,"15,488,626"
2/12/2018,2018,2018,D4,Assigned,Unverified,"61,593,794"
2/12/2018,2018,2018,D4,Separated,Q-RIN,"4,154,258"
2/12/2018,2018,2018,D4,Separated,Unverified,"13,513,447"
2/12/2018,2018,2018,D5,Assigned,Q-RIN,"15,956"
2/12/2018,2018,2018,D5,Assigned,Unverified,"241,197"
2/12/2018,2018,2018,D5,Separated,Q-RIN,"183,843"
2/12/2018,2018,2018,D6,Assigned,Q-RIN,"28,951,844"
2/12/2018,2018,2018,D6,Assigned,Unverified,"485,119,625"
2/12/2018,2018,2018,D6,Separated,Q-RIN,"24,600"
2/12/2018,2018,2018,D6,Separated,Unverified,"199,166,057"
2/19/2018,2018,2016,D4,Assigned,Unverified,573
2/19/2018,2018,2016,D4,Separated,Q-RIN,"2,158,004"
2/19/2018,2018,2016,D4,Separated,Unverified,"5,633,246"
2/19/2018,2018,2016,D6,Separated,Q-RIN,"5,608"
2/19/2018,2018,2016,D6,Separated,Unverified,"25,024,842"
2/19/2018,2018,2017,D3,Separated,Q-RIN,"6,999,761"
2/19/2018,2018,2017,D3,Separated,Unverified,"78,157"
2/19/2018,2018,2017,D4,Assigned,Q-RIN,"101,745"
2/19/2018,2018,2017,D4,Assigned,Unverified,"1,925,858"
2/19/2018,2018,2017,D4,Separated,Q-RIN,"5,511,082"
2/19/2018,2018,2017,D4,Separated,Unverified,"50,637,816"
2/19/2018,2018,2017,D5,Separated,Q-RIN,"10,340"
2/19/2018,2018,2017,D6,Assigned,Unverified,"57,530"
2/19/2018,2018,2017,D6,Separated,Q-RIN,"267,034"
2/19/2018,2018,2017,D6,Separated,Unverified,"140,512,852"
2/19/2018,2018,2018,D3,Assigned,Q-RIN,"25,515"
2/19/2018,2018,2018,D3,Assigned,Unverified,"586,794"
2/19/2018,2018,2018,D3,Separated,Q-RIN,"2,607,163"
2/19/2018,2018,2018,D4,Assigned,Q-RIN,"12,903,250"
2/19/2018,2018,2018,D4,Assigned,Unverified,"76,783,136"
2/19/2018,2018,2018,D4,Separated,Q-RIN,"6,799,344"
2/19/2018,2018,2018,D4,Separated,Unverified,"15,005,971"
2/19/2018,2018,2018,D5,Assigned,Q-RIN,"31,453"
2/19/2018,2018,2018,D5,Assigned,Unverified,"643,454"
2/19/2018,2018,2018,D5,Separated,Q-RIN,"141,157"
2/19/2018,2018,2018,D6,Assigned,Q-RIN,"33,576,113"
2/19/2018,2018,2018,D6,Assigned,Unverified,"431,827,268"
2/19/2018,2018,2018,D6,Separated,Unverified,"186,565,967"
2/26/2018,2018,2016,D3,Separated,Q-RIN,"708,177"
2/26/2018,2018,2016,D4,Separated,Q-RIN,"806,734"
2/26/2018,2018,2016,D4,Separated,Unverified,"8,517,910"
2/26/2018,2018,2016,D6,Separated,Unverified,"8,673,438"
2/26/2018,2018,2017,D3,Separated,Q-RIN,"7,418,930"
2/26/2018,2018,2017,D3,Separated,Unverified,"1,451,946"
2/26/2018,2018,2017,D4,Assigned,Q-RIN,"1,764"
2/26/2018,2018,2017,D4,Assigned,Unverified,"6,778,734"
2/26/2018,2018,2017,D4,Separated,Q-RIN,"7,849,126"
2/26/2018,2018,2017,D4,Separated,Unverified,"100,049,629"
2/26/2018,2018,2017,D5,Separated,Q-RIN,"48,093"
2/26/2018,2018,2017,D6,Assigned,Q-RIN,"1,211"
2/26/2018,2018,2017,D6,Assigned,Unverified,"51,290"
2/26/2018,2018,2017,D6,Separated,Q-RIN,"1,000,500"
2/26/2018,2018,2017,D6,Separated,Unverified,"124,146,981"
2/26/2018,2018,2018,D3,Assigned,Q-RIN,"7,492"
2/26/2018,2018,2018,D3,Assigned,Unverified,"23,863"
2/26/2018,2018,2018,D3,Separated,Q-RIN,"10,918,311"
2/26/2018,2018,2018,D4,Assigned,Q-RIN,"21,148,038"
2/26/2018,2018,2018,D4,Assigned,Unverified,"57,875,647"
2/26/2018,2018,2018,D4,Separated,Q-RIN,"13,235,094"
2/26/2018,2018,2018,D4,Separated,Unverified,"31,560,434"
2/26/2018,2018,2018,D5,Assigned,Q-RIN,"23,706"
2/26/2018,2018,2018,D5,Assigned,Unverified,"4,492,985"
2/26/2018,2018,2018,D5,Separated,Q-RIN,"371,331"
2/26/2018,2018,2018,D6,Assigned,Q-RIN,"32,410,364"
2/26/2018,2018,2018,D6,Assigned,Unverified,"475,545,731"
2/26/2018,2018,2018,D6,Separated,Q-RIN,"23,191"
2/26/2018,2018,2018,D6,Separated,Unverified,"220,384,438"
3/5/2018,2018,2016,D3,Separated,Q-RIN,"7,451"
3/5/2018,2018,2016,D4,Separated,Q-RIN,"745,632"
3/5/2018,2018,2016,D4,Separated,Unverified,"5,000,000"
3/5/2018,2018,2016,D6,Assigned,Unverified,"16,997"
3/5/2018,2018,2016,D6,Separated,Unverified,"1,271,192"
3/5/2018,2018,2017,D3,Separated,Q-RIN,"453,203"
3/5/2018,2018,2017,D3,Separated,Unverified,"1,555,352"
3/5/2018,2018,2017,D4,Assigned,Q-RIN,"54,693"
3/5/2018,2018,2017,D4,Assigned,Unverified,"4,428,930"
3/5/2018,2018,2017,D4,Separated,Q-RIN,"2,732,643"
3/5/2018,2018,2017,D4,Separated,Unverified,"16,347,441"
3/5/2018,2018,2017,D6,Assigned,Unverified,"94,832"
3/5/2018,2018,2017,D6,Separated,Q-RIN,"2,304"
3/5/2018,2018,2017,D6,Separated,Unverified,"114,172,357"
3/5/2018,2018,2018,D3,Assigned,Unverified,"426,359"
3/5/2018,2018,2018,D3,Separated,Q-RIN,"3,598,962"
3/5/2018,2018,2018,D4,Assigned,Q-RIN,"28,724,276"
3/5/2018,2018,2018,D4,Assigned,Unverified,"74,842,049"
3/5/2018,2018,2018,D4,Separated,Q-RIN,"9,588,457"
3/5/2018,2018,2018,D4,Separated,Unverified,"28,747,290"
3/5/2018,2018,2018,D5,Assigned,Q-RIN,"15,936"
3/5/2018,2018,2018,D5,Assigned,Unverified,"511,023"
3/5/2018,2018,2018,D5,Separated,Q-RIN,"150,000"
3/5/2018,2018,2018,D6,Assigned,Q-RIN,"42,655,573"
3/5/2018,2018,2018,D6,Assigned,Unverified,"440,954,240"
3/5/2018,2018,2018,D6,Separated,Q-RIN,"1,044,921"
3/5/2018,2018,2018,D6,Separated,Unverified,"232,460,852"
3/12/2018,2018,2016,D4,Separated,Q-RIN,"858,202"
3/12/2018,2018,2016,D4,Separated,Unverified,"7,083,396"
3/12/2018,2018,2016,D6,Separated,Unverified,"17,812,925"
3/12/2018,2018,2017,D3,Separated,Q-RIN,"6,509,265"
3/12/2018,2018,2017,D3,Separated,Unverified,"936,217"
3/12/2018,2018,2017,D4,Assigned,Q-RIN,"29,576"
3/12/2018,2018,2017,D4,Assigned,Unverified,"3,946,338"
3/12/2018,2018,2017,D4,Separated,Q-RIN,"5,113,651"
3/12/2018,2018,2017,D4,Separated,Unverified,"69,855,293"
3/12/2018,2018,2017,D5,Separated,Unverified,"500,000"
3/12/2018,2018,2017,D6,Assigned,Unverified,1
3/12/2018,2018,2017,D6,Separated,Q-RIN,"675,192"
3/12/2018,2018,2017,D6,Separated,Unverified,"116,038,857"
3/12/2018,2018,2018,D3,Assigned,Q-RIN,"58,000"
3/12/2018,2018,2018,D3,Assigned,Unverified,"235,909"
3/12/2018,2018,2018,D3,Separated,Q-RIN,"1,651,792"
3/12/2018,2018,2018,D4,Assigned,Q-RIN,"16,919,299"
3/12/2018,2018,2018,D4,Assigned,Unverified,"69,680,375"
3/12/2018,2018,2018,D4,Separated,Q-RIN,"16,073,168"
3/12/2018,2018,2018,D4,Separated,Unverified,"30,961,081"
3/12/2018,2018,2018,D5,Assigned,Q-RIN,"31,796"
3/12/2018,2018,2018,D5,Assigned,Unverified,"485,879"
3/12/2018,2018,2018,D5,Separated,Q-RIN,"155,000"
3/12/2018,2018,2018,D5,Separated,Unverified,"375,647"
3/12/2018,2018,2018,D6,Assigned,Q-RIN,"40,601,870"
3/12/2018,2018,2018,D6,Assigned,Unverified,"477,060,995"
3/12/2018,2018,2018,D6,Separated,Unverified,"314,415,614"
3/19/2018,2018,2016,D3,Assigned,Unverified,"174,995"
3/19/2018,2018,2016,D3,Separated,Q-RIN,"2,174,202"
3/19/2018,2018,2016,D4,Separated,Q-RIN,"261,495"
3/19/2018,2018,2016,D4,Separated,Unverified,"8,668,585"
3/19/2018,2018,2016,D6,Assigned,Q-RIN,"1,929"
3/19/2018,2018,2016,D6,Assigned,Unverified,"5,845"
3/19/2018,2018,2016,D6,Separated,Unverified,"107,907,762"
3/19/2018,2018,2017,D3,Separated,Q-RIN,"1,190,078"
3/19/2018,2018,2017,D3,Separated,Unverified,"1,048"
3/19/2018,2018,2017,D4,Assigned,Q-RIN,224
3/19/2018,2018,2017,D4,Assigned,Unverified,"1,220,433"
3/19/2018,2018,2017,D4,Separated,Q-RIN,"6,912,686"
3/19/2018,2018,2017,D4,Separated,Unverified,"55,192,109"
3/19/2018,2018,2017,D6,Assigned,Unverified,"23,535"
3/19/2018,2018,2017,D6,Separated,Q-RIN,"476,227"
3/19/2018,2018,2017,D6,Separated,Unverified,"112,704,045"
3/19/2018,2018,2018,D3,Assigned,Q-RIN,"29,000"
3/19/2018,2018,2018,D3,Assigned,Unverified,"378,132"
3/19/2018,2018,2018,D3,Separated,Q-RIN,"6,174,351"
3/19/2018,2018,2018,D4,Assigned,Q-RIN,"18,123,938"
3/19/2018,2018,2018,D4,Assigned,Unverified,"79,691,984"
3/19/2018,2018,2018,D4,Separated,Q-RIN,"9,837,758"
3/19/2018,2018,2018,D4,Separated,Unverified,"43,757,004"
3/19/2018,2018,2018,D5,Assigned,Q-RIN,"24,015"
3/19/2018,2018,2018,D5,Assigned,Unverified,"440,794"
3/19/2018,2018,2018,D5,Separated,Q-RIN,"275,000"
3/19/2018,2018,2018,D6,Assigned,Q-RIN,"36,611,963"
3/19/2018,2018,2018,D6,Assigned,Unverified,"450,004,746"
3/19/2018,2018,2018,D6,Separated,Unverified,"307,299,148"
3/26/2018,2018,2016,D3,Assigned,Unverified,"29,001"
3/26/2018,2018,2016,D3,Separated,Q-RIN,"1,665,056"
3/26/2018,2018,2016,D3,Separated,Unverified,"527,199"
3/26/2018,2018,2016,D4,Separated,Q-RIN,"12,446,784"
3/26/2018,2018,2016,D4,Separated,Unverified,"47,642,237"
3/26/2018,2018,2016,D5,Separated,Q-RIN,"19,470"
3/26/2018,2018,2016,D6,Assigned,Unverified,"17,733"
3/26/2018,2018,2016,D6,Separated,Q-RIN,"42,919"
3/26/2018,2018,2016,D6,Separated,Unverified,"178,377,162"
3/26/2018,2018,2017,D3,Separated,Q-RIN,"12,146,992"
3/26/2018,2018,2017,D3,Separated,Unverified,"975,927"
3/26/2018,2018,2017,D4,Assigned,Q-RIN,"2,025"
3/26/2018,2018,2017,D4,Assigned,Unverified,"1,409,767"
3/26/2018,2018,2017,D4,Separated,Q-RIN,"10,676,140"
3/26/2018,2018,2017,D4,Separated,Unverified,"149,707,017"
3/26/2018,2018,2017,D5,Separated,Unverified,"10,477,813"
3/26/2018,2018,2017,D6,Assigned,Unverified,"7,991"
3/26/2018,2018,2017,D6,Separated,Q-RIN,"1,119,638"
3/26/2018,2018,2017,D6,Separated,Unverified,"705,687,587"
3/26/2018,2018,2018,D3,Assigned,Q-RIN,"29,000"
3/26/2018,2018,2018,D3,Assigned,Unverified,"114,958"
3/26/2018,2018,2018,D3,Separated,Q-RIN,"13,340,244"
3/26/2018,2018,2018,D4,Assigned,Q-RIN,"22,985,409"
3/26/2018,2018,2018,D4,Assigned,Unverified,"80,886,796"
3/26/2018,2018,2018,D4,Separated,Q-RIN,"25,979,847"
3/26/2018,2018,2018,D4,Separated,Unverified,"76,041,401"
3/26/2018,2018,2018,D5,Assigned,Q-RIN,"56,055"
3/26/2018,2018,2018,D5,Assigned,Unverified,"3,168,203"
3/26/2018,2018,2018,D5,Separated,Q-RIN,"149,442"
3/26/2018,2018,2018,D5,Separated,Unverified,"1,079,572"
3/26/2018,2018,2018,D6,Assigned,Q-RIN,"36,986,739"
3/26/2018,2018,2018,D6,Assigned,Unverified,"480,924,589"
3/26/2018,2018,2018,D6,Separated,Q-RIN,"8,280"
3/26/2018,2018,2018,D6,Separated,Unverified,"410,959,638"
4/2/2018,2018,2017,D3,Separated,Unverified,"20,000"
4/2/2018,2018,2017,D4,Assigned,Q-RIN,76
4/2/2018,2018,2017,D4,Assigned,Unverified,"293,241"
4/2/2018,2018,2017,D4,Separated,Q-RIN,"3,641,859"
4/2/2018,2018,2017,D4,Separated,Unverified,"29,523,564"
4/2/2018,2018,2017,D5,Separated,Unverified,"500,000"
4/2/2018,2018,2017,D6,Separated,Q-RIN,"1,036,468"
4/2/2018,2018,2017,D6,Separated,Unverified,"17,675,148"
4/2/2018,2018,2018,D3,Assigned,Q-RIN,"482,360"
4/2/2018,2018,2018,D3,Assigned,Unverified,"335,504"
4/2/2018,2018,2018,D3,Separated,Q-RIN,"829,392"
4/2/2018,2018,2018,D3,Separated,Unverified,"44,000"
4/2/2018,2018,2018,D4,Assigned,Q-RIN,"14,562,489"
4/2/2018,2018,2018,D4,Assigned,Unverified,"95,362,652"
4/2/2018,2018,2018,D4,Separated,Q-RIN,"17,533,869"
4/2/2018,2018,2018,D4,Separated,Unverified,"82,192,623"
4/2/2018,2018,2018,D5,Assigned,Q-RIN,"39,800"
4/2/2018,2018,2018,D5,Assigned,Unverified,"2,133,489"
4/2/2018,2018,2018,D5,Separated,Q-RIN,"240,000"
4/2/2018,2018,2018,D5,Separated,Unverified,"800,000"
4/2/2018,2018,2018,D6,Assigned,Q-RIN,"31,358,788"
4/2/2018,2018,2018,D6,Assigned,Unverified,"462,866,853"
4/2/2018,2018,2018,D6,Separated,Q-RIN,"692,276"
4/2/2018,2018,2018,D6,Separated,Unverified,"223,067,914"
4/9/2018,2018,2017,D3,Separated,Q-RIN,"130,380"
4/9/2018,2018,2017,D4,Assigned,Q-RIN,226
4/9/2018,2018,2017,D4,Assigned,Unverified,"169,816"
4/9/2018,2018,2017,D4,Separated,Q-RIN,"13,519,134"
4/9/2018,2018,2017,D4,Separated,Unverified,"23,882,989"
4/9/2018,2018,2017,D6,Separated,Q-RIN,"418,603"
4/9/2018,2018,2017,D6,Separated,Unverified,"62,069,184"
4/9/2018,2018,2018,D3,Assigned,Q-RIN,"115,185"
4/9/2018,2018,2018,D3,Assigned,Unverified,"47,712"
4/9/2018,2018,2018,D3,Separated,Q-RIN,"2,182,943"
4/9/2018,2018,2018,D4,Assigned,Q-RIN,"23,546,819"
4/9/2018,2018,2018,D4,Assigned,Unverified,"80,324,600"
4/9/2018,2018,2018,D4,Separated,Q-RIN,"29,642,345"
4/9/2018,2018,2018,D4,Separated,Unverified,"46,378,603"
4/9/2018,2018,2018,D5,Assigned,Q-RIN,"16,003"
4/9/2018,2018,2018,D5,Assigned,Unverified,"424,626"
4/9/2018,2018,2018,D5,Separated,Q-RIN,"120,000"
4/9/2018,2018,2018,D6,Assigned,Q-RIN,"32,768,965"
4/9/2018,2018,2018,D6,Assigned,Unverified,"447,485,349"
4/9/2018,2018,2018,D6,Separated,Q-RIN,"274,834"
4/9/2018,2018,2018,D6,Separated,Unverified,"221,188,865"
4/16/2018,2018,2017,D3,Separated,Q-RIN,"102,442"
4/16/2018,2018,2017,D4,Assigned,Q-RIN,"42,474"
4/16/2018,2018,2017,D4,Assigned,Unverified,"570,205"
4/16/2018,2018,2017,D4,Separated,Q-RIN,"959,865"
4/16/2018,2018,2017,D4,Separated,Unverified,"33,479,410"
4/16/2018,2018,2017,D6,Assigned,Unverified,"32,094"
4/16/2018,2018,2017,D6,Separated,Q-RIN,"2,000,000"
4/16/2018,2018,2017,D6,Separated,Unverified,"45,873,793"
4/16/2018,2018,2018,D3,Assigned,Q-RIN,"50,854"
4/16/2018,2018,2018,D3,Assigned,Unverified,"2,008,708"
4/16/2018,2018,2018,D3,Separated,Q-RIN,"6,872,701"
4/16/2018,2018,2018,D3,Separated,Unverified,"1,616,594"
4/16/2018,2018,2018,D4,Assigned,Q-RIN,"18,371,702"
4/16/2018,2018,2018,D4,Assigned,Unverified,"80,066,675"
4/16/2018,2018,2018,D4,Separated,Q-RIN,"15,927,106"
4/16/2018,2018,2018,D4,Separated,Unverified,"53,289,675"
4/16/2018,2018,2018,D5,Assigned,Q-RIN,"55,709"
4/16/2018,2018,2018,D5,Assigned,Unverified,"452,656"
4/16/2018,2018,2018,D5,Separated,Q-RIN,"230,000"
4/16/2018,2018,2018,D5,Separated,Unverified,"1,000,000"
4/16/2018,2018,2018,D6,Assigned,Q-RIN,"30,614,080"
4/16/2018,2018,2018,D6,Assigned,Unverified,"453,389,083"
4/16/2018,2018,2018,D6,Separated,Q-RIN,"33,097"
4/16/2018,2018,2018,D6,Separated,Unverified,"289,578,769"
4/23/2018,2018,2016,D6,Assigned,Unverified,"341,981"
4/23/2018,2018,2017,D3,Separated,Q-RIN,"101,924"
4/23/2018,2018,2017,D4,Assigned,Q-RIN,"93,453"
4/23/2018,2018,2017,D4,Assigned,Unverified,"684,626"
4/23/2018,2018,2017,D4,Separated,Q-RIN,"1,549,546"
4/23/2018,2018,2017,D4,Separated,Unverified,"15,684,352"
4/23/2018,2018,2017,D6,Separated,Q-RIN,"1,397"
4/23/2018,2018,2017,D6,Separated,Unverified,"99,096,388"
4/23/2018,2018,2018,D3,Assigned,Q-RIN,"46,842"
4/23/2018,2018,2018,D3,Assigned,Unverified,"63,186"
4/23/2018,2018,2018,D3,Separated,Q-RIN,"12,640,657"
4/23/2018,2018,2018,D3,Separated,Unverified,"44,000"
4/23/2018,2018,2018,D4,Assigned,Q-RIN,"16,795,129"
4/23/2018,2018,2018,D4,Assigned,Unverified,"74,214,175"
4/23/2018,2018,2018,D4,Separated,Q-RIN,"13,359,602"
4/23/2018,2018,2018,D4,Separated,Unverified,"37,674,669"
4/23/2018,2018,2018,D5,Assigned,Unverified,"431,425"
4/23/2018,2018,2018,D5,Separated,Q-RIN,"50,000"
4/23/2018,2018,2018,D5,Separated,Unverified,"1,174,038"
4/23/2018,2018,2018,D6,Assigned,Q-RIN,"32,599,195"
4/23/2018,2018,2018,D6,Assigned,Unverified,"457,645,106"
4/23/2018,2018,2018,D6,Separated,Q-RIN,"156,891"
4/23/2018,2018,2018,D6,Separated,Unverified,"315,942,138"
4/30/2018,2018,2017,D3,Separated,Q-RIN,"104,366"
4/30/2018,2018,2017,D4,Assigned,Q-RIN,232
4/30/2018,2018,2017,D4,Assigned,Unverified,"605,239"
4/30/2018,2018,2017,D4,Separated,Q-RIN,"17,057,574"
4/30/2018,2018,2017,D4,Separated,Unverified,"11,864,826"
4/30/2018,2018,2017,D6,Separated,Q-RIN,"17,203"
4/30/2018,2018,2017,D6,Separated,Unverified,"44,819,659"
4/30/2018,2018,2018,D3,Assigned,Q-RIN,"23,364"
4/30/2018,2018,2018,D3,Assigned,Unverified,"114,870"
4/30/2018,2018,2018,D3,Separated,Q-RIN,"5,403,140"
4/30/2018,2018,2018,D3,Separated,Unverified,"143,283"
4/30/2018,2018,2018,D4,Assigned,Q-RIN,"23,724,511"
4/30/2018,2018,2018,D4,Assigned,Unverified,"83,054,767"
4/30/2018,2018,2018,D4,Separated,Q-RIN,"24,153,186"
4/30/2018,2018,2018,D4,Separated,Unverified,"42,989,292"
4/30/2018,2018,2018,D5,Assigned,Q-RIN,"47,380"
4/30/2018,2018,2018,D5,Assigned,Unverified,"4,444,843"
4/30/2018,2018,2018,D5,Separated,Q-RIN,"451,053"
4/30/2018,2018,2018,D6,Assigned,Q-RIN,"31,660,933"
4/30/2018,2018,2018,D6,Assigned,Unverified,"494,189,211"
4/30/2018,2018,2018,D6,Separated,Q-RIN,"35,132"
4/30/2018,2018,2018,D6,Separated,Unverified,"288,038,424"
5/7/2018,2018,2017,D4,Assigned,Q-RIN,"6,663"
5/7/2018,2018,2017,D4,Assigned,Unverified,"504,591"
5/7/2018,2018,2017,D4,Separated,Q-RIN,"3,917,704"
5/7/2018,2018,2017,D4,Separated,Unverified,"5,950,623"
5/7/2018,2018,2017,D6,Separated,Q-RIN,"11,788"
5/7/2018,2018,2017,D6,Separated,Unverified,"95,988,462"
5/7/2018,2018,2018,D3,Assigned,Q-RIN,"39,842"
5/7/2018,2018,2018,D3,Assigned,Unverified,"22,907"
5/7/2018,2018,2018,D3,Separated,Q-RIN,"4,083,736"
5/7/2018,2018,2018,D4,Assigned,Q-RIN,"21,279,084"
5/7/2018,2018,2018,D4,Assigned,Unverified,"87,856,727"
5/7/2018,2018,2018,D4,Separated,Q-RIN,"11,291,498"
5/7/2018,2018,2018,D4,Separated,Unverified,"25,849,856"
5/7/2018,2018,2018,D5,Assigned,Q-RIN,"15,828"
5/7/2018,2018,2018,D5,Assigned,Unverified,"319,849"
5/7/2018,2018,2018,D5,Separated,Q-RIN,"50,000"
5/7/2018,2018,2018,D6,Assigned,Q-RIN,"32,355,558"
5/7/2018,2018,2018,D6,Assigned,Unverified,"465,769,476"
5/7/2018,2018,2018,D6,Separated,Q-RIN,"34,905"
5/7/2018,2018,2018,D6,Separated,Unverified,"210,392,629"
5/14/2018,2018,2017,D3,Assigned,Q-RIN,"70,273"
5/14/2018,2018,2017,D3,Separated,Q-RIN,"70,273"
5/14/2018,2018,2017,D4,Assigned,Unverified,"870,225"
5/14/2018,2018,2017,D4,Separated,Q-RIN,"2,253,951"
5/14/2018,2018,2017,D4,Separated,Unverified,"16,983,327"
5/14/2018,2018,2017,D6,Separated,Unverified,"23,803,206"
5/14/2018,2018,2018,D3,Assigned,Q-RIN,"271,370"
5/14/2018,2018,2018,D3,Assigned,Unverified,"122,475"
5/14/2018,2018,2018,D3,Separated,Q-RIN,"5,416,348"
5/14/2018,2018,2018,D3,Separated,Unverified,"1,770"
5/14/2018,2018,2018,D4,Assigned,Q-RIN,"20,275,758"
5/14/2018,2018,2018,D4,Assigned,Unverified,"75,242,642"
5/14/2018,2018,2018,D4,Separated,Q-RIN,"9,340,712"
5/14/2018,2018,2018,D4,Separated,Unverified,"36,000,924"
5/14/2018,2018,2018,D5,Assigned,Q-RIN,"23,602"
5/14/2018,2018,2018,D5,Assigned,Unverified,"605,955"
5/14/2018,2018,2018,D5,Separated,Q-RIN,"50,000"
5/14/2018,2018,2018,D6,Assigned,Q-RIN,"34,125,577"
5/14/2018,2018,2018,D6,Assigned,Unverified,"445,356,053"
5/14/2018,2018,2018,D6,Separated,Q-RIN,"41,394"
5/14/2018,2018,2018,D6,Separated,Unverified,"332,892,292"
5/21/2018,2018,2017,D3,Separated,Q-RIN,"3,965,677"
5/21/2018,2018,2017,D4,Separated,Q-RIN,"3,205,332"
5/21/2018,2018,2017,D4,Separated,Unverified,"14,405,714"
5/21/2018,2018,2017,D5,Separated,Unverified,"9,466"
5/21/2018,2018,2017,D6,Separated,Unverified,"104,875,454"
5/21/2018,2018,2018,D3,Assigned,Q-RIN,"341,694"
5/21/2018,2018,2018,D3,Assigned,Unverified,"22,907"
5/21/2018,2018,2018,D3,Separated,Q-RIN,"12,804,083"
5/21/2018,2018,2018,D3,Separated,Unverified,"38,000"
5/21/2018,2018,2018,D4,Assigned,Q-RIN,"13,058,549"
5/21/2018,2018,2018,D4,Assigned,Unverified,"78,226,706"
5/21/2018,2018,2018,D4,Separated,Q-RIN,"10,804,456"
5/21/2018,2018,2018,D4,Separated,Unverified,"28,953,900"
5/21/2018,2018,2018,D5,Assigned,Q-RIN,"23,673"
5/21/2018,2018,2018,D5,Assigned,Unverified,"324,809"
5/21/2018,2018,2018,D5,Separated,Q-RIN,"298,898"
5/21/2018,2018,2018,D5,Separated,Unverified,"836,000"
5/21/2018,2018,2018,D6,Assigned,Q-RIN,"34,553,593"
5/21/2018,2018,2018,D6,Assigned,Unverified,"465,485,304"
5/21/2018,2018,2018,D6,Separated,Unverified,"283,904,409"
5/28/2018,2018,2017,D3,Separated,Q-RIN,"7,622"
5/28/2018,2018,2017,D4,Assigned,Q-RIN,"9,774"
5/28/2018,2018,2017,D4,Separated,Q-RIN,"9,385,266"
5/28/2018,2018,2017,D4,Separated,Unverified,"33,955,323"
5/28/2018,2018,2017,D6,Assigned,Unverified,83
5/28/2018,2018,2017,D6,Separated,Q-RIN,"1,253,906"
5/28/2018,2018,2017,D6,Separated,Unverified,"113,730,389"
5/28/2018,2018,2018,D3,Assigned,Q-RIN,"220,705"
5/28/2018,2018,2018,D3,Separated,Q-RIN,"6,682,209"
5/28/2018,2018,2018,D3,Separated,Unverified,"1,173"
5/28/2018,2018,2018,D4,Assigned,Q-RIN,"15,033,482"
5/28/2018,2018,2018,D4,Assigned,Unverified,"77,753,296"
5/28/2018,2018,2018,D4,Separated,Q-RIN,"11,286,253"
5/28/2018,2018,2018,D4,Separated,Unverified,"52,563,558"
5/28/2018,2018,2018,D5,Assigned,Q-RIN,"55,350"
5/28/2018,2018,2018,D5,Assigned,Unverified,"4,492,300"
5/28/2018,2018,2018,D5,Separated,Q-RIN,"102,252"
5/28/2018,2018,2018,D6,Assigned,Q-RIN,"33,495,586"
5/28/2018,2018,2018,D6,Assigned,Unverified,"469,586,264"
5/28/2018,2018,2018,D6,Separated,Q-RIN,"1,046,532"
5/28/2018,2018,2018,D6,Separated,Unverified,"317,178,999"
6/4/2018,2018,2017,D3,Separated,Q-RIN,"1,728,811"
6/4/2018,2018,2017,D4,Assigned,Unverified,"407,458"
6/4/2018,2018,2017,D4,Separated,Q-RIN,"100,357"
6/4/2018,2018,2017,D4,Separated,Unverified,"5,175,355"
6/4/2018,2018,2017,D6,Separated,Q-RIN,25
6/4/2018,2018,2017,D6,Separated,Unverified,"79,730,458"
6/4/2018,2018,2018,D3,Assigned,Q-RIN,"15,644"
6/4/2018,2018,2018,D3,Separated,Q-RIN,"6,163,471"
6/4/2018,2018,2018,D4,Assigned,Q-RIN,"30,735,623"
6/4/2018,2018,2018,D4,Assigned,Unverified,"94,733,788"
6/4/2018,2018,2018,D4,Separated,Q-RIN,"19,019,404"
6/4/2018,2018,2018,D4,Separated,Unverified,"62,718,537"
6/4/2018,2018,2018,D5,Assigned,Q-RIN,"31,508"
6/4/2018,2018,2018,D5,Assigned,Unverified,"476,134"
6/4/2018,2018,2018,D5,Separated,Q-RIN,"100,000"
6/4/2018,2018,2018,D5,Separated,Unverified,"384,132"
6/4/2018,2018,2018,D6,Assigned,Q-RIN,"35,446,188"
6/4/2018,2018,2018,D6,Assigned,Unverified,"477,003,497"
6/4/2018,2018,2018,D6,Separated,Q-RIN,"56,418"
6/4/2018,2018,2018,D6,Separated,Unverified,"312,921,246"
6/11/2018,2018,2017,D3,Assigned,Q-RIN,"127,237"
6/11/2018,2018,2017,D3,Separated,Q-RIN,"757,622"
6/11/2018,2018,2017,D4,Assigned,Q-RIN,"9,774"
6/11/2018,2018,2017,D4,Assigned,Unverified,"393,579"
6/11/2018,2018,2017,D4,Separated,Q-RIN,"2,110,006"
6/11/2018,2018,2017,D4,Separated,Unverified,"14,972,672"
6/11/2018,2018,2017,D6,Separated,Q-RIN,"61,902"
6/11/2018,2018,2017,D6,Separated,Unverified,"94,774,917"
6/11/2018,2018,2018,D3,Assigned,Q-RIN,"104,031"
6/11/2018,2018,2018,D3,Assigned,Unverified,"434,090"
6/11/2018,2018,2018,D3,Separated,Q-RIN,"12,792,138"
6/11/2018,2018,2018,D3,Separated,Unverified,"28,500"
6/11/2018,2018,2018,D4,Assigned,Q-RIN,"27,088,967"
6/11/2018,2018,2018,D4,Assigned,Unverified,"86,064,305"
6/11/2018,2018,2018,D4,Separated,Q-RIN,"30,337,198"
6/11/2018,2018,2018,D4,Separated,Unverified,"124,621,575"
6/11/2018,2018,2018,D5,Assigned,Q-RIN,"23,697"
6/11/2018,2018,2018,D5,Assigned,Unverified,"465,300"
6/11/2018,2018,2018,D5,Separated,Q-RIN,"23,879"
6/11/2018,2018,2018,D5,Separated,Unverified,"500,000"
6/11/2018,2018,2018,D6,Assigned,Q-RIN,"33,341,814"
6/11/2018,2018,2018,D6,Assigned,Unverified,"464,059,373"
6/11/2018,2018,2018,D6,Separated,Q-RIN,"107,179"
6/11/2018,2018,2018,D6,Separated,Unverified,"488,311,217"
6/18/2018,2018,2017,D3,Separated,Q-RIN,"131,048"
6/18/2018,2018,2017,D4,Assigned,Unverified,"439,453"
6/18/2018,2018,2017,D4,Separated,Q-RIN,"2,483,390"
6/18/2018,2018,2017,D4,Separated,Unverified,"15,749,072"
6/18/2018,2018,2017,D6,Assigned,Unverified,"8,047"
6/18/2018,2018,2017,D6,Separated,Q-RIN,"42,976"
6/18/2018,2018,2017,D6,Separated,Unverified,"44,463,976"
6/18/2018,2018,2018,D3,Assigned,Q-RIN,"33,060"
6/18/2018,2018,2018,D3,Assigned,Unverified,"146,686"
6/18/2018,2018,2018,D3,Separated,Q-RIN,"12,783,289"
6/18/2018,2018,2018,D4,Assigned,Q-RIN,"20,881,779"
6/18/2018,2018,2018,D4,Assigned,Unverified,"87,881,883"
6/18/2018,2018,2018,D4,Separated,Q-RIN,"30,947,085"
6/18/2018,2018,2018,D4,Separated,Unverified,"116,521,310"
6/18/2018,2018,2018,D5,Assigned,Q-RIN,"39,484"
6/18/2018,2018,2018,D5,Assigned,Unverified,"513,676"
6/18/2018,2018,2018,D5,Separated,Q-RIN,"40,000"
6/18/2018,2018,2018,D6,Assigned,Q-RIN,"35,609,075"
6/18/2018,2018,2018,D6,Assigned,Unverified,"490,309,109"
6/18/2018,2018,2018,D6,Separated,Q-RIN,"58,178"
6/18/2018,2018,2018,D6,Separated,Unverified,"432,498,333"
6/25/2018,2018,2017,D4,Assigned,Unverified,"771,380"
6/25/2018,2018,2017,D4,Separated,Q-RIN,"18,173,415"
6/25/2018,2018,2017,D4,Separated,Unverified,"48,638,514"
6/25/2018,2018,2017,D6,Separated,Q-RIN,"457,024"
6/25/2018,2018,2017,D6,Separated,Unverified,"89,894,495"
6/25/2018,2018,2018,D3,Assigned,Q-RIN,"226,620"
6/25/2018,2018,2018,D3,Assigned,Unverified,"31,588"
6/25/2018,2018,2018,D3,Separated,Q-RIN,"16,425,246"
6/25/2018,2018,2018,D3,Separated,Unverified,"28,500"
6/25/2018,2018,2018,D4,Assigned,Q-RIN,"27,758,189"
6/25/2018,2018,2018,D4,Assigned,Unverified,"92,254,201"
6/25/2018,2018,2018,D4,Separated,Q-RIN,"28,706,047"
6/25/2018,2018,2018,D4,Separated,Unverified,"252,075,148"
6/25/2018,2018,2018,D5,Assigned,Q-RIN,"23,727"
6/25/2018,2018,2018,D5,Assigned,Unverified,"885,737"
6/25/2018,2018,2018,D5,Separated,Q-RIN,"143,457"
6/25/2018,2018,2018,D6,Assigned,Q-RIN,"38,463,405"
6/25/2018,2018,2018,D6,Assigned,Unverified,"504,672,170"
6/25/2018,2018,2018,D6,Separated,Q-RIN,"195,528"
6/25/2018,2018,2018,D6,Separated,Unverified,"555,497,539"
7/2/2018,2018,2017,D3,Separated,Q-RIN,"827,237"
7/2/2018,2018,2017,D4,Assigned,Unverified,"325,720"
7/2/2018,2018,2017,D4,Separated,Q-RIN,"10,429,269"
7/2/2018,2018,2017,D4,Separated,Unverified,"13,440,898"
7/2/2018,2018,2017,D6,Separated,Q-RIN,"42,976"
7/2/2018,2018,2017,D6,Separated,Unverified,"36,485,824"
7/2/2018,2018,2018,D3,Assigned,Q-RIN,"7,538"
7/2/2018,2018,2018,D3,Separated,Q-RIN,"1,022,763"
7/2/2018,2018,2018,D4,Assigned,Q-RIN,"16,934,707"
7/2/2018,2018,2018,D4,Assigned,Unverified,"62,564,885"
7/2/2018,2018,2018,D4,Separated,Q-RIN,"45,017,750"
7/2/2018,2018,2018,D4,Separated,Unverified,"67,990,642"
7/2/2018,2018,2018,D5,Assigned,Q-RIN,"15,704"
7/2/2018,2018,2018,D5,Assigned,Unverified,"2,169,462"
7/2/2018,2018,2018,D6,Assigned,Q-RIN,"31,405,781"
7/2/2018,2018,2018,D6,Assigned,Unverified,"417,175,206"
7/2/2018,2018,2018,D6,Separated,Q-RIN,"55,829"
7/2/2018,2018,2018,D6,Separated,Unverified,"218,358,621"
7/9/2018,2018,2017,D3,Separated,Q-RIN,"225,000"
7/9/2018,2018,2017,D4,Separated,Q-RIN,"1,734"
7/9/2018,2018,2017,D4,Separated,Unverified,"11,682,923"
7/9/2018,2018,2017,D6,Separated,Unverified,"47,377,451"
7/9/2018,2018,2018,D3,Assigned,Q-RIN,"15,415"
7/9/2018,2018,2018,D3,Separated,Q-RIN,"1,349,107"
7/9/2018,2018,2018,D4,Assigned,Q-RIN,"17,013,532"
7/9/2018,2018,2018,D4,Assigned,Unverified,"83,688,443"
7/9/2018,2018,2018,D4,Separated,Q-RIN,"3,912,089"
7/9/2018,2018,2018,D4,Separated,Unverified,"53,619,003"
7/9/2018,2018,2018,D5,Assigned,Q-RIN,"39,170"
7/9/2018,2018,2018,D5,Assigned,Unverified,"547,428"
7/9/2018,2018,2018,D6,Assigned,Q-RIN,"36,131,817"
7/9/2018,2018,2018,D6,Assigned,Unverified,"478,707,212"
7/9/2018,2018,2018,D6,Separated,Unverified,"354,733,121"
7/16/2018,2018,2017,D3,Separated,Q-RIN,"2,058,000"
7/16/2018,2018,2017,D4,Assigned,Unverified,"204,405"
7/16/2018,2018,2017,D4,Separated,Q-RIN,"6,583,053"
7/16/2018,2018,2017,D4,Separated,Unverified,"13,916,947"
7/16/2018,2018,2017,D6,Separated,Unverified,"59,872,519"
7/16/2018,2018,2018,D3,Assigned,Q-RIN,"120,599"
7/16/2018,2018,2018,D3,Separated,Q-RIN,"7,725,997"
7/16/2018,2018,2018,D4,Assigned,Q-RIN,"17,743,792"
7/16/2018,2018,2018,D4,Assigned,Unverified,"84,848,953"
7/16/2018,2018,2018,D4,Separated,Q-RIN,"22,473,752"
7/16/2018,2018,2018,D4,Separated,Unverified,"58,665,394"
7/16/2018,2018,2018,D5,Assigned,Q-RIN,"31,646"
7/16/2018,2018,2018,D5,Assigned,Unverified,"445,257"
7/16/2018,2018,2018,D6,Assigned,Q-RIN,"36,380,298"
7/16/2018,2018,2018,D6,Assigned,Unverified,"495,738,687"
7/16/2018,2018,2018,D6,Separated,Q-RIN,"8,002"
7/16/2018,2018,2018,D6,Separated,Unverified,"342,499,303"
7/23/2018,2018,2017,D3,Separated,Q-RIN,"600,000"
7/23/2018,2018,2017,D4,Separated,Q-RIN,"5,048,733"
7/23/2018,2018,2017,D4,Separated,Unverified,"37,719,164"
7/23/2018,2018,2017,D6,Separated,Unverified,"92,039,054"
7/23/2018,2018,2018,D3,Assigned,Q-RIN,"116,461"
7/23/2018,2018,2018,D3,Separated,Q-RIN,"20,914,523"
7/23/2018,2018,2018,D4,Assigned,Q-RIN,"21,968,596"
7/23/2018,2018,2018,D4,Assigned,Unverified,"120,113,759"
7/23/2018,2018,2018,D4,Separated,Q-RIN,"22,602,791"
7/23/2018,2018,2018,D4,Separated,Unverified,"124,471,165"
7/23/2018,2018,2018,D5,Assigned,Q-RIN,"39,448"
7/23/2018,2018,2018,D5,Assigned,Unverified,"361,738"
7/23/2018,2018,2018,D5,Separated,Q-RIN,"147,564"
7/23/2018,2018,2018,D6,Assigned,Q-RIN,"36,278,197"
7/23/2018,2018,2018,D6,Assigned,Unverified,"477,591,688"
7/23/2018,2018,2018,D6,Separated,Q-RIN,"94,039"
7/23/2018,2018,2018,D6,Separated,Unverified,"354,650,757"
7/30/2018,2018,2017,D4,Separated,Q-RIN,"4,185,907"
7/30/2018,2018,2017,D4,Separated,Unverified,"29,910,658"
7/30/2018,2018,2017,D6,Separated,Q-RIN,"225,899"
7/30/2018,2018,2017,D6,Separated,Unverified,"28,571,659"
7/30/2018,2018,2018,D3,Assigned,Q-RIN,"15,604"
7/30/2018,2018,2018,D3,Separated,Q-RIN,"4,400,559"
7/30/2018,2018,2018,D4,Assigned,Q-RIN,"19,742,342"
7/30/2018,2018,2018,D4,Assigned,Unverified,"92,541,208"
7/30/2018,2018,2018,D4,Separated,Q-RIN,"22,558,656"
7/30/2018,2018,2018,D4,Separated,Unverified,"73,649,763"
7/30/2018,2018,2018,D5,Assigned,Q-RIN,"15,736"
7/30/2018,2018,2018,D5,Assigned,Unverified,"2,292,158"
7/30/2018,2018,2018,D5,Separated,Q-RIN,"115,955"
7/30/2018,2018,2018,D6,Assigned,Q-RIN,"33,706,276"
7/30/2018,2018,2018,D6,Assigned,Unverified,"498,009,133"
7/30/2018,2018,2018,D6,Separated,Unverified,"283,661,342"
8/6/2018,2018,2017,D3,Separated,Q-RIN,"525,000"
8/6/2018,2018,2017,D4,Separated,Q-RIN,"1,430,018"
8/6/2018,2018,2017,D4,Separated,Unverified,"9,781,847"
8/6/2018,2018,2017,D6,Separated,Unverified,"13,508,439"
8/6/2018,2018,2018,D3,Assigned,Q-RIN,"23,528"
8/6/2018,2018,2018,D3,Assigned,Unverified,"114,874"
8/6/2018,2018,2018,D3,Separated,Q-RIN,"7,525,376"
8/6/2018,2018,2018,D4,Assigned,Q-RIN,"18,859,934"
8/6/2018,2018,2018,D4,Assigned,Unverified,"83,260,353"
8/6/2018,2018,2018,D4,Separated,Q-RIN,"19,987,524"
8/6/2018,2018,2018,D4,Separated,Unverified,"58,265,578"
8/6/2018,2018,2018,D5,Assigned,Q-RIN,"47,039"
8/6/2018,2018,2018,D5,Assigned,Unverified,"651,344"
8/6/2018,2018,2018,D5,Separated,Unverified,"350,000"
8/6/2018,2018,2018,D6,Assigned,Q-RIN,"34,716,571"
8/6/2018,2018,2018,D6,Assigned,Unverified,"468,472,542"
8/6/2018,2018,2018,D6,Separated,Q-RIN,"126,765"
8/6/2018,2018,2018,D6,Separated,Unverified,"235,968,580"
8/13/2018,2018,2017,D3,Separated,Q-RIN,"23,357"
8/13/2018,2018,2017,D4,Separated,Q-RIN,"1,462,534"
8/13/2018,2018,2017,D4,Separated,Unverified,"14,811,491"
8/13/2018,2018,2017,D6,Separated,Unverified,"39,053,285"
8/13/2018,2018,2018,D3,Assigned,Q-RIN,"29,198"
8/13/2018,2018,2018,D3,Assigned,Unverified,"172,400"
8/13/2018,2018,2018,D3,Separated,Q-RIN,"14,032,557"
8/13/2018,2018,2018,D3,Separated,Unverified,"49,697"
8/13/2018,2018,2018,D4,Assigned,Q-RIN,"17,441,939"
8/13/2018,2018,2018,D4,Assigned,Unverified,"97,683,390"
8/13/2018,2018,2018,D4,Separated,Q-RIN,"12,536,145"
8/13/2018,2018,2018,D4,Separated,Unverified,"52,058,187"
8/13/2018,2018,2018,D5,Assigned,Q-RIN,"47,302"
8/13/2018,2018,2018,D5,Assigned,Unverified,"462,765"
8/13/2018,2018,2018,D5,Separated,Q-RIN,"7,904"
8/13/2018,2018,2018,D5,Separated,Unverified,"385,473"
8/13/2018,2018,2018,D6,Assigned,Q-RIN,"36,535,010"
8/13/2018,2018,2018,D6,Assigned,Unverified,"460,435,327"
8/13/2018,2018,2018,D6,Separated,Q-RIN,"6,170"
8/13/2018,2018,2018,D6,Separated,Unverified,"325,516,482"
8/20/2018,2018,2017,D3,Separated,Unverified,"179,000"
8/20/2018,2018,2017,D4,Separated,Q-RIN,"2,000,000"
8/20/2018,2018,2017,D4,Separated,Unverified,"12,406,538"
8/20/2018,2018,2017,D6,Separated,Q-RIN,"8,017"
8/20/2018,2018,2017,D6,Separated,Unverified,"35,378,850"
8/20/2018,2018,2018,D3,Assigned,Q-RIN,"7,805"
8/20/2018,2018,2018,D3,Assigned,Unverified,"402,204"
8/20/2018,2018,2018,D3,Separated,Q-RIN,"10,259,765"
8/20/2018,2018,2018,D3,Separated,Unverified,"178,984"
8/20/2018,2018,2018,D4,Assigned,Q-RIN,"26,213,140"
8/20/2018,2018,2018,D4,Assigned,Unverified,"101,785,216"
8/20/2018,2018,2018,D4,Separated,Q-RIN,"27,015,501"
8/20/2018,2018,2018,D4,Separated,Unverified,"62,736,530"
8/20/2018,2018,2018,D5,Assigned,Q-RIN,"31,598"
8/20/2018,2018,2018,D5,Assigned,Unverified,"11,387,817"
8/20/2018,2018,2018,D5,Separated,Unverified,"16,159"
8/20/2018,2018,2018,D6,Assigned,Q-RIN,"38,008,818"
8/20/2018,2018,2018,D6,Assigned,Unverified,"485,987,819"
8/20/2018,2018,2018,D6,Separated,Q-RIN,"32,126"
8/20/2018,2018,2018,D6,Separated,Unverified,"235,865,208"
8/27/2018,2018,2017,D3,Separated,Q-RIN,"1,008,406"
8/27/2018,2018,2017,D4,Separated,Q-RIN,"1,958,299"
8/27/2018,2018,2017,D4,Separated,Unverified,"7,274,320"
8/27/2018,2018,2017,D5,Separated,Unverified,"276,759"
8/27/2018,2018,2017,D6,Separated,Unverified,"14,500,000"
8/27/2018,2018,2018,D3,Assigned,Q-RIN,"32,267"
8/27/2018,2018,2018,D3,Separated,Q-RIN,"20,786,951"
8/27/2018,2018,2018,D3,Separated,Unverified,"40,664"
8/27/2018,2018,2018,D4,Assigned,Q-RIN,"19,227,265"
8/27/2018,2018,2018,D4,Assigned,Unverified,"103,531,710"
8/27/2018,2018,2018,D4,Separated,Q-RIN,"17,338,570"
8/27/2018,2018,2018,D4,Separated,Unverified,"57,155,352"
8/27/2018,2018,2018,D5,Assigned,Q-RIN,"47,454"
8/27/2018,2018,2018,D5,Assigned,Unverified,"10,276,177"
8/27/2018,2018,2018,D5,Separated,Q-RIN,"122,348"
8/27/2018,2018,2018,D5,Separated,Unverified,"451,497"
8/27/2018,2018,2018,D6,Assigned,Q-RIN,"36,861,856"
8/27/2018,2018,2018,D6,Assigned,Unverified,"483,676,595"
8/27/2018,2018,2018,D6,Separated,Q-RIN,"500,000"
8/27/2018,2018,2018,D6,Separated,Unverified,"291,169,545"
9/3/2018,2018,2017,D3,Separated,Q-RIN,"12,255"
9/3/2018,2018,2017,D4,Assigned,Unverified,"31,168"
9/3/2018,2018,2017,D4,Separated,Q-RIN,"5,545,002"
9/3/2018,2018,2017,D4,Separated,Unverified,"1,793,813"
9/3/2018,2018,2017,D6,Separated,Q-RIN,"123,555"
9/3/2018,2018,2017,D6,Separated,Unverified,"68,549,668"
9/3/2018,2018,2018,D3,Assigned,Q-RIN,"244,781"
9/3/2018,2018,2018,D3,Separated,Q-RIN,"5,123,421"
9/3/2018,2018,2018,D3,Separated,Unverified,117
9/3/2018,2018,2018,D4,Assigned,Q-RIN,"15,936,637"
9/3/2018,2018,2018,D4,Assigned,Unverified,"86,277,162"
9/3/2018,2018,2018,D4,Separated,Q-RIN,"26,249,290"
9/3/2018,2018,2018,D4,Separated,Unverified,"64,805,940"
9/3/2018,2018,2018,D5,Assigned,Q-RIN,"39,498"
9/3/2018,2018,2018,D5,Assigned,Unverified,"2,190,606"
9/3/2018,2018,2018,D5,Separated,Unverified,"572,710"
9/3/2018,2018,2018,D6,Assigned,Q-RIN,"29,896,917"
9/3/2018,2018,2018,D6,Assigned,Unverified,"439,755,718"
9/3/2018,2018,2018,D6,Separated,Q-RIN,"33,717"
9/3/2018,2018,2018,D6,Separated,Unverified,"279,506,420"
9/10/2018,2018,2017,D3,Separated,Q-RIN,"1,102,442"
9/10/2018,2018,2017,D4,Separated,Q-RIN,"109,693"
9/10/2018,2018,2017,D4,Separated,Unverified,"10,931,012"
9/10/2018,2018,2017,D5,Separated,Unverified,"1,567,666"
9/10/2018,2018,2017,D6,Separated,Unverified,"74,088,001"
9/10/2018,2018,2018,D3,Assigned,Q-RIN,"15,834"
9/10/2018,2018,2018,D3,Separated,Q-RIN,"2,737,315"
9/10/2018,2018,2018,D4,Assigned,Q-RIN,"21,978,407"
9/10/2018,2018,2018,D4,Assigned,Unverified,"104,470,725"
9/10/2018,2018,2018,D4,Separated,Q-RIN,"25,933,788"
9/10/2018,2018,2018,D4,Separated,Unverified,"74,971,275"
9/10/2018,2018,2018,D5,Assigned,Q-RIN,"39,520"
9/10/2018,2018,2018,D5,Assigned,Unverified,"793,625"
9/10/2018,2018,2018,D5,Separated,Unverified,"15,000,000"
9/10/2018,2018,2018,D6,Assigned,Q-RIN,"36,259,809"
9/10/2018,2018,2018,D6,Assigned,Unverified,"467,288,073"
9/10/2018,2018,2018,D6,Separated,Q-RIN,"61,184"
9/10/2018,2018,2018,D6,Separated,Unverified,"464,600,828"
9/17/2018,2018,2017,D3,Separated,Q-RIN,"1,200,000"
9/17/2018,2018,2017,D3,Separated,Unverified,"1,271,743"
9/17/2018,2018,2017,D4,Separated,Q-RIN,"1,350,000"
9/17/2018,2018,2017,D4,Separated,Unverified,"20,250,742"
9/17/2018,2018,2017,D6,Separated,Unverified,"113,006,452"
9/17/2018,2018,2018,D3,Assigned,Q-RIN,"17,597"
9/17/2018,2018,2018,D3,Assigned,Unverified,"636,528"
9/17/2018,2018,2018,D3,Separated,Q-RIN,"16,304,814"
9/17/2018,2018,2018,D4,Assigned,Q-RIN,"21,967,456"
9/17/2018,2018,2018,D4,Assigned,Unverified,"89,870,078"
9/17/2018,2018,2018,D4,Separated,Q-RIN,"19,819,325"
9/17/2018,2018,2018,D4,Separated,Unverified,"123,752,765"
9/17/2018,2018,2018,D5,Assigned,Q-RIN,"47,401"
9/17/2018,2018,2018,D5,Assigned,Unverified,"823,059"
9/17/2018,2018,2018,D6,Assigned,Q-RIN,"33,987,626"
9/17/2018,2018,2018,D6,Assigned,Unverified,"472,723,509"
9/17/2018,2018,2018,D6,Separated,Q-RIN,44
9/17/2018,2018,2018,D6,Separated,Unverified,"427,000,470"
9/24/2018,2018,2017,D3,Separated,Q-RIN,"1,312,255"
9/24/2018,2018,2017,D4,Separated,Q-RIN,"346,606"
9/24/2018,2018,2017,D4,Separated,Unverified,"15,855,954"
9/24/2018,2018,2017,D5,Separated,Unverified,"234,466"
9/24/2018,2018,2017,D6,Separated,Unverified,"47,966,374"
9/24/2018,2018,2018,D3,Assigned,Q-RIN,"24,485"
9/24/2018,2018,2018,D3,Assigned,Unverified,"524,000"
9/24/2018,2018,2018,D3,Separated,Q-RIN,"25,327,247"
9/24/2018,2018,2018,D3,Separated,Unverified,"889,654"
9/24/2018,2018,2018,D4,Assigned,Q-RIN,"19,333,686"
9/24/2018,2018,2018,D4,Assigned,Unverified,"124,998,572"
9/24/2018,2018,2018,D4,Separated,Q-RIN,"91,127,913"
9/24/2018,2018,2018,D4,Separated,Unverified,"317,556,344"
9/24/2018,2018,2018,D5,Assigned,Q-RIN,"31,660"
9/24/2018,2018,2018,D5,Assigned,Unverified,"4,916,663"
9/24/2018,2018,2018,D5,Separated,Q-RIN,"110,865"
9/24/2018,2018,2018,D5,Separated,Unverified,"1,036,000"
9/24/2018,2018,2018,D6,Assigned,Q-RIN,"40,312,375"
9/24/2018,2018,2018,D6,Assigned,Unverified,"493,802,376"
9/24/2018,2018,2018,D6,Separated,Q-RIN,"15,384"
9/24/2018,2018,2018,D6,Separated,Unverified,"483,388,019"
10/1/2018,2018,2017,D4,Separated,Q-RIN,"623,552"
10/1/2018,2018,2017,D4,Separated,Unverified,"10,546,111"
10/1/2018,2018,2017,D6,Separated,Unverified,"44,643,116"
10/1/2018,2018,2018,D3,Assigned,Q-RIN,"247,203"
10/1/2018,2018,2018,D3,Separated,Q-RIN,"12,186,002"
10/1/2018,2018,2018,D3,Separated,Unverified,"1,706,086"
10/1/2018,2018,2018,D4,Assigned,Q-RIN,"15,985,782"
10/1/2018,2018,2018,D4,Assigned,Unverified,"71,409,548"
10/1/2018,2018,2018,D4,Separated,Q-RIN,"24,577,483"
10/1/2018,2018,2018,D4,Separated,Unverified,"74,455,224"
10/1/2018,2018,2018,D5,Assigned,Q-RIN,"31,593"
10/1/2018,2018,2018,D5,Assigned,Unverified,"444,587"
10/1/2018,2018,2018,D5,Separated,Q-RIN,"160,000"
10/1/2018,2018,2018,D5,Separated,Unverified,"2,542,139"
10/1/2018,2018,2018,D6,Assigned,Q-RIN,"30,892,445"
10/1/2018,2018,2018,D6,Assigned,Unverified,"407,575,597"
10/1/2018,2018,2018,D6,Separated,Q-RIN,"257,646"
10/1/2018,2018,2018,D6,Separated,Unverified,"329,791,987"
10/8/2018,2018,2017,D3,Separated,Q-RIN,"1,548"
10/8/2018,2018,2017,D4,Separated,Q-RIN,"6,000,000"
10/8/2018,2018,2017,D4,Separated,Unverified,"8,455,597"
10/8/2018,2018,2017,D5,Separated,Unverified,"1,982"
10/8/2018,2018,2017,D6,Separated,Unverified,"46,771,047"
10/8/2018,2018,2018,D3,Assigned,Q-RIN,"574,621"
10/8/2018,2018,2018,D3,Assigned,Unverified,"345,332"
10/8/2018,2018,2018,D3,Separated,Q-RIN,"1,200,000"
10/8/2018,2018,2018,D4,Assigned,Q-RIN,"16,907,390"
10/8/2018,2018,2018,D4,Assigned,Unverified,"87,408,365"
10/8/2018,2018,2018,D4,Separated,Q-RIN,"19,956,003"
10/8/2018,2018,2018,D4,Separated,Unverified,"51,697,286"
10/8/2018,2018,2018,D5,Assigned,Q-RIN,"23,592"
10/8/2018,2018,2018,D5,Assigned,Unverified,"1,867,568"
10/8/2018,2018,2018,D5,Separated,Unverified,"1,057,867"
10/8/2018,2018,2018,D6,Assigned,Q-RIN,"33,233,609"
10/8/2018,2018,2018,D6,Assigned,Unverified,"435,108,929"
10/8/2018,2018,2018,D6,Separated,Q-RIN,"49,824"
10/8/2018,2018,2018,D6,Separated,Unverified,"242,445,365"
10/15/2018,2018,2017,D3,Separated,Q-RIN,"768,500"
10/15/2018,2018,2017,D3,Separated,Unverified,"89,500"
10/15/2018,2018,2017,D4,Separated,Q-RIN,"12,889,605"
10/15/2018,2018,2017,D4,Separated,Unverified,"14,750,716"
10/15/2018,2018,2017,D6,Separated,Unverified,"109,818,270"
10/15/2018,2018,2018,D3,Assigned,Q-RIN,"40,786"
10/15/2018,2018,2018,D3,Separated,Q-RIN,"7,824,130"
10/15/2018,2018,2018,D4,Assigned,Q-RIN,"17,594,299"
10/15/2018,2018,2018,D4,Assigned,Unverified,"96,317,961"
10/15/2018,2018,2018,D4,Separated,Q-RIN,"22,433,151"
10/15/2018,2018,2018,D4,Separated,Unverified,"95,489,558"
10/15/2018,2018,2018,D5,Assigned,Q-RIN,"15,893"
10/15/2018,2018,2018,D5,Assigned,Unverified,"12,684,789"
10/15/2018,2018,2018,D5,Separated,Unverified,"10,736,119"
10/15/2018,2018,2018,D6,Assigned,Q-RIN,"34,510,375"
10/15/2018,2018,2018,D6,Assigned,Unverified,"417,628,268"
10/15/2018,2018,2018,D6,Separated,Q-RIN,"16,193"
10/15/2018,2018,2018,D6,Separated,Unverified,"362,155,886"
10/22/2018,2018,2017,D3,Separated,Q-RIN,"589,500"
10/22/2018,2018,2017,D4,Separated,Q-RIN,"2,083,444"
10/22/2018,2018,2017,D4,Separated,Unverified,"26,108,606"
10/22/2018,2018,2017,D6,Assigned,Unverified,"26,903"
10/22/2018,2018,2017,D6,Separated,Q-RIN,"166,734"
10/22/2018,2018,2017,D6,Separated,Unverified,"26,033,840"
10/22/2018,2018,2018,D3,Assigned,Q-RIN,"48,088"
10/22/2018,2018,2018,D3,Assigned,Unverified,"120,483"
10/22/2018,2018,2018,D3,Separated,Q-RIN,"27,716,511"
10/22/2018,2018,2018,D4,Assigned,Q-RIN,"15,406,307"
10/22/2018,2018,2018,D4,Assigned,Unverified,"78,792,335"
10/22/2018,2018,2018,D4,Separated,Q-RIN,"26,335,855"
10/22/2018,2018,2018,D4,Separated,Unverified,"128,367,938"
10/22/2018,2018,2018,D5,Assigned,Q-RIN,"39,889"
10/22/2018,2018,2018,D5,Assigned,Unverified,"424,160"
10/22/2018,2018,2018,D5,Separated,Q-RIN,"7,985"
10/22/2018,2018,2018,D5,Separated,Unverified,"1,050,000"
10/22/2018,2018,2018,D6,Assigned,Q-RIN,"35,140,865"
10/22/2018,2018,2018,D6,Assigned,Unverified,"442,302,603"
10/22/2018,2018,2018,D6,Separated,Unverified,"455,485,362"
10/29/2018,2018,2017,D4,Separated,Q-RIN,"432,841"
10/29/2018,2018,2017,D4,Separated,Unverified,"3,638,216"
10/29/2018,2018,2017,D6,Separated,Unverified,"2,061,618"
10/29/2018,2018,2018,D3,Assigned,Q-RIN,"32,678"
10/29/2018,2018,2018,D3,Assigned,Unverified,"235,657"
10/29/2018,2018,2018,D3,Separated,Q-RIN,"6,750,271"
10/29/2018,2018,2018,D3,Separated,Unverified,"1,173"
10/29/2018,2018,2018,D4,Assigned,Q-RIN,"23,731,911"
10/29/2018,2018,2018,D4,Assigned,Unverified,"112,559,446"
10/29/2018,2018,2018,D4,Separated,Q-RIN,"20,566,462"
10/29/2018,2018,2018,D4,Separated,Unverified,"116,610,234"
10/29/2018,2018,2018,D5,Assigned,Q-RIN,"47,533"
10/29/2018,2018,2018,D5,Assigned,Unverified,"15,495,386"
10/29/2018,2018,2018,D5,Separated,Q-RIN,"97,769"
10/29/2018,2018,2018,D6,Assigned,Q-RIN,"32,678,122"
10/29/2018,2018,2018,D6,Assigned,Unverified,"428,615,260"
10/29/2018,2018,2018,D6,Separated,Q-RIN,"83,535"
10/29/2018,2018,2018,D6,Separated,Unverified,"260,099,679"
11/5/2018,2018,2017,D4,Separated,Q-RIN,"2,326,715"
11/5/2018,2018,2017,D4,Separated,Unverified,"7,887,357"
11/5/2018,2018,2017,D6,Separated,Unverified,"21,736,250"
11/5/2018,2018,2018,D3,Assigned,Q-RIN,"24,514"
11/5/2018,2018,2018,D3,Separated,Q-RIN,"5,649,705"
11/5/2018,2018,2018,D4,Assigned,Q-RIN,"18,691,995"
11/5/2018,2018,2018,D4,Assigned,Unverified,"98,102,742"
11/5/2018,2018,2018,D4,Separated,Q-RIN,"26,338,363"
11/5/2018,2018,2018,D4,Separated,Unverified,"132,950,903"
11/5/2018,2018,2018,D5,Assigned,Q-RIN,"31,851"
11/5/2018,2018,2018,D5,Assigned,Unverified,"354,527"
11/5/2018,2018,2018,D5,Separated,Q-RIN,"786,260"
11/5/2018,2018,2018,D5,Separated,Unverified,"500,000"
11/5/2018,2018,2018,D6,Assigned,Q-RIN,"40,961,030"
11/5/2018,2018,2018,D6,Assigned,Unverified,"421,861,879"
11/5/2018,2018,2018,D6,Separated,Q-RIN,"7,580"
11/5/2018,2018,2018,D6,Separated,Unverified,"279,806,869"
11/12/2018,2018,2017,D4,Assigned,Unverified,"4,654"
11/12/2018,2018,2017,D4,Separated,Q-RIN,"843,355"
11/12/2018,2018,2017,D4,Separated,Unverified,"8,148,927"
11/12/2018,2018,2017,D6,Separated,Unverified,"18,025,010"
11/12/2018,2018,2018,D3,Assigned,Q-RIN,"39,209"
11/12/2018,2018,2018,D3,Assigned,Unverified,"174,767"
11/12/2018,2018,2018,D3,Separated,Q-RIN,"19,648,848"
11/12/2018,2018,2018,D4,Assigned,Q-RIN,"21,075,515"
11/12/2018,2018,2018,D4,Assigned,Unverified,"92,764,255"
11/12/2018,2018,2018,D4,Separated,Q-RIN,"11,274,353"
11/12/2018,2018,2018,D4,Separated,Unverified,"79,785,313"
11/12/2018,2018,2018,D5,Assigned,Q-RIN,"39,892"
11/12/2018,2018,2018,D5,Assigned,Unverified,"432,331"
11/12/2018,2018,2018,D6,Assigned,Q-RIN,"41,213,553"
11/12/2018,2018,2018,D6,Assigned,Unverified,"419,901,722"
11/12/2018,2018,2018,D6,Separated,Q-RIN,"472,301"
11/12/2018,2018,2018,D6,Separated,Unverified,"574,876,805"
11/19/2018,2018,2017,D4,Separated,Q-RIN,"56,858"
11/19/2018,2018,2017,D6,Separated,Unverified,"1,608,521"
11/19/2018,2018,2018,D3,Assigned,Q-RIN,"39,169"
11/19/2018,2018,2018,D3,Assigned,Unverified,"190,825"
11/19/2018,2018,2018,D3,Separated,Q-RIN,"16,954,252"
11/19/2018,2018,2018,D4,Assigned,Q-RIN,"9,687,843"
11/19/2018,2018,2018,D4,Assigned,Unverified,"81,372,963"
11/19/2018,2018,2018,D4,Separated,Q-RIN,"12,164,319"
11/19/2018,2018,2018,D4,Separated,Unverified,"115,169,621"
11/19/2018,2018,2018,D5,Assigned,Q-RIN,"15,746"
11/19/2018,2018,2018,D5,Assigned,Unverified,"401,429"
11/19/2018,2018,2018,D6,Assigned,Q-RIN,"34,665,730"
11/19/2018,2018,2018,D6,Assigned,Unverified,"415,769,848"
11/19/2018,2018,2018,D6,Separated,Q-RIN,"31,120"
11/19/2018,2018,2018,D6,Separated,Unverified,"286,077,273"
11/26/2018,2018,2017,D4,Separated,Unverified,"2,548,196"
11/26/2018,2018,2017,D6,Separated,Unverified,"5,387,752"
11/26/2018,2018,2018,D3,Assigned,Q-RIN,"24,345"
11/26/2018,2018,2018,D3,Assigned,Unverified,"335,694"
11/26/2018,2018,2018,D3,Separated,Q-RIN,"22,221,853"
11/26/2018,2018,2018,D3,Separated,Unverified,"34,515"
11/26/2018,2018,2018,D4,Assigned,Q-RIN,"16,468,023"
11/26/2018,2018,2018,D4,Assigned,Unverified,"101,692,146"
11/26/2018,2018,2018,D4,Separated,Q-RIN,"42,540,476"
11/26/2018,2018,2018,D4,Separated,Unverified,"138,824,175"
11/26/2018,2018,2018,D5,Assigned,Q-RIN,"31,566"
11/26/2018,2018,2018,D5,Assigned,Unverified,"3,200,991"
11/26/2018,2018,2018,D5,Separated,Q-RIN,"757,060"
11/26/2018,2018,2018,D5,Separated,Unverified,"13,569,060"
11/26/2018,2018,2018,D6,Assigned,Q-RIN,"38,050,361"
11/26/2018,2018,2018,D6,Assigned,Unverified,"469,816,519"
11/26/2018,2018,2018,D6,Separated,Unverified,"441,300,955"
12/3/2018,2018,2017,D4,Separated,Q-RIN,"2,882,778"
12/3/2018,2018,2017,D4,Separated,Unverified,"24,149,435"
12/3/2018,2018,2017,D6,Separated,Unverified,"14,043,220"
12/3/2018,2018,2018,D3,Assigned,Q-RIN,"48,118"
12/3/2018,2018,2018,D3,Assigned,Unverified,"47,536"
12/3/2018,2018,2018,D3,Separated,Q-RIN,"9,461,734"
12/3/2018,2018,2018,D4,Assigned,Q-RIN,"23,021,511"
12/3/2018,2018,2018,D4,Assigned,Unverified,"83,066,993"
12/3/2018,2018,2018,D4,Separated,Q-RIN,"28,311,291"
12/3/2018,2018,2018,D4,Separated,Unverified,"156,542,723"
12/3/2018,2018,2018,D5,Assigned,Q-RIN,"56,238"
12/3/2018,2018,2018,D5,Assigned,Unverified,"2,056,685"
12/3/2018,2018,2018,D5,Separated,Unverified,"17,550,000"
12/3/2018,2018,2018,D6,Assigned,Q-RIN,"33,298,072"
12/3/2018,2018,2018,D6,Assigned,Unverified,"446,727,980"
12/3/2018,2018,2018,D6,Separated,Q-RIN,"41,908"
12/3/2018,2018,2018,D6,Separated,Unverified,"419,832,945"
12/10/2018,2018,2017,D4,Separated,Q-RIN,"169,107"
12/10/2018,2018,2017,D4,Separated,Unverified,"7,870,263"
12/10/2018,2018,2017,D6,Assigned,Unverified,"8,401,325"
12/10/2018,2018,2017,D6,Separated,Unverified,"43,375,099"
12/10/2018,2018,2018,D3,Assigned,Q-RIN,"15,478"
12/10/2018,2018,2018,D3,Assigned,Unverified,"24,006"
12/10/2018,2018,2018,D3,Separated,Q-RIN,"29,626,014"
12/10/2018,2018,2018,D4,Assigned,Q-RIN,"27,852,288"
12/10/2018,2018,2018,D4,Assigned,Unverified,"92,664,839"
12/10/2018,2018,2018,D4,Separated,Q-RIN,"40,856,166"
12/10/2018,2018,2018,D4,Separated,Unverified,"184,024,052"
12/10/2018,2018,2018,D5,Assigned,Q-RIN,"32,139"
12/10/2018,2018,2018,D5,Assigned,Unverified,"468,687"
12/10/2018,2018,2018,D5,Separated,Q-RIN,"780,000"
12/10/2018,2018,2018,D5,Separated,Unverified,"14,029,768"
12/10/2018,2018,2018,D6,Assigned,Q-RIN,"35,858,768"
12/10/2018,2018,2018,D6,Assigned,Unverified,"438,257,910"
12/10/2018,2018,2018,D6,Separated,Q-RIN,"8,487"
12/10/2018,2018,2018,D6,Separated,Unverified,"661,542,773"
12/17/2018,2018,2017,D4,Separated,Q-RIN,"7,408,318"
12/17/2018,2018,2017,D4,Separated,Unverified,"13,186,217"
12/17/2018,2018,2017,D6,Assigned,Unverified,"9,651"
12/17/2018,2018,2017,D6,Separated,Unverified,"42,150,179"
12/17/2018,2018,2018,D3,Assigned,Q-RIN,"48,111"
12/17/2018,2018,2018,D3,Assigned,Unverified,"40,019"
12/17/2018,2018,2018,D3,Separated,Q-RIN,"38,256,792"
12/17/2018,2018,2018,D3,Separated,Unverified,"735,882"
12/17/2018,2018,2018,D4,Assigned,Q-RIN,"12,609,255"
12/17/2018,2018,2018,D4,Assigned,Unverified,"88,460,021"
12/17/2018,2018,2018,D4,Separated,Q-RIN,"52,346,965"
12/17/2018,2018,2018,D4,Separated,Unverified,"332,704,135"
12/17/2018,2018,2018,D5,Assigned,Q-RIN,"55,747"
12/17/2018,2018,2018,D5,Assigned,Unverified,"11,363,940"
12/17/2018,2018,2018,D5,Separated,Q-RIN,"78,216"
12/17/2018,2018,2018,D5,Separated,Unverified,"23,749,065"
12/17/2018,2018,2018,D6,Assigned,Q-RIN,"33,798,336"
12/17/2018,2018,2018,D6,Assigned,Unverified,"464,353,866"
12/17/2018,2018,2018,D6,Separated,Q-RIN,"69,156"
12/17/2018,2018,2018,D6,Separated,Unverified,"661,158,325"
12/24/2018,2018,2017,D4,Separated,Q-RIN,"4,655,227"
12/24/2018,2018,2017,D4,Separated,Unverified,"21,837,018"
12/24/2018,2018,2017,D5,Separated,Unverified,"667,027"
12/24/2018,2018,2017,D6,Separated,Unverified,"39,882,932"
12/24/2018,2018,2018,D3,Assigned,Q-RIN,"41,231"
12/24/2018,2018,2018,D3,Assigned,Unverified,"31,560"
12/24/2018,2018,2018,D3,Separated,Q-RIN,"8,145,392"
12/24/2018,2018,2018,D4,Assigned,Q-RIN,"13,217,420"
12/24/2018,2018,2018,D4,Assigned,Unverified,"92,417,104"
12/24/2018,2018,2018,D4,Separated,Q-RIN,"36,420,557"
12/24/2018,2018,2018,D4,Separated,Unverified,"121,839,782"
12/24/2018,2018,2018,D5,Assigned,Q-RIN,"15,978"
12/24/2018,2018,2018,D5,Assigned,Unverified,"336,742"
12/24/2018,2018,2018,D5,Separated,Q-RIN,"155,178"
12/24/2018,2018,2018,D5,Separated,Unverified,"1,414,661"
12/24/2018,2018,2018,D6,Assigned,Q-RIN,"30,502,754"
12/24/2018,2018,2018,D6,Assigned,Unverified,"382,675,069"
12/24/2018,2018,2018,D6,Separated,Q-RIN,"2,816,474"
12/24/2018,2018,2018,D6,Separated,Unverified,"442,368,100"
12/31/2018,2018,2017,D3,Separated,Q-RIN,30
12/31/2018,2018,2017,D4,Separated,Q-RIN,"8,126,314"
12/31/2018,2018,2017,D4,Separated,Unverified,"5,070,797"
12/31/2018,2018,2017,D6,Separated,Q-RIN,"597,155"
12/31/2018,2018,2017,D6,Separated,Unverified,"92,923,243"
12/31/2018,2018,2018,D3,Assigned,Unverified,"31,596"
12/31/2018,2018,2018,D3,Separated,Q-RIN,"8,982,450"
12/31/2018,2018,2018,D3,Separated,Unverified,"1,547"
12/31/2018,2018,2018,D4,Assigned,Q-RIN,"7,701,501"
12/31/2018,2018,2018,D4,Assigned,Unverified,"77,691,569"
12/31/2018,2018,2018,D4,Separated,Q-RIN,"23,432,872"
12/31/2018,2018,2018,D4,Separated,Unverified,"98,408,298"
12/31/2018,2018,2018,D5,Assigned,Unverified,"2,987,169"
12/31/2018,2018,2018,D5,Separated,Q-RIN,"87,854"
12/31/2018,2018,2018,D5,Separated,Unverified,"404,582"
12/31/2018,2018,2018,D6,Assigned,Q-RIN,"9,578,934"
12/31/2018,2018,2018,D6,Assigned,Unverified,"110,207,160"
12/31/2018,2018,2018,D6,Separated,Q-RIN,"4,124,093"
12/31/2018,2018,2018,D6,Separated,Unverified,"470,145,888"
12/31/2018,2019,2017,D4,Separated,Unverified,"2,624,617"
12/31/2018,2019,2017,D6,Separated,Unverified,"11,461,151"
12/31/2018,2019,2018,D3,Separated,Q-RIN,"1,100,000"
12/31/2018,2019,2018,D4,Assigned,Q-RIN,"2,629,977"
12/31/2018,2019,2018,D4,Assigned,Unverified,"20,085,888"
12/31/2018,2019,2018,D4,Separated,Q-RIN,"16,853,566"
12/31/2018,2019,2018,D4,Separated,Unverified,"87,029,087"
12/31/2018,2019,2018,D5,Assigned,Unverified,"11,729,933"
12/31/2018,2019,2018,D5,Separated,Q-RIN,"222,088"
12/31/2018,2019,2018,D6,Assigned,Q-RIN,"343,743"
12/31/2018,2019,2018,D6,Assigned,Unverified,"128,014,516"
12/31/2018,2019,2018,D6,Separated,Unverified,"418,987,882"
12/31/2018,2019,2019,D3,Assigned,Q-RIN,"188,442"
12/31/2018,2019,2019,D4,Assigned,Q-RIN,"3,837,062"
12/31/2018,2019,2019,D4,Assigned,Unverified,"15,426,076"
12/31/2018,2019,2019,D4,Separated,Q-RIN,"6,645"
12/31/2018,2019,2019,D4,Separated,Unverified,"780,625"
12/31/2018,2019,2019,D5,Assigned,Q-RIN,"31,633"
12/31/2018,2019,2019,D5,Assigned,Unverified,"422,987"
12/31/2018,2019,2019,D5,Separated,Q-RIN,"134,710"
12/31/2018,2019,2019,D6,Assigned,Q-RIN,"23,001,673"
12/31/2018,2019,2019,D6,Assigned,Unverified,"158,622,906"
12/31/2018,2019,2019,D6,Separated,Unverified,"548,886"
1/7/2019,2019,2017,D3,Separated,Q-RIN,"347,692"
1/7/2019,2019,2017,D4,Separated,Q-RIN,"15,000,000"
1/7/2019,2019,2017,D4,Separated,Unverified,"12,927,337"
1/7/2019,2019,2017,D6,Assigned,Unverified,"9,651"
1/7/2019,2019,2017,D6,Separated,Unverified,"2,832,524"
1/7/2019,2019,2018,D3,Separated,Q-RIN,"2,483,549"
1/7/2019,2019,2018,D3,Separated,Unverified,890
1/7/2019,2019,2018,D4,Assigned,Q-RIN,"4,169,915"
1/7/2019,2019,2018,D4,Assigned,Unverified,"61,355,000"
1/7/2019,2019,2018,D4,Separated,Q-RIN,"19,497,681"
1/7/2019,2019,2018,D4,Separated,Unverified,"70,134,305"
1/7/2019,2019,2018,D6,Assigned,Q-RIN,"453,073"
1/7/2019,2019,2018,D6,Assigned,Unverified,"90,538,985"
1/7/2019,2019,2018,D6,Separated,Q-RIN,"778,970"
1/7/2019,2019,2018,D6,Separated,Unverified,"533,530,267"
1/7/2019,2019,2019,D3,Assigned,Q-RIN,"180,602"
1/7/2019,2019,2019,D3,Assigned,Unverified,"28,501"
1/7/2019,2019,2019,D4,Assigned,Q-RIN,"6,750,868"
1/7/2019,2019,2019,D4,Assigned,Unverified,"50,274,760"
1/7/2019,2019,2019,D4,Separated,Q-RIN,"287,334"
1/7/2019,2019,2019,D4,Separated,Unverified,"823,111"
1/7/2019,2019,2019,D5,Assigned,Q-RIN,"47,918"
1/7/2019,2019,2019,D5,Assigned,Unverified,"385,438"
1/7/2019,2019,2019,D5,Separated,Q-RIN,"395,472"
1/7/2019,2019,2019,D6,Assigned,Q-RIN,"31,300,669"
1/7/2019,2019,2019,D6,Assigned,Unverified,"284,453,947"
1/7/2019,2019,2019,D6,Separated,Unverified,"2,388,475"
1/14/2019,2019,2017,D3,Separated,Q-RIN,"24,000"
1/14/2019,2019,2017,D4,Separated,Q-RIN,"8,584,958"
1/14/2019,2019,2017,D4,Separated,Unverified,"6,660,465"
1/14/2019,2019,2017,D6,Assigned,Unverified,10
1/14/2019,2019,2017,D6,Separated,Unverified,"5,233,229"
1/14/2019,2019,2018,D3,Assigned,Q-RIN,"26,449"
1/14/2019,2019,2018,D3,Assigned,Unverified,"23,992"
1/14/2019,2019,2018,D3,Separated,Q-RIN,"7,529,001"
1/14/2019,2019,2018,D3,Separated,Unverified,"1,000,000"
1/14/2019,2019,2018,D4,Assigned,Q-RIN,"541,594"
1/14/2019,2019,2018,D4,Assigned,Unverified,"37,559,899"
1/14/2019,2019,2018,D4,Separated,Q-RIN,"25,849,573"
1/14/2019,2019,2018,D4,Separated,Unverified,"149,025,256"
1/14/2019,2019,2018,D5,Separated,Unverified,"20,074,444"
1/14/2019,2019,2018,D6,Assigned,Q-RIN,"111,348"
1/14/2019,2019,2018,D6,Assigned,Unverified,"43,684,741"
1/14/2019,2019,2018,D6,Separated,Q-RIN,"202,612"
1/14/2019,2019,2018,D6,Separated,Unverified,"456,357,999"
1/14/2019,2019,2019,D3,Assigned,Q-RIN,"181,690"
1/14/2019,2019,2019,D4,Assigned,Q-RIN,"8,746,261"
1/14/2019,2019,2019,D4,Assigned,Unverified,"50,575,200"
1/14/2019,2019,2019,D4,Separated,Q-RIN,"1,286,092"
1/14/2019,2019,2019,D4,Separated,Unverified,"5,463,246"
1/14/2019,2019,2019,D5,Assigned,Q-RIN,"40,215"
1/14/2019,2019,2019,D5,Assigned,Unverified,"542,920"
1/14/2019,2019,2019,D5,Separated,Q-RIN,"170,409"
1/14/2019,2019,2019,D6,Assigned,Q-RIN,"36,300,711"
1/14/2019,2019,2019,D6,Assigned,Unverified,"318,063,637"
1/14/2019,2019,2019,D6,Separated,Unverified,"40,734,619"
1/21/2019,2019,2017,D4,Separated,Q-RIN,"5,005,292"
1/21/2019,2019,2017,D4,Separated,Unverified,"318,600"
1/21/2019,2019,2017,D6,Separated,Q-RIN,"2,284,151"
1/21/2019,2019,2017,D6,Separated,Unverified,"15,734,131"
1/21/2019,2019,2018,D3,Separated,Q-RIN,"12,533,489"
1/21/2019,2019,2018,D3,Separated,Unverified,"2,112"
1/21/2019,2019,2018,D4,Assigned,Q-RIN,"2,994,841"
1/21/2019,2019,2018,D4,Assigned,Unverified,"26,172,748"
1/21/2019,2019,2018,D4,Separated,Q-RIN,"4,197,282"
1/21/2019,2019,2018,D4,Separated,Unverified,"28,181,558"
1/21/2019,2019,2018,D5,Assigned,Q-RIN,"207,521"
1/21/2019,2019,2018,D5,Separated,Unverified,"600,000"
1/21/2019,2019,2018,D6,Assigned,Q-RIN,"54,923"
1/21/2019,2019,2018,D6,Assigned,Unverified,"21,658,158"
1/21/2019,2019,2018,D6,Separated,Q-RIN,"160,316"
1/21/2019,2019,2018,D6,Separated,Unverified,"323,095,063"
1/21/2019,2019,2019,D3,Assigned,Q-RIN,"180,622"
1/21/2019,2019,2019,D3,Assigned,Unverified,"44,304"
1/21/2019,2019,2019,D4,Assigned,Q-RIN,"5,456,280"
1/21/2019,2019,2019,D4,Assigned,Unverified,"51,078,872"
1/21/2019,2019,2019,D4,Separated,Q-RIN,"612,125"
1/21/2019,2019,2019,D4,Separated,Unverified,"9,393,724"
1/21/2019,2019,2019,D5,Assigned,Q-RIN,"47,633"
1/21/2019,2019,2019,D5,Assigned,Unverified,"369,949"
1/21/2019,2019,2019,D5,Separated,Q-RIN,"319,000"
1/21/2019,2019,2019,D6,Assigned,Q-RIN,"30,488,220"
1/21/2019,2019,2019,D6,Assigned,Unverified,"327,768,910"
1/21/2019,2019,2019,D6,Separated,Unverified,"50,275,973"
1/28/2019,2019,2017,D4,Separated,Q-RIN,"2,808,000"
1/28/2019,2019,2017,D4,Separated,Unverified,"9,067,969"
1/28/2019,2019,2017,D5,Separated,Unverified,"616,408"
1/28/2019,2019,2017,D6,Separated,Unverified,"2,685,525"
1/28/2019,2019,2018,D3,Separated,Q-RIN,"39,963,676"
1/28/2019,2019,2018,D3,Separated,Unverified,"501,173"
1/28/2019,2019,2018,D4,Assigned,Q-RIN,"113,999"
1/28/2019,2019,2018,D4,Assigned,Unverified,"4,124,866"
1/28/2019,2019,2018,D4,Separated,Q-RIN,"29,772,347"
1/28/2019,2019,2018,D4,Separated,Unverified,"140,178,550"
1/28/2019,2019,2018,D5,Separated,Q-RIN,"41,753"
1/28/2019,2019,2018,D5,Separated,Unverified,"1,728,345"
1/28/2019,2019,2018,D6,Assigned,Q-RIN,"16,021"
1/28/2019,2019,2018,D6,Assigned,Unverified,"10,441,949"
1/28/2019,2019,2018,D6,Separated,Q-RIN,"1,063,029"
1/28/2019,2019,2018,D6,Separated,Unverified,"266,508,435"
1/28/2019,2019,2019,D3,Assigned,Q-RIN,"124,158"
1/28/2019,2019,2019,D3,Assigned,Unverified,"67,976"
1/28/2019,2019,2019,D4,Assigned,Q-RIN,"7,858,128"
1/28/2019,2019,2019,D4,Assigned,Unverified,"53,799,239"
1/28/2019,2019,2019,D4,Separated,Q-RIN,"3,088,828"
1/28/2019,2019,2019,D4,Separated,Unverified,"13,397,199"
1/28/2019,2019,2019,D5,Assigned,Q-RIN,"23,877"
1/28/2019,2019,2019,D5,Assigned,Unverified,"4,721,356"
1/28/2019,2019,2019,D5,Separated,Q-RIN,"88,417"
1/28/2019,2019,2019,D6,Assigned,Q-RIN,"31,086,280"
1/28/2019,2019,2019,D6,Assigned,Unverified,"335,882,200"
1/28/2019,2019,2019,D6,Separated,Unverified,"83,104,397"
2/4/2019,2019,2017,D4,Separated,Q-RIN,"300,000"
2/4/2019,2019,2017,D4,Separated,Unverified,"6,531,150"
2/4/2019,2019,2017,D5,Assigned,Q-RIN,"112,967"
2/4/2019,2019,2017,D5,Separated,Unverified,"16,408"
2/4/2019,2019,2017,D6,Assigned,Unverified,7
2/4/2019,2019,2017,D6,Separated,Unverified,"10,500,000"
2/4/2019,2019,2018,D3,Separated,Q-RIN,"8,946,359"
2/4/2019,2019,2018,D3,Separated,Unverified,"104,834"
2/4/2019,2019,2018,D4,Assigned,Q-RIN,"76,424"
2/4/2019,2019,2018,D4,Assigned,Unverified,"15,174,182"
2/4/2019,2019,2018,D4,Separated,Q-RIN,"15,349,203"
2/4/2019,2019,2018,D4,Separated,Unverified,"61,705,593"
2/4/2019,2019,2018,D5,Separated,Unverified,"673,937"
2/4/2019,2019,2018,D6,Assigned,Unverified,"413,089"
2/4/2019,2019,2018,D6,Separated,Q-RIN,"15,914"
2/4/2019,2019,2018,D6,Separated,Unverified,"131,281,458"
2/4/2019,2019,2019,D3,Assigned,Q-RIN,"162,265"
2/4/2019,2019,2019,D3,Assigned,Unverified,"435,016"
2/4/2019,2019,2019,D4,Assigned,Q-RIN,"11,351,641"
2/4/2019,2019,2019,D4,Assigned,Unverified,"52,952,625"
2/4/2019,2019,2019,D4,Separated,Q-RIN,"6,343,224"
2/4/2019,2019,2019,D4,Separated,Unverified,"16,112,526"
2/4/2019,2019,2019,D5,Assigned,Q-RIN,"31,684"
2/4/2019,2019,2019,D5,Assigned,Unverified,"419,464"
2/4/2019,2019,2019,D5,Separated,Q-RIN,"599,409"
2/4/2019,2019,2019,D6,Assigned,Q-RIN,"35,336,747"
2/4/2019,2019,2019,D6,Assigned,Unverified,"449,682,025"
2/4/2019,2019,2019,D6,Separated,Q-RIN,"7,665"
2/4/2019,2019,2019,D6,Separated,Unverified,"139,972,889"
2/11/2019,2019,2017,D4,Separated,Q-RIN,"1,240,821"
2/11/2019,2019,2017,D4,Separated,Unverified,"5,937,292"
2/11/2019,2019,2017,D5,Assigned,Q-RIN,"67,099"
2/11/2019,2019,2017,D5,Separated,Q-RIN,"31,606"
2/11/2019,2019,2017,D6,Separated,Unverified,"14,833,349"
2/11/2019,2019,2018,D3,Separated,Q-RIN,"11,484,283"
2/11/2019,2019,2018,D3,Separated,Unverified,"11,727"
2/11/2019,2019,2018,D4,Assigned,Q-RIN,"3,721,079"
2/11/2019,2019,2018,D4,Assigned,Unverified,"6,868,660"
2/11/2019,2019,2018,D4,Separated,Q-RIN,"9,668,195"
2/11/2019,2019,2018,D4,Separated,Unverified,"58,583,815"
2/11/2019,2019,2018,D5,Separated,Unverified,"19,791,400"
2/11/2019,2019,2018,D6,Assigned,Unverified,"330,497"
2/11/2019,2019,2018,D6,Separated,Q-RIN,"9,158"
2/11/2019,2019,2018,D6,Separated,Unverified,"79,533,460"
2/11/2019,2019,2019,D3,Assigned,Q-RIN,"24,706"
2/11/2019,2019,2019,D3,Assigned,Unverified,"1,128,075"
2/11/2019,2019,2019,D3,Separated,Q-RIN,"750,000"
2/11/2019,2019,2019,D4,Assigned,Q-RIN,"25,051,261"
2/11/2019,2019,2019,D4,Assigned,Unverified,"71,032,112"
2/11/2019,2019,2019,D4,Separated,Q-RIN,"5,464,978"
2/11/2019,2019,2019,D4,Separated,Unverified,"16,701,526"
2/11/2019,2019,2019,D5,Assigned,Q-RIN,"31,234"
2/11/2019,2019,2019,D5,Assigned,Unverified,"439,406"
2/11/2019,2019,2019,D5,Separated,Q-RIN,"164,035"
2/11/2019,2019,2019,D5,Separated,Unverified,"350,000"
2/11/2019,2019,2019,D6,Assigned,Q-RIN,"32,334,282"
2/11/2019,2019,2019,D6,Assigned,Unverified,"427,340,416"
2/11/2019,2019,2019,D6,Separated,Q-RIN,"8,216"
2/11/2019,2019,2019,D6,Separated,Unverified,"141,299,002"
2/18/2019,2019,2017,D4,Separated,Q-RIN,"1,127"
2/18/2019,2019,2017,D4,Separated,Unverified,"6,242,517"
2/18/2019,2019,2017,D6,Separated,Unverified,"8,685,204"
2/18/2019,2019,2018,D3,Separated,Q-RIN,"5,554,557"
2/18/2019,2019,2018,D3,Separated,Unverified,"907,328"
2/18/2019,2019,2018,D4,Assigned,Unverified,"3,112,383"
2/18/2019,2019,2018,D4,Separated,Q-RIN,"14,200,239"
2/18/2019,2019,2018,D4,Separated,Unverified,"63,103,706"
2/18/2019,2019,2018,D6,Assigned,Unverified,"31,912"
2/18/2019,2019,2018,D6,Separated,Unverified,"203,639,785"
2/18/2019,2019,2019,D3,Assigned,Q-RIN,"15,687"
2/18/2019,2019,2019,D3,Assigned,Unverified,"67,989"
2/18/2019,2019,2019,D3,Separated,Q-RIN,"2,211,264"
2/18/2019,2019,2019,D4,Assigned,Q-RIN,"14,924,678"
2/18/2019,2019,2019,D4,Assigned,Unverified,"86,242,515"
2/18/2019,2019,2019,D4,Separated,Q-RIN,"15,645,306"
2/18/2019,2019,2019,D4,Separated,Unverified,"50,640,089"
2/18/2019,2019,2019,D5,Assigned,Q-RIN,"31,694"
2/18/2019,2019,2019,D5,Assigned,Unverified,"585,528"
2/18/2019,2019,2019,D5,Separated,Unverified,"374,308"
2/18/2019,2019,2019,D6,Assigned,Q-RIN,"31,174,685"
2/18/2019,2019,2019,D6,Assigned,Unverified,"432,873,788"
2/18/2019,2019,2019,D6,Separated,Q-RIN,"32,380"
2/18/2019,2019,2019,D6,Separated,Unverified,"140,667,604"
2/25/2019,2019,2017,D3,Assigned,Q-RIN,"12,478"
2/25/2019,2019,2017,D3,Separated,Q-RIN,"150,000"
2/25/2019,2019,2017,D3,Separated,Unverified,"42,432"
2/25/2019,2019,2017,D4,Assigned,Unverified,846
2/25/2019,2019,2017,D4,Separated,Q-RIN,"6,572,335"
2/25/2019,2019,2017,D4,Separated,Unverified,"28,772,334"
2/25/2019,2019,2017,D5,Assigned,Unverified,"32,492"
2/25/2019,2019,2017,D6,Assigned,Q-RIN,"6,740"
2/25/2019,2019,2017,D6,Assigned,Unverified,"6,413"
2/25/2019,2019,2017,D6,Separated,Q-RIN,"10,130,026"
2/25/2019,2019,2017,D6,Separated,Unverified,"76,623,670"
2/25/2019,2019,2018,D3,Separated,Q-RIN,"19,986,550"
2/25/2019,2019,2018,D4,Assigned,Q-RIN,"102,647"
2/25/2019,2019,2018,D4,Assigned,Unverified,"922,174"
2/25/2019,2019,2018,D4,Separated,Q-RIN,"21,180,929"
2/25/2019,2019,2018,D4,Separated,Unverified,"97,684,129"
2/25/2019,2019,2018,D5,Separated,Unverified,"301,326"
2/25/2019,2019,2018,D6,Assigned,Unverified,"3,452,507"
2/25/2019,2019,2018,D6,Separated,Q-RIN,"22,792"
2/25/2019,2019,2018,D6,Separated,Unverified,"135,286,853"
2/25/2019,2019,2019,D3,Assigned,Q-RIN,"15,652"
2/25/2019,2019,2019,D3,Separated,Q-RIN,"22,757,072"
2/25/2019,2019,2019,D3,Separated,Unverified,517
2/25/2019,2019,2019,D4,Assigned,Q-RIN,"16,198,422"
2/25/2019,2019,2019,D4,Assigned,Unverified,"66,828,303"
2/25/2019,2019,2019,D4,Separated,Q-RIN,"8,401,207"
2/25/2019,2019,2019,D4,Separated,Unverified,"26,988,028"
2/25/2019,2019,2019,D5,Assigned,Q-RIN,"52,885"
2/25/2019,2019,2019,D5,Assigned,Unverified,"5,170,036"
2/25/2019,2019,2019,D5,Separated,Q-RIN,"425,827"
2/25/2019,2019,2019,D5,Separated,Unverified,"293,930"
2/25/2019,2019,2019,D6,Assigned,Q-RIN,"38,435,305"
2/25/2019,2019,2019,D6,Assigned,Unverified,"461,923,763"
2/25/2019,2019,2019,D6,Separated,Q-RIN,"15,811"
2/25/2019,2019,2019,D6,Separated,Unverified,"214,647,312"
3/4/2019,2019,2017,D3,Separated,Q-RIN,"535,848"
3/4/2019,2019,2017,D3,Separated,Unverified,"2,128"
3/4/2019,2019,2017,D4,Separated,Q-RIN,"8,401,880"
3/4/2019,2019,2017,D4,Separated,Unverified,"30,131,407"
3/4/2019,2019,2017,D5,Separated,Unverified,"15,950"
3/4/2019,2019,2017,D6,Separated,Q-RIN,"998,656"
3/4/2019,2019,2017,D6,Separated,Unverified,"63,427,350"
3/4/2019,2019,2018,D3,Separated,Q-RIN,"3,350,608"
3/4/2019,2019,2018,D4,Assigned,Unverified,"202,450"
3/4/2019,2019,2018,D4,Separated,Q-RIN,"17,622,260"
3/4/2019,2019,2018,D4,Separated,Unverified,"106,785,416"
3/4/2019,2019,2018,D5,Separated,Unverified,"20,128,036"
3/4/2019,2019,2018,D6,Assigned,Unverified,"61,791"
3/4/2019,2019,2018,D6,Separated,Q-RIN,"40,328"
3/4/2019,2019,2018,D6,Separated,Unverified,"258,828,251"
3/4/2019,2019,2019,D3,Assigned,Q-RIN,"9,090"
3/4/2019,2019,2019,D3,Assigned,Unverified,"52,957"
3/4/2019,2019,2019,D3,Separated,Q-RIN,"2,734,480"
3/4/2019,2019,2019,D4,Assigned,Q-RIN,"13,307,857"
3/4/2019,2019,2019,D4,Assigned,Unverified,"81,835,463"
3/4/2019,2019,2019,D4,Separated,Q-RIN,"8,366,941"
3/4/2019,2019,2019,D4,Separated,Unverified,"19,626,738"
3/4/2019,2019,2019,D5,Assigned,Q-RIN,"32,156"
3/4/2019,2019,2019,D5,Assigned,Unverified,"463,771"
3/4/2019,2019,2019,D5,Separated,Q-RIN,"312,000"
3/4/2019,2019,2019,D5,Separated,Unverified,"524,540"
3/4/2019,2019,2019,D6,Assigned,Q-RIN,"37,311,719"
3/4/2019,2019,2019,D6,Assigned,Unverified,"423,704,782"
3/4/2019,2019,2019,D6,Separated,Q-RIN,"123,480"
3/4/2019,2019,2019,D6,Separated,Unverified,"179,560,317"
3/11/2019,2019,2017,D3,Separated,Q-RIN,"376,643"
3/11/2019,2019,2017,D4,Separated,Q-RIN,"1,051,036"
3/11/2019,2019,2017,D4,Separated,Unverified,"18,719,453"
3/11/2019,2019,2017,D6,Separated,Q-RIN,"3,949,714"
3/11/2019,2019,2017,D6,Separated,Unverified,"53,209,104"
3/11/2019,2019,2018,D3,Separated,Q-RIN,"4,862,361"
3/11/2019,2019,2018,D4,Assigned,Unverified,"42,108"
3/11/2019,2019,2018,D4,Separated,Q-RIN,"22,052,396"
3/11/2019,2019,2018,D4,Separated,Unverified,"57,117,863"
3/11/2019,2019,2018,D5,Separated,Unverified,"2,341,400"
3/11/2019,2019,2018,D6,Assigned,Unverified,"408,258"
3/11/2019,2019,2018,D6,Separated,Q-RIN,"176,712"
3/11/2019,2019,2018,D6,Separated,Unverified,"175,497,955"
3/11/2019,2019,2019,D3,Assigned,Q-RIN,"39,177"
3/11/2019,2019,2019,D3,Assigned,Unverified,"144,290"
3/11/2019,2019,2019,D3,Separated,Q-RIN,"7,877,736"
3/11/2019,2019,2019,D4,Assigned,Q-RIN,"21,620,992"
3/11/2019,2019,2019,D4,Assigned,Unverified,"81,364,699"
3/11/2019,2019,2019,D4,Separated,Q-RIN,"13,853,589"
3/11/2019,2019,2019,D4,Separated,Unverified,"17,192,739"
3/11/2019,2019,2019,D5,Assigned,Q-RIN,"39,843"
3/11/2019,2019,2019,D5,Assigned,Unverified,"477,622"
3/11/2019,2019,2019,D5,Separated,Q-RIN,"4,230,180"
3/11/2019,2019,2019,D5,Separated,Unverified,"984,692"
3/11/2019,2019,2019,D6,Assigned,Q-RIN,"31,750,415"
3/11/2019,2019,2019,D6,Assigned,Unverified,"451,628,707"
3/11/2019,2019,2019,D6,Separated,Unverified,"325,353,147"
3/18/2019,2019,2017,D3,Separated,Q-RIN,"2,201,402"
3/18/2019,2019,2017,D4,Separated,Q-RIN,"14,857,082"
3/18/2019,2019,2017,D4,Separated,Unverified,"35,331,184"
3/18/2019,2019,2017,D5,Separated,Unverified,"935,295"
3/18/2019,2019,2017,D6,Separated,Q-RIN,"82,638"
3/18/2019,2019,2017,D6,Separated,Unverified,"230,758,904"
3/18/2019,2019,2018,D3,Separated,Q-RIN,"14,615,586"
3/18/2019,2019,2018,D4,Assigned,Q-RIN,"15,135"
3/18/2019,2019,2018,D4,Assigned,Unverified,"41,562"
3/18/2019,2019,2018,D4,Separated,Q-RIN,"4,569,127"
3/18/2019,2019,2018,D4,Separated,Unverified,"108,139,015"
3/18/2019,2019,2018,D5,Separated,Unverified,"183,699"
3/18/2019,2019,2018,D6,Assigned,Unverified,"598,343"
3/18/2019,2019,2018,D6,Separated,Unverified,"100,090,081"
3/18/2019,2019,2019,D3,Assigned,Q-RIN,"47,036"
3/18/2019,2019,2019,D3,Assigned,Unverified,"8,618,335"
3/18/2019,2019,2019,D3,Separated,Q-RIN,"1,941,665"
3/18/2019,2019,2019,D4,Assigned,Q-RIN,"20,462,339"
3/18/2019,2019,2019,D4,Assigned,Unverified,"90,298,102"
3/18/2019,2019,2019,D4,Separated,Q-RIN,"18,202,348"
3/18/2019,2019,2019,D4,Separated,Unverified,"44,074,665"
3/18/2019,2019,2019,D5,Assigned,Q-RIN,"24,056"
3/18/2019,2019,2019,D5,Assigned,Unverified,"5,880,944"
3/18/2019,2019,2019,D5,Separated,Q-RIN,"181,770"
3/18/2019,2019,2019,D5,Separated,Unverified,"653,667"
3/18/2019,2019,2019,D6,Assigned,Q-RIN,"32,505,558"
3/18/2019,2019,2019,D6,Assigned,Unverified,"451,572,327"
3/18/2019,2019,2019,D6,Separated,Q-RIN,"31,177"
3/18/2019,2019,2019,D6,Separated,Unverified,"216,018,190"
3/25/2019,2019,2017,D3,Separated,Q-RIN,"8,409"
3/25/2019,2019,2017,D3,Separated,Unverified,"737,478"
3/25/2019,2019,2017,D4,Separated,Q-RIN,"1,245,433"
3/25/2019,2019,2017,D4,Separated,Unverified,"32,450,509"
3/25/2019,2019,2017,D5,Separated,Unverified,"1,421,016"
3/25/2019,2019,2017,D6,Separated,Unverified,"147,669,617"
3/25/2019,2019,2018,D3,Assigned,Q-RIN,"83,807"
3/25/2019,2019,2018,D3,Separated,Q-RIN,"13,471,301"
3/25/2019,2019,2018,D3,Separated,Unverified,"128,361"
3/25/2019,2019,2018,D4,Assigned,Q-RIN,"3,818,651"
3/25/2019,2019,2018,D4,Separated,Q-RIN,"10,822,133"
3/25/2019,2019,2018,D4,Separated,Unverified,"193,771,065"
3/25/2019,2019,2018,D5,Separated,Unverified,"7,514,887"
3/25/2019,2019,2018,D6,Assigned,Unverified,"772,781"
3/25/2019,2019,2018,D6,Separated,Q-RIN,"1,296,860"
3/25/2019,2019,2018,D6,Separated,Unverified,"705,804,014"
3/25/2019,2019,2019,D3,Assigned,Q-RIN,"46,778"
3/25/2019,2019,2019,D3,Assigned,Unverified,"267,733"
3/25/2019,2019,2019,D3,Separated,Q-RIN,"26,050,721"
3/25/2019,2019,2019,D3,Separated,Unverified,"115,790"
3/25/2019,2019,2019,D4,Assigned,Q-RIN,"18,916,691"
3/25/2019,2019,2019,D4,Assigned,Unverified,"110,008,198"
3/25/2019,2019,2019,D4,Separated,Q-RIN,"37,356,763"
3/25/2019,2019,2019,D4,Separated,Unverified,"84,153,541"
3/25/2019,2019,2019,D5,Assigned,Q-RIN,"31,693"
3/25/2019,2019,2019,D5,Assigned,Unverified,"5,822,661"
3/25/2019,2019,2019,D5,Separated,Q-RIN,"359,072"
3/25/2019,2019,2019,D5,Separated,Unverified,"1,057,437"
3/25/2019,2019,2019,D6,Assigned,Q-RIN,"36,184,978"
3/25/2019,2019,2019,D6,Assigned,Unverified,"489,700,681"
3/25/2019,2019,2019,D6,Separated,Q-RIN,"241,805"
3/25/2019,2019,2019,D6,Separated,Unverified,"361,373,908"
4/1/2019,2019,2018,D3,Separated,Q-RIN,"523,243"
4/1/2019,2019,2018,D4,Separated,Q-RIN,"3,000,000"
4/1/2019,2019,2018,D4,Separated,Unverified,"8,377,500"
4/1/2019,2019,2018,D6,Assigned,Unverified,"691,204"
4/1/2019,2019,2018,D6,Separated,Q-RIN,"2,000,000"
4/1/2019,2019,2018,D6,Separated,Unverified,"26,956,140"
4/1/2019,2019,2019,D3,Assigned,Q-RIN,"138,514"
4/1/2019,2019,2019,D3,Separated,Q-RIN,"9,929,911"
4/1/2019,2019,2019,D3,Separated,Unverified,463
4/1/2019,2019,2019,D4,Assigned,Q-RIN,"16,924,344"
4/1/2019,2019,2019,D4,Assigned,Unverified,"81,062,296"
4/1/2019,2019,2019,D4,Separated,Q-RIN,"15,433,000"
4/1/2019,2019,2019,D4,Separated,Unverified,"48,642,017"
4/1/2019,2019,2019,D5,Assigned,Q-RIN,"39,911"
4/1/2019,2019,2019,D5,Assigned,Unverified,"5,286,866"
4/1/2019,2019,2019,D5,Separated,Q-RIN,"104,100"
4/1/2019,2019,2019,D5,Separated,Unverified,"3,325,366"
4/1/2019,2019,2019,D6,Assigned,Q-RIN,"33,789,707"
4/1/2019,2019,2019,D6,Assigned,Unverified,"434,763,174"
4/1/2019,2019,2019,D6,Separated,Q-RIN,"40,643"
4/1/2019,2019,2019,D6,Separated,Unverified,"257,070,265"
4/8/2019,2019,2018,D4,Separated,Q-RIN,"1,467,626"
4/8/2019,2019,2018,D4,Separated,Unverified,"14,810,329"
4/8/2019,2019,2018,D6,Assigned,Unverified,"334,875"
4/8/2019,2019,2018,D6,Separated,Unverified,"52,124,964"
4/8/2019,2019,2019,D3,Assigned,Q-RIN,"28,500"
4/8/2019,2019,2019,D3,Assigned,Unverified,"28,499"
4/8/2019,2019,2019,D3,Separated,Q-RIN,"5,166,930"
4/8/2019,2019,2019,D4,Assigned,Q-RIN,"17,986,069"
4/8/2019,2019,2019,D4,Assigned,Unverified,"75,127,132"
4/8/2019,2019,2019,D4,Separated,Q-RIN,"14,373,573"
4/8/2019,2019,2019,D4,Separated,Unverified,"45,863,490"
4/8/2019,2019,2019,D5,Assigned,Q-RIN,"15,746"
4/8/2019,2019,2019,D5,Assigned,Unverified,"425,835"
4/8/2019,2019,2019,D5,Separated,Q-RIN,"286,000"
4/8/2019,2019,2019,D5,Separated,Unverified,"1,627,208"
4/8/2019,2019,2019,D6,Assigned,Q-RIN,"37,099,838"
4/8/2019,2019,2019,D6,Assigned,Unverified,"460,284,992"
4/8/2019,2019,2019,D6,Separated,Unverified,"272,361,726"
4/15/2019,2019,2018,D4,Separated,Q-RIN,"888,816"
4/15/2019,2019,2018,D4,Separated,Unverified,"6,690,529"
4/15/2019,2019,2018,D5,Separated,Unverified,"282,816"
4/15/2019,2019,2018,D6,Separated,Q-RIN,"11,709"
4/15/2019,2019,2018,D6,Separated,Unverified,"23,690,048"
4/15/2019,2019,2019,D3,Assigned,Q-RIN,"29,000"
4/15/2019,2019,2019,D3,Assigned,Unverified,"188,609"
4/15/2019,2019,2019,D3,Separated,Q-RIN,"16,862,260"
4/15/2019,2019,2019,D4,Assigned,Q-RIN,"11,902,477"
4/15/2019,2019,2019,D4,Assigned,Unverified,"101,646,068"
4/15/2019,2019,2019,D4,Separated,Q-RIN,"19,724,078"
4/15/2019,2019,2019,D4,Separated,Unverified,"52,951,638"
4/15/2019,2019,2019,D5,Assigned,Q-RIN,"23,879"
4/15/2019,2019,2019,D5,Assigned,Unverified,"526,756"
4/15/2019,2019,2019,D5,Separated,Q-RIN,"380,200"
4/15/2019,2019,2019,D5,Separated,Unverified,"1,168,709"
4/15/2019,2019,2019,D6,Assigned,Q-RIN,"32,328,562"
4/15/2019,2019,2019,D6,Assigned,Unverified,"458,913,969"
4/15/2019,2019,2019,D6,Separated,Unverified,"350,246,746"
4/22/2019,2019,2018,D3,Separated,Q-RIN,246
4/22/2019,2019,2018,D4,Separated,Q-RIN,"15,945"
4/22/2019,2019,2018,D4,Separated,Unverified,"5,073,754"
4/22/2019,2019,2018,D6,Assigned,Unverified,"28,782"
4/22/2019,2019,2018,D6,Separated,Q-RIN,"16,097"
4/22/2019,2019,2018,D6,Separated,Unverified,"52,286,063"
4/22/2019,2019,2019,D3,Assigned,Unverified,"144,385"
4/22/2019,2019,2019,D3,Separated,Q-RIN,"23,473,751"
4/22/2019,2019,2019,D4,Assigned,Q-RIN,"16,285,818"
4/22/2019,2019,2019,D4,Assigned,Unverified,"90,333,627"
4/22/2019,2019,2019,D4,Separated,Q-RIN,"10,798,766"
4/22/2019,2019,2019,D4,Separated,Unverified,"34,806,405"
4/22/2019,2019,2019,D5,Assigned,Q-RIN,"47,608"
4/22/2019,2019,2019,D5,Assigned,Unverified,"7,783,649"
4/22/2019,2019,2019,D5,Separated,Q-RIN,"112,290"
4/22/2019,2019,2019,D5,Separated,Unverified,"2,372,459"
4/22/2019,2019,2019,D6,Assigned,Q-RIN,"39,995,880"
4/22/2019,2019,2019,D6,Assigned,Unverified,"464,481,240"
4/22/2019,2019,2019,D6,Separated,Unverified,"248,532,007"
4/29/2019,2019,2018,D3,Separated,Q-RIN,246
4/29/2019,2019,2018,D4,Assigned,Unverified,"22,516"
4/29/2019,2019,2018,D4,Separated,Q-RIN,"1,535,912"
4/29/2019,2019,2018,D4,Separated,Unverified,"6,521,101"
4/29/2019,2019,2018,D6,Assigned,Unverified,"33,740"
4/29/2019,2019,2018,D6,Separated,Unverified,"54,217,209"
4/29/2019,2019,2019,D3,Assigned,Q-RIN,"29,000"
4/29/2019,2019,2019,D3,Assigned,Unverified,"86,689"
4/29/2019,2019,2019,D3,Separated,Q-RIN,"14,974,491"
4/29/2019,2019,2019,D4,Assigned,Q-RIN,"20,211,448"
4/29/2019,2019,2019,D4,Assigned,Unverified,"120,694,388"
4/29/2019,2019,2019,D4,Separated,Q-RIN,"15,739,892"
4/29/2019,2019,2019,D4,Separated,Unverified,"51,729,755"
4/29/2019,2019,2019,D5,Assigned,Q-RIN,"23,638"
4/29/2019,2019,2019,D5,Assigned,Unverified,"4,738,968"
4/29/2019,2019,2019,D5,Separated,Q-RIN,"165,581"
4/29/2019,2019,2019,D5,Separated,Unverified,"350,000"
4/29/2019,2019,2019,D6,Assigned,Q-RIN,"33,063,269"
4/29/2019,2019,2019,D6,Assigned,Unverified,"514,657,404"
4/29/2019,2019,2019,D6,Separated,Unverified,"284,732,656"
5/6/2019,2019,2018,D3,Separated,Unverified,568
5/6/2019,2019,2018,D4,Separated,Q-RIN,"510,000"
5/6/2019,2019,2018,D4,Separated,Unverified,"8,023,900"
5/6/2019,2019,2018,D6,Assigned,Unverified,"436,494"
5/6/2019,2019,2018,D6,Separated,Unverified,"11,789,163"
5/6/2019,2019,2019,D3,Assigned,Unverified,"86,689"
5/6/2019,2019,2019,D3,Separated,Q-RIN,"4,212,982"
5/6/2019,2019,2019,D4,Assigned,Q-RIN,"15,575,336"
5/6/2019,2019,2019,D4,Assigned,Unverified,"108,026,013"
5/6/2019,2019,2019,D4,Separated,Q-RIN,"19,599,062"
5/6/2019,2019,2019,D4,Separated,Unverified,"78,346,666"
5/6/2019,2019,2019,D5,Assigned,Q-RIN,"23,921"
5/6/2019,2019,2019,D5,Assigned,Unverified,"3,212,703"
5/6/2019,2019,2019,D5,Separated,Q-RIN,"54,400"
5/6/2019,2019,2019,D5,Separated,Unverified,"4,592,150"
5/6/2019,2019,2019,D6,Assigned,Q-RIN,"34,541,126"
5/6/2019,2019,2019,D6,Assigned,Unverified,"450,579,059"
5/6/2019,2019,2019,D6,Separated,Q-RIN,"86,878"
5/6/2019,2019,2019,D6,Separated,Unverified,"183,117,051"
5/13/2019,2019,2018,D4,Separated,Q-RIN,"969,393"
5/13/2019,2019,2018,D4,Separated,Unverified,"3,166,208"
5/13/2019,2019,2018,D5,Separated,Unverified,"4,681,417"
5/13/2019,2019,2018,D6,Assigned,Unverified,"526,056"
5/13/2019,2019,2018,D6,Separated,Unverified,"23,183,418"
5/13/2019,2019,2019,D3,Assigned,Q-RIN,"116,587"
5/13/2019,2019,2019,D3,Separated,Q-RIN,"17,088,504"
5/13/2019,2019,2019,D4,Assigned,Q-RIN,"16,331,191"
5/13/2019,2019,2019,D4,Assigned,Unverified,"110,417,026"
5/13/2019,2019,2019,D4,Separated,Q-RIN,"14,677,374"
5/13/2019,2019,2019,D4,Separated,Unverified,"123,030,602"
5/13/2019,2019,2019,D5,Assigned,Q-RIN,"14,313"
5/13/2019,2019,2019,D5,Assigned,Unverified,"541,621"
5/13/2019,2019,2019,D5,Separated,Q-RIN,"1,651,400"
5/13/2019,2019,2019,D5,Separated,Unverified,"3,092,246"
5/13/2019,2019,2019,D6,Assigned,Q-RIN,"31,529,763"
5/13/2019,2019,2019,D6,Assigned,Unverified,"470,882,351"
5/13/2019,2019,2019,D6,Separated,Q-RIN,"11,965"
5/13/2019,2019,2019,D6,Separated,Unverified,"227,044,517"
5/20/2019,2019,2018,D3,Separated,Q-RIN,"31,528"
5/20/2019,2019,2018,D4,Separated,Q-RIN,"6,000,000"
5/20/2019,2019,2018,D4,Separated,Unverified,"9,952,506"
5/20/2019,2019,2018,D6,Assigned,Unverified,"652,103"
5/20/2019,2019,2018,D6,Separated,Unverified,"149,263,666"
5/20/2019,2019,2019,D3,Assigned,Q-RIN,"26,380"
5/20/2019,2019,2019,D3,Assigned,Unverified,"312,930"
5/20/2019,2019,2019,D3,Separated,Q-RIN,"7,618,899"
5/20/2019,2019,2019,D4,Assigned,Q-RIN,"19,533,845"
5/20/2019,2019,2019,D4,Assigned,Unverified,"106,561,032"
5/20/2019,2019,2019,D4,Separated,Q-RIN,"17,348,858"
5/20/2019,2019,2019,D4,Separated,Unverified,"82,419,293"
5/20/2019,2019,2019,D5,Assigned,Q-RIN,"23,790"
5/20/2019,2019,2019,D5,Assigned,Unverified,"436,596"
5/20/2019,2019,2019,D5,Separated,Q-RIN,"82,929"
5/20/2019,2019,2019,D5,Separated,Unverified,"780,530"
5/20/2019,2019,2019,D6,Assigned,Q-RIN,"35,406,728"
5/20/2019,2019,2019,D6,Assigned,Unverified,"491,862,329"
5/20/2019,2019,2019,D6,Separated,Unverified,"175,661,684"
5/27/2019,2019,2018,D4,Assigned,Unverified,"20,644"
5/27/2019,2019,2018,D4,Separated,Q-RIN,"2,874,159"
5/27/2019,2019,2018,D4,Separated,Unverified,"4,112,648"
5/27/2019,2019,2018,D6,Separated,Q-RIN,"172,574"
5/27/2019,2019,2018,D6,Separated,Unverified,"11,700,988"
5/27/2019,2019,2019,D3,Assigned,Q-RIN,"9,797"
5/27/2019,2019,2019,D3,Assigned,Unverified,"79,777"
5/27/2019,2019,2019,D3,Separated,Q-RIN,"26,740,237"
5/27/2019,2019,2019,D3,Separated,Unverified,"10,554"
5/27/2019,2019,2019,D4,Assigned,Q-RIN,"23,291,202"
5/27/2019,2019,2019,D4,Assigned,Unverified,"103,949,213"
5/27/2019,2019,2019,D4,Separated,Q-RIN,"13,732,734"
5/27/2019,2019,2019,D4,Separated,Unverified,"54,568,278"
5/27/2019,2019,2019,D5,Assigned,Q-RIN,"31,710"
5/27/2019,2019,2019,D5,Assigned,Unverified,"4,999,289"
5/27/2019,2019,2019,D5,Separated,Q-RIN,"295,182"
5/27/2019,2019,2019,D5,Separated,Unverified,"1,163,293"
5/27/2019,2019,2019,D6,Assigned,Q-RIN,"34,474,547"
5/27/2019,2019,2019,D6,Assigned,Unverified,"508,535,162"
5/27/2019,2019,2019,D6,Separated,Q-RIN,"167,327"
5/27/2019,2019,2019,D6,Separated,Unverified,"229,236,706"
6/3/2019,2019,2018,D4,Separated,Q-RIN,"2,676,567"
6/3/2019,2019,2018,D4,Separated,Unverified,"1,178,814"
6/3/2019,2019,2018,D6,Assigned,Unverified,"262,497"
6/3/2019,2019,2018,D6,Separated,Q-RIN,"172,574"
6/3/2019,2019,2018,D6,Separated,Unverified,"25,581,490"
6/3/2019,2019,2019,D3,Assigned,Q-RIN,"36,058"
6/3/2019,2019,2019,D3,Assigned,Unverified,"28,198"
6/3/2019,2019,2019,D3,Separated,Q-RIN,"7,492,178"
6/3/2019,2019,2019,D4,Assigned,Q-RIN,"19,309,548"
6/3/2019,2019,2019,D4,Assigned,Unverified,"100,562,375"
6/3/2019,2019,2019,D4,Separated,Q-RIN,"17,815,417"
6/3/2019,2019,2019,D4,Separated,Unverified,"61,755,507"
6/3/2019,2019,2019,D5,Assigned,Q-RIN,"31,762"
6/3/2019,2019,2019,D5,Assigned,Unverified,"392,555"
6/3/2019,2019,2019,D5,Separated,Q-RIN,"181,959"
6/3/2019,2019,2019,D5,Separated,Unverified,"2,300,000"
6/3/2019,2019,2019,D6,Assigned,Q-RIN,"34,414,021"
6/3/2019,2019,2019,D6,Assigned,Unverified,"425,456,989"
6/3/2019,2019,2019,D6,Separated,Q-RIN,"5,871"
6/3/2019,2019,2019,D6,Separated,Unverified,"209,994,073"
6/10/2019,2019,2018,D3,Separated,Q-RIN,"5,313,000"
6/10/2019,2019,2018,D4,Separated,Q-RIN,"3,935,574"
6/10/2019,2019,2018,D4,Separated,Unverified,"6,894,265"
6/10/2019,2019,2018,D6,Separated,Unverified,"19,613,687"
6/10/2019,2019,2019,D3,Assigned,Q-RIN,"36,374"
6/10/2019,2019,2019,D3,Assigned,Unverified,"55,289"
6/10/2019,2019,2019,D3,Separated,Q-RIN,"12,604,453"
6/10/2019,2019,2019,D4,Assigned,Q-RIN,"19,097,812"
6/10/2019,2019,2019,D4,Assigned,Unverified,"99,540,306"
6/10/2019,2019,2019,D4,Separated,Q-RIN,"38,574,360"
6/10/2019,2019,2019,D4,Separated,Unverified,"172,220,829"
6/10/2019,2019,2019,D5,Assigned,Q-RIN,"16,057"
6/10/2019,2019,2019,D5,Assigned,Unverified,"671,231"
6/10/2019,2019,2019,D5,Separated,Unverified,"2,000,000"
6/10/2019,2019,2019,D6,Assigned,Q-RIN,"40,429,430"
6/10/2019,2019,2019,D6,Assigned,Unverified,"491,804,834"
6/10/2019,2019,2019,D6,Separated,Q-RIN,"70,012"
6/10/2019,2019,2019,D6,Separated,Unverified,"427,400,564"
6/17/2019,2019,2018,D4,Assigned,Unverified,"51,229"
6/17/2019,2019,2018,D4,Separated,Q-RIN,"114,316"
6/17/2019,2019,2018,D4,Separated,Unverified,"4,622,091"
6/17/2019,2019,2018,D6,Assigned,Q-RIN,196
6/17/2019,2019,2018,D6,Assigned,Unverified,"526,051"
6/17/2019,2019,2018,D6,Separated,Unverified,"19,931,093"
6/17/2019,2019,2019,D3,Assigned,Q-RIN,"195,345"
6/17/2019,2019,2019,D3,Assigned,Unverified,"51,145"
6/17/2019,2019,2019,D3,Separated,Q-RIN,"16,126,201"
6/17/2019,2019,2019,D4,Assigned,Q-RIN,"23,368,134"
6/17/2019,2019,2019,D4,Assigned,Unverified,"110,008,969"
6/17/2019,2019,2019,D4,Separated,Q-RIN,"39,938,086"
6/17/2019,2019,2019,D4,Separated,Unverified,"136,421,093"
6/17/2019,2019,2019,D5,Assigned,Q-RIN,"55,239"
6/17/2019,2019,2019,D5,Assigned,Unverified,"3,183,798"
6/17/2019,2019,2019,D5,Separated,Q-RIN,"68,900"
6/17/2019,2019,2019,D5,Separated,Unverified,"1,090,000"
6/17/2019,2019,2019,D6,Assigned,Q-RIN,"37,857,014"
6/17/2019,2019,2019,D6,Assigned,Unverified,"469,806,436"
6/17/2019,2019,2019,D6,Separated,Q-RIN,"16,628"
6/17/2019,2019,2019,D6,Separated,Unverified,"321,441,595"
6/24/2019,2019,2018,D4,Assigned,Q-RIN,"10,610"
6/24/2019,2019,2018,D4,Separated,Q-RIN,"3,904,157"
6/24/2019,2019,2018,D4,Separated,Unverified,"33,852,376"
6/24/2019,2019,2018,D6,Separated,Q-RIN,"35,101"
6/24/2019,2019,2018,D6,Separated,Unverified,"171,624,748"
6/24/2019,2019,2019,D3,Assigned,Q-RIN,"8,857"
6/24/2019,2019,2019,D3,Assigned,Unverified,"28,198"
6/24/2019,2019,2019,D3,Separated,Q-RIN,"31,517,886"
6/24/2019,2019,2019,D3,Separated,Unverified,"1,125,959"
6/24/2019,2019,2019,D4,Assigned,Q-RIN,"13,502,884"
6/24/2019,2019,2019,D4,Assigned,Unverified,"115,886,335"
6/24/2019,2019,2019,D4,Separated,Q-RIN,"56,861,226"
6/24/2019,2019,2019,D4,Separated,Unverified,"242,904,079"
6/24/2019,2019,2019,D5,Assigned,Q-RIN,"36,897"
6/24/2019,2019,2019,D5,Assigned,Unverified,"14,350,625"
6/24/2019,2019,2019,D5,Separated,Q-RIN,"146,570"
6/24/2019,2019,2019,D5,Separated,Unverified,"17,385,000"
6/24/2019,2019,2019,D6,Assigned,Q-RIN,"41,693,633"
6/24/2019,2019,2019,D6,Assigned,Unverified,"491,415,328"
6/24/2019,2019,2019,D6,Separated,Q-RIN,"23,397"
6/24/2019,2019,2019,D6,Separated,Unverified,"611,706,299"
7/1/2019,2019,2018,D4,Separated,Unverified,"1,531,313"
7/1/2019,2019,2018,D6,Separated,Q-RIN,"34,905"
7/1/2019,2019,2018,D6,Separated,Unverified,"36,060,149"
7/1/2019,2019,2019,D3,Assigned,Q-RIN,"686,691"
7/1/2019,2019,2019,D3,Assigned,Unverified,"28,197"
7/1/2019,2019,2019,D3,Separated,Q-RIN,"15,221,393"
7/1/2019,2019,2019,D4,Assigned,Q-RIN,"17,033,794"
7/1/2019,2019,2019,D4,Assigned,Unverified,"91,529,650"
7/1/2019,2019,2019,D4,Separated,Q-RIN,"22,767,948"
7/1/2019,2019,2019,D4,Separated,Unverified,"64,114,926"
7/1/2019,2019,2019,D5,Assigned,Q-RIN,"23,808"
7/1/2019,2019,2019,D5,Assigned,Unverified,"2,104,507"
7/1/2019,2019,2019,D5,Separated,Q-RIN,"59,849"
7/1/2019,2019,2019,D6,Assigned,Q-RIN,"26,466,057"
7/1/2019,2019,2019,D6,Assigned,Unverified,"432,827,968"
7/1/2019,2019,2019,D6,Separated,Unverified,"242,861,774"
7/8/2019,2019,2018,D4,Separated,Unverified,"2,477,406"
7/8/2019,2019,2018,D6,Assigned,Q-RIN,"19,619"
7/8/2019,2019,2018,D6,Assigned,Unverified,"35,891"
7/8/2019,2019,2018,D6,Separated,Unverified,"10,172,207"
7/8/2019,2019,2019,D3,Assigned,Q-RIN,"23,896"
7/8/2019,2019,2019,D3,Assigned,Unverified,"65,984"
7/8/2019,2019,2019,D3,Separated,Q-RIN,"7,410,354"
7/8/2019,2019,2019,D4,Assigned,Q-RIN,"14,385,580"
7/8/2019,2019,2019,D4,Assigned,Unverified,"80,888,957"
7/8/2019,2019,2019,D4,Separated,Q-RIN,"14,925,307"
7/8/2019,2019,2019,D4,Separated,Unverified,"53,458,938"
7/8/2019,2019,2019,D5,Assigned,Q-RIN,"23,986"
7/8/2019,2019,2019,D5,Assigned,Unverified,"517,164"
7/8/2019,2019,2019,D5,Separated,Q-RIN,"106,400"
7/8/2019,2019,2019,D5,Separated,Unverified,"840,477"
7/8/2019,2019,2019,D6,Assigned,Q-RIN,"31,372,496"
7/8/2019,2019,2019,D6,Assigned,Unverified,"436,587,294"
7/8/2019,2019,2019,D6,Separated,Q-RIN,"302,954"
7/8/2019,2019,2019,D6,Separated,Unverified,"223,950,155"
7/15/2019,2019,2018,D3,Separated,Q-RIN,"3,000,000"
7/15/2019,2019,2018,D4,Assigned,Unverified,"986,933"
7/15/2019,2019,2018,D4,Separated,Q-RIN,"1,215,539"
7/15/2019,2019,2018,D4,Separated,Unverified,"9,378,348"
7/15/2019,2019,2018,D6,Separated,Unverified,"23,358,955"
7/15/2019,2019,2019,D3,Assigned,Q-RIN,"29,252"
7/15/2019,2019,2019,D3,Assigned,Unverified,"28,196"
7/15/2019,2019,2019,D3,Separated,Q-RIN,"17,999,519"
7/15/2019,2019,2019,D4,Assigned,Q-RIN,"17,672,699"
7/15/2019,2019,2019,D4,Assigned,Unverified,"97,390,888"
7/15/2019,2019,2019,D4,Separated,Q-RIN,"20,632,271"
7/15/2019,2019,2019,D4,Separated,Unverified,"82,513,867"
7/15/2019,2019,2019,D5,Assigned,Q-RIN,"30,313"
7/15/2019,2019,2019,D5,Assigned,Unverified,"499,941"
7/15/2019,2019,2019,D5,Separated,Q-RIN,"64,370"
7/15/2019,2019,2019,D5,Separated,Unverified,"550,000"
7/15/2019,2019,2019,D6,Assigned,Q-RIN,"40,337,016"
7/15/2019,2019,2019,D6,Assigned,Unverified,"489,536,161"
7/15/2019,2019,2019,D6,Separated,Q-RIN,"12,527"
7/15/2019,2019,2019,D6,Separated,Unverified,"327,004,101"
7/22/2019,2019,2018,D4,Separated,Q-RIN,"525,250"
7/22/2019,2019,2018,D4,Separated,Unverified,"12,740,591"
7/22/2019,2019,2018,D6,Assigned,Q-RIN,"419,125"
7/22/2019,2019,2018,D6,Assigned,Unverified,"84,138"
7/22/2019,2019,2018,D6,Separated,Unverified,"7,315,497"
7/22/2019,2019,2019,D3,Assigned,Q-RIN,"28,571"
7/22/2019,2019,2019,D3,Assigned,Unverified,"28,196"
7/22/2019,2019,2019,D3,Separated,Q-RIN,"9,340,752"
7/22/2019,2019,2019,D4,Assigned,Q-RIN,"16,317,437"
7/22/2019,2019,2019,D4,Assigned,Unverified,"92,816,358"
7/22/2019,2019,2019,D4,Separated,Q-RIN,"31,155,496"
7/22/2019,2019,2019,D4,Separated,Unverified,"74,766,765"
7/22/2019,2019,2019,D5,Assigned,Q-RIN,"55,182"
7/22/2019,2019,2019,D5,Assigned,Unverified,"3,311,488"
7/22/2019,2019,2019,D5,Separated,Q-RIN,"138,490"
7/22/2019,2019,2019,D5,Separated,Unverified,"947,518"
7/22/2019,2019,2019,D6,Assigned,Q-RIN,"36,746,226"
7/22/2019,2019,2019,D6,Assigned,Unverified,"479,132,610"
7/22/2019,2019,2019,D6,Separated,Q-RIN,"60,490"
7/22/2019,2019,2019,D6,Separated,Unverified,"301,689,010"
7/29/2019,2019,2018,D4,Assigned,Unverified,"808,896"
7/29/2019,2019,2018,D4,Separated,Q-RIN,"7,190"
7/29/2019,2019,2018,D4,Separated,Unverified,"8,112,483"
7/29/2019,2019,2018,D6,Assigned,Unverified,"59,491"
7/29/2019,2019,2018,D6,Separated,Unverified,"87,457,860"
7/29/2019,2019,2019,D3,Assigned,Q-RIN,"356,372"
7/29/2019,2019,2019,D3,Assigned,Unverified,"493,118"
7/29/2019,2019,2019,D3,Separated,Q-RIN,"41,513,993"
7/29/2019,2019,2019,D3,Separated,Unverified,"2,802,369"
7/29/2019,2019,2019,D4,Assigned,Q-RIN,"14,684,394"
7/29/2019,2019,2019,D4,Assigned,Unverified,"101,252,219"
7/29/2019,2019,2019,D4,Separated,Q-RIN,"13,927,484"
7/29/2019,2019,2019,D4,Separated,Unverified,"71,398,102"
7/29/2019,2019,2019,D5,Assigned,Q-RIN,"7,995"
7/29/2019,2019,2019,D5,Assigned,Unverified,"8,036,186"
7/29/2019,2019,2019,D5,Separated,Q-RIN,"121,011"
7/29/2019,2019,2019,D5,Separated,Unverified,"7,762,444"
7/29/2019,2019,2019,D6,Assigned,Q-RIN,"36,257,887"
7/29/2019,2019,2019,D6,Assigned,Unverified,"464,734,782"
7/29/2019,2019,2019,D6,Separated,Q-RIN,"6,572"
7/29/2019,2019,2019,D6,Separated,Unverified,"262,325,099"
8/5/2019,2019,2018,D3,Separated,Q-RIN,"222,615"
8/5/2019,2019,2018,D4,Assigned,Unverified,"749,135"
8/5/2019,2019,2018,D4,Separated,Q-RIN,"59,888"
8/5/2019,2019,2018,D4,Separated,Unverified,"952,787"
8/5/2019,2019,2018,D6,Assigned,Unverified,"23,141"
8/5/2019,2019,2018,D6,Separated,Unverified,"16,968,465"
8/5/2019,2019,2019,D3,Assigned,Q-RIN,"36,270"
8/5/2019,2019,2019,D3,Assigned,Unverified,"28,198"
8/5/2019,2019,2019,D3,Separated,Q-RIN,"5,361,253"
8/5/2019,2019,2019,D4,Assigned,Q-RIN,"15,591,917"
8/5/2019,2019,2019,D4,Assigned,Unverified,"95,688,125"
8/5/2019,2019,2019,D4,Separated,Q-RIN,"24,686,000"
8/5/2019,2019,2019,D4,Separated,Unverified,"59,796,310"
8/5/2019,2019,2019,D5,Assigned,Q-RIN,"30,781"
8/5/2019,2019,2019,D5,Assigned,Unverified,"4,069,276"
8/5/2019,2019,2019,D5,Separated,Unverified,"493,555"
8/5/2019,2019,2019,D6,Assigned,Q-RIN,"34,019,576"
8/5/2019,2019,2019,D6,Assigned,Unverified,"465,755,713"
8/5/2019,2019,2019,D6,Separated,Q-RIN,"12,357"
8/5/2019,2019,2019,D6,Separated,Unverified,"166,383,149"
8/12/2019,2019,2018,D3,Separated,Q-RIN,"761,472"
8/12/2019,2019,2018,D4,Assigned,Unverified,"173,649"
8/12/2019,2019,2018,D4,Separated,Q-RIN,"11,125,659"
8/12/2019,2019,2018,D4,Separated,Unverified,"13,341,720"
8/12/2019,2019,2018,D6,Assigned,Unverified,"3,004,979"
8/12/2019,2019,2018,D6,Separated,Unverified,"57,871,056"
8/12/2019,2019,2019,D3,Assigned,Q-RIN,"93,033"
8/12/2019,2019,2019,D3,Assigned,Unverified,"28,197"
8/12/2019,2019,2019,D3,Separated,Q-RIN,"21,439,340"
8/12/2019,2019,2019,D4,Assigned,Q-RIN,"17,067,354"
8/12/2019,2019,2019,D4,Assigned,Unverified,"88,853,078"
8/12/2019,2019,2019,D4,Separated,Q-RIN,"24,351,602"
8/12/2019,2019,2019,D4,Separated,Unverified,"58,048,804"
8/12/2019,2019,2019,D5,Assigned,Q-RIN,"15,763"
8/12/2019,2019,2019,D5,Assigned,Unverified,"599,260"
8/12/2019,2019,2019,D5,Separated,Q-RIN,"1,000,000"
8/12/2019,2019,2019,D5,Separated,Unverified,"401,330"
8/12/2019,2019,2019,D6,Assigned,Q-RIN,"34,970,846"
8/12/2019,2019,2019,D6,Assigned,Unverified,"446,774,599"
8/12/2019,2019,2019,D6,Separated,Q-RIN,"135,686"
8/12/2019,2019,2019,D6,Separated,Unverified,"228,542,462"
8/19/2019,2019,2018,D4,Assigned,Unverified,"60,895"
8/19/2019,2019,2018,D4,Separated,Q-RIN,"842,274"
8/19/2019,2019,2018,D4,Separated,Unverified,"4,152,527"
8/19/2019,2019,2018,D5,Separated,Unverified,"200,000"
8/19/2019,2019,2018,D6,Assigned,Unverified,"2,982,019"
8/19/2019,2019,2018,D6,Separated,Unverified,"52,773,826"
8/19/2019,2019,2019,D3,Assigned,Q-RIN,"35,170"
8/19/2019,2019,2019,D3,Assigned,Unverified,"52,287"
8/19/2019,2019,2019,D3,Separated,Q-RIN,"18,683,129"
8/19/2019,2019,2019,D4,Assigned,Q-RIN,"14,747,326"
8/19/2019,2019,2019,D4,Assigned,Unverified,"103,807,223"
8/19/2019,2019,2019,D4,Separated,Q-RIN,"13,025,149"
8/19/2019,2019,2019,D4,Separated,Unverified,"76,381,619"
8/19/2019,2019,2019,D5,Assigned,Q-RIN,"55,791"
8/19/2019,2019,2019,D5,Assigned,Unverified,"11,215,734"
8/19/2019,2019,2019,D5,Separated,Unverified,"1,758,585"
8/19/2019,2019,2019,D6,Assigned,Q-RIN,"34,946,946"
8/19/2019,2019,2019,D6,Assigned,Unverified,"469,519,431"
8/19/2019,2019,2019,D6,Separated,Q-RIN,"244,087"
8/19/2019,2019,2019,D6,Separated,Unverified,"235,565,185"
8/26/2019,2019,2018,D4,Assigned,Unverified,"47,854"
8/26/2019,2019,2018,D4,Separated,Q-RIN,"12,396,623"
8/26/2019,2019,2018,D4,Separated,Unverified,"14,246,243"
8/26/2019,2019,2018,D5,Separated,Unverified,"200,000"
8/26/2019,2019,2018,D6,Assigned,Unverified,"130,792"
8/26/2019,2019,2018,D6,Separated,Unverified,"140,306,549"
8/26/2019,2019,2019,D3,Assigned,Q-RIN,"5,549"
8/26/2019,2019,2019,D3,Separated,Q-RIN,"27,593,993"
8/26/2019,2019,2019,D4,Assigned,Q-RIN,"20,326,850"
8/26/2019,2019,2019,D4,Assigned,Unverified,"102,354,989"
8/26/2019,2019,2019,D4,Separated,Q-RIN,"24,766,314"
8/26/2019,2019,2019,D4,Separated,Unverified,"71,881,990"
8/26/2019,2019,2019,D5,Assigned,Q-RIN,"23,844"
8/26/2019,2019,2019,D5,Assigned,Unverified,"5,386,497"
8/26/2019,2019,2019,D5,Separated,Q-RIN,"108,551"
8/26/2019,2019,2019,D6,Assigned,Q-RIN,"39,698,765"
8/26/2019,2019,2019,D6,Assigned,Unverified,"494,119,873"
8/26/2019,2019,2019,D6,Separated,Q-RIN,"211,903"
8/26/2019,2019,2019,D6,Separated,Unverified,"316,769,146"
9/2/2019,2019,2018,D4,Separated,Q-RIN,"1,169,520"
9/2/2019,2019,2018,D4,Separated,Unverified,"1,761,120"
9/2/2019,2019,2018,D6,Assigned,Unverified,"126,484"
9/2/2019,2019,2018,D6,Separated,Unverified,"24,191,128"
9/2/2019,2019,2019,D3,Assigned,Q-RIN,"29,446"
9/2/2019,2019,2019,D3,Assigned,Unverified,"51,506"
9/2/2019,2019,2019,D3,Separated,Q-RIN,"9,490,086"
9/2/2019,2019,2019,D4,Assigned,Q-RIN,"10,078,376"
9/2/2019,2019,2019,D4,Assigned,Unverified,"92,261,909"
9/2/2019,2019,2019,D4,Separated,Q-RIN,"13,631,732"
9/2/2019,2019,2019,D4,Separated,Unverified,"75,398,229"
9/2/2019,2019,2019,D5,Assigned,Q-RIN,"15,801"
9/2/2019,2019,2019,D5,Assigned,Unverified,"544,446"
9/2/2019,2019,2019,D6,Assigned,Q-RIN,"38,654,548"
9/2/2019,2019,2019,D6,Assigned,Unverified,"424,176,976"
9/2/2019,2019,2019,D6,Separated,Q-RIN,"7,059"
9/2/2019,2019,2019,D6,Separated,Unverified,"271,948,415"
9/9/2019,2019,2018,D4,Separated,Q-RIN,"47,202"
9/9/2019,2019,2018,D4,Separated,Unverified,"2,092,652"
9/9/2019,2019,2018,D6,Assigned,Unverified,"30,745"
9/9/2019,2019,2018,D6,Separated,Unverified,"58,886,317"
9/9/2019,2019,2019,D3,Assigned,Q-RIN,"26,405"
9/9/2019,2019,2019,D3,Assigned,Unverified,"24,959"
9/9/2019,2019,2019,D3,Separated,Q-RIN,"7,649,186"
9/9/2019,2019,2019,D4,Assigned,Q-RIN,"24,029,912"
9/9/2019,2019,2019,D4,Assigned,Unverified,"122,925,288"
9/9/2019,2019,2019,D4,Separated,Q-RIN,"37,353,043"
9/9/2019,2019,2019,D4,Separated,Unverified,"105,806,831"
9/9/2019,2019,2019,D5,Assigned,Q-RIN,"16,011"
9/9/2019,2019,2019,D5,Assigned,Unverified,"2,409,201"
9/9/2019,2019,2019,D5,Separated,Q-RIN,"31,350"
9/9/2019,2019,2019,D5,Separated,Unverified,"836,305"
9/9/2019,2019,2019,D6,Assigned,Q-RIN,"47,646,709"
9/9/2019,2019,2019,D6,Assigned,Unverified,"446,354,085"
9/9/2019,2019,2019,D6,Separated,Q-RIN,"256,258"
9/9/2019,2019,2019,D6,Separated,Unverified,"382,302,799"
9/16/2019,2019,2018,D3,Separated,Q-RIN,"2,000,000"
9/16/2019,2019,2018,D4,Separated,Unverified,"27,991,150"
9/16/2019,2019,2018,D6,Assigned,Unverified,"61,795"
9/16/2019,2019,2018,D6,Separated,Unverified,"143,660,894"
9/16/2019,2019,2019,D3,Assigned,Q-RIN,"362,610"
9/16/2019,2019,2019,D3,Separated,Q-RIN,"10,145,247"
9/16/2019,2019,2019,D4,Assigned,Q-RIN,"8,788,490"
9/16/2019,2019,2019,D4,Assigned,Unverified,"92,274,094"
9/16/2019,2019,2019,D4,Separated,Q-RIN,"41,640,546"
9/16/2019,2019,2019,D4,Separated,Unverified,"130,727,119"
9/16/2019,2019,2019,D5,Assigned,Q-RIN,"39,117"
9/16/2019,2019,2019,D5,Assigned,Unverified,"10,578,041"
9/16/2019,2019,2019,D5,Separated,Q-RIN,"2,377,999"
9/16/2019,2019,2019,D5,Separated,Unverified,"5,317,276"
9/16/2019,2019,2019,D6,Assigned,Q-RIN,"38,315,097"
9/16/2019,2019,2019,D6,Assigned,Unverified,"449,085,132"
9/16/2019,2019,2019,D6,Separated,Q-RIN,"164,120"
9/16/2019,2019,2019,D6,Separated,Unverified,"475,225,720"
9/23/2019,2019,2018,D4,Separated,Q-RIN,"9,664,399"
9/23/2019,2019,2018,D4,Separated,Unverified,"67,699,156"
9/23/2019,2019,2018,D5,Separated,Unverified,"440,000"
9/23/2019,2019,2018,D6,Assigned,Unverified,"5,700,536"
9/23/2019,2019,2018,D6,Separated,Q-RIN,"1,295,084"
9/23/2019,2019,2018,D6,Separated,Unverified,"92,254,937"
9/23/2019,2019,2019,D3,Assigned,Q-RIN,"133,661"
9/23/2019,2019,2019,D3,Assigned,Unverified,"345,640"
9/23/2019,2019,2019,D3,Separated,Q-RIN,"32,870,143"
9/23/2019,2019,2019,D4,Assigned,Q-RIN,"14,494,431"
9/23/2019,2019,2019,D4,Assigned,Unverified,"82,132,961"
9/23/2019,2019,2019,D4,Separated,Q-RIN,"27,287,781"
9/23/2019,2019,2019,D4,Separated,Unverified,"154,561,634"
9/23/2019,2019,2019,D5,Assigned,Q-RIN,"15,667"
9/23/2019,2019,2019,D5,Assigned,Unverified,"7,854,707"
9/23/2019,2019,2019,D5,Separated,Unverified,"6,260,735"
9/23/2019,2019,2019,D6,Assigned,Q-RIN,"34,795,343"
9/23/2019,2019,2019,D6,Assigned,Unverified,"436,796,605"
9/23/2019,2019,2019,D6,Separated,Q-RIN,"90,931"
9/23/2019,2019,2019,D6,Separated,Unverified,"635,534,221"
9/30/2019,2019,2018,D4,Separated,Q-RIN,"3,348,588"
9/30/2019,2019,2018,D4,Separated,Unverified,"26,798,177"
9/30/2019,2019,2018,D5,Separated,Unverified,"170,430"
9/30/2019,2019,2018,D6,Assigned,Unverified,"23,275"
9/30/2019,2019,2018,D6,Separated,Unverified,"147,411,106"
9/30/2019,2019,2019,D3,Assigned,Q-RIN,"8,040"
9/30/2019,2019,2019,D3,Separated,Q-RIN,"29,788,171"
9/30/2019,2019,2019,D4,Assigned,Q-RIN,"14,047,758"
9/30/2019,2019,2019,D4,Assigned,Unverified,"91,239,490"
9/30/2019,2019,2019,D4,Separated,Q-RIN,"34,775,914"
9/30/2019,2019,2019,D4,Separated,Unverified,"238,623,870"
9/30/2019,2019,2019,D5,Assigned,Q-RIN,"8,001"
9/30/2019,2019,2019,D5,Assigned,Unverified,"3,155,301"
9/30/2019,2019,2019,D5,Separated,Q-RIN,"1,067,360"
9/30/2019,2019,2019,D5,Separated,Unverified,"58,182,236"
9/30/2019,2019,2019,D6,Assigned,Q-RIN,"29,745,422"
9/30/2019,2019,2019,D6,Assigned,Unverified,"426,249,580"
9/30/2019,2019,2019,D6,Separated,Q-RIN,"1,883"
9/30/2019,2019,2019,D6,Separated,Unverified,"424,115,361"
10/7/2019,2019,2018,D3,Separated,Q-RIN,"1,022,615"
10/7/2019,2019,2018,D4,Separated,Q-RIN,"885,945"
10/7/2019,2019,2018,D4,Separated,Unverified,"2,820,324"
10/7/2019,2019,2018,D6,Assigned,Unverified,"7,558"
10/7/2019,2019,2018,D6,Separated,Unverified,"14,233,201"
10/7/2019,2019,2019,D3,Assigned,Unverified,"428,423"
10/7/2019,2019,2019,D3,Separated,Q-RIN,"6,469,245"
10/7/2019,2019,2019,D4,Assigned,Q-RIN,"13,634,388"
10/7/2019,2019,2019,D4,Assigned,Unverified,"109,667,156"
10/7/2019,2019,2019,D4,Separated,Q-RIN,"26,757,260"
10/7/2019,2019,2019,D4,Separated,Unverified,"101,181,763"
10/7/2019,2019,2019,D5,Assigned,Q-RIN,"23,758"
10/7/2019,2019,2019,D5,Assigned,Unverified,"29,438,166"
10/7/2019,2019,2019,D5,Separated,Q-RIN,"698,000"
10/7/2019,2019,2019,D5,Separated,Unverified,"48,700,701"
10/7/2019,2019,2019,D6,Assigned,Q-RIN,"32,888,732"
10/7/2019,2019,2019,D6,Assigned,Unverified,"435,229,512"
10/7/2019,2019,2019,D6,Separated,Unverified,"226,607,755"
10/14/2019,2019,2018,D3,Separated,Q-RIN,"1,910,576"
10/14/2019,2019,2018,D4,Separated,Q-RIN,"7,273,326"
10/14/2019,2019,2018,D4,Separated,Unverified,"11,212,041"
10/14/2019,2019,2018,D5,Separated,Unverified,"470,430"
10/14/2019,2019,2018,D6,Assigned,Q-RIN,"20,111"
10/14/2019,2019,2018,D6,Assigned,Unverified,"127,505"
10/14/2019,2019,2018,D6,Separated,Q-RIN,"7,805"
10/14/2019,2019,2018,D6,Separated,Unverified,"90,341,701"
10/14/2019,2019,2019,D3,Assigned,Unverified,"39,798"
10/14/2019,2019,2019,D3,Separated,Q-RIN,"12,638,000"
10/14/2019,2019,2019,D4,Assigned,Q-RIN,"15,836,488"
10/14/2019,2019,2019,D4,Assigned,Unverified,"112,233,912"
10/14/2019,2019,2019,D4,Separated,Q-RIN,"19,681,881"
10/14/2019,2019,2019,D4,Separated,Unverified,"104,724,004"
10/14/2019,2019,2019,D5,Assigned,Q-RIN,"23,391"
10/14/2019,2019,2019,D5,Assigned,Unverified,"406,780"
10/14/2019,2019,2019,D5,Separated,Unverified,"7,799,449"
10/14/2019,2019,2019,D6,Assigned,Q-RIN,"33,914,112"
10/14/2019,2019,2019,D6,Assigned,Unverified,"432,525,284"
10/14/2019,2019,2019,D6,Separated,Q-RIN,"83,851"
10/14/2019,2019,2019,D6,Separated,Unverified,"418,040,602"
10/21/2019,2019,2018,D3,Separated,Q-RIN,"400,000"
10/21/2019,2019,2018,D4,Separated,Q-RIN,"22,958"
10/21/2019,2019,2018,D4,Separated,Unverified,"12,006,070"
10/21/2019,2019,2018,D5,Separated,Unverified,"300,000"
10/21/2019,2019,2018,D6,Assigned,Unverified,"45,642"
10/21/2019,2019,2018,D6,Separated,Unverified,"67,584,870"
10/21/2019,2019,2019,D3,Assigned,Q-RIN,"80,772"
10/21/2019,2019,2019,D3,Assigned,Unverified,"51,907"
10/21/2019,2019,2019,D3,Separated,Q-RIN,"23,701,389"
10/21/2019,2019,2019,D4,Assigned,Q-RIN,"11,949,130"
10/21/2019,2019,2019,D4,Assigned,Unverified,"73,579,783"
10/21/2019,2019,2019,D4,Separated,Q-RIN,"24,115,620"
10/21/2019,2019,2019,D4,Separated,Unverified,"52,686,793"
10/21/2019,2019,2019,D5,Assigned,Unverified,"4,952,057"
10/21/2019,2019,2019,D5,Separated,Q-RIN,"162,229"
10/21/2019,2019,2019,D5,Separated,Unverified,"22,260,535"
10/21/2019,2019,2019,D6,Assigned,Q-RIN,"32,823,974"
10/21/2019,2019,2019,D6,Assigned,Unverified,"429,936,495"
10/21/2019,2019,2019,D6,Separated,Q-RIN,"142,501"
10/21/2019,2019,2019,D6,Separated,Unverified,"337,316,435"
10/28/2019,2019,2018,D4,Separated,Q-RIN,"2,051,856"
10/28/2019,2019,2018,D4,Separated,Unverified,"4,631,394"
10/28/2019,2019,2018,D5,Separated,Unverified,"400,000"
10/28/2019,2019,2018,D6,Assigned,Unverified,"77,712"
10/28/2019,2019,2018,D6,Separated,Unverified,"42,016,643"
10/28/2019,2019,2019,D3,Separated,Q-RIN,"32,638,033"
10/28/2019,2019,2019,D4,Assigned,Q-RIN,"16,852,583"
10/28/2019,2019,2019,D4,Assigned,Unverified,"110,783,829"
10/28/2019,2019,2019,D4,Separated,Q-RIN,"23,652,309"
10/28/2019,2019,2019,D4,Separated,Unverified,"201,482,131"
10/28/2019,2019,2019,D5,Assigned,Q-RIN,"87,335"
10/28/2019,2019,2019,D5,Assigned,Unverified,"3,329,647"
10/28/2019,2019,2019,D5,Separated,Q-RIN,"75,743"
10/28/2019,2019,2019,D5,Separated,Unverified,"7,560,000"
10/28/2019,2019,2019,D6,Assigned,Q-RIN,"34,846,535"
10/28/2019,2019,2019,D6,Assigned,Unverified,"443,814,290"
10/28/2019,2019,2019,D6,Separated,Unverified,"307,931,721"
11/4/2019,2019,2018,D4,Separated,Unverified,"546,313"
11/4/2019,2019,2018,D5,Separated,Unverified,"400,000"
11/4/2019,2019,2018,D6,Assigned,Unverified,"527,626"
11/4/2019,2019,2018,D6,Separated,Unverified,"40,629,668"
11/4/2019,2019,2019,D3,Assigned,Q-RIN,"278,174"
11/4/2019,2019,2019,D3,Assigned,Unverified,"112,191"
11/4/2019,2019,2019,D3,Separated,Q-RIN,"6,374,013"
11/4/2019,2019,2019,D3,Separated,Unverified,"1,000,000"
11/4/2019,2019,2019,D4,Assigned,Q-RIN,"13,882,547"
11/4/2019,2019,2019,D4,Assigned,Unverified,"107,646,157"
11/4/2019,2019,2019,D4,Separated,Q-RIN,"13,221,603"
11/4/2019,2019,2019,D4,Separated,Unverified,"104,382,303"
11/4/2019,2019,2019,D5,Assigned,Q-RIN,"23,911"
11/4/2019,2019,2019,D5,Assigned,Unverified,"3,477,253"
11/4/2019,2019,2019,D5,Separated,Q-RIN,"110,000"
11/4/2019,2019,2019,D5,Separated,Unverified,"7,140,240"
11/4/2019,2019,2019,D6,Assigned,Q-RIN,"33,446,039"
11/4/2019,2019,2019,D6,Assigned,Unverified,"428,377,870"
11/4/2019,2019,2019,D6,Separated,Q-RIN,"58,465"
11/4/2019,2019,2019,D6,Separated,Unverified,"460,580,509"
11/11/2019,2019,2018,D4,Assigned,Unverified,"27,059"
11/11/2019,2019,2018,D4,Separated,Q-RIN,"690,540"
11/11/2019,2019,2018,D4,Separated,Unverified,"27,701,107"
11/11/2019,2019,2018,D6,Assigned,Q-RIN,"6,620"
11/11/2019,2019,2018,D6,Assigned,Unverified,"622,015"
11/11/2019,2019,2018,D6,Separated,Unverified,"67,368,549"
11/11/2019,2019,2019,D3,Separated,Q-RIN,"25,095,376"
11/11/2019,2019,2019,D4,Assigned,Q-RIN,"10,711,538"
11/11/2019,2019,2019,D4,Assigned,Unverified,"76,045,238"
11/11/2019,2019,2019,D4,Separated,Q-RIN,"18,938,256"
11/11/2019,2019,2019,D4,Separated,Unverified,"101,646,204"
11/11/2019,2019,2019,D5,Assigned,Q-RIN,"31,890"
11/11/2019,2019,2019,D5,Assigned,Unverified,"536,212"
11/11/2019,2019,2019,D5,Separated,Q-RIN,"209,100"
11/11/2019,2019,2019,D6,Assigned,Q-RIN,"35,182,717"
11/11/2019,2019,2019,D6,Assigned,Unverified,"444,693,822"
11/11/2019,2019,2019,D6,Separated,Q-RIN,"6,707,690"
11/11/2019,2019,2019,D6,Separated,Unverified,"309,021,815"
11/18/2019,2019,2018,D4,Assigned,Unverified,"54,826"
11/18/2019,2019,2018,D4,Separated,Q-RIN,"70,000"
11/18/2019,2019,2018,D4,Separated,Unverified,"6,700,000"
11/18/2019,2019,2018,D5,Separated,Unverified,"440,000"
11/18/2019,2019,2018,D6,Assigned,Unverified,"923,525"
11/18/2019,2019,2018,D6,Separated,Unverified,"36,776,325"
11/18/2019,2019,2019,D3,Assigned,Unverified,"59,532"
11/18/2019,2019,2019,D3,Separated,Q-RIN,"33,132,666"
11/18/2019,2019,2019,D3,Separated,Unverified,"674,305"
11/18/2019,2019,2019,D4,Assigned,Q-RIN,"14,032,867"
11/18/2019,2019,2019,D4,Assigned,Unverified,"82,605,215"
11/18/2019,2019,2019,D4,Separated,Q-RIN,"25,016,491"
11/18/2019,2019,2019,D4,Separated,Unverified,"102,934,619"
11/18/2019,2019,2019,D5,Assigned,Q-RIN,"15,931"
11/18/2019,2019,2019,D5,Assigned,Unverified,"1,692,502"
11/18/2019,2019,2019,D5,Separated,Q-RIN,"178,000"
11/18/2019,2019,2019,D5,Separated,Unverified,"840,000"
11/18/2019,2019,2019,D6,Assigned,Q-RIN,"34,554,355"
11/18/2019,2019,2019,D6,Assigned,Unverified,"475,748,631"
11/18/2019,2019,2019,D6,Separated,Q-RIN,"1,066,871"
11/18/2019,2019,2019,D6,Separated,Unverified,"324,672,201"
11/25/2019,2019,2018,D4,Separated,Q-RIN,"833,777"
11/25/2019,2019,2018,D4,Separated,Unverified,"6,646,519"
11/25/2019,2019,2018,D6,Assigned,Unverified,"616,666"
11/25/2019,2019,2018,D6,Separated,Unverified,"24,122,750"
11/25/2019,2019,2019,D3,Assigned,Q-RIN,"9,855"
11/25/2019,2019,2019,D3,Assigned,Unverified,"59,805"
11/25/2019,2019,2019,D3,Separated,Q-RIN,"18,058,200"
11/25/2019,2019,2019,D3,Separated,Unverified,"96,329"
11/25/2019,2019,2019,D4,Assigned,Q-RIN,"7,178,024"
11/25/2019,2019,2019,D4,Assigned,Unverified,"58,141,824"
11/25/2019,2019,2019,D4,Separated,Q-RIN,"12,928,769"
11/25/2019,2019,2019,D4,Separated,Unverified,"161,147,272"
11/25/2019,2019,2019,D5,Assigned,Q-RIN,"23,850"
11/25/2019,2019,2019,D5,Assigned,Unverified,"5,610,114"
11/25/2019,2019,2019,D5,Separated,Q-RIN,"268,503"
11/25/2019,2019,2019,D5,Separated,Unverified,"5,243,680"
11/25/2019,2019,2019,D6,Assigned,Q-RIN,"37,739,252"
11/25/2019,2019,2019,D6,Assigned,Unverified,"430,895,841"
11/25/2019,2019,2019,D6,Separated,Q-RIN,"7,667"
11/25/2019,2019,2019,D6,Separated,Unverified,"230,441,415"
12/2/2019,2019,2018,D3,Separated,Q-RIN,"1,390,000"
12/2/2019,2019,2018,D4,Separated,Q-RIN,"1,450,088"
12/2/2019,2019,2018,D4,Separated,Unverified,"9,892,276"
12/2/2019,2019,2018,D5,Separated,Unverified,"162,134"
12/2/2019,2019,2018,D6,Assigned,Unverified,"300,059"
12/2/2019,2019,2018,D6,Separated,Q-RIN,"2,000,000"
12/2/2019,2019,2018,D6,Separated,Unverified,"51,922,183"
12/2/2019,2019,2019,D3,Assigned,Q-RIN,"19,500"
12/2/2019,2019,2019,D3,Separated,Q-RIN,"12,311,822"
12/2/2019,2019,2019,D4,Assigned,Q-RIN,"9,130,058"
12/2/2019,2019,2019,D4,Assigned,Unverified,"110,735,159"
12/2/2019,2019,2019,D4,Separated,Q-RIN,"52,189,743"
12/2/2019,2019,2019,D4,Separated,Unverified,"252,827,776"
12/2/2019,2019,2019,D5,Assigned,Q-RIN,"48,289"
12/2/2019,2019,2019,D5,Assigned,Unverified,"2,894,579"
12/2/2019,2019,2019,D5,Separated,Q-RIN,"155,960"
12/2/2019,2019,2019,D5,Separated,Unverified,"2,359,070"
12/2/2019,2019,2019,D6,Assigned,Q-RIN,"32,970,003"
12/2/2019,2019,2019,D6,Assigned,Unverified,"485,855,518"
12/2/2019,2019,2019,D6,Separated,Q-RIN,"1,123,556"
12/2/2019,2019,2019,D6,Separated,Unverified,"372,755,624"
12/9/2019,2019,2018,D3,Separated,Q-RIN,"1,200,000"
12/9/2019,2019,2018,D4,Separated,Q-RIN,"2,782,192"
12/9/2019,2019,2018,D4,Separated,Unverified,"20,081,735"
12/9/2019,2019,2018,D5,Separated,Unverified,"196,800"
12/9/2019,2019,2018,D6,Assigned,Unverified,"809,859"
12/9/2019,2019,2018,D6,Separated,Unverified,"175,900,938"
12/9/2019,2019,2019,D3,Assigned,Q-RIN,"131,634"
12/9/2019,2019,2019,D3,Separated,Q-RIN,"16,370,213"
12/9/2019,2019,2019,D4,Assigned,Q-RIN,"14,874,697"
12/9/2019,2019,2019,D4,Assigned,Unverified,"117,466,123"
12/9/2019,2019,2019,D4,Separated,Q-RIN,"68,891,261"
12/9/2019,2019,2019,D4,Separated,Unverified,"296,079,338"
12/9/2019,2019,2019,D5,Assigned,Q-RIN,"40,069"
12/9/2019,2019,2019,D5,Assigned,Unverified,"17,615,112"
12/9/2019,2019,2019,D5,Separated,Q-RIN,"86,758"
12/9/2019,2019,2019,D5,Separated,Unverified,"29,050,336"
12/9/2019,2019,2019,D6,Assigned,Q-RIN,"32,627,749"
12/9/2019,2019,2019,D6,Assigned,Unverified,"476,804,763"
12/9/2019,2019,2019,D6,Separated,Q-RIN,"72,803"
12/9/2019,2019,2019,D6,Separated,Unverified,"509,875,548"
12/16/2019,2019,2018,D3,Separated,Q-RIN,"1,646,200"
12/16/2019,2019,2018,D4,Separated,Q-RIN,"5,501,765"
12/16/2019,2019,2018,D4,Separated,Unverified,"114,282,697"
12/16/2019,2019,2018,D5,Separated,Unverified,"40,000"
12/16/2019,2019,2018,D6,Assigned,Unverified,"626,678"
12/16/2019,2019,2018,D6,Separated,Q-RIN,"16,974"
12/16/2019,2019,2018,D6,Separated,Unverified,"85,266,042"
12/16/2019,2019,2019,D3,Assigned,Q-RIN,"17,557"
12/16/2019,2019,2019,D3,Separated,Q-RIN,"51,414,279"
12/16/2019,2019,2019,D3,Separated,Unverified,"1,424,359"
12/16/2019,2019,2019,D4,Assigned,Q-RIN,"7,086,681"
12/16/2019,2019,2019,D4,Assigned,Unverified,"127,577,934"
12/16/2019,2019,2019,D4,Separated,Q-RIN,"45,848,908"
12/16/2019,2019,2019,D4,Separated,Unverified,"330,460,896"
12/16/2019,2019,2019,D5,Assigned,Q-RIN,"7,882"
12/16/2019,2019,2019,D5,Assigned,Unverified,"3,053,230"
12/16/2019,2019,2019,D5,Separated,Q-RIN,"902,152"
12/16/2019,2019,2019,D5,Separated,Unverified,"37,650,469"
12/16/2019,2019,2019,D6,Assigned,Q-RIN,"28,987,170"
12/16/2019,2019,2019,D6,Assigned,Unverified,"483,595,719"
12/16/2019,2019,2019,D6,Separated,Q-RIN,"76,565"
12/16/2019,2019,2019,D6,Separated,Unverified,"687,205,423"
12/23/2019,2019,2018,D4,Separated,Q-RIN,"12,637,694"
12/23/2019,2019,2018,D4,Separated,Unverified,"33,120,755"
12/23/2019,2019,2018,D6,Assigned,Unverified,"464,708"
12/23/2019,2019,2018,D6,Separated,Unverified,"18,777,247"
12/23/2019,2019,2019,D3,Assigned,Q-RIN,"18,578"
12/23/2019,2019,2019,D3,Separated,Q-RIN,"8,169,424"
12/23/2019,2019,2019,D3,Separated,Unverified,"960,768"
12/23/2019,2019,2019,D4,Assigned,Q-RIN,"4,222,973"
12/23/2019,2019,2019,D4,Assigned,Unverified,"92,309,847"
12/23/2019,2019,2019,D4,Separated,Q-RIN,"23,465,686"
12/23/2019,2019,2019,D4,Separated,Unverified,"178,290,724"
12/23/2019,2019,2019,D5,Assigned,Q-RIN,"16,046"
12/23/2019,2019,2019,D5,Assigned,Unverified,"7,339,707"
12/23/2019,2019,2019,D5,Separated,Q-RIN,"456,400"
12/23/2019,2019,2019,D5,Separated,Unverified,"10,608,294"
12/23/2019,2019,2019,D6,Assigned,Q-RIN,"31,485,436"
12/23/2019,2019,2019,D6,Assigned,Unverified,"396,460,115"
12/23/2019,2019,2019,D6,Separated,Q-RIN,"20,430"
12/23/2019,2019,2019,D6,Separated,Unverified,"403,825,731"
12/30/2019,2019,2018,D3,Separated,Q-RIN,"958,000"
12/30/2019,2019,2018,D4,Separated,Q-RIN,"20,457,399"
12/30/2019,2019,2018,D4,Separated,Unverified,"17,932,503"
12/30/2019,2019,2018,D6,Assigned,Unverified,"365,284"
12/30/2019,2019,2018,D6,Separated,Unverified,"20,621,343"
12/30/2019,2019,2019,D3,Assigned,Q-RIN,"9,852"
12/30/2019,2019,2019,D3,Separated,Q-RIN,"16,718,826"
12/30/2019,2019,2019,D4,Assigned,Q-RIN,"4,896,616"
12/30/2019,2019,2019,D4,Assigned,Unverified,"36,163,881"
12/30/2019,2019,2019,D4,Separated,Q-RIN,"35,659,127"
12/30/2019,2019,2019,D4,Separated,Unverified,"123,799,363"
12/30/2019,2019,2019,D5,Assigned,Q-RIN,"7,980"
12/30/2019,2019,2019,D5,Assigned,Unverified,"3,177,869"
12/30/2019,2019,2019,D5,Separated,Q-RIN,"99,685"
12/30/2019,2019,2019,D5,Separated,Unverified,"11,000,000"
12/30/2019,2019,2019,D6,Assigned,Q-RIN,"22,748,636"
12/30/2019,2019,2019,D6,Assigned,Unverified,"237,860,679"
12/30/2019,2019,2019,D6,Separated,Q-RIN,"38,159"
12/30/2019,2019,2019,D6,Separated,Unverified,"141,774,135"
12/30/2019,2020,2018,D4,Separated,Q-RIN,"90,000"
12/30/2019,2020,2018,D4,Separated,Unverified,"1,966,266"
12/30/2019,2020,2018,D6,Assigned,Unverified,"23,537"
12/30/2019,2020,2018,D6,Separated,Unverified,"3,996,501"
12/30/2019,2020,2019,D3,Separated,Q-RIN,"3,858,453"
12/30/2019,2020,2019,D4,Assigned,Q-RIN,"2,207,487"
12/30/2019,2020,2019,D4,Assigned,Unverified,"17,654,129"
12/30/2019,2020,2019,D4,Separated,Q-RIN,"11,669,112"
12/30/2019,2020,2019,D4,Separated,Unverified,"27,049,876"
12/30/2019,2020,2019,D6,Assigned,Q-RIN,"2,687,594"
12/30/2019,2020,2019,D6,Assigned,Unverified,"137,540,172"
12/30/2019,2020,2019,D6,Separated,Q-RIN,"287,196"
12/30/2019,2020,2019,D6,Separated,Unverified,"94,641,623"
12/30/2019,2020,2020,D4,Assigned,Q-RIN,"1,631,275"
12/30/2019,2020,2020,D4,Assigned,Unverified,"14,254,725"
12/30/2019,2020,2020,D4,Separated,Q-RIN,"12,914"
12/30/2019,2020,2020,D4,Separated,Unverified,"1,493,773"
12/30/2019,2020,2020,D5,Assigned,Unverified,"332,255"
12/30/2019,2020,2020,D6,Assigned,Q-RIN,"10,239,782"
12/30/2019,2020,2020,D6,Assigned,Unverified,"117,403,058"
12/30/2019,2020,2020,D6,Separated,Unverified,"363,628"
1/6/2020,2020,2018,D4,Separated,Q-RIN,"999,970"
1/6/2020,2020,2018,D4,Separated,Unverified,"2,460,016"
1/6/2020,2020,2018,D6,Assigned,Unverified,"16,032"
1/6/2020,2020,2018,D6,Separated,Unverified,"19,898,946"
1/6/2020,2020,2019,D3,Separated,Q-RIN,"13,624,805"
1/6/2020,2020,2019,D3,Separated,Unverified,"1,312"
1/6/2020,2020,2019,D4,Assigned,Q-RIN,"345,619"
1/6/2020,2020,2019,D4,Assigned,Unverified,"38,277,147"
1/6/2020,2020,2019,D4,Separated,Q-RIN,"6,655,463"
1/6/2020,2020,2019,D4,Separated,Unverified,"81,667,932"
1/6/2020,2020,2019,D5,Assigned,Q-RIN,"32,188"
1/6/2020,2020,2019,D5,Assigned,Unverified,"3,175,085"
1/6/2020,2020,2019,D5,Separated,Q-RIN,44
1/6/2020,2020,2019,D5,Separated,Unverified,"7,383,427"
1/6/2020,2020,2019,D6,Assigned,Q-RIN,"1,198,050"
1/6/2020,2020,2019,D6,Assigned,Unverified,"109,422,694"
1/6/2020,2020,2019,D6,Separated,Q-RIN,"390,356"
1/6/2020,2020,2019,D6,Separated,Unverified,"376,338,227"
1/6/2020,2020,2020,D3,Assigned,Q-RIN,"146,696"
1/6/2020,2020,2020,D4,Assigned,Q-RIN,"3,835,095"
1/6/2020,2020,2020,D4,Assigned,Unverified,"42,884,966"
1/6/2020,2020,2020,D4,Separated,Q-RIN,"240,128"
1/6/2020,2020,2020,D4,Separated,Unverified,"4,275,025"
1/6/2020,2020,2020,D5,Assigned,Q-RIN,"24,164"
1/6/2020,2020,2020,D5,Assigned,Unverified,"433,465"
1/6/2020,2020,2020,D5,Separated,Q-RIN,"64,944"
1/6/2020,2020,2020,D5,Separated,Unverified,"1,350,187"
1/6/2020,2020,2020,D6,Assigned,Q-RIN,"19,855,276"
1/6/2020,2020,2020,D6,Assigned,Unverified,"318,467,338"
1/6/2020,2020,2020,D6,Separated,Q-RIN,"9,395"
1/6/2020,2020,2020,D6,Separated,Unverified,"8,058,494"
1/13/2020,2020,2018,D3,Separated,Unverified,"86,770"
1/13/2020,2020,2018,D4,Separated,Q-RIN,"1,328"
1/13/2020,2020,2018,D4,Separated,Unverified,"12,175,992"
1/13/2020,2020,2018,D6,Separated,Unverified,"23,227,338"
1/13/2020,2020,2019,D3,Separated,Q-RIN,"14,107,871"
1/13/2020,2020,2019,D3,Separated,Unverified,"341,376"
1/13/2020,2020,2019,D4,Assigned,Q-RIN,"156,563"
1/13/2020,2020,2019,D4,Assigned,Unverified,"24,219,397"
1/13/2020,2020,2019,D4,Separated,Q-RIN,"16,997,253"
1/13/2020,2020,2019,D4,Separated,Unverified,"154,253,085"
1/13/2020,2020,2019,D5,Assigned,Unverified,91
1/13/2020,2020,2019,D5,Separated,Q-RIN,44
1/13/2020,2020,2019,D5,Separated,Unverified,"5,000,091"
1/13/2020,2020,2019,D6,Assigned,Q-RIN,"596,979"
1/13/2020,2020,2019,D6,Assigned,Unverified,"51,310,219"
1/13/2020,2020,2019,D6,Separated,Q-RIN,"114,399"
1/13/2020,2020,2019,D6,Separated,Unverified,"466,042,702"
1/13/2020,2020,2020,D3,Assigned,Q-RIN,"18,755"
1/13/2020,2020,2020,D4,Assigned,Q-RIN,"6,607,969"
1/13/2020,2020,2020,D4,Assigned,Unverified,"52,454,887"
1/13/2020,2020,2020,D4,Separated,Q-RIN,"2,153,092"
1/13/2020,2020,2020,D4,Separated,Unverified,"4,561,207"
1/13/2020,2020,2020,D5,Assigned,Q-RIN,"23,907"
1/13/2020,2020,2020,D5,Assigned,Unverified,"428,171"
1/13/2020,2020,2020,D5,Separated,Q-RIN,"272,846"
1/13/2020,2020,2020,D6,Assigned,Q-RIN,"25,527,689"
1/13/2020,2020,2020,D6,Assigned,Unverified,"332,900,534"
1/13/2020,2020,2020,D6,Separated,Unverified,"20,028,219"
1/20/2020,2020,2018,D3,Separated,Q-RIN,"6,511"
1/20/2020,2020,2018,D3,Separated,Unverified,"2,345"
1/20/2020,2020,2018,D4,Separated,Q-RIN,"552,766"
1/20/2020,2020,2018,D4,Separated,Unverified,"8,111,420"
1/20/2020,2020,2018,D6,Separated,Unverified,"21,580,498"
1/20/2020,2020,2019,D3,Separated,Q-RIN,"9,751,782"
1/20/2020,2020,2019,D3,Separated,Unverified,"1,452,623"
1/20/2020,2020,2019,D4,Assigned,Q-RIN,"7,554"
1/20/2020,2020,2019,D4,Assigned,Unverified,"4,124,245"
1/20/2020,2020,2019,D4,Separated,Q-RIN,"10,165,787"
1/20/2020,2020,2019,D4,Separated,Unverified,"50,456,572"
1/20/2020,2020,2019,D5,Assigned,Q-RIN,"269,994"
1/20/2020,2020,2019,D5,Assigned,Unverified,"7,604,330"
1/20/2020,2020,2019,D5,Separated,Q-RIN,"269,994"
1/20/2020,2020,2019,D5,Separated,Unverified,"7,604,330"
1/20/2020,2020,2019,D6,Assigned,Q-RIN,"187,585"
1/20/2020,2020,2019,D6,Assigned,Unverified,"28,803,127"
1/20/2020,2020,2019,D6,Separated,Q-RIN,"275,553"
1/20/2020,2020,2019,D6,Separated,Unverified,"320,121,138"
1/20/2020,2020,2020,D3,Assigned,Q-RIN,"8,840"
1/20/2020,2020,2020,D4,Assigned,Q-RIN,"3,810,481"
1/20/2020,2020,2020,D4,Assigned,Unverified,"57,916,141"
1/20/2020,2020,2020,D4,Separated,Q-RIN,"6,914,570"
1/20/2020,2020,2020,D4,Separated,Unverified,"11,515,824"
1/20/2020,2020,2020,D5,Assigned,Q-RIN,"6,263"
1/20/2020,2020,2020,D5,Assigned,Unverified,"394,468"
1/20/2020,2020,2020,D5,Separated,Q-RIN,"128,406"
1/20/2020,2020,2020,D5,Separated,Unverified,"177,447"
1/20/2020,2020,2020,D6,Assigned,Q-RIN,"21,768,551"
1/20/2020,2020,2020,D6,Assigned,Unverified,"351,612,841"
1/20/2020,2020,2020,D6,Separated,Q-RIN,"2,096"
1/20/2020,2020,2020,D6,Separated,Unverified,"48,744,082"
1/27/2020,2020,2018,D3,Assigned,Q-RIN,"52,898"
1/27/2020,2020,2018,D3,Separated,Q-RIN,"4,352,407"
1/27/2020,2020,2018,D3,Separated,Unverified,"30,637"
1/27/2020,2020,2018,D4,Separated,Q-RIN,"11,639,783"
1/27/2020,2020,2018,D4,Separated,Unverified,"16,752,769"
1/27/2020,2020,2018,D6,Separated,Unverified,"62,293,787"
1/27/2020,2020,2019,D3,Assigned,Q-RIN,"172,485"
1/27/2020,2020,2019,D3,Separated,Q-RIN,"36,355,962"
1/27/2020,2020,2019,D3,Separated,Unverified,"516,045"
1/27/2020,2020,2019,D4,Assigned,Q-RIN,"2,310,679"
1/27/2020,2020,2019,D4,Assigned,Unverified,"49,003,424"
1/27/2020,2020,2019,D4,Separated,Q-RIN,"8,918,217"
1/27/2020,2020,2019,D4,Separated,Unverified,"179,102,875"
1/27/2020,2020,2019,D5,Separated,Q-RIN,"55,396"
1/27/2020,2020,2019,D5,Separated,Unverified,"8,010,145"
1/27/2020,2020,2019,D6,Assigned,Q-RIN,"71,061"
1/27/2020,2020,2019,D6,Assigned,Unverified,"13,449,677"
1/27/2020,2020,2019,D6,Separated,Q-RIN,"33,075"
1/27/2020,2020,2019,D6,Separated,Unverified,"339,880,390"
1/27/2020,2020,2020,D3,Assigned,Q-RIN,"107,354"
1/27/2020,2020,2020,D4,Assigned,Q-RIN,"4,443,375"
1/27/2020,2020,2020,D4,Assigned,Unverified,"60,604,349"
1/27/2020,2020,2020,D4,Separated,Q-RIN,"736,429"
1/27/2020,2020,2020,D4,Separated,Unverified,"13,136,343"
1/27/2020,2020,2020,D5,Assigned,Unverified,"3,238,008"
1/27/2020,2020,2020,D5,Separated,Q-RIN,"418,330"
1/27/2020,2020,2020,D5,Separated,Unverified,"74,777"
1/27/2020,2020,2020,D6,Assigned,Q-RIN,"24,526,345"
1/27/2020,2020,2020,D6,Assigned,Unverified,"416,920,564"
1/27/2020,2020,2020,D6,Separated,Q-RIN,"5,182"
1/27/2020,2020,2020,D6,Separated,Unverified,"62,822,891"
2/3/2020,2020,2018,D3,Separated,Q-RIN,"19,344"
2/3/2020,2020,2018,D3,Separated,Unverified,"43,385"
2/3/2020,2020,2018,D4,Assigned,Q-RIN,"21,014"
2/3/2020,2020,2018,D4,Assigned,Unverified,"20,729"
2/3/2020,2020,2018,D4,Separated,Q-RIN,"70,000"
2/3/2020,2020,2018,D4,Separated,Unverified,"568,910"
2/3/2020,2020,2018,D6,Assigned,Unverified,"5,383,546"
2/3/2020,2020,2018,D6,Separated,Q-RIN,"6,968"
2/3/2020,2020,2018,D6,Separated,Unverified,"60,183,883"
2/3/2020,2020,2019,D3,Assigned,Q-RIN,"72,507"
2/3/2020,2020,2019,D3,Separated,Q-RIN,"14,485,957"
2/3/2020,2020,2019,D3,Separated,Unverified,"156,624"
2/3/2020,2020,2019,D4,Assigned,Q-RIN,"33,604"
2/3/2020,2020,2019,D4,Assigned,Unverified,"9,902,562"
2/3/2020,2020,2019,D4,Separated,Q-RIN,"34,203,459"
2/3/2020,2020,2019,D4,Separated,Unverified,"81,957,240"
2/3/2020,2020,2019,D5,Separated,Q-RIN,"24,133"
2/3/2020,2020,2019,D5,Separated,Unverified,"16,823,616"
2/3/2020,2020,2019,D6,Assigned,Q-RIN,"7,976"
2/3/2020,2020,2019,D6,Assigned,Unverified,"3,477,978"
2/3/2020,2020,2019,D6,Separated,Q-RIN,"7,809"
2/3/2020,2020,2019,D6,Separated,Unverified,"160,108,490"
2/3/2020,2020,2020,D3,Assigned,Q-RIN,"131,740"
2/3/2020,2020,2020,D4,Assigned,Q-RIN,"6,789,831"
2/3/2020,2020,2020,D4,Assigned,Unverified,"67,341,895"
2/3/2020,2020,2020,D4,Separated,Q-RIN,"4,760,687"
2/3/2020,2020,2020,D4,Separated,Unverified,"19,342,101"
2/3/2020,2020,2020,D5,Assigned,Q-RIN,"16,319"
2/3/2020,2020,2020,D5,Assigned,Unverified,"500,624"
2/3/2020,2020,2020,D5,Separated,Unverified,"53,475"
2/3/2020,2020,2020,D6,Assigned,Q-RIN,"20,391,389"
2/3/2020,2020,2020,D6,Assigned,Unverified,"442,109,968"
2/3/2020,2020,2020,D6,Separated,Q-RIN,"3,238"
2/3/2020,2020,2020,D6,Separated,Unverified,"133,414,117"
2/10/2020,2020,2018,D3,Assigned,Unverified,"55,068"
2/10/2020,2020,2018,D3,Separated,Unverified,"55,068"
2/10/2020,2020,2018,D4,Assigned,Q-RIN,"56,098"
2/10/2020,2020,2018,D4,Assigned,Unverified,"13,651"
2/10/2020,2020,2018,D4,Separated,Q-RIN,"7,862,016"
2/10/2020,2020,2018,D4,Separated,Unverified,"32,503,344"
2/10/2020,2020,2018,D6,Separated,Unverified,"34,973,888"
2/10/2020,2020,2019,D3,Assigned,Q-RIN,"577,891"
2/10/2020,2020,2019,D3,Assigned,Unverified,"149,627"
2/10/2020,2020,2019,D3,Separated,Q-RIN,"6,931,780"
2/10/2020,2020,2019,D3,Separated,Unverified,"149,627"
2/10/2020,2020,2019,D4,Assigned,Q-RIN,"277,659"
2/10/2020,2020,2019,D4,Assigned,Unverified,"3,180,620"
2/10/2020,2020,2019,D4,Separated,Q-RIN,"6,128,183"
2/10/2020,2020,2019,D4,Separated,Unverified,"69,647,242"
2/10/2020,2020,2019,D6,Assigned,Unverified,"7,918,678"
2/10/2020,2020,2019,D6,Separated,Unverified,"308,821,063"
2/10/2020,2020,2020,D3,Assigned,Q-RIN,"19,754"
2/10/2020,2020,2020,D3,Separated,Q-RIN,"587,733"
2/10/2020,2020,2020,D3,Separated,Unverified,"644,093"
2/10/2020,2020,2020,D4,Assigned,Q-RIN,"7,581,745"
2/10/2020,2020,2020,D4,Assigned,Unverified,"71,000,801"
2/10/2020,2020,2020,D4,Separated,Q-RIN,"12,497,705"
2/10/2020,2020,2020,D4,Separated,Unverified,"12,503,284"
2/10/2020,2020,2020,D5,Assigned,Unverified,"2,268,686"
2/10/2020,2020,2020,D5,Separated,Q-RIN,"285,812"
2/10/2020,2020,2020,D5,Separated,Unverified,"2,130,000"
2/10/2020,2020,2020,D6,Assigned,Q-RIN,"22,243,357"
2/10/2020,2020,2020,D6,Assigned,Unverified,"441,989,597"
2/10/2020,2020,2020,D6,Separated,Q-RIN,"3,790"
2/10/2020,2020,2020,D6,Separated,Unverified,"130,873,912"
2/17/2020,2020,2018,D3,Separated,Q-RIN,"1,900,000"
2/17/2020,2020,2018,D3,Separated,Unverified,111
2/17/2020,2020,2018,D4,Assigned,Q-RIN,"18,647"
2/17/2020,2020,2018,D4,Assigned,Unverified,"84,586"
2/17/2020,2020,2018,D4,Separated,Unverified,"18,969,804"
2/17/2020,2020,2018,D6,Separated,Unverified,"37,229,584"
2/17/2020,2020,2019,D3,Separated,Q-RIN,"12,861,255"
2/17/2020,2020,2019,D3,Separated,Unverified,"129,502"
2/17/2020,2020,2019,D4,Assigned,Q-RIN,"98,129"
2/17/2020,2020,2019,D4,Assigned,Unverified,"5,114,277"
2/17/2020,2020,2019,D4,Separated,Q-RIN,"9,569,822"
2/17/2020,2020,2019,D4,Separated,Unverified,"59,767,859"
2/17/2020,2020,2019,D5,Separated,Unverified,"282,933"
2/17/2020,2020,2019,D6,Assigned,Unverified,"4,023,362"
2/17/2020,2020,2019,D6,Separated,Q-RIN,"32,172"
2/17/2020,2020,2019,D6,Separated,Unverified,"177,693,067"
2/17/2020,2020,2020,D3,Assigned,Q-RIN,"27,651"
2/17/2020,2020,2020,D3,Separated,Q-RIN,"545,318"
2/17/2020,2020,2020,D4,Assigned,Q-RIN,"6,190,102"
2/17/2020,2020,2020,D4,Assigned,Unverified,"57,592,091"
2/17/2020,2020,2020,D4,Separated,Q-RIN,"7,769,758"
2/17/2020,2020,2020,D4,Separated,Unverified,"29,783,102"
2/17/2020,2020,2020,D5,Assigned,Q-RIN,"16,227"
2/17/2020,2020,2020,D5,Assigned,Unverified,"437,889"
2/17/2020,2020,2020,D5,Separated,Q-RIN,"7,985"
2/17/2020,2020,2020,D5,Separated,Unverified,"40,602"
2/17/2020,2020,2020,D6,Assigned,Q-RIN,"18,675,014"
2/17/2020,2020,2020,D6,Assigned,Unverified,"509,336,796"
2/17/2020,2020,2020,D6,Separated,Unverified,"172,910,866"
2/24/2020,2020,2018,D3,Separated,Q-RIN,"1,045,000"
2/24/2020,2020,2018,D4,Separated,Q-RIN,"753,840"
2/24/2020,2020,2018,D4,Separated,Unverified,"17,760,810"
2/24/2020,2020,2018,D6,Separated,Unverified,"33,431,950"
2/24/2020,2020,2019,D3,Assigned,Q-RIN,"335,791"
2/24/2020,2020,2019,D3,Separated,Q-RIN,"10,721,447"
2/24/2020,2020,2019,D4,Assigned,Q-RIN,"211,252"
2/24/2020,2020,2019,D4,Assigned,Unverified,"2,574,187"
2/24/2020,2020,2019,D4,Separated,Q-RIN,"8,557,750"
2/24/2020,2020,2019,D4,Separated,Unverified,"158,867,792"
2/24/2020,2020,2019,D5,Separated,Unverified,"7,031,683"
2/24/2020,2020,2019,D6,Assigned,Unverified,"236,898"
2/24/2020,2020,2019,D6,Separated,Q-RIN,"508,661"
2/24/2020,2020,2019,D6,Separated,Unverified,"171,163,046"
2/24/2020,2020,2020,D3,Assigned,Q-RIN,"8,869"
2/24/2020,2020,2020,D3,Separated,Q-RIN,"19,571,377"
2/24/2020,2020,2020,D4,Assigned,Q-RIN,"8,979,784"
2/24/2020,2020,2020,D4,Assigned,Unverified,"71,181,065"
2/24/2020,2020,2020,D4,Separated,Q-RIN,"12,042,232"
2/24/2020,2020,2020,D4,Separated,Unverified,"35,916,703"
2/24/2020,2020,2020,D5,Assigned,Q-RIN,"40,240"
2/24/2020,2020,2020,D5,Assigned,Unverified,"4,046,676"
2/24/2020,2020,2020,D5,Separated,Q-RIN,"362,276"
2/24/2020,2020,2020,D5,Separated,Unverified,"1,271,924"
2/24/2020,2020,2020,D6,Assigned,Q-RIN,"21,783,856"
2/24/2020,2020,2020,D6,Assigned,Unverified,"485,339,919"
2/24/2020,2020,2020,D6,Separated,Q-RIN,"7,217"
2/24/2020,2020,2020,D6,Separated,Unverified,"230,648,491"
3/2/2020,2020,2018,D3,Separated,Q-RIN,"121,754"
3/2/2020,2020,2018,D4,Separated,Unverified,"2,764,656"
3/2/2020,2020,2018,D6,Separated,Unverified,"17,609,767"
3/2/2020,2020,2019,D3,Separated,Q-RIN,"11,316,392"
3/2/2020,2020,2019,D3,Separated,Unverified,"1,260,105"
3/2/2020,2020,2019,D4,Assigned,Q-RIN,"22,474"
3/2/2020,2020,2019,D4,Assigned,Unverified,"1,080"
3/2/2020,2020,2019,D4,Separated,Q-RIN,"32,486,104"
3/2/2020,2020,2019,D4,Separated,Unverified,"76,664,188"
3/2/2020,2020,2019,D5,Separated,Q-RIN,"3,000,000"
3/2/2020,2020,2019,D5,Separated,Unverified,"7,586,292"
3/2/2020,2020,2019,D6,Assigned,Unverified,"14,486"
3/2/2020,2020,2019,D6,Separated,Q-RIN,"8,425"
3/2/2020,2020,2019,D6,Separated,Unverified,"121,954,289"
3/2/2020,2020,2020,D3,Assigned,Q-RIN,"109,403"
3/2/2020,2020,2020,D3,Separated,Q-RIN,"10,701,778"
3/2/2020,2020,2020,D4,Assigned,Q-RIN,"5,126,107"
3/2/2020,2020,2020,D4,Assigned,Unverified,"115,175,776"
3/2/2020,2020,2020,D4,Separated,Q-RIN,"9,513,971"
3/2/2020,2020,2020,D4,Separated,Unverified,"44,295,689"
3/2/2020,2020,2020,D5,Assigned,Q-RIN,"31,056"
3/2/2020,2020,2020,D5,Assigned,Unverified,"469,160"
3/2/2020,2020,2020,D5,Separated,Q-RIN,"270,875"
3/2/2020,2020,2020,D5,Separated,Unverified,"2,264,973"
3/2/2020,2020,2020,D6,Assigned,Q-RIN,"21,535,662"
3/2/2020,2020,2020,D6,Assigned,Unverified,"463,346,063"
3/2/2020,2020,2020,D6,Separated,Q-RIN,"19,911"
3/2/2020,2020,2020,D6,Separated,Unverified,"176,055,042"
3/9/2020,2020,2018,D3,Separated,Q-RIN,"95,653"
3/9/2020,2020,2018,D4,Separated,Q-RIN,"1,070,874"
3/9/2020,2020,2018,D4,Separated,Unverified,"3,620,673"
3/9/2020,2020,2018,D5,Separated,Unverified,"8,097"
3/9/2020,2020,2018,D6,Separated,Unverified,"11,882,469"
3/9/2020,2020,2019,D3,Separated,Q-RIN,"5,088,326"
3/9/2020,2020,2019,D4,Assigned,Q-RIN,"3,699,097"
3/9/2020,2020,2019,D4,Separated,Q-RIN,"17,603,006"
3/9/2020,2020,2019,D4,Separated,Unverified,"35,677,237"
3/9/2020,2020,2019,D5,Separated,Unverified,"1,476,020"
3/9/2020,2020,2019,D6,Assigned,Unverified,"15,317"
3/9/2020,2020,2019,D6,Separated,Q-RIN,"8,425"
3/9/2020,2020,2019,D6,Separated,Unverified,"177,812,852"
3/9/2020,2020,2020,D3,Assigned,Q-RIN,"129,641"
3/9/2020,2020,2020,D3,Separated,Q-RIN,"3,996,881"
3/9/2020,2020,2020,D3,Separated,Unverified,"528,637"
3/9/2020,2020,2020,D4,Assigned,Q-RIN,"5,294,330"
3/9/2020,2020,2020,D4,Assigned,Unverified,"100,708,140"
3/9/2020,2020,2020,D4,Separated,Q-RIN,"11,083,882"
3/9/2020,2020,2020,D4,Separated,Unverified,"63,826,417"
3/9/2020,2020,2020,D5,Assigned,Q-RIN,"15,929"
3/9/2020,2020,2020,D5,Assigned,Unverified,"387,590"
3/9/2020,2020,2020,D5,Separated,Q-RIN,"62,966"
3/9/2020,2020,2020,D5,Separated,Unverified,"11,360,207"
3/9/2020,2020,2020,D6,Assigned,Q-RIN,"22,882,050"
3/9/2020,2020,2020,D6,Assigned,Unverified,"457,327,958"
3/9/2020,2020,2020,D6,Separated,Q-RIN,"5,156"
3/9/2020,2020,2020,D6,Separated,Unverified,"231,288,811"
3/16/2020,2020,2018,D3,Separated,Q-RIN,"720,319"
3/16/2020,2020,2018,D3,Separated,Unverified,135
3/16/2020,2020,2018,D4,Assigned,Unverified,"83,091"
3/16/2020,2020,2018,D4,Separated,Q-RIN,"10,471,469"
3/16/2020,2020,2018,D4,Separated,Unverified,"1,220,877"
3/16/2020,2020,2018,D5,Separated,Unverified,"290,000"
3/16/2020,2020,2018,D6,Separated,Q-RIN,"80,906"
3/16/2020,2020,2018,D6,Separated,Unverified,"47,905,247"
3/16/2020,2020,2019,D3,Separated,Q-RIN,"5,326,868"
3/16/2020,2020,2019,D4,Assigned,Q-RIN,"22,250"
3/16/2020,2020,2019,D4,Separated,Q-RIN,"1,433,056"
3/16/2020,2020,2019,D4,Separated,Unverified,"52,440,926"
3/16/2020,2020,2019,D5,Separated,Q-RIN,"297,960"
3/16/2020,2020,2019,D5,Separated,Unverified,"792,248"
3/16/2020,2020,2019,D6,Assigned,Unverified,"57,326"
3/16/2020,2020,2019,D6,Separated,Q-RIN,"80,219,494"
3/16/2020,2020,2019,D6,Separated,Unverified,"251,939,611"
3/16/2020,2020,2020,D3,Assigned,Q-RIN,"19,752"
3/16/2020,2020,2020,D3,Separated,Q-RIN,"4,126,451"
3/16/2020,2020,2020,D4,Assigned,Q-RIN,"8,510,771"
3/16/2020,2020,2020,D4,Assigned,Unverified,"78,962,104"
3/16/2020,2020,2020,D4,Separated,Q-RIN,"11,868,973"
3/16/2020,2020,2020,D4,Separated,Unverified,"24,253,847"
3/16/2020,2020,2020,D5,Assigned,Q-RIN,"15,910"
3/16/2020,2020,2020,D5,Assigned,Unverified,"3,058,820"
3/16/2020,2020,2020,D5,Separated,Q-RIN,"129,907"
3/16/2020,2020,2020,D5,Separated,Unverified,"700,805"
3/16/2020,2020,2020,D6,Assigned,Q-RIN,"23,256,545"
3/16/2020,2020,2020,D6,Assigned,Unverified,"448,456,523"
3/16/2020,2020,2020,D6,Separated,Unverified,"271,264,992"
3/23/2020,2020,2018,D3,Separated,Q-RIN,"5,572,385"
3/23/2020,2020,2018,D3,Separated,Unverified,"60,286"
3/23/2020,2020,2018,D4,Separated,Q-RIN,"3,885,730"
3/23/2020,2020,2018,D4,Separated,Unverified,"32,461,682"
3/23/2020,2020,2018,D5,Separated,Unverified,"1,674,975"
3/23/2020,2020,2018,D6,Separated,Q-RIN,"16,856"
3/23/2020,2020,2018,D6,Separated,Unverified,"86,044,269"
3/23/2020,2020,2019,D3,Separated,Q-RIN,"43,819,783"
3/23/2020,2020,2019,D4,Assigned,Q-RIN,"3,596,623"
3/23/2020,2020,2019,D4,Assigned,Unverified,"19,991,104"
3/23/2020,2020,2019,D4,Separated,Q-RIN,"16,108,160"
3/23/2020,2020,2019,D4,Separated,Unverified,"318,552,755"
3/23/2020,2020,2019,D5,Separated,Q-RIN,"134,997"
3/23/2020,2020,2019,D5,Separated,Unverified,"17,717,312"
3/23/2020,2020,2019,D6,Separated,Q-RIN,"3,500,000"
3/23/2020,2020,2019,D6,Separated,Unverified,"536,046,745"
3/23/2020,2020,2020,D3,Separated,Q-RIN,"25,375,353"
3/23/2020,2020,2020,D4,Assigned,Q-RIN,"13,824,821"
3/23/2020,2020,2020,D4,Assigned,Unverified,"89,625,798"
3/23/2020,2020,2020,D4,Separated,Q-RIN,"9,961,413"
3/23/2020,2020,2020,D4,Separated,Unverified,"22,841,022"
3/23/2020,2020,2020,D5,Assigned,Unverified,"1,093,061"
3/23/2020,2020,2020,D5,Separated,Q-RIN,"129,974"
3/23/2020,2020,2020,D5,Separated,Unverified,"5,103,882"
3/23/2020,2020,2020,D6,Assigned,Q-RIN,"14,185,198"
3/23/2020,2020,2020,D6,Assigned,Unverified,"392,067,925"
3/23/2020,2020,2020,D6,Separated,Q-RIN,"3,000,000"
3/23/2020,2020,2020,D6,Separated,Unverified,"285,154,387"
3/30/2020,2020,2018,D3,Separated,Unverified,"2,161"
3/30/2020,2020,2018,D4,Assigned,Q-RIN,"9,145"
3/30/2020,2020,2018,D4,Separated,Unverified,"305,835"
3/30/2020,2020,2018,D6,Separated,Q-RIN,"39,942"
3/30/2020,2020,2018,D6,Separated,Unverified,"207,064"
3/30/2020,2020,2019,D3,Separated,Q-RIN,"2,316,637"
3/30/2020,2020,2019,D4,Assigned,Q-RIN,"52,112"
3/30/2020,2020,2019,D4,Assigned,Unverified,"1,898,052"
3/30/2020,2020,2019,D4,Separated,Q-RIN,"348,957"
3/30/2020,2020,2019,D4,Separated,Unverified,"16,969,365"
3/30/2020,2020,2019,D5,Separated,Unverified,"868,144"
3/30/2020,2020,2019,D6,Separated,Q-RIN,"608,719"
3/30/2020,2020,2019,D6,Separated,Unverified,"98,228,264"
3/30/2020,2020,2020,D3,Separated,Q-RIN,"25,030,714"
3/30/2020,2020,2020,D4,Assigned,Q-RIN,"10,687,154"
3/30/2020,2020,2020,D4,Assigned,Unverified,"94,410,501"
3/30/2020,2020,2020,D4,Separated,Q-RIN,"10,313,539"
3/30/2020,2020,2020,D4,Separated,Unverified,"77,716,897"
3/30/2020,2020,2020,D5,Assigned,Q-RIN,"8,158"
3/30/2020,2020,2020,D5,Assigned,Unverified,"3,056,435"
3/30/2020,2020,2020,D5,Separated,Q-RIN,"47,516"
3/30/2020,2020,2020,D5,Separated,Unverified,"2,385,435"
3/30/2020,2020,2020,D6,Assigned,Q-RIN,"12,097,616"
3/30/2020,2020,2020,D6,Assigned,Unverified,"293,787,946"
3/30/2020,2020,2020,D6,Separated,Q-RIN,"3,000,000"
3/30/2020,2020,2020,D6,Separated,Unverified,"222,608,890"
4/6/2020,2020,2019,D3,Assigned,Q-RIN,"31,050"
4/6/2020,2020,2019,D3,Separated,Q-RIN,"350,000"
4/6/2020,2020,2019,D4,Assigned,Q-RIN,"10,724"
4/6/2020,2020,2019,D4,Separated,Q-RIN,"176,607"
4/6/2020,2020,2019,D4,Separated,Unverified,"101,965"
4/6/2020,2020,2019,D6,Assigned,Unverified,"15,734"
4/6/2020,2020,2019,D6,Separated,Q-RIN,"1,094,785"
4/6/2020,2020,2019,D6,Separated,Unverified,"91,450,665"
4/6/2020,2020,2020,D3,Separated,Q-RIN,"595,793"
4/6/2020,2020,2020,D4,Assigned,Q-RIN,"8,216,040"
4/6/2020,2020,2020,D4,Assigned,Unverified,"80,022,080"
4/6/2020,2020,2020,D4,Separated,Q-RIN,"13,232,692"
4/6/2020,2020,2020,D4,Separated,Unverified,"77,384,170"
4/6/2020,2020,2020,D5,Assigned,Q-RIN,"8,177"
4/6/2020,2020,2020,D5,Assigned,Unverified,"1,556,399"
4/6/2020,2020,2020,D5,Separated,Unverified,"1,260,000"
4/6/2020,2020,2020,D6,Assigned,Q-RIN,"7,904,639"
4/6/2020,2020,2020,D6,Assigned,Unverified,"261,958,808"
4/6/2020,2020,2020,D6,Separated,Unverified,"150,364,930"
4/13/2020,2020,2019,D3,Assigned,Q-RIN,"100,225"
4/13/2020,2020,2019,D3,Separated,Q-RIN,"324,952"
4/13/2020,2020,2019,D4,Assigned,Q-RIN,"22,198"
4/13/2020,2020,2019,D4,Separated,Q-RIN,"14,931,678"
4/13/2020,2020,2019,D4,Separated,Unverified,"1,174,678"
4/13/2020,2020,2019,D6,Separated,Q-RIN,"16,007,626"
4/13/2020,2020,2019,D6,Separated,Unverified,"314,611,853"
4/13/2020,2020,2020,D3,Separated,Q-RIN,"13,209,413"
4/13/2020,2020,2020,D4,Assigned,Q-RIN,"14,880,241"
4/13/2020,2020,2020,D4,Assigned,Unverified,"111,137,694"
4/13/2020,2020,2020,D4,Separated,Q-RIN,"13,011,298"
4/13/2020,2020,2020,D4,Separated,Unverified,"56,495,898"
4/13/2020,2020,2020,D5,Assigned,Q-RIN,"8,082"
4/13/2020,2020,2020,D5,Assigned,Unverified,"431,323"
4/13/2020,2020,2020,D5,Separated,Q-RIN,"207,000"
4/13/2020,2020,2020,D5,Separated,Unverified,"831,835"
4/13/2020,2020,2020,D6,Assigned,Q-RIN,"7,470,175"
4/13/2020,2020,2020,D6,Assigned,Unverified,"267,639,084"
4/13/2020,2020,2020,D6,Separated,Q-RIN,"19,911"
4/13/2020,2020,2020,D6,Separated,Unverified,"352,615,733"
4/20/2020,2020,2019,D3,Assigned,Q-RIN,"103,895"
4/20/2020,2020,2019,D3,Separated,Q-RIN,"21,630"
4/20/2020,2020,2019,D4,Assigned,Q-RIN,"10,799"
4/20/2020,2020,2019,D4,Separated,Q-RIN,"8,997,073"
4/20/2020,2020,2019,D4,Separated,Unverified,"5,374,250"
4/20/2020,2020,2019,D5,Separated,Q-RIN,10
4/20/2020,2020,2019,D6,Separated,Unverified,"58,762,527"
4/20/2020,2020,2020,D3,Assigned,Unverified,"116,592"
4/20/2020,2020,2020,D3,Separated,Q-RIN,"20,691,703"
4/20/2020,2020,2020,D4,Assigned,Q-RIN,"5,873,132"
4/20/2020,2020,2020,D4,Assigned,Unverified,"114,716,219"
4/20/2020,2020,2020,D4,Separated,Q-RIN,"13,182,346"
4/20/2020,2020,2020,D4,Separated,Unverified,"57,351,696"
4/20/2020,2020,2020,D5,Assigned,Q-RIN,"32,234"
4/20/2020,2020,2020,D5,Assigned,Unverified,"385,544"
4/20/2020,2020,2020,D5,Separated,Q-RIN,"256,372"
4/20/2020,2020,2020,D5,Separated,Unverified,"2,404,979"
4/20/2020,2020,2020,D6,Assigned,Q-RIN,"7,741,883"
4/20/2020,2020,2020,D6,Assigned,Unverified,"277,590,632"
4/20/2020,2020,2020,D6,Separated,Unverified,"238,697,690"
4/27/2020,2020,2019,D3,Separated,Unverified,"1,261"
4/27/2020,2020,2019,D4,Assigned,Q-RIN,"22,273"
4/27/2020,2020,2019,D4,Separated,Q-RIN,"3,000,000"
4/27/2020,2020,2019,D4,Separated,Unverified,"104,085"
4/27/2020,2020,2019,D6,Separated,Unverified,"59,234,714"
4/27/2020,2020,2020,D3,Assigned,Unverified,"86,769"
4/27/2020,2020,2020,D3,Separated,Q-RIN,"22,008,169"
4/27/2020,2020,2020,D3,Separated,Unverified,"20,497"
4/27/2020,2020,2020,D4,Assigned,Q-RIN,"13,429,525"
4/27/2020,2020,2020,D4,Assigned,Unverified,"106,477,471"
4/27/2020,2020,2020,D4,Separated,Q-RIN,"20,671,233"
4/27/2020,2020,2020,D4,Separated,Unverified,"83,366,602"
4/27/2020,2020,2020,D5,Assigned,Q-RIN,"8,036"
4/27/2020,2020,2020,D5,Assigned,Unverified,"2,714,355"
4/27/2020,2020,2020,D5,Separated,Q-RIN,"66,421"
4/27/2020,2020,2020,D5,Separated,Unverified,"225,000"
4/27/2020,2020,2020,D6,Assigned,Q-RIN,"8,960,343"
4/27/2020,2020,2020,D6,Assigned,Unverified,"314,776,970"
4/27/2020,2020,2020,D6,Separated,Q-RIN,"500,000"
4/27/2020,2020,2020,D6,Separated,Unverified,"214,195,791"
5/4/2020,2020,2019,D3,Separated,Q-RIN,"250,000"
5/4/2020,2020,2019,D3,Separated,Unverified,"105,392"
5/4/2020,2020,2019,D4,Assigned,Q-RIN,"11,099"
5/4/2020,2020,2019,D4,Separated,Q-RIN,"10,290"
5/4/2020,2020,2019,D4,Separated,Unverified,"2,524,986"
5/4/2020,2020,2019,D6,Separated,Unverified,"30,551,836"
5/4/2020,2020,2020,D3,Assigned,Unverified,"112,579"
5/4/2020,2020,2020,D3,Separated,Q-RIN,"7,805,808"
5/4/2020,2020,2020,D3,Separated,Unverified,"10,190"
5/4/2020,2020,2020,D4,Assigned,Q-RIN,"7,179,633"
5/4/2020,2020,2020,D4,Assigned,Unverified,"93,793,982"
5/4/2020,2020,2020,D4,Separated,Q-RIN,"15,709,070"
5/4/2020,2020,2020,D4,Separated,Unverified,"87,055,648"
5/4/2020,2020,2020,D5,Assigned,Q-RIN,"8,063"
5/4/2020,2020,2020,D5,Assigned,Unverified,"4,675,763"
5/4/2020,2020,2020,D5,Separated,Q-RIN,"66,421"
5/4/2020,2020,2020,D5,Separated,Unverified,"913,824"
5/4/2020,2020,2020,D6,Assigned,Q-RIN,"10,637,372"
5/4/2020,2020,2020,D6,Assigned,Unverified,"345,093,208"
5/4/2020,2020,2020,D6,Separated,Unverified,"146,172,223"
5/11/2020,2020,2019,D4,Assigned,Q-RIN,"22,198"
5/11/2020,2020,2019,D4,Separated,Q-RIN,"58,474"
5/11/2020,2020,2019,D4,Separated,Unverified,"1,367,288"
5/11/2020,2020,2019,D6,Separated,Unverified,"28,568,024"
5/11/2020,2020,2020,D3,Separated,Q-RIN,"12,516,490"
5/11/2020,2020,2020,D4,Assigned,Q-RIN,"8,291,580"
5/11/2020,2020,2020,D4,Assigned,Unverified,"121,108,935"
5/11/2020,2020,2020,D4,Separated,Q-RIN,"11,219,431"
5/11/2020,2020,2020,D4,Separated,Unverified,"84,634,181"
5/11/2020,2020,2020,D5,Assigned,Q-RIN,"16,220"
5/11/2020,2020,2020,D5,Assigned,Unverified,"4,645,418"
5/11/2020,2020,2020,D5,Separated,Q-RIN,"306,533"
5/11/2020,2020,2020,D5,Separated,Unverified,"9,612,000"
5/11/2020,2020,2020,D6,Assigned,Q-RIN,"12,420,057"
5/11/2020,2020,2020,D6,Assigned,Unverified,"346,614,910"
5/11/2020,2020,2020,D6,Separated,Unverified,"198,489,780"
5/18/2020,2020,2019,D3,Separated,Q-RIN,"2,000,000"
5/18/2020,2020,2019,D4,Assigned,Unverified,"2,931,107"
5/18/2020,2020,2019,D4,Separated,Unverified,"1,547,714"
5/18/2020,2020,2019,D6,Separated,Unverified,"19,733,075"
5/18/2020,2020,2020,D3,Separated,Q-RIN,"22,165,930"
5/18/2020,2020,2020,D4,Assigned,Q-RIN,"10,696,611"
5/18/2020,2020,2020,D4,Assigned,Unverified,"94,485,067"
5/18/2020,2020,2020,D4,Separated,Q-RIN,"17,372,073"
5/18/2020,2020,2020,D4,Separated,Unverified,"65,373,827"
5/18/2020,2020,2020,D5,Assigned,Unverified,"464,148"
5/18/2020,2020,2020,D5,Separated,Q-RIN,"4,000,000"
5/18/2020,2020,2020,D5,Separated,Unverified,"331,386"
5/18/2020,2020,2020,D6,Assigned,Q-RIN,"9,288,342"
5/18/2020,2020,2020,D6,Assigned,Unverified,"371,726,989"
5/18/2020,2020,2020,D6,Separated,Unverified,"218,224,055"
5/25/2020,2020,2019,D3,Separated,Unverified,"126,156"
5/25/2020,2020,2019,D4,Assigned,Unverified,"256,557"
5/25/2020,2020,2019,D4,Separated,Q-RIN,"603,132"
5/25/2020,2020,2019,D4,Separated,Unverified,"720,403"
5/25/2020,2020,2019,D6,Assigned,Unverified,"2,873,524"
5/25/2020,2020,2019,D6,Separated,Unverified,"39,725,607"
5/25/2020,2020,2020,D3,Assigned,Unverified,"153,703"
5/25/2020,2020,2020,D3,Separated,Q-RIN,"18,746,337"
5/25/2020,2020,2020,D3,Separated,Unverified,"241,927"
5/25/2020,2020,2020,D4,Assigned,Q-RIN,"9,807,725"
5/25/2020,2020,2020,D4,Assigned,Unverified,"80,371,878"
5/25/2020,2020,2020,D4,Separated,Q-RIN,"14,525,147"
5/25/2020,2020,2020,D4,Separated,Unverified,"42,320,420"
5/25/2020,2020,2020,D5,Assigned,Unverified,"2,941,715"
5/25/2020,2020,2020,D5,Separated,Q-RIN,"471,728"
5/25/2020,2020,2020,D5,Separated,Unverified,"1,750,000"
5/25/2020,2020,2020,D6,Assigned,Q-RIN,"11,239,265"
5/25/2020,2020,2020,D6,Assigned,Unverified,"388,855,540"
5/25/2020,2020,2020,D6,Separated,Unverified,"195,417,077"
6/1/2020,2020,2018,D6,Separated,Unverified,"103,681"
6/1/2020,2020,2019,D4,Separated,Unverified,"1,152,150"
6/1/2020,2020,2019,D6,Assigned,Unverified,"10,274"
6/1/2020,2020,2019,D6,Separated,Unverified,"32,662,106"
6/1/2020,2020,2020,D3,Separated,Q-RIN,"9,084,065"
6/1/2020,2020,2020,D4,Assigned,Q-RIN,"15,748,210"
6/1/2020,2020,2020,D4,Assigned,Unverified,"84,294,665"
6/1/2020,2020,2020,D4,Separated,Q-RIN,"22,983,151"
6/1/2020,2020,2020,D4,Separated,Unverified,"40,267,894"
6/1/2020,2020,2020,D5,Assigned,Q-RIN,"15,924"
6/1/2020,2020,2020,D5,Assigned,Unverified,"324,891"
6/1/2020,2020,2020,D6,Assigned,Q-RIN,"17,768,113"
6/1/2020,2020,2020,D6,Assigned,Unverified,"403,502,539"
6/1/2020,2020,2020,D6,Separated,Unverified,"183,411,741"
6/8/2020,2020,2019,D3,Separated,Q-RIN,834
6/8/2020,2020,2019,D4,Assigned,Unverified,"81,938"
6/8/2020,2020,2019,D4,Separated,Unverified,"2,379,867"
6/8/2020,2020,2019,D6,Assigned,Unverified,"33,973"
6/8/2020,2020,2019,D6,Separated,Q-RIN,"16,000,000"
6/8/2020,2020,2019,D6,Separated,Unverified,"33,545,047"
6/8/2020,2020,2020,D3,Separated,Q-RIN,"8,041,753"
6/8/2020,2020,2020,D3,Separated,Unverified,"99,380"
6/8/2020,2020,2020,D4,Assigned,Q-RIN,"8,167,006"
6/8/2020,2020,2020,D4,Assigned,Unverified,"84,782,232"
6/8/2020,2020,2020,D4,Separated,Q-RIN,"25,266,511"
6/8/2020,2020,2020,D4,Separated,Unverified,"60,638,544"
6/8/2020,2020,2020,D5,Assigned,Unverified,"6,626,826"
6/8/2020,2020,2020,D5,Separated,Q-RIN,"52,222"
6/8/2020,2020,2020,D5,Separated,Unverified,"6,238,766"
6/8/2020,2020,2020,D6,Assigned,Q-RIN,"14,487,005"
6/8/2020,2020,2020,D6,Assigned,Unverified,"446,238,250"
6/8/2020,2020,2020,D6,Separated,Unverified,"214,232,308"
6/15/2020,2020,2019,D3,Separated,Q-RIN,"1,493,913"
6/15/2020,2020,2019,D3,Separated,Unverified,"311,311"
6/15/2020,2020,2019,D4,Separated,Q-RIN,"2,000,000"
6/15/2020,2020,2019,D4,Separated,Unverified,"6,418,778"
6/15/2020,2020,2019,D5,Separated,Unverified,"122,124"
6/15/2020,2020,2019,D6,Assigned,Unverified,"335,122"
6/15/2020,2020,2019,D6,Separated,Unverified,"58,064,740"
6/15/2020,2020,2020,D3,Separated,Q-RIN,"18,626,704"
6/15/2020,2020,2020,D4,Assigned,Q-RIN,"15,587,042"
6/15/2020,2020,2020,D4,Assigned,Unverified,"133,442,177"
6/15/2020,2020,2020,D4,Separated,Q-RIN,"22,072,856"
6/15/2020,2020,2020,D4,Separated,Unverified,"258,309,209"
6/15/2020,2020,2020,D5,Assigned,Q-RIN,"7,943"
6/15/2020,2020,2020,D5,Assigned,Unverified,"467,206"
6/15/2020,2020,2020,D5,Separated,Q-RIN,"10,101,486"
6/15/2020,2020,2020,D5,Separated,Unverified,"980,861"
6/15/2020,2020,2020,D6,Assigned,Q-RIN,"13,213,175"
6/15/2020,2020,2020,D6,Assigned,Unverified,"429,210,460"
6/15/2020,2020,2020,D6,Separated,Unverified,"354,807,137"
6/22/2020,2020,2019,D3,Separated,Q-RIN,"215,920"
6/22/2020,2020,2019,D4,Separated,Q-RIN,"410,086"
6/22/2020,2020,2019,D4,Separated,Unverified,"7,677,425"
6/22/2020,2020,2019,D6,Assigned,Unverified,"33,851"
6/22/2020,2020,2019,D6,Separated,Q-RIN,"1,182,590"
6/22/2020,2020,2019,D6,Separated,Unverified,"17,403,506"
6/22/2020,2020,2020,D3,Assigned,Q-RIN,"72,085"
6/22/2020,2020,2020,D3,Assigned,Unverified,"57,226"
6/22/2020,2020,2020,D3,Separated,Q-RIN,"33,672,967"
6/22/2020,2020,2020,D4,Assigned,Q-RIN,"20,957,338"
6/22/2020,2020,2020,D4,Assigned,Unverified,"161,393,416"
6/22/2020,2020,2020,D4,Separated,Q-RIN,"30,734,351"
6/22/2020,2020,2020,D4,Separated,Unverified,"128,815,500"
6/22/2020,2020,2020,D5,Assigned,Q-RIN,"8,039"
6/22/2020,2020,2020,D5,Assigned,Unverified,"518,542"
6/22/2020,2020,2020,D5,Separated,Q-RIN,"2,112,249"
6/22/2020,2020,2020,D5,Separated,Unverified,"1,558,320"
6/22/2020,2020,2020,D6,Assigned,Q-RIN,"12,972,741"
6/22/2020,2020,2020,D6,Assigned,Unverified,"454,719,171"
6/22/2020,2020,2020,D6,Separated,Q-RIN,"28,000"
6/22/2020,2020,2020,D6,Separated,Unverified,"259,306,392"
6/29/2020,2020,2019,D3,Separated,Q-RIN,"2,000,000"
6/29/2020,2020,2019,D4,Separated,Q-RIN,"2,000,000"
6/29/2020,2020,2019,D4,Separated,Unverified,"1,675,379"
6/29/2020,2020,2019,D5,Separated,Unverified,"50,000"
6/29/2020,2020,2019,D6,Assigned,Unverified,"15,886"
6/29/2020,2020,2019,D6,Separated,Unverified,"34,251,496"
6/29/2020,2020,2020,D3,Separated,Q-RIN,"21,878,638"
6/29/2020,2020,2020,D3,Separated,Unverified,"11,173"
6/29/2020,2020,2020,D4,Assigned,Q-RIN,"9,440,691"
6/29/2020,2020,2020,D4,Assigned,Unverified,"80,282,824"
6/29/2020,2020,2020,D4,Separated,Q-RIN,"30,124,611"
6/29/2020,2020,2020,D4,Separated,Unverified,"175,544,738"
6/29/2020,2020,2020,D5,Assigned,Q-RIN,"7,906"
6/29/2020,2020,2020,D5,Assigned,Unverified,"2,691,146"
6/29/2020,2020,2020,D5,Separated,Unverified,"833,077"
6/29/2020,2020,2020,D6,Assigned,Q-RIN,"10,688,240"
6/29/2020,2020,2020,D6,Assigned,Unverified,"435,813,891"
6/29/2020,2020,2020,D6,Separated,Q-RIN,"28,000"
6/29/2020,2020,2020,D6,Separated,Unverified,"312,064,889"
7/6/2020,2020,2019,D3,Separated,Q-RIN,"1,077,559"
7/6/2020,2020,2019,D4,Assigned,Unverified,"74,968"
7/6/2020,2020,2019,D4,Separated,Q-RIN,"294,484"
7/6/2020,2020,2019,D4,Separated,Unverified,"96,518"
7/6/2020,2020,2019,D5,Separated,Unverified,"50,000"
7/6/2020,2020,2019,D6,Separated,Unverified,"69,302,851"
7/6/2020,2020,2020,D3,Separated,Q-RIN,"7,066,726"
7/6/2020,2020,2020,D4,Assigned,Q-RIN,"13,657,249"
7/6/2020,2020,2020,D4,Assigned,Unverified,"89,781,531"
7/6/2020,2020,2020,D4,Separated,Q-RIN,"29,073,101"
7/6/2020,2020,2020,D4,Separated,Unverified,"45,094,582"
7/6/2020,2020,2020,D5,Assigned,Q-RIN,"7,907"
7/6/2020,2020,2020,D5,Assigned,Unverified,"404,687"
7/6/2020,2020,2020,D5,Separated,Unverified,"834,421"
7/6/2020,2020,2020,D6,Assigned,Q-RIN,"14,418,130"
7/6/2020,2020,2020,D6,Assigned,Unverified,"491,815,345"
7/6/2020,2020,2020,D6,Separated,Unverified,"268,232,391"
7/13/2020,2020,2019,D4,Separated,Q-RIN,"60,926"
7/13/2020,2020,2019,D4,Separated,Unverified,"3,239,669"
7/13/2020,2020,2019,D6,Separated,Q-RIN,"2,000,000"
7/13/2020,2020,2019,D6,Separated,Unverified,"27,468,850"
7/13/2020,2020,2020,D3,Separated,Q-RIN,"16,729,717"
7/13/2020,2020,2020,D3,Separated,Unverified,"10,000"
7/13/2020,2020,2020,D4,Assigned,Q-RIN,"13,843,653"
7/13/2020,2020,2020,D4,Assigned,Unverified,"91,795,590"
7/13/2020,2020,2020,D4,Separated,Q-RIN,"12,155,203"
7/13/2020,2020,2020,D4,Separated,Unverified,"131,423,106"
7/13/2020,2020,2020,D5,Assigned,Unverified,"400,900"
7/13/2020,2020,2020,D5,Separated,Q-RIN,"3,023,439"
7/13/2020,2020,2020,D5,Separated,Unverified,"3,063,672"
7/13/2020,2020,2020,D6,Assigned,Q-RIN,"14,479,860"
7/13/2020,2020,2020,D6,Assigned,Unverified,"453,629,253"
7/13/2020,2020,2020,D6,Separated,Q-RIN,"18,200"
7/13/2020,2020,2020,D6,Separated,Unverified,"309,665,796"
7/20/2020,2020,2019,D4,Assigned,Q-RIN,293
7/20/2020,2020,2019,D4,Assigned,Unverified,"1,084,100"
7/20/2020,2020,2019,D4,Separated,Unverified,"5,800,000"
7/20/2020,2020,2019,D5,Separated,Q-RIN,"66,130"
7/20/2020,2020,2019,D6,Assigned,Unverified,"138,204"
7/20/2020,2020,2019,D6,Separated,Q-RIN,"1,000,000"
7/20/2020,2020,2019,D6,Separated,Unverified,"19,304,676"
7/20/2020,2020,2020,D3,Assigned,Unverified,"227,753"
7/20/2020,2020,2020,D3,Separated,Q-RIN,"14,935,355"
7/20/2020,2020,2020,D4,Assigned,Q-RIN,"16,542,858"
7/20/2020,2020,2020,D4,Assigned,Unverified,"98,138,723"
7/20/2020,2020,2020,D4,Separated,Q-RIN,"33,559,400"
7/20/2020,2020,2020,D4,Separated,Unverified,"127,770,773"
7/20/2020,2020,2020,D5,Assigned,Unverified,"448,026"
7/20/2020,2020,2020,D5,Separated,Q-RIN,"120,000"
7/20/2020,2020,2020,D5,Separated,Unverified,"2,124,297"
7/20/2020,2020,2020,D6,Assigned,Q-RIN,"13,558,155"
7/20/2020,2020,2020,D6,Assigned,Unverified,"455,189,025"
7/20/2020,2020,2020,D6,Separated,Unverified,"246,790,068"
7/27/2020,2020,2019,D3,Separated,Q-RIN,"10,854"
7/27/2020,2020,2019,D4,Separated,Q-RIN,"27,267"
7/27/2020,2020,2019,D4,Separated,Unverified,"68,514"
7/27/2020,2020,2019,D6,Separated,Q-RIN,"1,590,884"
7/27/2020,2020,2019,D6,Separated,Unverified,"16,423,761"
7/27/2020,2020,2020,D3,Separated,Q-RIN,"34,696,730"
7/27/2020,2020,2020,D3,Separated,Unverified,"1,990,030"
7/27/2020,2020,2020,D4,Assigned,Q-RIN,"19,927,373"
7/27/2020,2020,2020,D4,Assigned,Unverified,"115,885,106"
7/27/2020,2020,2020,D4,Separated,Q-RIN,"26,469,153"
7/27/2020,2020,2020,D4,Separated,Unverified,"102,863,863"
7/27/2020,2020,2020,D5,Assigned,Unverified,"2,872,972"
7/27/2020,2020,2020,D5,Separated,Unverified,"740,639"
7/27/2020,2020,2020,D6,Assigned,Q-RIN,"14,305,963"
7/27/2020,2020,2020,D6,Assigned,Unverified,"478,225,458"
7/27/2020,2020,2020,D6,Separated,Unverified,"296,946,367"
8/3/2020,2020,2019,D3,Separated,Unverified,"98,366"
8/3/2020,2020,2019,D4,Separated,Unverified,"282,402"
8/3/2020,2020,2019,D6,Separated,Unverified,"7,500,000"
8/3/2020,2020,2020,D3,Assigned,Unverified,"86,696"
8/3/2020,2020,2020,D3,Separated,Q-RIN,"9,576,728"
8/3/2020,2020,2020,D3,Separated,Unverified,"142,664"
8/3/2020,2020,2020,D4,Assigned,Q-RIN,"13,514,539"
8/3/2020,2020,2020,D4,Assigned,Unverified,"119,625,132"
8/3/2020,2020,2020,D4,Separated,Q-RIN,"19,884,216"
8/3/2020,2020,2020,D4,Separated,Unverified,"82,013,601"
8/3/2020,2020,2020,D5,Assigned,Unverified,"327,758"
8/3/2020,2020,2020,D5,Separated,Unverified,"5,855,163"
8/3/2020,2020,2020,D6,Assigned,Q-RIN,"14,202,865"
8/3/2020,2020,2020,D6,Assigned,Unverified,"438,097,544"
8/3/2020,2020,2020,D6,Separated,Unverified,"234,325,938"
8/10/2020,2020,2019,D4,Separated,Unverified,"1,028,926"
8/10/2020,2020,2019,D5,Assigned,Unverified,"83,966"
8/10/2020,2020,2019,D6,Separated,Unverified,"9,185,472"
8/10/2020,2020,2020,D3,Assigned,Unverified,"115,403"
8/10/2020,2020,2020,D3,Separated,Q-RIN,"2,638,605"
8/10/2020,2020,2020,D3,Separated,Unverified,"28,722"
8/10/2020,2020,2020,D4,Assigned,Q-RIN,"15,097,519"
8/10/2020,2020,2020,D4,Assigned,Unverified,"88,765,731"
8/10/2020,2020,2020,D4,Separated,Q-RIN,"30,813,850"
8/10/2020,2020,2020,D4,Separated,Unverified,"89,404,159"
8/10/2020,2020,2020,D5,Assigned,Unverified,"459,730"
8/10/2020,2020,2020,D5,Separated,Q-RIN,"11,021"
8/10/2020,2020,2020,D5,Separated,Unverified,"5,526,573"
8/10/2020,2020,2020,D6,Assigned,Q-RIN,"14,159,067"
8/10/2020,2020,2020,D6,Assigned,Unverified,"442,592,640"
8/10/2020,2020,2020,D6,Separated,Unverified,"204,936,001"
8/17/2020,2020,2019,D4,Separated,Q-RIN,"289,367"
8/17/2020,2020,2019,D4,Separated,Unverified,"2,000,000"
8/17/2020,2020,2019,D5,Assigned,Unverified,"59,701"
8/17/2020,2020,2019,D6,Assigned,Unverified,"16,712"
8/17/2020,2020,2019,D6,Separated,Unverified,"14,168,584"
8/17/2020,2020,2020,D3,Assigned,Unverified,"57,058"
8/17/2020,2020,2020,D3,Separated,Q-RIN,"10,886,420"
8/17/2020,2020,2020,D3,Separated,Unverified,"314,557"
8/17/2020,2020,2020,D4,Assigned,Q-RIN,"16,374,514"
8/17/2020,2020,2020,D4,Assigned,Unverified,"104,834,112"
8/17/2020,2020,2020,D4,Separated,Q-RIN,"20,004,021"
8/17/2020,2020,2020,D4,Separated,Unverified,"109,676,276"
8/17/2020,2020,2020,D5,Assigned,Q-RIN,"23,667"
8/17/2020,2020,2020,D5,Assigned,Unverified,"393,872"
8/17/2020,2020,2020,D5,Separated,Q-RIN,"3,000,000"
8/17/2020,2020,2020,D5,Separated,Unverified,"2,450,000"
8/17/2020,2020,2020,D6,Assigned,Q-RIN,"13,462,597"
8/17/2020,2020,2020,D6,Assigned,Unverified,"430,587,251"
8/17/2020,2020,2020,D6,Separated,Unverified,"306,431,232"
8/24/2020,2020,2019,D4,Separated,Q-RIN,"47,931"
8/24/2020,2020,2019,D4,Separated,Unverified,"6,352,996"
8/24/2020,2020,2019,D5,Assigned,Unverified,"72,133"
8/24/2020,2020,2019,D6,Separated,Q-RIN,"84,000"
8/24/2020,2020,2019,D6,Separated,Unverified,"17,803,150"
8/24/2020,2020,2020,D3,Assigned,Unverified,"56,942"
8/24/2020,2020,2020,D3,Separated,Q-RIN,"24,481,469"
8/24/2020,2020,2020,D4,Assigned,Q-RIN,"11,640,976"
8/24/2020,2020,2020,D4,Assigned,Unverified,"109,482,857"
8/24/2020,2020,2020,D4,Separated,Q-RIN,"8,406,781"
8/24/2020,2020,2020,D4,Separated,Unverified,"100,975,338"
8/24/2020,2020,2020,D5,Assigned,Unverified,"523,802"
8/24/2020,2020,2020,D5,Separated,Unverified,"3,767,089"
8/24/2020,2020,2020,D6,Assigned,Q-RIN,"10,702,214"
8/24/2020,2020,2020,D6,Assigned,Unverified,"427,284,203"
8/24/2020,2020,2020,D6,Separated,Unverified,"312,906,528"
8/31/2020,2020,2019,D3,Separated,Q-RIN,"90,108"
8/31/2020,2020,2019,D3,Separated,Unverified,"31,692"
8/31/2020,2020,2019,D4,Assigned,Unverified,"1,002"
8/31/2020,2020,2019,D4,Separated,Q-RIN,"2,000,000"
8/31/2020,2020,2019,D4,Separated,Unverified,"3,231,313"
8/31/2020,2020,2019,D5,Assigned,Unverified,"71,985"
8/31/2020,2020,2019,D6,Assigned,Unverified,"407,079"
8/31/2020,2020,2019,D6,Separated,Q-RIN,"90,884"
8/31/2020,2020,2019,D6,Separated,Unverified,"28,967,637"
8/31/2020,2020,2020,D3,Separated,Q-RIN,"23,479,174"
8/31/2020,2020,2020,D3,Separated,Unverified,"56,942"
8/31/2020,2020,2020,D4,Assigned,Q-RIN,"15,296,545"
8/31/2020,2020,2020,D4,Assigned,Unverified,"78,184,133"
8/31/2020,2020,2020,D4,Separated,Q-RIN,"28,307,722"
8/31/2020,2020,2020,D4,Separated,Unverified,"103,566,623"
8/31/2020,2020,2020,D5,Assigned,Q-RIN,"15,763"
8/31/2020,2020,2020,D5,Assigned,Unverified,"2,793,534"
8/31/2020,2020,2020,D5,Separated,Q-RIN,"108,000"
8/31/2020,2020,2020,D5,Separated,Unverified,"18,500,000"
8/31/2020,2020,2020,D6,Assigned,Q-RIN,"12,380,164"
8/31/2020,2020,2020,D6,Assigned,Unverified,"481,068,893"
8/31/2020,2020,2020,D6,Separated,Unverified,"378,909,426"
9/7/2020,2020,2019,D5,Assigned,Unverified,"30,229"
9/7/2020,2020,2019,D5,Separated,Q-RIN,"26,092"
9/7/2020,2020,2019,D6,Assigned,Unverified,"407,079"
9/7/2020,2020,2019,D6,Separated,Unverified,"50,543,225"
9/7/2020,2020,2020,D3,Separated,Q-RIN,"12,489,351"
9/7/2020,2020,2020,D3,Separated,Unverified,"100,176"
9/7/2020,2020,2020,D4,Assigned,Q-RIN,"12,892,804"
9/7/2020,2020,2020,D4,Assigned,Unverified,"92,865,224"
9/7/2020,2020,2020,D4,Separated,Q-RIN,"13,409,820"
9/7/2020,2020,2020,D4,Separated,Unverified,"114,669,809"
9/7/2020,2020,2020,D5,Assigned,Q-RIN,"7,941"
9/7/2020,2020,2020,D5,Assigned,Unverified,"407,628"
9/7/2020,2020,2020,D5,Separated,Q-RIN,"107,730"
9/7/2020,2020,2020,D5,Separated,Unverified,"6,876,245"
9/7/2020,2020,2020,D6,Assigned,Q-RIN,"13,327,275"
9/7/2020,2020,2020,D6,Assigned,Unverified,"425,723,560"
9/7/2020,2020,2020,D6,Separated,Unverified,"243,254,791"
9/14/2020,2020,2019,D3,Separated,Q-RIN,"874,651"
9/14/2020,2020,2019,D4,Assigned,Unverified,"9,924"
9/14/2020,2020,2019,D4,Separated,Unverified,"40,500,000"
9/14/2020,2020,2019,D6,Separated,Unverified,"45,967,979"
9/14/2020,2020,2020,D3,Separated,Q-RIN,"31,773,586"
9/14/2020,2020,2020,D4,Assigned,Q-RIN,"12,514,557"
9/14/2020,2020,2020,D4,Assigned,Unverified,"90,539,235"
9/14/2020,2020,2020,D4,Separated,Q-RIN,"31,469,471"
9/14/2020,2020,2020,D4,Separated,Unverified,"111,362,807"
9/14/2020,2020,2020,D5,Assigned,Q-RIN,"7,977"
9/14/2020,2020,2020,D5,Assigned,Unverified,"2,158,425"
9/14/2020,2020,2020,D5,Separated,Q-RIN,"13,277,274"
9/14/2020,2020,2020,D5,Separated,Unverified,"12,907,523"
9/14/2020,2020,2020,D6,Assigned,Q-RIN,"16,995,294"
9/14/2020,2020,2020,D6,Assigned,Unverified,"463,685,574"
9/14/2020,2020,2020,D6,Separated,Unverified,"458,281,904"
9/21/2020,2020,2019,D3,Separated,Q-RIN,"427,188"
9/21/2020,2020,2019,D4,Separated,Q-RIN,"194,412"
9/21/2020,2020,2019,D4,Separated,Unverified,"3,872,213"
9/21/2020,2020,2019,D6,Separated,Q-RIN,"2,018,286"
9/21/2020,2020,2019,D6,Separated,Unverified,"66,691,533"
9/21/2020,2020,2020,D3,Assigned,Q-RIN,"114,746"
9/21/2020,2020,2020,D3,Separated,Q-RIN,"33,460,365"
9/21/2020,2020,2020,D3,Separated,Unverified,"11,455"
9/21/2020,2020,2020,D4,Assigned,Q-RIN,"13,946,263"
9/21/2020,2020,2020,D4,Assigned,Unverified,"127,178,308"
9/21/2020,2020,2020,D4,Separated,Q-RIN,"11,944,164"
9/21/2020,2020,2020,D4,Separated,Unverified,"153,174,661"
9/21/2020,2020,2020,D5,Assigned,Q-RIN,"7,802"
9/21/2020,2020,2020,D5,Assigned,Unverified,"443,043"
9/21/2020,2020,2020,D5,Separated,Q-RIN,"2,053,049"
9/21/2020,2020,2020,D5,Separated,Unverified,"7,722,012"
9/21/2020,2020,2020,D6,Assigned,Q-RIN,"15,110,526"
9/21/2020,2020,2020,D6,Assigned,Unverified,"397,831,290"
9/21/2020,2020,2020,D6,Separated,Q-RIN,"7,990"
9/21/2020,2020,2020,D6,Separated,Unverified,"277,775,008"
9/28/2020,2020,2019,D3,Separated,Q-RIN,"1,178,033"
9/28/2020,2020,2019,D4,Separated,Q-RIN,"217,805"
9/28/2020,2020,2019,D4,Separated,Unverified,"12,026,389"
9/28/2020,2020,2019,D6,Separated,Q-RIN,"7,612"
9/28/2020,2020,2019,D6,Separated,Unverified,"159,759,752"
9/28/2020,2020,2020,D3,Separated,Q-RIN,"37,188,559"
9/28/2020,2020,2020,D3,Separated,Unverified,141
9/28/2020,2020,2020,D4,Assigned,Q-RIN,"15,412,481"
9/28/2020,2020,2020,D4,Assigned,Unverified,"127,727,499"
9/28/2020,2020,2020,D4,Separated,Q-RIN,"43,862,575"
9/28/2020,2020,2020,D4,Separated,Unverified,"384,784,164"
9/28/2020,2020,2020,D5,Assigned,Q-RIN,"8,040"
9/28/2020,2020,2020,D5,Assigned,Unverified,"3,313,121"
9/28/2020,2020,2020,D5,Separated,Q-RIN,"53,049"
9/28/2020,2020,2020,D5,Separated,Unverified,"3,000,000"
9/28/2020,2020,2020,D6,Assigned,Q-RIN,"17,219,460"
9/28/2020,2020,2020,D6,Assigned,Unverified,"432,767,217"
9/28/2020,2020,2020,D6,Separated,Unverified,"295,281,378"
10/5/2020,2020,2019,D3,Separated,Q-RIN,"25,000"
10/5/2020,2020,2019,D4,Separated,Q-RIN,"2,000,000"
10/5/2020,2020,2019,D4,Separated,Unverified,"9,812"
10/5/2020,2020,2019,D6,Separated,Q-RIN,"1,000,000"
10/5/2020,2020,2019,D6,Separated,Unverified,"36,655,894"
10/5/2020,2020,2020,D3,Assigned,Q-RIN,"57,623"
10/5/2020,2020,2020,D3,Separated,Q-RIN,"13,696,752"
10/5/2020,2020,2020,D4,Assigned,Q-RIN,"10,297,281"
10/5/2020,2020,2020,D4,Assigned,Unverified,"85,624,829"
10/5/2020,2020,2020,D4,Separated,Q-RIN,"27,573,923"
10/5/2020,2020,2020,D4,Separated,Unverified,"150,782,994"
10/5/2020,2020,2020,D5,Assigned,Q-RIN,"16,113"
10/5/2020,2020,2020,D5,Assigned,Unverified,"432,729"
10/5/2020,2020,2020,D5,Separated,Unverified,"15,145,012"
10/5/2020,2020,2020,D6,Assigned,Q-RIN,"14,701,997"
10/5/2020,2020,2020,D6,Assigned,Unverified,"438,786,511"
10/5/2020,2020,2020,D6,Separated,Unverified,"322,022,702"
10/12/2020,2020,2019,D4,Separated,Unverified,"10,910"
10/12/2020,2020,2019,D5,Separated,Unverified,"348,000"
10/12/2020,2020,2019,D6,Separated,Q-RIN,"1,000,000"
10/12/2020,2020,2019,D6,Separated,Unverified,"23,807,049"
10/12/2020,2020,2020,D3,Separated,Q-RIN,"16,945,186"
10/12/2020,2020,2020,D3,Separated,Unverified,141
10/12/2020,2020,2020,D4,Assigned,Q-RIN,"16,590,983"
10/12/2020,2020,2020,D4,Assigned,Unverified,"86,061,741"
10/12/2020,2020,2020,D4,Separated,Q-RIN,"22,923,501"
10/12/2020,2020,2020,D4,Separated,Unverified,"100,042,151"
10/12/2020,2020,2020,D5,Assigned,Q-RIN,"7,987"
10/12/2020,2020,2020,D5,Assigned,Unverified,"548,720"
10/12/2020,2020,2020,D5,Separated,Q-RIN,"99,978"
10/12/2020,2020,2020,D5,Separated,Unverified,"4,656,276"
10/12/2020,2020,2020,D6,Assigned,Q-RIN,"16,431,777"
10/12/2020,2020,2020,D6,Assigned,Unverified,"429,683,375"
10/12/2020,2020,2020,D6,Separated,Unverified,"323,694,717"
10/19/2020,2020,2019,D6,Separated,Unverified,"11,522,018"
10/19/2020,2020,2020,D3,Assigned,Q-RIN,"57,773"
10/19/2020,2020,2020,D3,Separated,Q-RIN,"35,736,350"
10/19/2020,2020,2020,D4,Assigned,Q-RIN,"9,595,653"
10/19/2020,2020,2020,D4,Assigned,Unverified,"95,653,905"
10/19/2020,2020,2020,D4,Separated,Q-RIN,"15,198,713"
10/19/2020,2020,2020,D4,Separated,Unverified,"131,540,174"
10/19/2020,2020,2020,D5,Assigned,Q-RIN,"16,187"
10/19/2020,2020,2020,D5,Assigned,Unverified,"443,833"
10/19/2020,2020,2020,D5,Separated,Q-RIN,"5,107,325"
10/19/2020,2020,2020,D5,Separated,Unverified,"5,945,960"
10/19/2020,2020,2020,D6,Assigned,Q-RIN,"15,179,354"
10/19/2020,2020,2020,D6,Assigned,Unverified,"436,873,184"
10/19/2020,2020,2020,D6,Separated,Unverified,"347,700,411"
10/26/2020,2020,2019,D3,Separated,Q-RIN,"1,070,000"
10/26/2020,2020,2019,D6,Separated,Q-RIN,"232,381"
10/26/2020,2020,2019,D6,Separated,Unverified,"4,993,834"
10/26/2020,2020,2020,D3,Assigned,Q-RIN,"57,817"
10/26/2020,2020,2020,D3,Separated,Q-RIN,"30,274,419"
10/26/2020,2020,2020,D3,Separated,Unverified,"15,000"
10/26/2020,2020,2020,D4,Assigned,Q-RIN,"13,229,515"
10/26/2020,2020,2020,D4,Assigned,Unverified,"79,051,239"
10/26/2020,2020,2020,D4,Separated,Q-RIN,"18,599,728"
10/26/2020,2020,2020,D4,Separated,Unverified,"138,479,623"
10/26/2020,2020,2020,D5,Assigned,Q-RIN,"8,062"
10/26/2020,2020,2020,D5,Assigned,Unverified,"753,784"
10/26/2020,2020,2020,D5,Separated,Q-RIN,"181,046"
10/26/2020,2020,2020,D5,Separated,Unverified,"1,599,153"
10/26/2020,2020,2020,D6,Assigned,Q-RIN,"19,113,916"
10/26/2020,2020,2020,D6,Assigned,Unverified,"458,537,338"
10/26/2020,2020,2020,D6,Separated,Unverified,"388,825,883"
11/2/2020,2020,2019,D4,Separated,Q-RIN,"2,562,058"
11/2/2020,2020,2019,D4,Separated,Unverified,"6,572,140"
11/2/2020,2020,2019,D6,Separated,Unverified,"24,518,708"
11/2/2020,2020,2020,D3,Assigned,Q-RIN,"58,180"
11/2/2020,2020,2020,D3,Separated,Q-RIN,"6,898,363"
11/2/2020,2020,2020,D3,Separated,Unverified,88
11/2/2020,2020,2020,D4,Assigned,Q-RIN,"11,672,418"
11/2/2020,2020,2020,D4,Assigned,Unverified,"78,430,000"
11/2/2020,2020,2020,D4,Separated,Q-RIN,"23,081,404"
11/2/2020,2020,2020,D4,Separated,Unverified,"103,326,841"
11/2/2020,2020,2020,D5,Assigned,Q-RIN,"8,187"
11/2/2020,2020,2020,D5,Assigned,Unverified,"331,975"
11/2/2020,2020,2020,D5,Separated,Q-RIN,"104,092"
11/2/2020,2020,2020,D5,Separated,Unverified,"517,130"
11/2/2020,2020,2020,D6,Assigned,Q-RIN,"12,424,976"
11/2/2020,2020,2020,D6,Assigned,Unverified,"445,591,791"
11/2/2020,2020,2020,D6,Separated,Unverified,"280,217,823"
11/9/2020,2020,2019,D3,Separated,Q-RIN,"1,067,279"
11/9/2020,2020,2019,D6,Separated,Q-RIN,"51,290"
11/9/2020,2020,2019,D6,Separated,Unverified,"49,107,810"
11/9/2020,2020,2020,D3,Separated,Q-RIN,"14,386,250"
11/9/2020,2020,2020,D4,Assigned,Q-RIN,"17,036,032"
11/9/2020,2020,2020,D4,Assigned,Unverified,"76,380,390"
11/9/2020,2020,2020,D4,Separated,Q-RIN,"21,477,666"
11/9/2020,2020,2020,D4,Separated,Unverified,"122,818,693"
11/9/2020,2020,2020,D5,Assigned,Q-RIN,"16,180"
11/9/2020,2020,2020,D5,Assigned,Unverified,"544,572"
11/9/2020,2020,2020,D5,Separated,Q-RIN,"154,184"
11/9/2020,2020,2020,D5,Separated,Unverified,"9,378,326"
11/9/2020,2020,2020,D6,Assigned,Q-RIN,"15,108,494"
11/9/2020,2020,2020,D6,Assigned,Unverified,"472,971,635"
11/9/2020,2020,2020,D6,Separated,Unverified,"375,054,185"
11/16/2020,2020,2019,D4,Separated,Q-RIN,"1,000,000"
11/16/2020,2020,2019,D4,Separated,Unverified,"9,000,000"
11/16/2020,2020,2019,D6,Separated,Unverified,"58,961,866"
11/16/2020,2020,2020,D3,Separated,Q-RIN,"34,792,560"
11/16/2020,2020,2020,D3,Separated,Unverified,"1,793,450"
11/16/2020,2020,2020,D4,Assigned,Q-RIN,"12,465,008"
11/16/2020,2020,2020,D4,Assigned,Unverified,"104,286,851"
11/16/2020,2020,2020,D4,Separated,Q-RIN,"22,609,035"
11/16/2020,2020,2020,D4,Separated,Unverified,"142,684,825"
11/16/2020,2020,2020,D5,Assigned,Unverified,"452,348"
11/16/2020,2020,2020,D5,Separated,Q-RIN,"126,204"
11/16/2020,2020,2020,D5,Separated,Unverified,"12,246,625"
11/16/2020,2020,2020,D6,Assigned,Q-RIN,"14,570,185"
11/16/2020,2020,2020,D6,Assigned,Unverified,"461,753,312"
11/16/2020,2020,2020,D6,Separated,Unverified,"389,376,287"
11/23/2020,2020,2019,D3,Separated,Q-RIN,"1,000,000"
11/23/2020,2020,2019,D4,Separated,Unverified,"1,000,000"
11/23/2020,2020,2019,D6,Separated,Unverified,"2,625,062"
11/23/2020,2020,2020,D3,Assigned,Q-RIN,"57,919"
11/23/2020,2020,2020,D3,Separated,Q-RIN,"14,452,331"
11/23/2020,2020,2020,D4,Assigned,Q-RIN,"10,876,730"
11/23/2020,2020,2020,D4,Assigned,Unverified,"72,398,477"
11/23/2020,2020,2020,D4,Separated,Q-RIN,"21,090,260"
11/23/2020,2020,2020,D4,Separated,Unverified,"107,599,797"
11/23/2020,2020,2020,D5,Assigned,Unverified,"433,764"
11/23/2020,2020,2020,D5,Separated,Q-RIN,"104,232"
11/23/2020,2020,2020,D5,Separated,Unverified,"511,673"
11/23/2020,2020,2020,D6,Assigned,Q-RIN,"14,643,041"
11/23/2020,2020,2020,D6,Assigned,Unverified,"408,925,076"
11/23/2020,2020,2020,D6,Separated,Unverified,"202,364,726"
11/30/2020,2020,2019,D4,Separated,Unverified,"2,796"
11/30/2020,2020,2019,D6,Separated,Q-RIN,"6,219,518"
11/30/2020,2020,2019,D6,Separated,Unverified,"56,781,056"
11/30/2020,2020,2020,D3,Assigned,Q-RIN,"57,860"
11/30/2020,2020,2020,D3,Separated,Q-RIN,"43,919,021"
11/30/2020,2020,2020,D3,Separated,Unverified,"135,032"
11/30/2020,2020,2020,D4,Assigned,Q-RIN,"12,817,817"
11/30/2020,2020,2020,D4,Assigned,Unverified,"105,851,639"
11/30/2020,2020,2020,D4,Separated,Q-RIN,"25,500,832"
11/30/2020,2020,2020,D4,Separated,Unverified,"148,731,983"
11/30/2020,2020,2020,D5,Assigned,Q-RIN,"32,194"
11/30/2020,2020,2020,D5,Assigned,Unverified,"2,055,775"
11/30/2020,2020,2020,D5,Separated,Q-RIN,"156,296"
11/30/2020,2020,2020,D5,Separated,Unverified,"2,900,000"
11/30/2020,2020,2020,D6,Assigned,Q-RIN,"13,665,707"
11/30/2020,2020,2020,D6,Assigned,Unverified,"471,830,553"
11/30/2020,2020,2020,D6,Separated,Unverified,"270,990,520"
12/7/2020,2020,2019,D4,Separated,Unverified,"237,298"
12/7/2020,2020,2019,D6,Separated,Q-RIN,"5,169"
12/7/2020,2020,2019,D6,Separated,Unverified,"74,273,111"
12/7/2020,2020,2020,D3,Assigned,Q-RIN,"57,832"
12/7/2020,2020,2020,D3,Separated,Q-RIN,"21,420,432"
12/7/2020,2020,2020,D4,Assigned,Q-RIN,"12,536,859"
12/7/2020,2020,2020,D4,Assigned,Unverified,"150,449,605"
12/7/2020,2020,2020,D4,Separated,Q-RIN,"34,141,200"
12/7/2020,2020,2020,D4,Separated,Unverified,"181,272,636"
12/7/2020,2020,2020,D5,Assigned,Q-RIN,"16,463"
12/7/2020,2020,2020,D5,Assigned,Unverified,"580,015"
12/7/2020,2020,2020,D5,Separated,Q-RIN,"2,155,964"
12/7/2020,2020,2020,D5,Separated,Unverified,"1,825,000"
12/7/2020,2020,2020,D6,Assigned,Q-RIN,"14,452,852"
12/7/2020,2020,2020,D6,Assigned,Unverified,"434,383,393"
12/7/2020,2020,2020,D6,Separated,Unverified,"338,505,313"
12/14/2020,2020,2019,D3,Separated,Q-RIN,"349,406"
12/14/2020,2020,2019,D3,Separated,Unverified,"200,000"
12/14/2020,2020,2019,D4,Separated,Q-RIN,"175,000"
12/14/2020,2020,2019,D4,Separated,Unverified,"3,547,617"
12/14/2020,2020,2019,D6,Separated,Unverified,"45,464,044"
12/14/2020,2020,2020,D3,Separated,Q-RIN,"41,263,978"
12/14/2020,2020,2020,D3,Separated,Unverified,"102,520"
12/14/2020,2020,2020,D4,Assigned,Q-RIN,"14,775,200"
12/14/2020,2020,2020,D4,Assigned,Unverified,"118,586,285"
12/14/2020,2020,2020,D4,Separated,Q-RIN,"40,877,184"
12/14/2020,2020,2020,D4,Separated,Unverified,"381,184,257"
12/14/2020,2020,2020,D5,Assigned,Q-RIN,"8,146"
12/14/2020,2020,2020,D5,Assigned,Unverified,"559,110"
12/14/2020,2020,2020,D5,Separated,Q-RIN,"1,201,112"
12/14/2020,2020,2020,D5,Separated,Unverified,"5,500,055"
12/14/2020,2020,2020,D6,Assigned,Q-RIN,"15,789,213"
12/14/2020,2020,2020,D6,Assigned,Unverified,"441,656,788"
12/14/2020,2020,2020,D6,Separated,Q-RIN,"500,000"
12/14/2020,2020,2020,D6,Separated,Unverified,"503,828,083"
12/21/2020,2020,2019,D3,Separated,Q-RIN,"1,000,000"
12/21/2020,2020,2019,D4,Separated,Q-RIN,"2,290,188"
12/21/2020,2020,2019,D4,Separated,Unverified,"2,783,560"
12/21/2020,2020,2019,D6,Separated,Q-RIN,"7,626"
12/21/2020,2020,2019,D6,Separated,Unverified,"3,287,007"
12/21/2020,2020,2020,D3,Separated,Q-RIN,"30,128,582"
12/21/2020,2020,2020,D3,Separated,Unverified,"273,764"
12/21/2020,2020,2020,D4,Assigned,Q-RIN,"20,460,797"
12/21/2020,2020,2020,D4,Assigned,Unverified,"62,863,536"
12/21/2020,2020,2020,D4,Separated,Q-RIN,"36,296,615"
12/21/2020,2020,2020,D4,Separated,Unverified,"339,824,387"
12/21/2020,2020,2020,D5,Assigned,Q-RIN,"16,459"
12/21/2020,2020,2020,D5,Assigned,Unverified,"1,919,568"
12/21/2020,2020,2020,D5,Separated,Q-RIN,"215,508"
12/21/2020,2020,2020,D5,Separated,Unverified,"5,579,402"
12/21/2020,2020,2020,D6,Assigned,Q-RIN,"12,922,600"
12/21/2020,2020,2020,D6,Assigned,Unverified,"370,316,176"
12/21/2020,2020,2020,D6,Separated,Unverified,"290,764,972"
12/28/2020,2020,2019,D3,Separated,Unverified,"14,052"
12/28/2020,2020,2019,D6,Assigned,Q-RIN,"136,086"
12/28/2020,2020,2019,D6,Separated,Unverified,"13,508,007"
12/28/2020,2020,2020,D3,Separated,Q-RIN,"25,646,592"
12/28/2020,2020,2020,D3,Separated,Unverified,"21,975"
12/28/2020,2020,2020,D4,Assigned,Q-RIN,"20,182,127"
12/28/2020,2020,2020,D4,Assigned,Unverified,"103,412,103"
12/28/2020,2020,2020,D4,Separated,Q-RIN,"61,987,213"
12/28/2020,2020,2020,D4,Separated,Unverified,"184,940,762"
12/28/2020,2020,2020,D5,Assigned,Q-RIN,"16,513"
12/28/2020,2020,2020,D5,Assigned,Unverified,"12,287,181"
12/28/2020,2020,2020,D5,Separated,Q-RIN,"3,181,308"
12/28/2020,2020,2020,D5,Separated,Unverified,"15,484,349"
12/28/2020,2020,2020,D6,Assigned,Q-RIN,"11,208,846"
12/28/2020,2020,2020,D6,Assigned,Unverified,"326,644,470"
12/28/2020,2020,2020,D6,Separated,Unverified,"303,004,153"
12/28/2020,2021,2020,D3,Separated,Q-RIN,"1,250,000"
12/28/2020,2021,2020,D4,Assigned,Q-RIN,"88,208"
12/28/2020,2021,2020,D4,Assigned,Unverified,"14,798,460"
12/28/2020,2021,2020,D4,Separated,Q-RIN,"74,950"
12/28/2020,2021,2020,D4,Separated,Unverified,"2,041,918"
12/28/2020,2021,2020,D6,Assigned,Unverified,"44,518,254"
12/28/2020,2021,2020,D6,Separated,Unverified,"14,832,736"
12/28/2020,2021,2021,D4,Assigned,Q-RIN,"726,959"
12/28/2020,2021,2021,D4,Assigned,Unverified,"2,553,108"
12/28/2020,2021,2021,D4,Separated,Q-RIN,"17,550"
12/28/2020,2021,2021,D4,Separated,Unverified,"9,765"
12/28/2020,2021,2021,D5,Assigned,Unverified,"193,699"
12/28/2020,2021,2021,D6,Assigned,Q-RIN,"1,175,426"
12/28/2020,2021,2021,D6,Assigned,Unverified,"34,944,140"
12/28/2020,2021,2021,D6,Separated,Unverified,"118,512"
1/4/2021,2021,2019,D4,Separated,Q-RIN,"3,132,126"
1/4/2021,2021,2019,D4,Separated,Unverified,"12,000,000"
1/4/2021,2021,2019,D6,Separated,Q-RIN,"247,633"
1/4/2021,2021,2019,D6,Separated,Unverified,"118,602,667"
1/4/2021,2021,2020,D3,Separated,Q-RIN,"17,053,731"
1/4/2021,2021,2020,D4,Assigned,Q-RIN,"11,551,241"
1/4/2021,2021,2020,D4,Assigned,Unverified,"34,374,463"
1/4/2021,2021,2020,D4,Separated,Q-RIN,"22,524,696"
1/4/2021,2021,2020,D4,Separated,Unverified,"86,906,366"
1/4/2021,2021,2020,D5,Assigned,Q-RIN,"8,216"
1/4/2021,2021,2020,D5,Assigned,Unverified,"14,508"
1/4/2021,2021,2020,D5,Separated,Q-RIN,"25,114"
1/4/2021,2021,2020,D5,Separated,Unverified,"11,386,790"
1/4/2021,2021,2020,D6,Assigned,Q-RIN,"1,235,781"
1/4/2021,2021,2020,D6,Assigned,Unverified,"148,596,861"
1/4/2021,2021,2020,D6,Separated,Unverified,"420,036,188"
1/4/2021,2021,2021,D4,Assigned,Q-RIN,"3,521,458"
1/4/2021,2021,2021,D4,Assigned,Unverified,"32,636,492"
1/4/2021,2021,2021,D4,Separated,Q-RIN,"452,748"
1/4/2021,2021,2021,D4,Separated,Unverified,"486,754"
1/4/2021,2021,2021,D5,Assigned,Q-RIN,"8,250"
1/4/2021,2021,2021,D5,Assigned,Unverified,"509,102"
1/4/2021,2021,2021,D5,Separated,Q-RIN,"78,116"
1/4/2021,2021,2021,D6,Assigned,Q-RIN,"11,966,890"
1/4/2021,2021,2021,D6,Assigned,Unverified,"284,276,149"
1/4/2021,2021,2021,D6,Separated,Unverified,"6,150,522"
1/11/2021,2021,2019,D3,Separated,Q-RIN,173
1/11/2021,2021,2019,D4,Separated,Q-RIN,"205,082"
1/11/2021,2021,2019,D4,Separated,Unverified,"33,031,825"
1/11/2021,2021,2019,D6,Separated,Unverified,"127,604,540"
1/11/2021,2021,2020,D3,Separated,Q-RIN,"12,590,149"
1/11/2021,2021,2020,D4,Assigned,Q-RIN,"12,034,490"
1/11/2021,2021,2020,D4,Assigned,Unverified,"24,928,703"
1/11/2021,2021,2020,D4,Separated,Q-RIN,"31,066,426"
1/11/2021,2021,2020,D4,Separated,Unverified,"136,148,507"
1/11/2021,2021,2020,D5,Assigned,Unverified,"2,437,826"
1/11/2021,2021,2020,D5,Separated,Q-RIN,"6,000,000"
1/11/2021,2021,2020,D5,Separated,Unverified,"3,346,611"
1/11/2021,2021,2020,D6,Assigned,Q-RIN,"483,752"
1/11/2021,2021,2020,D6,Assigned,Unverified,"79,175,190"
1/11/2021,2021,2020,D6,Separated,Q-RIN,"6,028,154"
1/11/2021,2021,2020,D6,Separated,Unverified,"334,301,890"
1/11/2021,2021,2021,D4,Assigned,Q-RIN,"10,080,698"
1/11/2021,2021,2021,D4,Assigned,Unverified,"44,684,787"
1/11/2021,2021,2021,D4,Separated,Q-RIN,"9,113,743"
1/11/2021,2021,2021,D4,Separated,Unverified,"2,850,502"
1/11/2021,2021,2021,D5,Assigned,Q-RIN,"16,534"
1/11/2021,2021,2021,D5,Assigned,Unverified,"575,086"
1/11/2021,2021,2021,D5,Separated,Q-RIN,"172,276"
1/11/2021,2021,2021,D6,Assigned,Q-RIN,"14,077,911"
1/11/2021,2021,2021,D6,Assigned,Unverified,"317,674,468"
1/11/2021,2021,2021,D6,Separated,Unverified,"13,488,711"
1/18/2021,2021,2019,D3,Separated,Q-RIN,"1,000,000"
1/18/2021,2021,2019,D4,Separated,Unverified,"3,001,875"
1/18/2021,2021,2019,D5,Separated,Q-RIN,56
1/18/2021,2021,2019,D6,Separated,Unverified,"43,751,649"
1/18/2021,2021,2020,D3,Separated,Q-RIN,"19,354,637"
1/18/2021,2021,2020,D4,Assigned,Q-RIN,"436,449"
1/18/2021,2021,2020,D4,Assigned,Unverified,"6,797,822"
1/18/2021,2021,2020,D4,Separated,Q-RIN,"7,117,959"
1/18/2021,2021,2020,D4,Separated,Unverified,"33,977,038"
1/18/2021,2021,2020,D5,Separated,Q-RIN,"69,179"
1/18/2021,2021,2020,D5,Separated,Unverified,"1,326,633"
1/18/2021,2021,2020,D6,Assigned,Q-RIN,"662,227"
1/18/2021,2021,2020,D6,Assigned,Unverified,"61,723,641"
1/18/2021,2021,2020,D6,Separated,Q-RIN,"81,353"
1/18/2021,2021,2020,D6,Separated,Unverified,"359,632,540"
1/18/2021,2021,2021,D3,Assigned,Q-RIN,"144,996"
1/18/2021,2021,2021,D4,Assigned,Q-RIN,"7,470,827"
1/18/2021,2021,2021,D4,Assigned,Unverified,"51,197,382"
1/18/2021,2021,2021,D4,Separated,Q-RIN,"3,423,837"
1/18/2021,2021,2021,D4,Separated,Unverified,"2,276,896"
1/18/2021,2021,2021,D5,Assigned,Q-RIN,"16,611"
1/18/2021,2021,2021,D5,Assigned,Unverified,"556,251"
1/18/2021,2021,2021,D5,Separated,Q-RIN,"151,287"
1/18/2021,2021,2021,D6,Assigned,Q-RIN,"16,081,946"
1/18/2021,2021,2021,D6,Assigned,Unverified,"334,344,535"
1/18/2021,2021,2021,D6,Separated,Unverified,"38,819,946"
1/25/2021,2021,2019,D3,Separated,Q-RIN,"893,500"
1/25/2021,2021,2019,D4,Separated,Unverified,"177,063"
1/25/2021,2021,2019,D5,Separated,Q-RIN,"2,016"
1/25/2021,2021,2019,D6,Separated,Q-RIN,"6,500,000"
1/25/2021,2021,2019,D6,Separated,Unverified,"98,687,947"
1/25/2021,2021,2020,D3,Separated,Q-RIN,"42,128,874"
1/25/2021,2021,2020,D3,Separated,Unverified,"123,348"
1/25/2021,2021,2020,D4,Assigned,Q-RIN,"557,421"
1/25/2021,2021,2020,D4,Assigned,Unverified,"33,435,650"
1/25/2021,2021,2020,D4,Separated,Q-RIN,"9,645,631"
1/25/2021,2021,2020,D4,Separated,Unverified,"96,112,704"
1/25/2021,2021,2020,D5,Separated,Q-RIN,"2,000,000"
1/25/2021,2021,2020,D5,Separated,Unverified,"2,453,099"
1/25/2021,2021,2020,D6,Assigned,Q-RIN,"67,448"
1/25/2021,2021,2020,D6,Assigned,Unverified,"32,784,470"
1/25/2021,2021,2020,D6,Separated,Q-RIN,"73,802"
1/25/2021,2021,2020,D6,Separated,Unverified,"372,312,412"
1/25/2021,2021,2021,D3,Assigned,Q-RIN,"58,256"
1/25/2021,2021,2021,D4,Assigned,Q-RIN,"11,993,183"
1/25/2021,2021,2021,D4,Assigned,Unverified,"61,063,244"
1/25/2021,2021,2021,D4,Separated,Q-RIN,"10,312,342"
1/25/2021,2021,2021,D4,Separated,Unverified,"6,026,985"
1/25/2021,2021,2021,D5,Assigned,Q-RIN,"8,230"
1/25/2021,2021,2021,D5,Assigned,Unverified,"2,386,459"
1/25/2021,2021,2021,D5,Separated,Q-RIN,"152,985"
1/25/2021,2021,2021,D6,Assigned,Q-RIN,"15,907,980"
1/25/2021,2021,2021,D6,Assigned,Unverified,"379,004,245"
1/25/2021,2021,2021,D6,Separated,Unverified,"50,080,566"
2/1/2021,2021,2019,D4,Separated,Unverified,"750,000"
2/1/2021,2021,2019,D6,Separated,Unverified,"107,956,447"
2/1/2021,2021,2020,D3,Separated,Q-RIN,"27,092,265"
2/1/2021,2021,2020,D3,Separated,Unverified,"105,541"
2/1/2021,2021,2020,D4,Assigned,Q-RIN,"179,772"
2/1/2021,2021,2020,D4,Assigned,Unverified,"96,942,401"
2/1/2021,2021,2020,D4,Separated,Q-RIN,"10,597,243"
2/1/2021,2021,2020,D4,Separated,Unverified,"147,170,648"
2/1/2021,2021,2020,D5,Separated,Q-RIN,"25,958"
2/1/2021,2021,2020,D5,Separated,Unverified,"400,000"
2/1/2021,2021,2020,D6,Assigned,Unverified,"8,141,853"
2/1/2021,2021,2020,D6,Separated,Q-RIN,"630,000"
2/1/2021,2021,2020,D6,Separated,Unverified,"119,604,348"
2/1/2021,2021,2021,D4,Assigned,Q-RIN,"13,018,249"
2/1/2021,2021,2021,D4,Assigned,Unverified,"56,773,711"
2/1/2021,2021,2021,D4,Separated,Q-RIN,"10,374,792"
2/1/2021,2021,2021,D4,Separated,Unverified,"9,328,582"
2/1/2021,2021,2021,D5,Assigned,Q-RIN,"8,290"
2/1/2021,2021,2021,D5,Assigned,Unverified,"457,800"
2/1/2021,2021,2021,D5,Separated,Q-RIN,"94,522"
2/1/2021,2021,2021,D6,Assigned,Q-RIN,"4,931,938"
2/1/2021,2021,2021,D6,Assigned,Unverified,"382,785,811"
2/1/2021,2021,2021,D6,Separated,Unverified,"119,989,064"
2/8/2021,2021,2019,D3,Separated,Q-RIN,"24,813"
2/8/2021,2021,2019,D4,Separated,Q-RIN,"1,861,507"
2/8/2021,2021,2019,D4,Separated,Unverified,"5,479,905"
2/8/2021,2021,2019,D6,Separated,Unverified,"38,294,107"
2/8/2021,2021,2020,D3,Separated,Q-RIN,"15,641,354"
2/8/2021,2021,2020,D3,Separated,Unverified,"112,171"
2/8/2021,2021,2020,D4,Assigned,Q-RIN,"242,317"
2/8/2021,2021,2020,D4,Assigned,Unverified,"14,672,853"
2/8/2021,2021,2020,D4,Separated,Q-RIN,"8,237,873"
2/8/2021,2021,2020,D4,Separated,Unverified,"109,371,231"
2/8/2021,2021,2020,D5,Separated,Unverified,"8,450,124"
2/8/2021,2021,2020,D6,Assigned,Q-RIN,216
2/8/2021,2021,2020,D6,Assigned,Unverified,"1,543,478"
2/8/2021,2021,2020,D6,Separated,Unverified,"185,621,444"
2/8/2021,2021,2021,D3,Separated,Q-RIN,"887,302"
2/8/2021,2021,2021,D4,Assigned,Q-RIN,"13,428,235"
2/8/2021,2021,2021,D4,Assigned,Unverified,"59,956,440"
2/8/2021,2021,2021,D4,Separated,Q-RIN,"17,033,657"
2/8/2021,2021,2021,D4,Separated,Unverified,"6,988,552"
2/8/2021,2021,2021,D5,Assigned,Q-RIN,"16,452"
2/8/2021,2021,2021,D5,Assigned,Unverified,"366,360"
2/8/2021,2021,2021,D5,Separated,Q-RIN,"156,372"
2/8/2021,2021,2021,D6,Assigned,Q-RIN,"3,573,248"
2/8/2021,2021,2021,D6,Assigned,Unverified,"415,421,652"
2/8/2021,2021,2021,D6,Separated,Unverified,"90,736,087"
2/15/2021,2021,2019,D3,Separated,Unverified,"2,155"
2/15/2021,2021,2019,D4,Separated,Q-RIN,"168,623"
2/15/2021,2021,2019,D6,Separated,Q-RIN,"3,000,000"
2/15/2021,2021,2019,D6,Separated,Unverified,"11,500,000"
2/15/2021,2021,2020,D3,Separated,Q-RIN,"24,179,325"
2/15/2021,2021,2020,D4,Assigned,Q-RIN,"264,099"
2/15/2021,2021,2020,D4,Assigned,Unverified,"9,767,631"
2/15/2021,2021,2020,D4,Separated,Q-RIN,"5,624,002"
2/15/2021,2021,2020,D4,Separated,Unverified,"89,974,916"
2/15/2021,2021,2020,D5,Separated,Unverified,"73,764"
2/15/2021,2021,2020,D6,Assigned,Unverified,"151,264"
2/15/2021,2021,2020,D6,Separated,Unverified,"183,706,872"
2/15/2021,2021,2021,D3,Assigned,Q-RIN,"29,238"
2/15/2021,2021,2021,D3,Separated,Q-RIN,"539,056"
2/15/2021,2021,2021,D4,Assigned,Q-RIN,"10,356,198"
2/15/2021,2021,2021,D4,Assigned,Unverified,"45,288,585"
2/15/2021,2021,2021,D4,Separated,Q-RIN,"12,016,996"
2/15/2021,2021,2021,D4,Separated,Unverified,"5,724,131"
2/15/2021,2021,2021,D5,Assigned,Q-RIN,"8,282"
2/15/2021,2021,2021,D5,Assigned,Unverified,"187,937"
2/15/2021,2021,2021,D5,Separated,Q-RIN,"182,404"
2/15/2021,2021,2021,D6,Assigned,Q-RIN,"602,337"
2/15/2021,2021,2021,D6,Assigned,Unverified,"389,945,244"
2/15/2021,2021,2021,D6,Separated,Unverified,"120,040,144"
2/22/2021,2021,2019,D3,Separated,Q-RIN,"783,225"
2/22/2021,2021,2019,D3,Separated,Unverified,"1,085"
2/22/2021,2021,2019,D4,Separated,Q-RIN,"10,296,604"
2/22/2021,2021,2019,D4,Separated,Unverified,"22,549,046"
2/22/2021,2021,2019,D6,Separated,Unverified,"33,450,416"
2/22/2021,2021,2020,D3,Separated,Q-RIN,"10,524,459"
2/22/2021,2021,2020,D3,Separated,Unverified,"12,874"
2/22/2021,2021,2020,D4,Assigned,Q-RIN,"807,231"
2/22/2021,2021,2020,D4,Assigned,Unverified,"12,571,617"
2/22/2021,2021,2020,D4,Separated,Q-RIN,"10,000,949"
2/22/2021,2021,2020,D4,Separated,Unverified,"167,727,437"
2/22/2021,2021,2020,D5,Separated,Unverified,"2,402,736"
2/22/2021,2021,2020,D6,Assigned,Q-RIN,"9,370"
2/22/2021,2021,2020,D6,Assigned,Unverified,"2,287,394"
2/22/2021,2021,2020,D6,Separated,Q-RIN,"9,045"
2/22/2021,2021,2020,D6,Separated,Unverified,"178,103,402"
2/22/2021,2021,2021,D3,Separated,Q-RIN,"30,721,982"
2/22/2021,2021,2021,D4,Assigned,Q-RIN,"7,622,855"
2/22/2021,2021,2021,D4,Assigned,Unverified,"73,814,132"
2/22/2021,2021,2021,D4,Separated,Q-RIN,"7,652,157"
2/22/2021,2021,2021,D4,Separated,Unverified,"26,697,408"
2/22/2021,2021,2021,D5,Assigned,Q-RIN,"24,424"
2/22/2021,2021,2021,D5,Assigned,Unverified,"2,152,040"
2/22/2021,2021,2021,D5,Separated,Q-RIN,"177,418"
2/22/2021,2021,2021,D5,Separated,Unverified,"10,296,359"
2/22/2021,2021,2021,D6,Assigned,Q-RIN,"716,810"
2/22/2021,2021,2021,D6,Assigned,Unverified,"473,064,822"
2/22/2021,2021,2021,D6,Separated,Unverified,"186,360,362"
3/1/2021,2021,2019,D4,Separated,Q-RIN,"21,094"
3/1/2021,2021,2019,D6,Separated,Q-RIN,"34,425"
3/1/2021,2021,2019,D6,Separated,Unverified,"13,814,571"
3/1/2021,2021,2020,D3,Separated,Q-RIN,"11,181,852"
3/1/2021,2021,2020,D3,Separated,Unverified,"8,013"
3/1/2021,2021,2020,D4,Assigned,Q-RIN,"1,383,487"
3/1/2021,2021,2020,D4,Assigned,Unverified,"9,043,039"
3/1/2021,2021,2020,D4,Separated,Q-RIN,"2,345,770"
3/1/2021,2021,2020,D4,Separated,Unverified,"37,505,149"
3/1/2021,2021,2020,D6,Assigned,Unverified,"39,213"
3/1/2021,2021,2020,D6,Separated,Q-RIN,"64,030"
3/1/2021,2021,2020,D6,Separated,Unverified,"105,493,100"
3/1/2021,2021,2021,D3,Separated,Q-RIN,"4,608,791"
3/1/2021,2021,2021,D4,Assigned,Q-RIN,"14,734,128"
3/1/2021,2021,2021,D4,Assigned,Unverified,"92,742,186"
3/1/2021,2021,2021,D4,Separated,Q-RIN,"13,400,546"
3/1/2021,2021,2021,D4,Separated,Unverified,"20,708,038"
3/1/2021,2021,2021,D5,Assigned,Q-RIN,"40,387"
3/1/2021,2021,2021,D5,Assigned,Unverified,"630,099"
3/1/2021,2021,2021,D5,Separated,Q-RIN,"118,058"
3/1/2021,2021,2021,D5,Separated,Unverified,"310,444"
3/1/2021,2021,2021,D6,Assigned,Q-RIN,"305,184"
3/1/2021,2021,2021,D6,Assigned,Unverified,"441,955,119"
3/1/2021,2021,2021,D6,Separated,Unverified,"181,338,593"
3/8/2021,2021,2019,D4,Separated,Unverified,"10,049"
3/8/2021,2021,2019,D6,Separated,Q-RIN,"3,000,000"
3/8/2021,2021,2019,D6,Separated,Unverified,"4,063,544"
3/8/2021,2021,2020,D3,Separated,Q-RIN,"6,406,373"
3/8/2021,2021,2020,D3,Separated,Unverified,"355,025"
3/8/2021,2021,2020,D4,Assigned,Q-RIN,"75,093"
3/8/2021,2021,2020,D4,Assigned,Unverified,"1,155,315"
3/8/2021,2021,2020,D4,Separated,Q-RIN,"19,360,833"
3/8/2021,2021,2020,D4,Separated,Unverified,"18,941,550"
3/8/2021,2021,2020,D5,Separated,Q-RIN,"260,000"
3/8/2021,2021,2020,D5,Separated,Unverified,"161,156"
3/8/2021,2021,2020,D6,Separated,Unverified,"86,376,005"
3/8/2021,2021,2021,D3,Separated,Q-RIN,"5,352,421"
3/8/2021,2021,2021,D3,Separated,Unverified,"71,110"
3/8/2021,2021,2021,D4,Assigned,Q-RIN,"15,038,715"
3/8/2021,2021,2021,D4,Assigned,Unverified,"104,981,106"
3/8/2021,2021,2021,D4,Separated,Q-RIN,"16,068,790"
3/8/2021,2021,2021,D4,Separated,Unverified,"62,092,895"
3/8/2021,2021,2021,D5,Assigned,Q-RIN,"8,161"
3/8/2021,2021,2021,D5,Assigned,Unverified,"312,800"
3/8/2021,2021,2021,D5,Separated,Q-RIN,"91,992"
3/8/2021,2021,2021,D5,Separated,Unverified,"400,000"
3/8/2021,2021,2021,D6,Assigned,Q-RIN,"451,723"
3/8/2021,2021,2021,D6,Assigned,Unverified,"466,906,306"
3/8/2021,2021,2021,D6,Separated,Unverified,"189,921,549"
3/15/2021,2021,2019,D3,Separated,Q-RIN,"174,877"
3/15/2021,2021,2019,D3,Separated,Unverified,"44,517"
3/15/2021,2021,2019,D4,Separated,Q-RIN,"45,756"
3/15/2021,2021,2019,D4,Separated,Unverified,"27,055"
3/15/2021,2021,2019,D5,Separated,Q-RIN,10
3/15/2021,2021,2019,D6,Separated,Q-RIN,"3,000,000"
3/15/2021,2021,2019,D6,Separated,Unverified,"5,766,699"
3/15/2021,2021,2020,D3,Separated,Q-RIN,"2,452,969"
3/15/2021,2021,2020,D4,Assigned,Q-RIN,"2,113,009"
3/15/2021,2021,2020,D4,Assigned,Unverified,"675,307"
3/15/2021,2021,2020,D4,Separated,Q-RIN,"3,330,794"
3/15/2021,2021,2020,D4,Separated,Unverified,"38,571,995"
3/15/2021,2021,2020,D5,Separated,Q-RIN,"750,000"
3/15/2021,2021,2020,D6,Assigned,Unverified,"304,980"
3/15/2021,2021,2020,D6,Separated,Q-RIN,"28,425"
3/15/2021,2021,2020,D6,Separated,Unverified,"133,991,985"
3/15/2021,2021,2021,D3,Separated,Q-RIN,"13,944,354"
3/15/2021,2021,2021,D4,Assigned,Q-RIN,"8,258,425"
3/15/2021,2021,2021,D4,Assigned,Unverified,"61,833,362"
3/15/2021,2021,2021,D4,Separated,Q-RIN,"17,480,257"
3/15/2021,2021,2021,D4,Separated,Unverified,"87,134,995"
3/15/2021,2021,2021,D5,Assigned,Q-RIN,"7,858"
3/15/2021,2021,2021,D5,Assigned,Unverified,"536,317"
3/15/2021,2021,2021,D5,Separated,Q-RIN,"92,042"
3/15/2021,2021,2021,D5,Separated,Unverified,"1,417,426"
3/15/2021,2021,2021,D6,Assigned,Q-RIN,"719,648"
3/15/2021,2021,2021,D6,Assigned,Unverified,"472,514,543"
3/15/2021,2021,2021,D6,Separated,Unverified,"359,385,658"
3/22/2021,2021,2019,D3,Separated,Q-RIN,"975,461"
3/22/2021,2021,2019,D6,Assigned,Unverified,58
3/22/2021,2021,2019,D6,Separated,Q-RIN,"4,000,000"
3/22/2021,2021,2019,D6,Separated,Unverified,"126,085,445"
3/22/2021,2021,2020,D3,Separated,Q-RIN,"918,869"
3/22/2021,2021,2020,D4,Assigned,Q-RIN,"10,558"
3/22/2021,2021,2020,D4,Assigned,Unverified,"20,363"
3/22/2021,2021,2020,D4,Separated,Q-RIN,"2,523,695"
3/22/2021,2021,2020,D4,Separated,Unverified,"16,524,793"
3/22/2021,2021,2020,D5,Separated,Unverified,"135,156"
3/22/2021,2021,2020,D6,Assigned,Q-RIN,333
3/22/2021,2021,2020,D6,Assigned,Unverified,"3,199,969"
3/22/2021,2021,2020,D6,Separated,Q-RIN,"22,283"
3/22/2021,2021,2020,D6,Separated,Unverified,"61,328,964"
3/22/2021,2021,2021,D3,Separated,Q-RIN,"25,807,296"
3/22/2021,2021,2021,D4,Assigned,Q-RIN,"11,439,197"
3/22/2021,2021,2021,D4,Assigned,Unverified,"101,959,713"
3/22/2021,2021,2021,D4,Separated,Q-RIN,"12,993,203"
3/22/2021,2021,2021,D4,Separated,Unverified,"32,527,898"
3/22/2021,2021,2021,D5,Assigned,Q-RIN,"16,303"
3/22/2021,2021,2021,D5,Assigned,Unverified,"555,294"
3/22/2021,2021,2021,D5,Separated,Q-RIN,"115,708"
3/22/2021,2021,2021,D5,Separated,Unverified,"749,615"
3/22/2021,2021,2021,D6,Assigned,Q-RIN,"521,837"
3/22/2021,2021,2021,D6,Assigned,Unverified,"459,808,968"
3/22/2021,2021,2021,D6,Separated,Q-RIN,"87,253"
3/22/2021,2021,2021,D6,Separated,Unverified,"230,829,115"
3/29/2021,2021,2019,D3,Separated,Q-RIN,"132,312"
3/29/2021,2021,2019,D4,Separated,Q-RIN,"1,339"
3/29/2021,2021,2019,D6,Separated,Q-RIN,"1,304,453"
3/29/2021,2021,2019,D6,Separated,Unverified,"771,229"
3/29/2021,2021,2020,D3,Separated,Q-RIN,"922,153"
3/29/2021,2021,2020,D3,Separated,Unverified,"28,240"
3/29/2021,2021,2020,D4,Assigned,Unverified,"160,001"
3/29/2021,2021,2020,D4,Separated,Q-RIN,"1,344,706"
3/29/2021,2021,2020,D4,Separated,Unverified,"9,467,584"
3/29/2021,2021,2020,D5,Separated,Q-RIN,"1,500,000"
3/29/2021,2021,2020,D6,Separated,Q-RIN,"178,110"
3/29/2021,2021,2020,D6,Separated,Unverified,"29,714,822"
3/29/2021,2021,2021,D3,Separated,Q-RIN,"24,503,649"
3/29/2021,2021,2021,D4,Assigned,Q-RIN,"13,431,373"
3/29/2021,2021,2021,D4,Assigned,Unverified,"73,204,630"
3/29/2021,2021,2021,D4,Separated,Q-RIN,"15,897,328"
3/29/2021,2021,2021,D4,Separated,Unverified,"30,954,658"
3/29/2021,2021,2021,D5,Assigned,Q-RIN,"15,783"
3/29/2021,2021,2021,D5,Assigned,Unverified,"2,134,446"
3/29/2021,2021,2021,D5,Separated,Q-RIN,"82,569"
3/29/2021,2021,2021,D6,Assigned,Q-RIN,"406,458"
3/29/2021,2021,2021,D6,Assigned,Unverified,"459,647,326"
3/29/2021,2021,2021,D6,Separated,Q-RIN,"8,000"
3/29/2021,2021,2021,D6,Separated,Unverified,"296,632,869"
4/5/2021,2021,2018,D6,Separated,Unverified,"229,808"
4/5/2021,2021,2019,D6,Separated,Unverified,"335,090"
4/5/2021,2021,2020,D3,Separated,Q-RIN,"183,774"
4/5/2021,2021,2020,D4,Separated,Q-RIN,"264,902"
4/5/2021,2021,2020,D4,Separated,Unverified,"6,233,100"
4/5/2021,2021,2020,D5,Separated,Unverified,"25,000"
4/5/2021,2021,2020,D6,Separated,Q-RIN,"8,025"
4/5/2021,2021,2020,D6,Separated,Unverified,"40,949,306"
4/5/2021,2021,2021,D3,Separated,Q-RIN,"7,291,860"
4/5/2021,2021,2021,D4,Assigned,Q-RIN,"10,069,362"
4/5/2021,2021,2021,D4,Assigned,Unverified,"130,065,572"
4/5/2021,2021,2021,D4,Separated,Q-RIN,"13,315,593"
4/5/2021,2021,2021,D4,Separated,Unverified,"54,084,915"
4/5/2021,2021,2021,D5,Assigned,Q-RIN,"7,976"
4/5/2021,2021,2021,D5,Assigned,Unverified,"411,649"
4/5/2021,2021,2021,D5,Separated,Q-RIN,"186,797"
4/5/2021,2021,2021,D6,Assigned,Q-RIN,"392,106"
4/5/2021,2021,2021,D6,Assigned,Unverified,"464,510,286"
4/5/2021,2021,2021,D6,Separated,Unverified,"208,809,302"
4/12/2021,2021,2020,D3,Separated,Q-RIN,"13,544"
4/12/2021,2021,2020,D4,Assigned,Unverified,"58,297"
4/12/2021,2021,2020,D4,Separated,Q-RIN,"27,639"
4/12/2021,2021,2020,D4,Separated,Unverified,"426,979"
4/12/2021,2021,2020,D6,Assigned,Unverified,"783,514"
4/12/2021,2021,2020,D6,Separated,Unverified,"19,044,363"
4/12/2021,2021,2021,D3,Separated,Q-RIN,"10,752,344"
4/12/2021,2021,2021,D4,Assigned,Q-RIN,"12,654,973"
4/12/2021,2021,2021,D4,Assigned,Unverified,"106,078,040"
4/12/2021,2021,2021,D4,Separated,Q-RIN,"23,707,282"
4/12/2021,2021,2021,D4,Separated,Unverified,"156,923,043"
4/12/2021,2021,2021,D5,Assigned,Q-RIN,"15,166"
4/12/2021,2021,2021,D5,Assigned,Unverified,"392,368"
4/12/2021,2021,2021,D5,Separated,Q-RIN,"4,853,994"
4/12/2021,2021,2021,D5,Separated,Unverified,"615,140"
4/12/2021,2021,2021,D6,Assigned,Q-RIN,"334,258"
4/12/2021,2021,2021,D6,Assigned,Unverified,"476,190,964"
4/12/2021,2021,2021,D6,Separated,Unverified,"312,241,810"
4/19/2021,2021,2020,D3,Separated,Q-RIN,"37,371"
4/19/2021,2021,2020,D4,Separated,Q-RIN,"304,879"
4/19/2021,2021,2020,D4,Separated,Unverified,"3,472,854"
4/19/2021,2021,2020,D5,Assigned,Unverified,"319,783"
4/19/2021,2021,2020,D5,Separated,Unverified,"600,000"
4/19/2021,2021,2020,D6,Separated,Unverified,"23,128,414"
4/19/2021,2021,2021,D3,Separated,Q-RIN,"18,796,768"
4/19/2021,2021,2021,D4,Assigned,Q-RIN,"9,058,109"
4/19/2021,2021,2021,D4,Assigned,Unverified,"88,474,785"
4/19/2021,2021,2021,D4,Separated,Q-RIN,"10,080,401"
4/19/2021,2021,2021,D4,Separated,Unverified,"100,207,094"
4/19/2021,2021,2021,D5,Assigned,Q-RIN,"75,714"
4/19/2021,2021,2021,D5,Assigned,Unverified,"1,602,463"
4/19/2021,2021,2021,D5,Separated,Q-RIN,"104,200"
4/19/2021,2021,2021,D5,Separated,Unverified,"714,396"
4/19/2021,2021,2021,D6,Assigned,Q-RIN,"482,998"
4/19/2021,2021,2021,D6,Assigned,Unverified,"490,613,107"
4/19/2021,2021,2021,D6,Separated,Unverified,"236,202,616"
4/26/2021,2021,2019,D4,Separated,Q-RIN,"210,988"
4/26/2021,2021,2019,D6,Separated,Q-RIN,"3,250"
4/26/2021,2021,2019,D6,Separated,Unverified,"134,355"
4/26/2021,2021,2020,D3,Separated,Q-RIN,"1,231,692"
4/26/2021,2021,2020,D4,Separated,Q-RIN,"44,669"
4/26/2021,2021,2020,D4,Separated,Unverified,"360,852"
4/26/2021,2021,2020,D5,Assigned,Unverified,"319,783"
4/26/2021,2021,2020,D6,Assigned,Unverified,"3,074,337"
4/26/2021,2021,2020,D6,Separated,Unverified,"15,403,633"
4/26/2021,2021,2021,D3,Separated,Q-RIN,"25,191,521"
4/26/2021,2021,2021,D4,Assigned,Q-RIN,"15,448,858"
4/26/2021,2021,2021,D4,Assigned,Unverified,"96,591,010"
4/26/2021,2021,2021,D4,Separated,Q-RIN,"17,963,816"
4/26/2021,2021,2021,D4,Separated,Unverified,"112,238,436"
4/26/2021,2021,2021,D5,Assigned,Q-RIN,"91,180"
4/26/2021,2021,2021,D5,Assigned,Unverified,"2,380,649"
4/26/2021,2021,2021,D5,Separated,Unverified,"260,921"
4/26/2021,2021,2021,D6,Assigned,Q-RIN,"37,697"
4/26/2021,2021,2021,D6,Assigned,Unverified,"498,024,128"
4/26/2021,2021,2021,D6,Separated,Unverified,"393,515,676"
5/3/2021,2021,2019,D4,Separated,Unverified,"48,877"
5/3/2021,2021,2019,D6,Separated,Q-RIN,"3,250"
5/3/2021,2021,2019,D6,Separated,Unverified,"71,682"
5/3/2021,2021,2020,D4,Separated,Q-RIN,"163,421"
5/3/2021,2021,2020,D4,Separated,Unverified,"386,869"
5/3/2021,2021,2020,D5,Separated,Unverified,"200,000"
5/3/2021,2021,2020,D6,Assigned,Unverified,"144,010"
5/3/2021,2021,2020,D6,Separated,Unverified,"38,659,309"
5/3/2021,2021,2021,D3,Separated,Q-RIN,"4,324,158"
5/3/2021,2021,2021,D3,Separated,Unverified,"14,301"
5/3/2021,2021,2021,D4,Assigned,Q-RIN,"10,443,142"
5/3/2021,2021,2021,D4,Assigned,Unverified,"98,850,367"
5/3/2021,2021,2021,D4,Separated,Q-RIN,"18,212,616"
5/3/2021,2021,2021,D4,Separated,Unverified,"92,625,735"
5/3/2021,2021,2021,D5,Assigned,Q-RIN,"60,132"
5/3/2021,2021,2021,D5,Assigned,Unverified,"430,307"
5/3/2021,2021,2021,D5,Separated,Q-RIN,"2,604,272"
5/3/2021,2021,2021,D5,Separated,Unverified,"200,000"
5/3/2021,2021,2021,D6,Assigned,Unverified,"476,759,460"
5/3/2021,2021,2021,D6,Separated,Unverified,"265,326,684"
5/10/2021,2021,2019,D6,Separated,Q-RIN,"210,000"
5/10/2021,2021,2020,D3,Separated,Q-RIN,"4,595"
5/10/2021,2021,2020,D3,Separated,Unverified,"20,000"
5/10/2021,2021,2020,D4,Assigned,Unverified,"17,360"
5/10/2021,2021,2020,D4,Separated,Q-RIN,"47,902"
5/10/2021,2021,2020,D4,Separated,Unverified,"265,577"
5/10/2021,2021,2020,D6,Assigned,Unverified,"99,002"
5/10/2021,2021,2020,D6,Separated,Unverified,"20,625,575"
5/10/2021,2021,2021,D3,Separated,Q-RIN,"18,533,421"
5/10/2021,2021,2021,D3,Separated,Unverified,"19,055"
5/10/2021,2021,2021,D4,Assigned,Q-RIN,"9,636,814"
5/10/2021,2021,2021,D4,Assigned,Unverified,"123,847,924"
5/10/2021,2021,2021,D4,Separated,Q-RIN,"24,281,046"
5/10/2021,2021,2021,D4,Separated,Unverified,"127,581,482"
5/10/2021,2021,2021,D5,Assigned,Q-RIN,"82,971"
5/10/2021,2021,2021,D5,Assigned,Unverified,"339,554"
5/10/2021,2021,2021,D5,Separated,Unverified,"2,400,000"
5/10/2021,2021,2021,D6,Assigned,Unverified,"492,987,078"
5/10/2021,2021,2021,D6,Separated,Unverified,"278,872,203"
5/17/2021,2021,2019,D6,Separated,Unverified,"4,077,787"
5/17/2021,2021,2020,D3,Separated,Unverified,"44,732"
5/17/2021,2021,2020,D4,Separated,Q-RIN,"100,815"
5/17/2021,2021,2020,D4,Separated,Unverified,"97,538"
5/17/2021,2021,2020,D6,Separated,Unverified,"4,055,363"
5/17/2021,2021,2021,D3,Separated,Q-RIN,"8,425,358"
5/17/2021,2021,2021,D3,Separated,Unverified,"37,395"
5/17/2021,2021,2021,D4,Assigned,Q-RIN,"9,953,212"
5/17/2021,2021,2021,D4,Assigned,Unverified,"90,205,977"
5/17/2021,2021,2021,D4,Separated,Q-RIN,"12,455,393"
5/17/2021,2021,2021,D4,Separated,Unverified,"106,357,449"
5/17/2021,2021,2021,D5,Assigned,Q-RIN,"66,350"
5/17/2021,2021,2021,D5,Assigned,Unverified,"392,444"
5/17/2021,2021,2021,D5,Separated,Q-RIN,"104,218"
5/17/2021,2021,2021,D5,Separated,Unverified,"1,406,819"
5/17/2021,2021,2021,D6,Assigned,Unverified,"510,687,882"
5/17/2021,2021,2021,D6,Separated,Unverified,"338,162,111"
5/24/2021,2021,2019,D6,Separated,Unverified,"142,314"
5/24/2021,2021,2020,D3,Separated,Q-RIN,"771,395"
5/24/2021,2021,2020,D4,Assigned,Q-RIN,"12,788"
5/24/2021,2021,2020,D4,Assigned,Unverified,"12,097"
5/24/2021,2021,2020,D4,Separated,Q-RIN,"41,556"
5/24/2021,2021,2020,D4,Separated,Unverified,"4,641,006"
5/24/2021,2021,2020,D6,Assigned,Unverified,"585,784"
5/24/2021,2021,2020,D6,Separated,Unverified,"13,104,988"
5/24/2021,2021,2021,D3,Separated,Q-RIN,"26,896,440"
5/24/2021,2021,2021,D3,Separated,Unverified,"120,934"
5/24/2021,2021,2021,D4,Assigned,Q-RIN,"9,773,089"
5/24/2021,2021,2021,D4,Assigned,Unverified,"102,575,835"
5/24/2021,2021,2021,D4,Separated,Q-RIN,"7,994,402"
5/24/2021,2021,2021,D4,Separated,Unverified,"79,592,166"
5/24/2021,2021,2021,D5,Assigned,Q-RIN,"177,646"
5/24/2021,2021,2021,D5,Assigned,Unverified,"388,489"
5/24/2021,2021,2021,D5,Separated,Unverified,"1,564,000"
5/24/2021,2021,2021,D6,Assigned,Unverified,"503,354,353"
5/24/2021,2021,2021,D6,Separated,Unverified,"355,474,667"
5/31/2021,2021,2020,D3,Separated,Q-RIN,"670,000"
5/31/2021,2021,2020,D4,Assigned,Unverified,"42,578"
5/31/2021,2021,2020,D4,Separated,Q-RIN,"514,163"
5/31/2021,2021,2020,D4,Separated,Unverified,"3,543,047"
5/31/2021,2021,2020,D5,Separated,Unverified,"200,000"
5/31/2021,2021,2020,D6,Separated,Unverified,"58,737,637"
5/31/2021,2021,2021,D3,Separated,Q-RIN,"13,196,245"
5/31/2021,2021,2021,D3,Separated,Unverified,"162,000"
5/31/2021,2021,2021,D4,Assigned,Q-RIN,"10,576,245"
5/31/2021,2021,2021,D4,Assigned,Unverified,"70,370,771"
5/31/2021,2021,2021,D4,Separated,Q-RIN,"10,802,796"
5/31/2021,2021,2021,D4,Separated,Unverified,"88,962,426"
5/31/2021,2021,2021,D5,Assigned,Q-RIN,"96,680"
5/31/2021,2021,2021,D5,Assigned,Unverified,"1,735,720"
5/31/2021,2021,2021,D6,Assigned,Unverified,"496,159,599"
5/31/2021,2021,2021,D6,Separated,Unverified,"278,508,208"
6/7/2021,2021,2020,D3,Separated,Q-RIN,"192,000"
6/7/2021,2021,2020,D3,Separated,Unverified,"66,604"
6/7/2021,2021,2020,D4,Assigned,Unverified,"31,555"
6/7/2021,2021,2020,D4,Separated,Q-RIN,"10,031,060"
6/7/2021,2021,2020,D4,Separated,Unverified,"4,809,959"
6/7/2021,2021,2020,D5,Separated,Unverified,"200,000"
6/7/2021,2021,2020,D6,Separated,Unverified,"35,375,788"
6/7/2021,2021,2021,D3,Separated,Q-RIN,"14,327,958"
6/7/2021,2021,2021,D4,Assigned,Q-RIN,"9,059,851"
6/7/2021,2021,2021,D4,Assigned,Unverified,"97,656,772"
6/7/2021,2021,2021,D4,Separated,Q-RIN,"19,258,348"
6/7/2021,2021,2021,D4,Separated,Unverified,"131,481,341"
6/7/2021,2021,2021,D5,Assigned,Q-RIN,"142,414"
6/7/2021,2021,2021,D5,Assigned,Unverified,"481,426"
6/7/2021,2021,2021,D5,Separated,Q-RIN,"63,588"
6/7/2021,2021,2021,D5,Separated,Unverified,"664,582"
6/7/2021,2021,2021,D6,Assigned,Unverified,"535,151,747"
6/7/2021,2021,2021,D6,Separated,Unverified,"412,565,723"
6/14/2021,2021,2020,D3,Separated,Q-RIN,"2,509,929"
6/14/2021,2021,2020,D4,Assigned,Unverified,"211,081"
6/14/2021,2021,2020,D4,Separated,Q-RIN,"10,000,000"
6/14/2021,2021,2020,D4,Separated,Unverified,"4,379,369"
6/14/2021,2021,2020,D5,Separated,Unverified,"2,025,000"
6/14/2021,2021,2020,D6,Assigned,Unverified,"722,763"
6/14/2021,2021,2020,D6,Separated,Unverified,"35,582,424"
6/14/2021,2021,2021,D3,Separated,Q-RIN,"23,056,151"
6/14/2021,2021,2021,D4,Assigned,Q-RIN,"10,615,056"
6/14/2021,2021,2021,D4,Assigned,Unverified,"102,509,186"
6/14/2021,2021,2021,D4,Separated,Q-RIN,"21,640,619"
6/14/2021,2021,2021,D4,Separated,Unverified,"100,162,916"
6/14/2021,2021,2021,D5,Assigned,Q-RIN,"120,341"
6/14/2021,2021,2021,D5,Assigned,Unverified,"486,888"
6/14/2021,2021,2021,D5,Separated,Q-RIN,"1,750,000"
6/14/2021,2021,2021,D5,Separated,Unverified,"2,667,359"
6/14/2021,2021,2021,D6,Assigned,Unverified,"530,869,304"
6/14/2021,2021,2021,D6,Separated,Unverified,"478,578,161"
6/21/2021,2021,2020,D3,Separated,Q-RIN,"626,421"
6/21/2021,2021,2020,D3,Separated,Unverified,"9,979"
6/21/2021,2021,2020,D4,Assigned,Unverified,"1,112"
6/21/2021,2021,2020,D4,Separated,Q-RIN,"1,662,496"
6/21/2021,2021,2020,D4,Separated,Unverified,"15,222,344"
6/21/2021,2021,2020,D6,Assigned,Unverified,"7,297"
6/21/2021,2021,2020,D6,Separated,Unverified,"44,327,645"
6/21/2021,2021,2021,D3,Assigned,Unverified,"23,576"
6/21/2021,2021,2021,D3,Separated,Q-RIN,"32,875,887"
6/21/2021,2021,2021,D3,Separated,Unverified,"229,195"
6/21/2021,2021,2021,D4,Assigned,Q-RIN,"13,430,232"
6/21/2021,2021,2021,D4,Assigned,Unverified,"97,139,969"
6/21/2021,2021,2021,D4,Separated,Q-RIN,"15,009,962"
6/21/2021,2021,2021,D4,Separated,Unverified,"177,822,746"
6/21/2021,2021,2021,D5,Assigned,Q-RIN,"112,365"
6/21/2021,2021,2021,D5,Assigned,Unverified,"4,405,357"
6/21/2021,2021,2021,D5,Separated,Unverified,"363,721"
6/21/2021,2021,2021,D6,Assigned,Unverified,"532,592,985"
6/21/2021,2021,2021,D6,Separated,Unverified,"323,093,825"
6/28/2021,2021,2019,D4,Assigned,Unverified,"10,403"
6/28/2021,2021,2019,D4,Separated,Unverified,"50,752"
6/28/2021,2021,2019,D6,Separated,Unverified,"183,902"
6/28/2021,2021,2020,D3,Separated,Q-RIN,"5,587,534"
6/28/2021,2021,2020,D3,Separated,Unverified,"99,800"
6/28/2021,2021,2020,D4,Assigned,Unverified,"1,489,496"
6/28/2021,2021,2020,D4,Separated,Q-RIN,"2,428,846"
6/28/2021,2021,2020,D4,Separated,Unverified,"19,021,896"
6/28/2021,2021,2020,D6,Assigned,Unverified,"7,852"
6/28/2021,2021,2020,D6,Separated,Q-RIN,"8,462"
6/28/2021,2021,2020,D6,Separated,Unverified,"28,184,244"
6/28/2021,2021,2021,D3,Separated,Q-RIN,"43,803,342"
6/28/2021,2021,2021,D3,Separated,Unverified,"35,450"
6/28/2021,2021,2021,D4,Assigned,Q-RIN,"10,602,740"
6/28/2021,2021,2021,D4,Assigned,Unverified,"95,791,904"
6/28/2021,2021,2021,D4,Separated,Q-RIN,"15,225,735"
6/28/2021,2021,2021,D4,Separated,Unverified,"138,863,526"
6/28/2021,2021,2021,D5,Assigned,Q-RIN,"73,622"
6/28/2021,2021,2021,D5,Assigned,Unverified,"1,469,293"
6/28/2021,2021,2021,D5,Separated,Q-RIN,"63,588"
6/28/2021,2021,2021,D6,Assigned,Unverified,"559,295,668"
6/28/2021,2021,2021,D6,Separated,Unverified,"406,019,372"
7/5/2021,2021,2020,D3,Separated,Q-RIN,"750,000"
7/5/2021,2021,2020,D4,Assigned,Q-RIN,"41,795"
7/5/2021,2021,2020,D4,Separated,Q-RIN,"276,167"
7/5/2021,2021,2020,D4,Separated,Unverified,"1,063,264"
7/5/2021,2021,2020,D5,Separated,Unverified,"200,000"
7/5/2021,2021,2020,D6,Assigned,Unverified,"219,697"
7/5/2021,2021,2020,D6,Separated,Unverified,"503,165"
7/5/2021,2021,2021,D3,Separated,Q-RIN,"6,564,076"
7/5/2021,2021,2021,D4,Assigned,Q-RIN,"8,529,538"
7/5/2021,2021,2021,D4,Assigned,Unverified,"71,305,212"
7/5/2021,2021,2021,D4,Separated,Q-RIN,"14,869,420"
7/5/2021,2021,2021,D4,Separated,Unverified,"69,380,284"
7/5/2021,2021,2021,D5,Assigned,Q-RIN,"116,646"
7/5/2021,2021,2021,D5,Assigned,Unverified,"446,838"
7/5/2021,2021,2021,D5,Separated,Q-RIN,"52,209"
7/5/2021,2021,2021,D5,Separated,Unverified,"857,586"
7/5/2021,2021,2021,D6,Assigned,Unverified,"532,873,201"
7/5/2021,2021,2021,D6,Separated,Unverified,"308,876,730"
7/12/2021,2021,2019,D6,Separated,Unverified,"115,803"
7/12/2021,2021,2020,D3,Separated,Q-RIN,"3,368"
7/12/2021,2021,2020,D4,Separated,Unverified,"608,523"
7/12/2021,2021,2020,D5,Separated,Unverified,"400,000"
7/12/2021,2021,2020,D6,Assigned,Unverified,"629,313"
7/12/2021,2021,2020,D6,Separated,Unverified,"17,000,000"
7/12/2021,2021,2021,D3,Separated,Q-RIN,"17,369,808"
7/12/2021,2021,2021,D3,Separated,Unverified,"376,976"
7/12/2021,2021,2021,D4,Assigned,Q-RIN,"11,568,327"
7/12/2021,2021,2021,D4,Assigned,Unverified,"104,055,050"
7/12/2021,2021,2021,D4,Separated,Q-RIN,"17,652,890"
7/12/2021,2021,2021,D4,Separated,Unverified,"226,406,955"
7/12/2021,2021,2021,D5,Assigned,Q-RIN,"266,555"
7/12/2021,2021,2021,D5,Assigned,Unverified,"352,824"
7/12/2021,2021,2021,D5,Separated,Q-RIN,"52,209"
7/12/2021,2021,2021,D5,Separated,Unverified,"1,603,921"
7/12/2021,2021,2021,D6,Assigned,Unverified,"530,449,759"
7/12/2021,2021,2021,D6,Separated,Unverified,"385,813,770"
7/19/2021,2021,2020,D4,Separated,Unverified,"6,865,644"
7/19/2021,2021,2020,D6,Separated,Unverified,"5,010,586"
7/19/2021,2021,2021,D3,Separated,Q-RIN,"17,434,950"
7/19/2021,2021,2021,D3,Separated,Unverified,"111,794"
7/19/2021,2021,2021,D4,Assigned,Q-RIN,"9,650,036"
7/19/2021,2021,2021,D4,Assigned,Unverified,"75,770,627"
7/19/2021,2021,2021,D4,Separated,Q-RIN,"14,319,420"
7/19/2021,2021,2021,D4,Separated,Unverified,"128,296,811"
7/19/2021,2021,2021,D5,Assigned,Q-RIN,"571,623"
7/19/2021,2021,2021,D5,Assigned,Unverified,"1,414,430"
7/19/2021,2021,2021,D5,Separated,Unverified,"1,671,873"
7/19/2021,2021,2021,D6,Assigned,Unverified,"554,005,294"
7/19/2021,2021,2021,D6,Separated,Unverified,"306,380,390"
7/26/2021,2021,2019,D6,Separated,Unverified,"1,217,386"
7/26/2021,2021,2020,D4,Assigned,Unverified,"22,062"
7/26/2021,2021,2020,D4,Separated,Q-RIN,"7,494"
7/26/2021,2021,2020,D4,Separated,Unverified,"2,790,097"
7/26/2021,2021,2020,D6,Separated,Unverified,"2,843,135"
7/26/2021,2021,2021,D3,Separated,Q-RIN,"32,556,244"
7/26/2021,2021,2021,D3,Separated,Unverified,"131,000"
7/26/2021,2021,2021,D4,Assigned,Q-RIN,"10,999,720"
7/26/2021,2021,2021,D4,Assigned,Unverified,"80,439,452"
7/26/2021,2021,2021,D4,Separated,Q-RIN,"14,173,343"
7/26/2021,2021,2021,D4,Separated,Unverified,"147,385,736"
7/26/2021,2021,2021,D5,Assigned,Q-RIN,"431,456"
7/26/2021,2021,2021,D5,Assigned,Unverified,"1,779,348"
7/26/2021,2021,2021,D5,Separated,Unverified,"5,056,177"
7/26/2021,2021,2021,D6,Assigned,Unverified,"570,686,461"
7/26/2021,2021,2021,D6,Separated,Unverified,"401,030,215"
8/2/2021,2021,2020,D4,Separated,Q-RIN,"109,752"
8/2/2021,2021,2020,D4,Separated,Unverified,"15,148"
8/2/2021,2021,2020,D6,Assigned,Unverified,"7,913"
8/2/2021,2021,2020,D6,Separated,Q-RIN,"9,919"
8/2/2021,2021,2020,D6,Separated,Unverified,"5,680,716"
8/2/2021,2021,2021,D3,Separated,Q-RIN,"8,491,696"
8/2/2021,2021,2021,D4,Assigned,Q-RIN,"8,253,180"
8/2/2021,2021,2021,D4,Assigned,Unverified,"82,224,172"
8/2/2021,2021,2021,D4,Separated,Q-RIN,"12,539,919"
8/2/2021,2021,2021,D4,Separated,Unverified,"51,370,117"
8/2/2021,2021,2021,D5,Assigned,Q-RIN,"110,624"
8/2/2021,2021,2021,D5,Assigned,Unverified,"666,334"
8/2/2021,2021,2021,D5,Separated,Unverified,"1,354,385"
8/2/2021,2021,2021,D6,Assigned,Unverified,"544,096,837"
8/2/2021,2021,2021,D6,Separated,Unverified,"264,139,621"
8/9/2021,2021,2019,D4,Separated,Q-RIN,"291,680"
8/9/2021,2021,2019,D4,Separated,Unverified,"10,403"
8/9/2021,2021,2020,D4,Separated,Unverified,"5,154,595"
8/9/2021,2021,2020,D5,Separated,Q-RIN,"13,171"
8/9/2021,2021,2020,D6,Separated,Unverified,"6,473,469"
8/9/2021,2021,2021,D3,Separated,Q-RIN,"3,359,214"
8/9/2021,2021,2021,D4,Assigned,Q-RIN,"9,630,460"
8/9/2021,2021,2021,D4,Assigned,Unverified,"72,253,057"
8/9/2021,2021,2021,D4,Separated,Q-RIN,"21,492,882"
8/9/2021,2021,2021,D4,Separated,Unverified,"94,970,911"
8/9/2021,2021,2021,D5,Assigned,Q-RIN,"112,937"
8/9/2021,2021,2021,D5,Assigned,Unverified,"1,193,655"
8/9/2021,2021,2021,D5,Separated,Q-RIN,"385,000"
8/9/2021,2021,2021,D5,Separated,Unverified,"1,318,548"
8/9/2021,2021,2021,D6,Assigned,Unverified,"518,046,983"
8/9/2021,2021,2021,D6,Separated,Unverified,"186,556,843"
8/16/2021,2021,2020,D4,Separated,Unverified,"17,177,036"
8/16/2021,2021,2020,D5,Separated,Q-RIN,"13,171"
8/16/2021,2021,2020,D5,Separated,Unverified,"400,000"
8/16/2021,2021,2020,D6,Assigned,Unverified,"1,681,989"
8/16/2021,2021,2020,D6,Separated,Unverified,"3,182,886"
8/16/2021,2021,2021,D3,Separated,Q-RIN,"26,390,680"
8/16/2021,2021,2021,D3,Separated,Unverified,"231,304"
8/16/2021,2021,2021,D4,Assigned,Q-RIN,"8,859,805"
8/16/2021,2021,2021,D4,Assigned,Unverified,"101,400,494"
8/16/2021,2021,2021,D4,Separated,Q-RIN,"13,258,931"
8/16/2021,2021,2021,D4,Separated,Unverified,"112,284,675"
8/16/2021,2021,2021,D5,Assigned,Q-RIN,"60,210"
8/16/2021,2021,2021,D5,Assigned,Unverified,"961,024"
8/16/2021,2021,2021,D5,Separated,Q-RIN,"500,000"
8/16/2021,2021,2021,D5,Separated,Unverified,"4,161,873"
8/16/2021,2021,2021,D6,Assigned,Unverified,"501,770,507"
8/16/2021,2021,2021,D6,Separated,Unverified,"186,442,866"
8/23/2021,2021,2020,D3,Separated,Q-RIN,"7,044"
8/23/2021,2021,2020,D4,Assigned,Unverified,"514,080"
8/23/2021,2021,2020,D4,Separated,Q-RIN,"14,231"
8/23/2021,2021,2020,D4,Separated,Unverified,"2,580,610"
8/23/2021,2021,2020,D5,Separated,Unverified,"39,840"
8/23/2021,2021,2021,D3,Separated,Q-RIN,"27,722,516"
8/23/2021,2021,2021,D3,Separated,Unverified,"185,209"
8/23/2021,2021,2021,D4,Assigned,Q-RIN,"11,724,967"
8/23/2021,2021,2021,D4,Assigned,Unverified,"125,145,429"
8/23/2021,2021,2021,D4,Separated,Q-RIN,"11,019,769"
8/23/2021,2021,2021,D4,Separated,Unverified,"95,297,106"
8/23/2021,2021,2021,D5,Assigned,Q-RIN,"92,856"
8/23/2021,2021,2021,D5,Assigned,Unverified,"807,057"
8/23/2021,2021,2021,D5,Separated,Q-RIN,"109,268"
8/23/2021,2021,2021,D5,Separated,Unverified,"2,122,803"
8/23/2021,2021,2021,D6,Assigned,Unverified,"501,123,542"
8/23/2021,2021,2021,D6,Separated,Unverified,"226,025,664"
8/30/2021,2021,2020,D3,Separated,Q-RIN,"7,714"
8/30/2021,2021,2020,D4,Separated,Unverified,"22,464,759"
8/30/2021,2021,2020,D6,Separated,Unverified,"16,755,125"
8/30/2021,2021,2021,D3,Separated,Q-RIN,"25,141,460"
8/30/2021,2021,2021,D3,Separated,Unverified,"223,246"
8/30/2021,2021,2021,D4,Assigned,Q-RIN,"6,266,634"
8/30/2021,2021,2021,D4,Assigned,Unverified,"75,817,667"
8/30/2021,2021,2021,D4,Separated,Q-RIN,"15,314,325"
8/30/2021,2021,2021,D4,Separated,Unverified,"114,715,758"
8/30/2021,2021,2021,D5,Assigned,Q-RIN,"30,523"
8/30/2021,2021,2021,D5,Assigned,Unverified,"1,567,003"
8/30/2021,2021,2021,D5,Separated,Unverified,"508,606"
8/30/2021,2021,2021,D6,Assigned,Unverified,"520,886,605"
8/30/2021,2021,2021,D6,Separated,Unverified,"355,907,475"
9/6/2021,2021,2020,D4,Assigned,Unverified,"5,408"
9/6/2021,2021,2020,D4,Separated,Q-RIN,"1,062,506"
9/6/2021,2021,2020,D4,Separated,Unverified,"14,000,000"
9/6/2021,2021,2020,D5,Separated,Unverified,"400,000"
9/6/2021,2021,2020,D6,Separated,Q-RIN,"249,528"
9/6/2021,2021,2020,D6,Separated,Unverified,"13,750,472"
9/6/2021,2021,2021,D3,Separated,Q-RIN,"6,654,082"
9/6/2021,2021,2021,D4,Assigned,Q-RIN,"11,015,070"
9/6/2021,2021,2021,D4,Assigned,Unverified,"69,741,829"
9/6/2021,2021,2021,D4,Separated,Q-RIN,"12,562,611"
9/6/2021,2021,2021,D4,Separated,Unverified,"93,100,822"
9/6/2021,2021,2021,D5,Assigned,Unverified,"3,205,988"
9/6/2021,2021,2021,D5,Separated,Q-RIN,"175,770"
9/6/2021,2021,2021,D5,Separated,Unverified,"3,024,774"
9/6/2021,2021,2021,D6,Assigned,Unverified,"497,627,495"
9/6/2021,2021,2021,D6,Separated,Unverified,"239,862,370"
9/13/2021,2021,2019,D4,Separated,Q-RIN,"717,354"
9/13/2021,2021,2020,D4,Separated,Q-RIN,"1,129,742"
9/13/2021,2021,2020,D4,Separated,Unverified,"16,131,174"
9/13/2021,2021,2020,D5,Separated,Unverified,"5,000,000"
9/13/2021,2021,2020,D6,Separated,Unverified,"3,664,612"
9/13/2021,2021,2021,D3,Separated,Q-RIN,"19,843,918"
9/13/2021,2021,2021,D3,Separated,Unverified,"102,880"
9/13/2021,2021,2021,D4,Assigned,Q-RIN,"14,484,634"
9/13/2021,2021,2021,D4,Assigned,Unverified,"82,111,511"
9/13/2021,2021,2021,D4,Separated,Q-RIN,"23,346,635"
9/13/2021,2021,2021,D4,Separated,Unverified,"139,441,741"
9/13/2021,2021,2021,D5,Assigned,Q-RIN,"7,962"
9/13/2021,2021,2021,D5,Assigned,Unverified,"686,061"
9/13/2021,2021,2021,D5,Separated,Unverified,"6,063,337"
9/13/2021,2021,2021,D6,Assigned,Unverified,"519,235,420"
9/13/2021,2021,2021,D6,Separated,Unverified,"362,426,286"
9/20/2021,2021,2019,D3,Separated,Unverified,"20,000"
9/20/2021,2021,2019,D4,Assigned,Q-RIN,"5,083"
9/20/2021,2021,2019,D6,Separated,Q-RIN,870
9/20/2021,2021,2019,D6,Separated,Unverified,"6,725"
9/20/2021,2021,2020,D3,Separated,Unverified,"70,056"
9/20/2021,2021,2020,D4,Assigned,Q-RIN,873
9/20/2021,2021,2020,D4,Separated,Q-RIN,"736,275"
9/20/2021,2021,2020,D4,Separated,Unverified,"14,900,684"
9/20/2021,2021,2020,D5,Assigned,Q-RIN,"39,165"
9/20/2021,2021,2020,D5,Separated,Unverified,"1,072,803"
9/20/2021,2021,2020,D6,Separated,Unverified,"20,910,042"
9/20/2021,2021,2021,D3,Separated,Q-RIN,"28,560,796"
9/20/2021,2021,2021,D3,Separated,Unverified,"24,664"
9/20/2021,2021,2021,D4,Assigned,Q-RIN,"9,896,740"
9/20/2021,2021,2021,D4,Assigned,Unverified,"90,278,951"
9/20/2021,2021,2021,D4,Separated,Q-RIN,"16,578,356"
9/20/2021,2021,2021,D4,Separated,Unverified,"179,619,595"
9/20/2021,2021,2021,D5,Assigned,Q-RIN,"15,668"
9/20/2021,2021,2021,D5,Assigned,Unverified,"489,957"
9/20/2021,2021,2021,D5,Separated,Unverified,"2,533,149"
9/20/2021,2021,2021,D6,Assigned,Unverified,"514,822,630"
9/20/2021,2021,2021,D6,Separated,Unverified,"378,619,022"
9/27/2021,2021,2019,D3,Separated,Unverified,"149,627"
9/27/2021,2021,2020,D3,Separated,Q-RIN,"2,500,000"
9/27/2021,2021,2020,D4,Separated,Q-RIN,"4,749,112"
9/27/2021,2021,2020,D4,Separated,Unverified,"1,420,692"
9/27/2021,2021,2020,D5,Assigned,Q-RIN,"39,165"
9/27/2021,2021,2020,D5,Separated,Unverified,"61,138"
9/27/2021,2021,2020,D6,Separated,Q-RIN,"249,528"
9/27/2021,2021,2020,D6,Separated,Unverified,"19,258,519"
9/27/2021,2021,2021,D3,Separated,Q-RIN,"52,040,816"
9/27/2021,2021,2021,D4,Assigned,Q-RIN,"8,632,596"
9/27/2021,2021,2021,D4,Assigned,Unverified,"67,467,440"
9/27/2021,2021,2021,D4,Separated,Q-RIN,"17,418,228"
9/27/2021,2021,2021,D4,Separated,Unverified,"179,566,865"
9/27/2021,2021,2021,D5,Assigned,Q-RIN,"25,232"
9/27/2021,2021,2021,D5,Assigned,Unverified,"1,896,815"
9/27/2021,2021,2021,D5,Separated,Unverified,"6,407,939"
9/27/2021,2021,2021,D6,Assigned,Unverified,"523,494,424"
9/27/2021,2021,2021,D6,Separated,Unverified,"633,712,321"
10/4/2021,2021,2020,D4,Separated,Q-RIN,"62,506"
10/4/2021,2021,2020,D4,Separated,Unverified,"1,543,669"
10/4/2021,2021,2020,D6,Assigned,Unverified,999
10/4/2021,2021,2020,D6,Separated,Unverified,"10,163,467"
10/4/2021,2021,2021,D3,Separated,Q-RIN,"15,915,213"
10/4/2021,2021,2021,D3,Separated,Unverified,"64,664"
10/4/2021,2021,2021,D4,Assigned,Q-RIN,"11,656,849"
10/4/2021,2021,2021,D4,Assigned,Unverified,"93,253,983"
10/4/2021,2021,2021,D4,Separated,Q-RIN,"41,366,329"
10/4/2021,2021,2021,D4,Separated,Unverified,"116,946,514"
10/4/2021,2021,2021,D5,Assigned,Q-RIN,"23,945"
10/4/2021,2021,2021,D5,Assigned,Unverified,"333,014"
10/4/2021,2021,2021,D5,Separated,Unverified,"2,797,324"
10/4/2021,2021,2021,D6,Assigned,Unverified,"497,636,191"
10/4/2021,2021,2021,D6,Separated,Unverified,"410,476,518"
10/11/2021,2021,2020,D3,Separated,Q-RIN,"1,766,155"
10/11/2021,2021,2020,D4,Separated,Q-RIN,"71,840"
10/11/2021,2021,2020,D4,Separated,Unverified,"807,929"
10/11/2021,2021,2020,D5,Separated,Unverified,"386,114"
10/11/2021,2021,2020,D6,Separated,Unverified,"9,206,615"
10/11/2021,2021,2021,D3,Separated,Q-RIN,"24,689,384"
10/11/2021,2021,2021,D4,Assigned,Q-RIN,"16,872,823"
10/11/2021,2021,2021,D4,Assigned,Unverified,"87,423,288"
10/11/2021,2021,2021,D4,Separated,Q-RIN,"19,733,228"
10/11/2021,2021,2021,D4,Separated,Unverified,"150,997,848"
10/11/2021,2021,2021,D5,Assigned,Q-RIN,"37,026"
10/11/2021,2021,2021,D5,Assigned,Unverified,"504,611"
10/11/2021,2021,2021,D5,Separated,Q-RIN,"218,150"
10/11/2021,2021,2021,D5,Separated,Unverified,"147,324"
10/11/2021,2021,2021,D6,Assigned,Unverified,"520,346,309"
10/11/2021,2021,2021,D6,Separated,Unverified,"587,342,172"
10/18/2021,2021,2019,D6,Separated,Unverified,"581,000"
10/18/2021,2021,2020,D3,Assigned,Q-RIN,"237,374"
10/18/2021,2021,2020,D4,Separated,Q-RIN,"143,246"
10/18/2021,2021,2020,D4,Separated,Unverified,"383,770"
10/18/2021,2021,2020,D6,Separated,Unverified,"12,000,000"
10/18/2021,2021,2021,D3,Separated,Q-RIN,"18,009,498"
10/18/2021,2021,2021,D3,Separated,Unverified,"1,884"
10/18/2021,2021,2021,D4,Assigned,Q-RIN,"11,451,491"
10/18/2021,2021,2021,D4,Assigned,Unverified,"126,336,862"
10/18/2021,2021,2021,D4,Separated,Q-RIN,"23,326,934"
10/18/2021,2021,2021,D4,Separated,Unverified,"219,918,674"
10/18/2021,2021,2021,D5,Assigned,Q-RIN,"144,998"
10/18/2021,2021,2021,D5,Assigned,Unverified,"438,029"
10/18/2021,2021,2021,D5,Separated,Q-RIN,"338,124"
10/18/2021,2021,2021,D5,Separated,Unverified,"6,488,975"
10/18/2021,2021,2021,D6,Assigned,Unverified,"539,782,691"
10/18/2021,2021,2021,D6,Separated,Unverified,"412,508,354"
10/25/2021,2021,2018,D4,Assigned,Q-RIN,"7,088"
10/25/2021,2021,2018,D4,Assigned,Unverified,"4,598"
10/25/2021,2021,2018,D4,Separated,Q-RIN,"1,962,742"
10/25/2021,2021,2018,D4,Separated,Unverified,"2,910,684"
10/25/2021,2021,2018,D6,Separated,Unverified,"114,904"
10/25/2021,2021,2019,D3,Separated,Q-RIN,"3,996,029"
10/25/2021,2021,2019,D3,Separated,Unverified,"44,517"
10/25/2021,2021,2019,D4,Separated,Q-RIN,"3,097,949"
10/25/2021,2021,2019,D4,Separated,Unverified,"25,909,636"
10/25/2021,2021,2019,D5,Separated,Q-RIN,10
10/25/2021,2021,2019,D6,Separated,Unverified,"125,000,000"
10/25/2021,2021,2020,D3,Separated,Q-RIN,"5,704,897"
10/25/2021,2021,2020,D4,Separated,Q-RIN,"16,927,589"
10/25/2021,2021,2020,D4,Separated,Unverified,"26,731,556"
10/25/2021,2021,2020,D5,Separated,Q-RIN,"39,165"
10/25/2021,2021,2020,D5,Separated,Unverified,"20,884,171"
10/25/2021,2021,2020,D6,Separated,Q-RIN,"7,170"
10/25/2021,2021,2020,D6,Separated,Unverified,"172,023,335"
10/25/2021,2021,2021,D3,Separated,Q-RIN,"36,300,499"
10/25/2021,2021,2021,D4,Assigned,Q-RIN,"9,992,768"
10/25/2021,2021,2021,D4,Assigned,Unverified,"106,616,564"
10/25/2021,2021,2021,D4,Separated,Q-RIN,"14,486,522"
10/25/2021,2021,2021,D4,Separated,Unverified,"193,442,458"
10/25/2021,2021,2021,D5,Assigned,Q-RIN,"132,131"
10/25/2021,2021,2021,D5,Assigned,Unverified,"2,898,910"
10/25/2021,2021,2021,D5,Separated,Unverified,"2,000,000"
10/25/2021,2021,2021,D6,Assigned,Unverified,"558,284,928"
10/25/2021,2021,2021,D6,Separated,Unverified,"400,089,116"
11/1/2021,2021,2019,D4,Separated,Unverified,1
11/1/2021,2021,2019,D6,Separated,Q-RIN,"2,274,432"
11/1/2021,2021,2019,D6,Separated,Unverified,"140,294,065"
11/1/2021,2021,2020,D3,Separated,Q-RIN,"1,000,000"
11/1/2021,2021,2020,D6,Separated,Q-RIN,"249,528"
11/1/2021,2021,2020,D6,Separated,Unverified,"14,609,304"
11/1/2021,2021,2021,D3,Separated,Q-RIN,"3,827,746"
11/1/2021,2021,2021,D4,Assigned,Q-RIN,"10,435,299"
11/1/2021,2021,2021,D4,Assigned,Unverified,"97,966,099"
11/1/2021,2021,2021,D4,Separated,Q-RIN,"17,430,815"
11/1/2021,2021,2021,D4,Separated,Unverified,"129,042,288"
11/1/2021,2021,2021,D5,Assigned,Q-RIN,"241,606"
11/1/2021,2021,2021,D5,Assigned,Unverified,"3,942,440"
11/1/2021,2021,2021,D5,Separated,Q-RIN,"385,000"
11/1/2021,2021,2021,D5,Separated,Unverified,"154,350"
11/1/2021,2021,2021,D6,Assigned,Unverified,"467,575,894"
11/1/2021,2021,2021,D6,Separated,Unverified,"391,697,451"
11/8/2021,2021,2019,D4,Separated,Unverified,"10,996"
11/8/2021,2021,2020,D3,Separated,Q-RIN,"116,155"
11/8/2021,2021,2020,D4,Separated,Unverified,"3,040,000"
11/8/2021,2021,2020,D6,Assigned,Unverified,"16,201"
11/8/2021,2021,2020,D6,Separated,Unverified,"23,977,713"
11/8/2021,2021,2021,D3,Assigned,Q-RIN,"125,000"
11/8/2021,2021,2021,D3,Separated,Q-RIN,"5,666,441"
11/8/2021,2021,2021,D3,Separated,Unverified,"31,502"
11/8/2021,2021,2021,D4,Assigned,Q-RIN,"16,434,407"
11/8/2021,2021,2021,D4,Assigned,Unverified,"115,948,372"
11/8/2021,2021,2021,D4,Separated,Q-RIN,"30,184,660"
11/8/2021,2021,2021,D4,Separated,Unverified,"121,117,017"
11/8/2021,2021,2021,D5,Assigned,Q-RIN,"245,288"
11/8/2021,2021,2021,D5,Assigned,Unverified,"512,250"
11/8/2021,2021,2021,D5,Separated,Q-RIN,"1,000,000"
11/8/2021,2021,2021,D5,Separated,Unverified,"4,500,000"
11/8/2021,2021,2021,D6,Assigned,Unverified,"529,457,713"
11/8/2021,2021,2021,D6,Separated,Unverified,"313,885,299"
11/15/2021,2021,2019,D3,Separated,Q-RIN,"1,158,035"
11/15/2021,2021,2019,D4,Separated,Q-RIN,"2,107,551"
11/15/2021,2021,2020,D3,Separated,Q-RIN,"350,000"
11/15/2021,2021,2020,D4,Separated,Unverified,"6,500,719"
11/15/2021,2021,2020,D6,Separated,Q-RIN,"31,726"
11/15/2021,2021,2020,D6,Separated,Unverified,"2,069,264"
11/15/2021,2021,2021,D3,Separated,Q-RIN,"32,181,657"
11/15/2021,2021,2021,D4,Assigned,Q-RIN,"13,357,301"
11/15/2021,2021,2021,D4,Assigned,Unverified,"74,358,250"
11/15/2021,2021,2021,D4,Separated,Q-RIN,"30,884,921"
11/15/2021,2021,2021,D4,Separated,Unverified,"126,721,089"
11/15/2021,2021,2021,D5,Assigned,Q-RIN,"102,598"
11/15/2021,2021,2021,D5,Assigned,Unverified,"403,683"
11/15/2021,2021,2021,D5,Separated,Q-RIN,"2,000,000"
11/15/2021,2021,2021,D5,Separated,Unverified,"50,196"
11/15/2021,2021,2021,D6,Assigned,Unverified,"548,974,663"
11/15/2021,2021,2021,D6,Separated,Unverified,"549,562,404"
11/22/2021,2021,2020,D4,Separated,Unverified,719
11/22/2021,2021,2020,D6,Separated,Unverified,"607,566"
11/22/2021,2021,2021,D3,Separated,Q-RIN,"12,994,525"
11/22/2021,2021,2021,D4,Assigned,Q-RIN,"9,850,302"
11/22/2021,2021,2021,D4,Assigned,Unverified,"87,903,179"
11/22/2021,2021,2021,D4,Separated,Q-RIN,"10,808,918"
11/22/2021,2021,2021,D4,Separated,Unverified,"122,678,578"
11/22/2021,2021,2021,D5,Assigned,Q-RIN,"95,570"
11/22/2021,2021,2021,D5,Assigned,Unverified,"685,660"
11/22/2021,2021,2021,D5,Separated,Q-RIN,"394,334"
11/22/2021,2021,2021,D5,Separated,Unverified,"986,677"
11/22/2021,2021,2021,D6,Assigned,Unverified,"455,812,293"
11/22/2021,2021,2021,D6,Separated,Unverified,"277,621,705"
11/29/2021,2021,2020,D4,Separated,Q-RIN,"1,799,804"
11/29/2021,2021,2020,D4,Separated,Unverified,"3,129,393"
11/29/2021,2021,2020,D6,Separated,Unverified,"14,081,000"
11/29/2021,2021,2021,D3,Separated,Q-RIN,"46,695,403"
11/29/2021,2021,2021,D4,Assigned,Q-RIN,"12,181,662"
11/29/2021,2021,2021,D4,Assigned,Unverified,"103,767,346"
11/29/2021,2021,2021,D4,Separated,Q-RIN,"46,300,393"
11/29/2021,2021,2021,D4,Separated,Unverified,"225,277,977"
11/29/2021,2021,2021,D5,Assigned,Q-RIN,"131,457"
11/29/2021,2021,2021,D5,Assigned,Unverified,"6,769,673"
11/29/2021,2021,2021,D5,Separated,Unverified,"1,463,277"
11/29/2021,2021,2021,D6,Assigned,Unverified,"583,959,859"
11/29/2021,2021,2021,D6,Separated,Unverified,"600,216,155"
12/6/2021,2021,2020,D4,Assigned,Unverified,"834,609"
12/6/2021,2021,2020,D4,Separated,Q-RIN,"52,274"
12/6/2021,2021,2020,D6,Assigned,Unverified,"145,247"
12/6/2021,2021,2020,D6,Separated,Unverified,"6,074,525"
12/6/2021,2021,2021,D3,Separated,Q-RIN,"12,110,149"
12/6/2021,2021,2021,D3,Separated,Unverified,"397,831"
12/6/2021,2021,2021,D4,Assigned,Q-RIN,"14,817,287"
12/6/2021,2021,2021,D4,Assigned,Unverified,"87,608,563"
12/6/2021,2021,2021,D4,Separated,Q-RIN,"44,687,587"
12/6/2021,2021,2021,D4,Separated,Unverified,"283,092,744"
12/6/2021,2021,2021,D5,Assigned,Q-RIN,"111,222"
12/6/2021,2021,2021,D5,Assigned,Unverified,"468,423"
12/6/2021,2021,2021,D5,Separated,Q-RIN,"455,181"
12/6/2021,2021,2021,D5,Separated,Unverified,"554,519"
12/6/2021,2021,2021,D6,Assigned,Q-RIN,"7,876"
12/6/2021,2021,2021,D6,Assigned,Unverified,"541,055,908"
12/6/2021,2021,2021,D6,Separated,Unverified,"571,761,575"
12/13/2021,2021,2020,D4,Assigned,Unverified,"44,363"
12/13/2021,2021,2020,D4,Separated,Unverified,"99,197"
12/13/2021,2021,2020,D5,Separated,Unverified,"223,115"
12/13/2021,2021,2020,D6,Assigned,Unverified,"223,538"
12/13/2021,2021,2020,D6,Separated,Unverified,"10,507,861"
12/13/2021,2021,2021,D3,Assigned,Q-RIN,"116,450"
12/13/2021,2021,2021,D3,Separated,Q-RIN,"27,796,606"
12/13/2021,2021,2021,D3,Separated,Unverified,133
12/13/2021,2021,2021,D4,Assigned,Q-RIN,"27,588,582"
12/13/2021,2021,2021,D4,Assigned,Unverified,"85,089,539"
12/13/2021,2021,2021,D4,Separated,Q-RIN,"19,219,888"
12/13/2021,2021,2021,D4,Separated,Unverified,"160,516,219"
12/13/2021,2021,2021,D5,Assigned,Q-RIN,"73,465"
12/13/2021,2021,2021,D5,Assigned,Unverified,"531,136"
12/13/2021,2021,2021,D5,Separated,Q-RIN,"6,500,000"
12/13/2021,2021,2021,D5,Separated,Unverified,"1,965,351"
12/13/2021,2021,2021,D6,Assigned,Unverified,"508,379,184"
12/13/2021,2021,2021,D6,Separated,Unverified,"829,954,570"
12/20/2021,2021,2018,D3,Separated,Unverified,"35,181"
12/20/2021,2021,2019,D6,Separated,Unverified,"5,500,000"
12/20/2021,2021,2020,D3,Separated,Q-RIN,"3,830,000"
12/20/2021,2021,2020,D3,Separated,Unverified,"185,000"
12/20/2021,2021,2020,D4,Separated,Q-RIN,"1,037,623"
12/20/2021,2021,2020,D4,Separated,Unverified,"21,990,015"
12/20/2021,2021,2020,D5,Separated,Unverified,"2,087,428"
12/20/2021,2021,2020,D6,Separated,Unverified,"11,258,198"
12/20/2021,2021,2021,D3,Assigned,Q-RIN,"68,550"
12/20/2021,2021,2021,D3,Separated,Q-RIN,"53,412,441"
12/20/2021,2021,2021,D3,Separated,Unverified,"1,173"
12/20/2021,2021,2021,D4,Assigned,Q-RIN,"13,344,760"
12/20/2021,2021,2021,D4,Assigned,Unverified,"105,735,479"
12/20/2021,2021,2021,D4,Separated,Q-RIN,"55,744,111"
12/20/2021,2021,2021,D4,Separated,Unverified,"265,658,469"
12/20/2021,2021,2021,D5,Assigned,Q-RIN,"55,012"
12/20/2021,2021,2021,D5,Assigned,Unverified,"561,602"
12/20/2021,2021,2021,D5,Separated,Q-RIN,"2,140,186"
12/20/2021,2021,2021,D5,Separated,Unverified,"16,969,264"
12/20/2021,2021,2021,D6,Assigned,Unverified,"507,374,534"
12/20/2021,2021,2021,D6,Separated,Unverified,"850,354,647"
12/27/2021,2021,2019,D6,Separated,Unverified,"2,053,783"
12/27/2021,2021,2020,D3,Separated,Q-RIN,"3,025,828"
12/27/2021,2021,2020,D4,Separated,Q-RIN,"26,840"
12/27/2021,2021,2020,D4,Separated,Unverified,"15,036,409"
12/27/2021,2021,2020,D5,Separated,Unverified,"418,396"
12/27/2021,2021,2020,D6,Assigned,Unverified,"479,780"
12/27/2021,2021,2020,D6,Separated,Q-RIN,"75,969"
12/27/2021,2021,2020,D6,Separated,Unverified,"4,519,271"
12/27/2021,2021,2021,D3,Separated,Q-RIN,"24,262,515"
12/27/2021,2021,2021,D3,Separated,Unverified,"1,173"
12/27/2021,2021,2021,D4,Assigned,Q-RIN,"21,780,790"
12/27/2021,2021,2021,D4,Assigned,Unverified,"126,132,815"
12/27/2021,2021,2021,D4,Separated,Q-RIN,"30,799,341"
12/27/2021,2021,2021,D4,Separated,Unverified,"226,631,618"
12/27/2021,2021,2021,D5,Assigned,Q-RIN,"22,531"
12/27/2021,2021,2021,D5,Assigned,Unverified,"6,308,769"
12/27/2021,2021,2021,D5,Separated,Q-RIN,"140,186"
12/27/2021,2021,2021,D5,Separated,Unverified,"2,516,050"
12/27/2021,2021,2021,D6,Assigned,Unverified,"463,738,253"
12/27/2021,2021,2021,D6,Separated,Unverified,"564,697,586"
12/27/2021,2022,2021,D4,Assigned,Q-RIN,"319,265"
12/27/2021,2022,2021,D4,Assigned,Unverified,"2,419,101"
12/27/2021,2022,2021,D6,Assigned,Unverified,"19,263,764"
12/27/2021,2022,2021,D6,Separated,Unverified,"9,299,208"
12/27/2021,2022,2022,D4,Assigned,Q-RIN,"163,005"
12/27/2021,2022,2022,D4,Assigned,Unverified,"1,955,978"
12/27/2021,2022,2022,D5,Assigned,Unverified,"77,737"
12/27/2021,2022,2022,D6,Assigned,Unverified,"25,872,209"
12/27/2021,2022,2022,D6,Separated,Unverified,"7,857"
1/3/2022,2022,2019,D3,Assigned,Unverified,419
1/3/2022,2022,2019,D6,Separated,Unverified,"25,797"
1/3/2022,2022,2020,D3,Separated,Q-RIN,"1,986,428"
1/3/2022,2022,2020,D4,Separated,Unverified,"2,010,971"
1/3/2022,2022,2020,D5,Separated,Unverified,"84,198"
1/3/2022,2022,2020,D6,Separated,Unverified,"5,524,481"
1/3/2022,2022,2021,D3,Separated,Q-RIN,"13,489,911"
1/3/2022,2022,2021,D3,Separated,Unverified,"315,925"
1/3/2022,2022,2021,D4,Assigned,Q-RIN,"22,920,700"
1/3/2022,2022,2021,D4,Assigned,Unverified,"32,676,863"
1/3/2022,2022,2021,D4,Separated,Q-RIN,"28,520,494"
1/3/2022,2022,2021,D4,Separated,Unverified,"98,723,365"
1/3/2022,2022,2021,D5,Assigned,Q-RIN,"1,972"
1/3/2022,2022,2021,D5,Assigned,Unverified,"2,342,046"
1/3/2022,2022,2021,D5,Separated,Q-RIN,"48,094"
1/3/2022,2022,2021,D5,Separated,Unverified,"911,307"
1/3/2022,2022,2021,D6,Assigned,Unverified,"159,816,269"
1/3/2022,2022,2021,D6,Separated,Unverified,"512,577,068"
1/3/2022,2022,2022,D4,Assigned,Q-RIN,"3,294,175"
1/3/2022,2022,2022,D4,Assigned,Unverified,"22,160,571"
1/3/2022,2022,2022,D4,Separated,Q-RIN,"10,088"
1/3/2022,2022,2022,D4,Separated,Unverified,"319,112"
1/3/2022,2022,2022,D5,Assigned,Q-RIN,"83,108"
1/3/2022,2022,2022,D5,Assigned,Unverified,"561,000"
1/3/2022,2022,2022,D6,Assigned,Unverified,"299,045,002"
1/3/2022,2022,2022,D6,Separated,Unverified,"5,565,009"
1/10/2022,2022,2020,D3,Separated,Q-RIN,"678,084"
1/10/2022,2022,2020,D3,Separated,Unverified,"185,000"
1/10/2022,2022,2020,D4,Separated,Unverified,"7,516"
1/10/2022,2022,2020,D5,Separated,Unverified,"746,472"
1/10/2022,2022,2020,D6,Separated,Unverified,"19,001,348"
1/10/2022,2022,2021,D3,Separated,Q-RIN,"18,317,599"
1/10/2022,2022,2021,D3,Separated,Unverified,"250,958"
1/10/2022,2022,2021,D4,Assigned,Q-RIN,"2,031,938"
1/10/2022,2022,2021,D4,Assigned,Unverified,"38,106,365"
1/10/2022,2022,2021,D4,Separated,Q-RIN,"11,995,062"
1/10/2022,2022,2021,D4,Separated,Unverified,"117,101,795"
1/10/2022,2022,2021,D5,Assigned,Q-RIN,"41,788"
1/10/2022,2022,2021,D5,Assigned,Unverified,"1,875,763"
1/10/2022,2022,2021,D5,Separated,Unverified,"938,612"
1/10/2022,2022,2021,D6,Assigned,Unverified,"94,129,411"
1/10/2022,2022,2021,D6,Separated,Q-RIN,"1,000,000"
1/10/2022,2022,2021,D6,Separated,Unverified,"603,604,792"
1/10/2022,2022,2022,D4,Assigned,Q-RIN,"5,539,565"
1/10/2022,2022,2022,D4,Assigned,Unverified,"36,745,508"
1/10/2022,2022,2022,D4,Separated,Q-RIN,"3,578,443"
1/10/2022,2022,2022,D4,Separated,Unverified,"1,050,798"
1/10/2022,2022,2022,D5,Assigned,Q-RIN,"55,518"
1/10/2022,2022,2022,D5,Assigned,Unverified,"572,735"
1/10/2022,2022,2022,D5,Separated,Q-RIN,"337,888"
1/10/2022,2022,2022,D6,Assigned,Unverified,"360,315,289"
1/10/2022,2022,2022,D6,Separated,Unverified,"20,621,336"
1/17/2022,2022,2019,D6,Separated,Unverified,"9,124,806"
1/17/2022,2022,2020,D4,Separated,Q-RIN,"1,101,570"
1/17/2022,2022,2020,D4,Separated,Unverified,"25,010,337"
1/17/2022,2022,2020,D5,Separated,Q-RIN,"425,000"
1/17/2022,2022,2020,D5,Separated,Unverified,"31,000,000"
1/17/2022,2022,2020,D6,Separated,Unverified,"1,574,373"
1/17/2022,2022,2021,D3,Assigned,Q-RIN,"30,821"
1/17/2022,2022,2021,D3,Separated,Q-RIN,"24,057,588"
1/17/2022,2022,2021,D4,Assigned,Q-RIN,"10,785,583"
1/17/2022,2022,2021,D4,Assigned,Unverified,"14,181,347"
1/17/2022,2022,2021,D4,Separated,Q-RIN,"7,984,405"
1/17/2022,2022,2021,D4,Separated,Unverified,"84,275,932"
1/17/2022,2022,2021,D5,Assigned,Q-RIN,"3,804"
1/17/2022,2022,2021,D5,Assigned,Unverified,"47,429"
1/17/2022,2022,2021,D5,Separated,Unverified,"697,430"
1/17/2022,2022,2021,D6,Assigned,Unverified,"29,284,274"
1/17/2022,2022,2021,D6,Separated,Unverified,"427,811,305"
1/17/2022,2022,2022,D4,Assigned,Q-RIN,"5,973,524"
1/17/2022,2022,2022,D4,Assigned,Unverified,"65,983,856"
1/17/2022,2022,2022,D4,Separated,Q-RIN,"1,925,538"
1/17/2022,2022,2022,D4,Separated,Unverified,"5,675,828"
1/17/2022,2022,2022,D5,Assigned,Q-RIN,"27,303"
1/17/2022,2022,2022,D5,Assigned,Unverified,"523,466"
1/17/2022,2022,2022,D5,Separated,Unverified,"41,162"
1/17/2022,2022,2022,D6,Assigned,Unverified,"424,431,635"
1/17/2022,2022,2022,D6,Separated,Unverified,"33,330,201"
1/24/2022,2022,2018,D5,Separated,Unverified,"21,965"
1/24/2022,2022,2019,D6,Assigned,Q-RIN,"51,807"
1/24/2022,2022,2020,D4,Separated,Q-RIN,"550,785"
1/24/2022,2022,2020,D6,Assigned,Unverified,"10,889"
1/24/2022,2022,2020,D6,Separated,Unverified,"10,631,837"
1/24/2022,2022,2021,D3,Separated,Q-RIN,"31,362,202"
1/24/2022,2022,2021,D4,Assigned,Q-RIN,"619,705"
1/24/2022,2022,2021,D4,Assigned,Unverified,"33,738,817"
1/24/2022,2022,2021,D4,Separated,Q-RIN,"4,580,391"
1/24/2022,2022,2021,D4,Separated,Unverified,"113,392,143"
1/24/2022,2022,2021,D5,Assigned,Q-RIN,"526,736"
1/24/2022,2022,2021,D5,Separated,Unverified,"2,305,211"
1/24/2022,2022,2021,D6,Assigned,Unverified,"9,932,443"
1/24/2022,2022,2021,D6,Separated,Q-RIN,"1,000,000"
1/24/2022,2022,2021,D6,Separated,Unverified,"355,850,130"
1/24/2022,2022,2022,D4,Assigned,Q-RIN,"5,233,752"
1/24/2022,2022,2022,D4,Assigned,Unverified,"48,070,097"
1/24/2022,2022,2022,D4,Separated,Q-RIN,"5,553,368"
1/24/2022,2022,2022,D4,Separated,Unverified,"8,299,593"
1/24/2022,2022,2022,D5,Assigned,Q-RIN,"53,210"
1/24/2022,2022,2022,D5,Assigned,Unverified,"487,658"
1/24/2022,2022,2022,D5,Separated,Q-RIN,"224,856"
1/24/2022,2022,2022,D5,Separated,Unverified,"613,168"
1/24/2022,2022,2022,D6,Assigned,Unverified,"498,985,029"
1/24/2022,2022,2022,D6,Separated,Unverified,"50,940,552"
1/31/2022,2022,2019,D3,Separated,Q-RIN,"33,923"
1/31/2022,2022,2019,D4,Separated,Q-RIN,"137,313"
1/31/2022,2022,2019,D4,Separated,Unverified,"235,996"
1/31/2022,2022,2020,D4,Separated,Q-RIN,"40,817"
1/31/2022,2022,2020,D4,Separated,Unverified,"22,045"
1/31/2022,2022,2020,D5,Separated,Unverified,"689,702"
1/31/2022,2022,2020,D6,Separated,Unverified,"500,000"
1/31/2022,2022,2021,D3,Separated,Q-RIN,"15,186,034"
1/31/2022,2022,2021,D3,Separated,Unverified,"130,058"
1/31/2022,2022,2021,D4,Assigned,Q-RIN,"518,665"
1/31/2022,2022,2021,D4,Assigned,Unverified,"8,731,118"
1/31/2022,2022,2021,D4,Separated,Q-RIN,"5,350,955"
1/31/2022,2022,2021,D4,Separated,Unverified,"71,849,234"
1/31/2022,2022,2021,D5,Assigned,Unverified,"81,294"
1/31/2022,2022,2021,D6,Assigned,Unverified,"5,465,957"
1/31/2022,2022,2021,D6,Separated,Unverified,"178,468,087"
1/31/2022,2022,2022,D3,Separated,Q-RIN,"198,000"
1/31/2022,2022,2022,D4,Assigned,Q-RIN,"8,032,072"
1/31/2022,2022,2022,D4,Assigned,Unverified,"47,851,029"
1/31/2022,2022,2022,D4,Separated,Q-RIN,"7,892,357"
1/31/2022,2022,2022,D4,Separated,Unverified,"11,271,617"
1/31/2022,2022,2022,D5,Assigned,Q-RIN,"35,928"
1/31/2022,2022,2022,D5,Assigned,Unverified,"2,388,736"
1/31/2022,2022,2022,D6,Assigned,Unverified,"490,527,845"
1/31/2022,2022,2022,D6,Separated,Unverified,"126,579,830"
2/7/2022,2022,2020,D4,Separated,Unverified,"288,830"
2/7/2022,2022,2021,D3,Separated,Q-RIN,"6,153,475"
2/7/2022,2022,2021,D3,Separated,Unverified,"469,001"
2/7/2022,2022,2021,D4,Assigned,Q-RIN,"7,831,404"
2/7/2022,2022,2021,D4,Assigned,Unverified,"83,343,544"
2/7/2022,2022,2021,D4,Separated,Q-RIN,"11,509,215"
2/7/2022,2022,2021,D4,Separated,Unverified,"140,906,637"
2/7/2022,2022,2021,D5,Assigned,Q-RIN,"8,006"
2/7/2022,2022,2021,D5,Separated,Unverified,"2,029,311"
2/7/2022,2022,2021,D6,Assigned,Unverified,"943,850"
2/7/2022,2022,2021,D6,Separated,Q-RIN,"7,812"
2/7/2022,2022,2021,D6,Separated,Unverified,"108,019,826"
2/7/2022,2022,2022,D3,Assigned,Q-RIN,"87,513"
2/7/2022,2022,2022,D3,Separated,Q-RIN,"100,000"
2/7/2022,2022,2022,D4,Assigned,Q-RIN,"9,705,799"
2/7/2022,2022,2022,D4,Assigned,Unverified,"84,373,481"
2/7/2022,2022,2022,D4,Separated,Q-RIN,"8,156,685"
2/7/2022,2022,2022,D4,Separated,Unverified,"12,531,557"
2/7/2022,2022,2022,D5,Assigned,Q-RIN,"28,704"
2/7/2022,2022,2022,D5,Assigned,Unverified,"602,646"
2/7/2022,2022,2022,D5,Separated,Q-RIN,"189,336"
2/7/2022,2022,2022,D5,Separated,Unverified,"382,836"
2/7/2022,2022,2022,D6,Assigned,Unverified,"515,465,897"
2/7/2022,2022,2022,D6,Separated,Unverified,"123,601,834"
2/14/2022,2022,2020,D3,Separated,Q-RIN,987
2/14/2022,2022,2020,D4,Separated,Unverified,"6,257,427"
2/14/2022,2022,2020,D5,Separated,Q-RIN,"6,250,000"
2/14/2022,2022,2020,D5,Separated,Unverified,"15,000,000"
2/14/2022,2022,2020,D6,Separated,Unverified,"29,110,000"
2/14/2022,2022,2021,D3,Separated,Q-RIN,"14,565,701"
2/14/2022,2022,2021,D3,Separated,Unverified,"12,611"
2/14/2022,2022,2021,D4,Assigned,Q-RIN,"3,236,319"
2/14/2022,2022,2021,D4,Assigned,Unverified,"69,685,470"
2/14/2022,2022,2021,D4,Separated,Q-RIN,"26,980,030"
2/14/2022,2022,2021,D4,Separated,Unverified,"192,416,260"
2/14/2022,2022,2021,D5,Assigned,Q-RIN,"526,736"
2/14/2022,2022,2021,D5,Assigned,Unverified,"310,044"
2/14/2022,2022,2021,D5,Separated,Unverified,"561,000"
2/14/2022,2022,2021,D6,Assigned,Unverified,"506,461"
2/14/2022,2022,2021,D6,Separated,Unverified,"155,412,340"
2/14/2022,2022,2022,D3,Separated,Q-RIN,"7,105,573"
2/14/2022,2022,2022,D4,Assigned,Q-RIN,"8,901,798"
2/14/2022,2022,2022,D4,Assigned,Unverified,"54,561,597"
2/14/2022,2022,2022,D4,Separated,Q-RIN,"21,106,027"
2/14/2022,2022,2022,D4,Separated,Unverified,"32,931,317"
2/14/2022,2022,2022,D5,Assigned,Unverified,"2,447,142"
2/14/2022,2022,2022,D5,Separated,Q-RIN,"2,689,336"
2/14/2022,2022,2022,D5,Separated,Unverified,"142,856"
2/14/2022,2022,2022,D6,Assigned,Unverified,"506,457,156"
2/14/2022,2022,2022,D6,Separated,Unverified,"161,113,675"
2/21/2022,2022,2019,D4,Separated,Q-RIN,"439,512"
2/21/2022,2022,2020,D4,Separated,Unverified,"5,000,000"
2/21/2022,2022,2020,D5,Separated,Unverified,"15,000,000"
2/21/2022,2022,2020,D6,Separated,Unverified,"20,500,000"
2/21/2022,2022,2021,D3,Separated,Q-RIN,"9,477,862"
2/21/2022,2022,2021,D3,Separated,Unverified,"1,009"
2/21/2022,2022,2021,D4,Assigned,Q-RIN,"181,910"
2/21/2022,2022,2021,D4,Assigned,Unverified,"11,471,996"
2/21/2022,2022,2021,D4,Separated,Q-RIN,"11,946,901"
2/21/2022,2022,2021,D4,Separated,Unverified,"176,844,739"
2/21/2022,2022,2021,D5,Separated,Unverified,"734,487"
2/21/2022,2022,2021,D6,Assigned,Unverified,"722,247"
2/21/2022,2022,2021,D6,Separated,Unverified,"140,106,756"
2/21/2022,2022,2022,D3,Separated,Q-RIN,"10,822,747"
2/21/2022,2022,2022,D4,Assigned,Q-RIN,"8,107,843"
2/21/2022,2022,2022,D4,Assigned,Unverified,"61,407,922"
2/21/2022,2022,2022,D4,Separated,Q-RIN,"12,665,192"
2/21/2022,2022,2022,D4,Separated,Unverified,"38,585,130"
2/21/2022,2022,2022,D5,Assigned,Unverified,"620,303"
2/21/2022,2022,2022,D5,Separated,Unverified,"2,783,588"
2/21/2022,2022,2022,D6,Assigned,Unverified,"499,561,459"
2/21/2022,2022,2022,D6,Separated,Unverified,"159,077,708"
2/28/2022,2022,2020,D4,Separated,Unverified,"1,722,140"
2/28/2022,2022,2020,D6,Assigned,Unverified,999
2/28/2022,2022,2020,D6,Separated,Unverified,"8,332,256"
2/28/2022,2022,2021,D3,Separated,Q-RIN,"14,280,641"
2/28/2022,2022,2021,D3,Separated,Unverified,"125,479"
2/28/2022,2022,2021,D4,Assigned,Q-RIN,"220,362"
2/28/2022,2022,2021,D4,Assigned,Unverified,"18,829,263"
2/28/2022,2022,2021,D4,Separated,Q-RIN,"12,643,497"
2/28/2022,2022,2021,D4,Separated,Unverified,"144,597,631"
2/28/2022,2022,2021,D5,Separated,Q-RIN,"57,313"
2/28/2022,2022,2021,D6,Assigned,Unverified,"1,329,870"
2/28/2022,2022,2021,D6,Separated,Unverified,"186,393,974"
2/28/2022,2022,2022,D3,Separated,Q-RIN,"26,920,495"
2/28/2022,2022,2022,D4,Assigned,Q-RIN,"14,384,544"
2/28/2022,2022,2022,D4,Assigned,Unverified,"67,527,457"
2/28/2022,2022,2022,D4,Separated,Q-RIN,"20,139,431"
2/28/2022,2022,2022,D4,Separated,Unverified,"31,473,483"
2/28/2022,2022,2022,D5,Assigned,Q-RIN,"37,751"
2/28/2022,2022,2022,D5,Assigned,Unverified,"1,635,858"
2/28/2022,2022,2022,D5,Separated,Q-RIN,"291,426"
2/28/2022,2022,2022,D5,Separated,Unverified,"1,000,000"
2/28/2022,2022,2022,D6,Assigned,Unverified,"566,964,284"
2/28/2022,2022,2022,D6,Separated,Unverified,"264,052,594"
3/7/2022,2022,2019,D3,Separated,Q-RIN,"707,365"
3/7/2022,2022,2019,D4,Separated,Q-RIN,"1,017,985"
3/7/2022,2022,2019,D4,Separated,Unverified,"8,810"
3/7/2022,2022,2019,D6,Separated,Unverified,"16,067,787"
3/7/2022,2022,2020,D3,Separated,Q-RIN,"786,858"
3/7/2022,2022,2020,D4,Separated,Q-RIN,"9,051,066"
3/7/2022,2022,2020,D4,Separated,Unverified,"1,767,164"
3/7/2022,2022,2020,D6,Separated,Unverified,"33,067,787"
3/7/2022,2022,2021,D3,Separated,Q-RIN,"1,713,590"
3/7/2022,2022,2021,D4,Assigned,Q-RIN,"35,987"
3/7/2022,2022,2021,D4,Assigned,Unverified,"41,748,634"
3/7/2022,2022,2021,D4,Separated,Q-RIN,"2,833,922"
3/7/2022,2022,2021,D4,Separated,Unverified,"107,136,343"
3/7/2022,2022,2021,D5,Separated,Unverified,"661,165"
3/7/2022,2022,2021,D6,Assigned,Unverified,"80,466"
3/7/2022,2022,2021,D6,Separated,Unverified,"122,708,092"
3/7/2022,2022,2022,D3,Separated,Q-RIN,"10,377,373"
3/7/2022,2022,2022,D3,Separated,Unverified,"306,574"
3/7/2022,2022,2022,D4,Assigned,Q-RIN,"7,539,043"
3/7/2022,2022,2022,D4,Assigned,Unverified,"57,579,457"
3/7/2022,2022,2022,D4,Separated,Q-RIN,"16,593,126"
3/7/2022,2022,2022,D4,Separated,Unverified,"56,229,480"
3/7/2022,2022,2022,D5,Assigned,Unverified,"574,480"
3/7/2022,2022,2022,D5,Separated,Q-RIN,"152,464"
3/7/2022,2022,2022,D5,Separated,Unverified,"1,157,147"
3/7/2022,2022,2022,D6,Assigned,Unverified,"506,064,155"
3/7/2022,2022,2022,D6,Separated,Unverified,"184,483,850"
3/14/2022,2022,2020,D3,Separated,Q-RIN,"2,044"
3/14/2022,2022,2020,D4,Separated,Q-RIN,"156,466"
3/14/2022,2022,2020,D4,Separated,Unverified,"4,681,079"
3/14/2022,2022,2020,D5,Separated,Q-RIN,"8,150,000"
3/14/2022,2022,2020,D5,Separated,Unverified,"3,752,927"
3/14/2022,2022,2020,D6,Separated,Unverified,"17,830,000"
3/14/2022,2022,2021,D3,Separated,Q-RIN,"1,568,560"
3/14/2022,2022,2021,D4,Assigned,Q-RIN,"65,845"
3/14/2022,2022,2021,D4,Assigned,Unverified,"30,641,364"
3/14/2022,2022,2021,D4,Separated,Q-RIN,"6,954,075"
3/14/2022,2022,2021,D4,Separated,Unverified,"109,804,636"
3/14/2022,2022,2021,D5,Separated,Q-RIN,"57,313"
3/14/2022,2022,2021,D5,Separated,Unverified,"6,306,954"
3/14/2022,2022,2021,D6,Assigned,Unverified,"1,901,634"
3/14/2022,2022,2021,D6,Separated,Unverified,"139,446,580"
3/14/2022,2022,2022,D3,Separated,Q-RIN,"11,580,375"
3/14/2022,2022,2022,D4,Assigned,Q-RIN,"6,732,884"
3/14/2022,2022,2022,D4,Assigned,Unverified,"91,270,307"
3/14/2022,2022,2022,D4,Separated,Q-RIN,"18,168,436"
3/14/2022,2022,2022,D4,Separated,Unverified,"98,168,314"
3/14/2022,2022,2022,D5,Assigned,Unverified,"690,603"
3/14/2022,2022,2022,D5,Separated,Q-RIN,"2,500,000"
3/14/2022,2022,2022,D5,Separated,Unverified,"1,297,045"
3/14/2022,2022,2022,D6,Assigned,Unverified,"527,398,429"
3/14/2022,2022,2022,D6,Separated,Unverified,"294,479,428"
3/21/2022,2022,2019,D6,Separated,Q-RIN,"210,000"
3/21/2022,2022,2020,D4,Separated,Q-RIN,"4,026,137"
3/21/2022,2022,2020,D4,Separated,Unverified,"144,920"
3/21/2022,2022,2020,D6,Separated,Unverified,"125,791,245"
3/21/2022,2022,2021,D3,Separated,Q-RIN,"1,197,767"
3/21/2022,2022,2021,D4,Assigned,Q-RIN,"17,417"
3/21/2022,2022,2021,D4,Assigned,Unverified,"13,183"
3/21/2022,2022,2021,D4,Separated,Q-RIN,"6,257,827"
3/21/2022,2022,2021,D4,Separated,Unverified,"65,001,636"
3/21/2022,2022,2021,D6,Assigned,Unverified,"99,878"
3/21/2022,2022,2021,D6,Separated,Unverified,"117,656,008"
3/21/2022,2022,2022,D3,Separated,Q-RIN,"26,626,611"
3/21/2022,2022,2022,D4,Assigned,Q-RIN,"12,293,457"
3/21/2022,2022,2022,D4,Assigned,Unverified,"101,090,447"
3/21/2022,2022,2022,D4,Separated,Q-RIN,"14,529,969"
3/21/2022,2022,2022,D4,Separated,Unverified,"44,418,766"
3/21/2022,2022,2022,D5,Assigned,Unverified,"3,974,041"
3/21/2022,2022,2022,D5,Separated,Q-RIN,"477,186"
3/21/2022,2022,2022,D5,Separated,Unverified,"1,500,000"
3/21/2022,2022,2022,D6,Assigned,Unverified,"533,414,714"
3/21/2022,2022,2022,D6,Separated,Unverified,"322,651,208"
3/28/2022,2022,2020,D5,Separated,Q-RIN,"2,324,000"
3/28/2022,2022,2020,D5,Separated,Unverified,"2,324,000"
3/28/2022,2022,2020,D6,Separated,Unverified,"103,574,373"
3/28/2022,2022,2021,D3,Separated,Q-RIN,"4,785,021"
3/28/2022,2022,2021,D3,Separated,Unverified,"903,898"
3/28/2022,2022,2021,D4,Assigned,Q-RIN,"34,589"
3/28/2022,2022,2021,D4,Assigned,Unverified,"2,256,893"
3/28/2022,2022,2021,D4,Separated,Q-RIN,"3,313,734"
3/28/2022,2022,2021,D4,Separated,Unverified,"96,683,604"
3/28/2022,2022,2021,D5,Separated,Unverified,"20,333"
3/28/2022,2022,2021,D6,Assigned,Unverified,"1,116,765"
3/28/2022,2022,2021,D6,Separated,Q-RIN,"1,000,000"
3/28/2022,2022,2021,D6,Separated,Unverified,"163,858,912"
3/28/2022,2022,2022,D3,Separated,Q-RIN,"33,979,319"
3/28/2022,2022,2022,D3,Separated,Unverified,"1,365,712"
3/28/2022,2022,2022,D4,Assigned,Q-RIN,"10,464,098"
3/28/2022,2022,2022,D4,Assigned,Unverified,"105,145,542"
3/28/2022,2022,2022,D4,Separated,Q-RIN,"26,871,287"
3/28/2022,2022,2022,D4,Separated,Unverified,"159,690,167"
3/28/2022,2022,2022,D5,Assigned,Unverified,"5,947,401"
3/28/2022,2022,2022,D5,Separated,Unverified,"2,518,956"
3/28/2022,2022,2022,D6,Assigned,Unverified,"521,493,014"
3/28/2022,2022,2022,D6,Separated,Unverified,"313,907,288"
4/4/2022,2022,2020,D3,Separated,Q-RIN,"147,740"
4/4/2022,2022,2020,D3,Separated,Unverified,"2,626"
4/4/2022,2022,2020,D4,Separated,Unverified,"168,670"
4/4/2022,2022,2020,D6,Separated,Q-RIN,"237,265"
4/4/2022,2022,2020,D6,Separated,Unverified,"12,762,735"
4/4/2022,2022,2021,D3,Separated,Q-RIN,"1,377,140"
4/4/2022,2022,2021,D3,Separated,Unverified,"5,860"
4/4/2022,2022,2021,D4,Assigned,Q-RIN,"175,820"
4/4/2022,2022,2021,D4,Assigned,Unverified,"2,420,895"
4/4/2022,2022,2021,D4,Separated,Q-RIN,"25,273"
4/4/2022,2022,2021,D4,Separated,Unverified,"12,627,453"
4/4/2022,2022,2021,D5,Assigned,Q-RIN,"8,006"
4/4/2022,2022,2021,D6,Assigned,Unverified,"998,907"
4/4/2022,2022,2021,D6,Separated,Q-RIN,"8,018"
4/4/2022,2022,2021,D6,Separated,Unverified,"96,666,496"
4/4/2022,2022,2022,D3,Assigned,Unverified,"86,794"
4/4/2022,2022,2022,D3,Separated,Q-RIN,"5,664,655"
4/4/2022,2022,2022,D4,Assigned,Q-RIN,"7,246,895"
4/4/2022,2022,2022,D4,Assigned,Unverified,"133,558,524"
4/4/2022,2022,2022,D4,Separated,Q-RIN,"11,613,293"
4/4/2022,2022,2022,D4,Separated,Unverified,"79,721,493"
4/4/2022,2022,2022,D5,Assigned,Q-RIN,"150,497"
4/4/2022,2022,2022,D5,Assigned,Unverified,"1,142,659"
4/4/2022,2022,2022,D5,Separated,Unverified,"702,046"
4/4/2022,2022,2022,D6,Assigned,Unverified,"523,557,742"
4/4/2022,2022,2022,D6,Separated,Unverified,"399,092,523"
4/11/2022,2022,2020,D4,Separated,Unverified,"7,500,000"
4/11/2022,2022,2020,D5,Separated,Q-RIN,"7,500,000"
4/11/2022,2022,2021,D3,Separated,Q-RIN,"500,000"
4/11/2022,2022,2021,D4,Assigned,Q-RIN,"193,052"
4/11/2022,2022,2021,D4,Assigned,Unverified,"182,934"
4/11/2022,2022,2021,D4,Separated,Q-RIN,"495,668"
4/11/2022,2022,2021,D4,Separated,Unverified,"8,412,380"
4/11/2022,2022,2021,D6,Assigned,Unverified,"28,471"
4/11/2022,2022,2021,D6,Separated,Unverified,"115,734,769"
4/11/2022,2022,2022,D3,Separated,Q-RIN,"18,649,495"
4/11/2022,2022,2022,D3,Separated,Unverified,"1,544,369"
4/11/2022,2022,2022,D4,Assigned,Q-RIN,"8,283,729"
4/11/2022,2022,2022,D4,Assigned,Unverified,"126,374,457"
4/11/2022,2022,2022,D4,Separated,Q-RIN,"16,887,737"
4/11/2022,2022,2022,D4,Separated,Unverified,"130,761,663"
4/11/2022,2022,2022,D5,Assigned,Q-RIN,"132,036"
4/11/2022,2022,2022,D5,Assigned,Unverified,"1,214,913"
4/11/2022,2022,2022,D5,Separated,Q-RIN,"2,500,000"
4/11/2022,2022,2022,D5,Separated,Unverified,"1,847,492"
4/11/2022,2022,2022,D6,Assigned,Unverified,"484,544,489"
4/11/2022,2022,2022,D6,Separated,Unverified,"329,052,776"
4/18/2022,2022,2021,D3,Separated,Q-RIN,"7,724,438"
4/18/2022,2022,2021,D4,Assigned,Q-RIN,"158,213"
4/18/2022,2022,2021,D4,Assigned,Unverified,"3,286,247"
4/18/2022,2022,2021,D4,Separated,Q-RIN,"315,139"
4/18/2022,2022,2021,D4,Separated,Unverified,"13,948,254"
4/18/2022,2022,2021,D6,Assigned,Unverified,"7,889"
4/18/2022,2022,2021,D6,Separated,Unverified,"62,910,080"
4/18/2022,2022,2022,D3,Separated,Q-RIN,"17,155,338"
4/18/2022,2022,2022,D3,Separated,Unverified,"123,829"
4/18/2022,2022,2022,D4,Assigned,Q-RIN,"7,243,418"
4/18/2022,2022,2022,D4,Assigned,Unverified,"77,532,529"
4/18/2022,2022,2022,D4,Separated,Q-RIN,"23,990,840"
4/18/2022,2022,2022,D4,Separated,Unverified,"78,856,554"
4/18/2022,2022,2022,D5,Assigned,Q-RIN,"454,030"
4/18/2022,2022,2022,D5,Assigned,Unverified,"1,217,322"
4/18/2022,2022,2022,D5,Separated,Q-RIN,"163,330"
4/18/2022,2022,2022,D5,Separated,Unverified,"498,628"
4/18/2022,2022,2022,D6,Assigned,Unverified,"519,797,132"
4/18/2022,2022,2022,D6,Separated,Unverified,"404,911,406"
4/25/2022,2022,2020,D3,Separated,Unverified,"23,463"
4/25/2022,2022,2020,D4,Separated,Q-RIN,"315,339"
4/25/2022,2022,2020,D4,Separated,Unverified,"206,200"
4/25/2022,2022,2020,D6,Separated,Unverified,"17,650,000"
4/25/2022,2022,2021,D3,Separated,Q-RIN,"417,952"
4/25/2022,2022,2021,D3,Separated,Unverified,"660,053"
4/25/2022,2022,2021,D4,Assigned,Q-RIN,"137,984"
4/25/2022,2022,2021,D4,Separated,Q-RIN,"1,939,079"
4/25/2022,2022,2021,D4,Separated,Unverified,"15,143,764"
4/25/2022,2022,2021,D5,Assigned,Q-RIN,"8,006"
4/25/2022,2022,2021,D5,Separated,Q-RIN,"57,313"
4/25/2022,2022,2021,D5,Separated,Unverified,"7,942"
4/25/2022,2022,2021,D6,Assigned,Unverified,"144,914"
4/25/2022,2022,2021,D6,Separated,Unverified,"116,458,526"
4/25/2022,2022,2022,D3,Separated,Q-RIN,"36,841,081"
4/25/2022,2022,2022,D3,Separated,Unverified,"36,281"
4/25/2022,2022,2022,D4,Assigned,Q-RIN,"18,485,620"
4/25/2022,2022,2022,D4,Assigned,Unverified,"97,076,344"
4/25/2022,2022,2022,D4,Separated,Q-RIN,"17,178,805"
4/25/2022,2022,2022,D4,Separated,Unverified,"179,611,277"
4/25/2022,2022,2022,D5,Assigned,Q-RIN,"21,990"
4/25/2022,2022,2022,D5,Assigned,Unverified,"8,756,894"
4/25/2022,2022,2022,D5,Separated,Q-RIN,"624,472"
4/25/2022,2022,2022,D5,Separated,Unverified,"3,717,752"
4/25/2022,2022,2022,D6,Assigned,Unverified,"534,130,556"
4/25/2022,2022,2022,D6,Separated,Unverified,"344,972,600"
5/2/2022,2022,2020,D6,Separated,Unverified,299
5/2/2022,2022,2021,D3,Separated,Q-RIN,"548,356"
5/2/2022,2022,2021,D3,Separated,Unverified,"4,350"
5/2/2022,2022,2021,D4,Separated,Q-RIN,"2,837,065"
5/2/2022,2022,2021,D4,Separated,Unverified,"18,906,775"
5/2/2022,2022,2021,D6,Assigned,Unverified,"7,824"
5/2/2022,2022,2021,D6,Separated,Unverified,"29,996,703"
5/2/2022,2022,2022,D3,Assigned,Unverified,"144,744"
5/2/2022,2022,2022,D3,Separated,Q-RIN,"8,228,919"
5/2/2022,2022,2022,D4,Assigned,Q-RIN,"9,050,882"
5/2/2022,2022,2022,D4,Assigned,Unverified,"97,855,466"
5/2/2022,2022,2022,D4,Separated,Q-RIN,"16,009,233"
5/2/2022,2022,2022,D4,Separated,Unverified,"93,591,102"
5/2/2022,2022,2022,D5,Assigned,Unverified,"967,187"
5/2/2022,2022,2022,D5,Separated,Unverified,"2,527,250"
5/2/2022,2022,2022,D6,Assigned,Unverified,"503,692,432"
5/2/2022,2022,2022,D6,Separated,Unverified,"252,996,665"
5/9/2022,2022,2020,D3,Separated,Q-RIN,"28,184"
5/9/2022,2022,2020,D6,Separated,Unverified,"2,991,435"
5/9/2022,2022,2021,D3,Separated,Q-RIN,"476,368"
5/9/2022,2022,2021,D4,Assigned,Unverified,"13,863"
5/9/2022,2022,2021,D4,Separated,Q-RIN,"766,746"
5/9/2022,2022,2021,D4,Separated,Unverified,"6,535,765"
5/9/2022,2022,2021,D6,Separated,Unverified,"48,665,261"
5/9/2022,2022,2022,D3,Assigned,Unverified,"57,639"
5/9/2022,2022,2022,D3,Separated,Q-RIN,"11,076,573"
5/9/2022,2022,2022,D4,Assigned,Q-RIN,"7,283,561"
5/9/2022,2022,2022,D4,Assigned,Unverified,"142,473,879"
5/9/2022,2022,2022,D4,Separated,Q-RIN,"7,298,846"
5/9/2022,2022,2022,D4,Separated,Unverified,"142,100,367"
5/9/2022,2022,2022,D5,Assigned,Unverified,"993,884"
5/9/2022,2022,2022,D5,Separated,Unverified,"552,114"
5/9/2022,2022,2022,D6,Assigned,Unverified,"538,202,241"
5/9/2022,2022,2022,D6,Separated,Unverified,"292,242,242"
5/16/2022,2022,2021,D3,Separated,Q-RIN,667
5/16/2022,2022,2021,D4,Separated,Q-RIN,723
5/16/2022,2022,2021,D4,Separated,Unverified,"2,445,136"
5/16/2022,2022,2021,D6,Assigned,Unverified,"1,250,009"
5/16/2022,2022,2021,D6,Separated,Unverified,"26,014,828"
5/16/2022,2022,2022,D3,Assigned,Unverified,"56,436"
5/16/2022,2022,2022,D3,Separated,Q-RIN,"19,436,653"
5/16/2022,2022,2022,D3,Separated,Unverified,"100,000"
5/16/2022,2022,2022,D4,Assigned,Q-RIN,"12,460,569"
5/16/2022,2022,2022,D4,Assigned,Unverified,"110,781,194"
5/16/2022,2022,2022,D4,Separated,Q-RIN,"24,513,259"
5/16/2022,2022,2022,D4,Separated,Unverified,"124,142,622"
5/16/2022,2022,2022,D5,Assigned,Unverified,"6,646,280"
5/16/2022,2022,2022,D5,Separated,Q-RIN,"2,257,644"
5/16/2022,2022,2022,D5,Separated,Unverified,"2,593,611"
5/16/2022,2022,2022,D6,Assigned,Unverified,"518,723,630"
5/16/2022,2022,2022,D6,Separated,Unverified,"515,800,936"
5/23/2022,2022,2020,D6,Separated,Unverified,"1,119,700"
5/23/2022,2022,2021,D3,Separated,Q-RIN,"1,950,667"
5/23/2022,2022,2021,D4,Assigned,Q-RIN,"40,745"
5/23/2022,2022,2021,D4,Assigned,Unverified,"82,464"
5/23/2022,2022,2021,D4,Separated,Q-RIN,"58,590"
5/23/2022,2022,2021,D4,Separated,Unverified,"1,191,425"
5/23/2022,2022,2021,D6,Assigned,Unverified,"7,621"
5/23/2022,2022,2021,D6,Separated,Unverified,"32,464,817"
5/23/2022,2022,2022,D3,Separated,Q-RIN,"28,574,995"
5/23/2022,2022,2022,D3,Separated,Unverified,"686,396"
5/23/2022,2022,2022,D4,Assigned,Q-RIN,"7,735,563"
5/23/2022,2022,2022,D4,Assigned,Unverified,"107,910,916"
5/23/2022,2022,2022,D4,Separated,Q-RIN,"11,568,525"
5/23/2022,2022,2022,D4,Separated,Unverified,"198,515,677"
5/23/2022,2022,2022,D5,Assigned,Unverified,"1,236,775"
5/23/2022,2022,2022,D5,Separated,Unverified,"571,454"
5/23/2022,2022,2022,D6,Assigned,Unverified,"563,885,014"
5/23/2022,2022,2022,D6,Separated,Unverified,"289,023,846"
5/30/2022,2022,2021,D4,Separated,Q-RIN,"2,315,721"
5/30/2022,2022,2021,D4,Separated,Unverified,"10,909,776"
5/30/2022,2022,2021,D6,Separated,Unverified,"67,099,176"
5/30/2022,2022,2022,D3,Separated,Q-RIN,"31,806,516"
5/30/2022,2022,2022,D4,Assigned,Q-RIN,"6,261,641"
5/30/2022,2022,2022,D4,Assigned,Unverified,"83,424,326"
5/30/2022,2022,2022,D4,Separated,Q-RIN,"9,572,865"
5/30/2022,2022,2022,D4,Separated,Unverified,"93,183,952"
5/30/2022,2022,2022,D5,Assigned,Unverified,"6,912,570"
5/30/2022,2022,2022,D5,Separated,Q-RIN,"329,004"
5/30/2022,2022,2022,D5,Separated,Unverified,"458,685"
5/30/2022,2022,2022,D6,Assigned,Unverified,"508,924,098"
5/30/2022,2022,2022,D6,Separated,Unverified,"296,843,591"
6/6/2022,2022,2020,D6,Separated,Unverified,"75,432"
6/6/2022,2022,2021,D3,Separated,Q-RIN,"2,314,931"
6/6/2022,2022,2021,D4,Separated,Q-RIN,"829,288"
6/6/2022,2022,2021,D4,Separated,Unverified,"35,630,799"
6/6/2022,2022,2021,D5,Separated,Unverified,"10,000"
6/6/2022,2022,2021,D6,Separated,Q-RIN,"70,000"
6/6/2022,2022,2021,D6,Separated,Unverified,"51,631,714"
6/6/2022,2022,2022,D3,Separated,Q-RIN,"23,034,458"
6/6/2022,2022,2022,D3,Separated,Unverified,"2,751"
6/6/2022,2022,2022,D4,Assigned,Q-RIN,"7,747,864"
6/6/2022,2022,2022,D4,Assigned,Unverified,"84,304,844"
6/6/2022,2022,2022,D4,Separated,Q-RIN,"24,281,946"
6/6/2022,2022,2022,D4,Separated,Unverified,"172,600,261"
6/6/2022,2022,2022,D5,Assigned,Unverified,"3,976,573"
6/6/2022,2022,2022,D5,Separated,Unverified,"2,745,225"
6/6/2022,2022,2022,D6,Assigned,Unverified,"558,668,206"
6/6/2022,2022,2022,D6,Separated,Unverified,"266,987,191"
6/13/2022,2022,2020,D3,Separated,Q-RIN,"10,000"
6/13/2022,2022,2020,D4,Separated,Unverified,"10,337"
6/13/2022,2022,2020,D6,Separated,Unverified,"2,596,150"
6/13/2022,2022,2021,D3,Separated,Q-RIN,"21,555"
6/13/2022,2022,2021,D4,Separated,Q-RIN,"1,330,890"
6/13/2022,2022,2021,D4,Separated,Unverified,"12,340,601"
6/13/2022,2022,2021,D5,Separated,Unverified,"10,000"
6/13/2022,2022,2021,D6,Assigned,Unverified,"14,547"
6/13/2022,2022,2021,D6,Separated,Q-RIN,"70,000"
6/13/2022,2022,2021,D6,Separated,Unverified,"52,247,715"
6/13/2022,2022,2022,D3,Assigned,Unverified,"142,896"
6/13/2022,2022,2022,D3,Separated,Q-RIN,"11,405,845"
6/13/2022,2022,2022,D4,Assigned,Q-RIN,"8,385,021"
6/13/2022,2022,2022,D4,Assigned,Unverified,"115,543,100"
6/13/2022,2022,2022,D4,Separated,Q-RIN,"20,844,537"
6/13/2022,2022,2022,D4,Separated,Unverified,"216,896,244"
6/13/2022,2022,2022,D5,Assigned,Unverified,"2,252,688"
6/13/2022,2022,2022,D5,Separated,Unverified,"2,725,535"
6/13/2022,2022,2022,D6,Assigned,Unverified,"550,310,976"
6/13/2022,2022,2022,D6,Separated,Unverified,"477,089,694"
6/20/2022,2022,2019,D3,Separated,Q-RIN,"73,754"
6/20/2022,2022,2020,D3,Separated,Q-RIN,"500,000"
6/20/2022,2022,2020,D3,Separated,Unverified,"26,089"
6/20/2022,2022,2020,D6,Separated,Unverified,"48,610"
6/20/2022,2022,2021,D3,Separated,Q-RIN,"214,549"
6/20/2022,2022,2021,D3,Separated,Unverified,"661,600"
6/20/2022,2022,2021,D4,Assigned,Q-RIN,"14,527"
6/20/2022,2022,2021,D4,Assigned,Unverified,"110,062"
6/20/2022,2022,2021,D4,Separated,Q-RIN,"93,379"
6/20/2022,2022,2021,D4,Separated,Unverified,"39,987,027"
6/20/2022,2022,2021,D6,Separated,Unverified,"81,216,676"
6/20/2022,2022,2022,D3,Separated,Q-RIN,"31,981,241"
6/20/2022,2022,2022,D4,Assigned,Q-RIN,"25,133,744"
6/20/2022,2022,2022,D4,Assigned,Unverified,"78,645,258"
6/20/2022,2022,2022,D4,Separated,Q-RIN,"32,040,576"
6/20/2022,2022,2022,D4,Separated,Unverified,"221,315,122"
6/20/2022,2022,2022,D5,Assigned,Unverified,"5,314,554"
6/20/2022,2022,2022,D5,Separated,Q-RIN,"100,000"
6/20/2022,2022,2022,D5,Separated,Unverified,"3,418,398"
6/20/2022,2022,2022,D6,Assigned,Unverified,"565,036,993"
6/20/2022,2022,2022,D6,Separated,Unverified,"595,268,491"
6/27/2022,2022,2020,D6,Separated,Unverified,"4,622,306"
6/27/2022,2022,2021,D3,Separated,Q-RIN,"168,678"
6/27/2022,2022,2021,D4,Separated,Q-RIN,"1,572,779"
6/27/2022,2022,2021,D4,Separated,Unverified,"39,374,058"
6/27/2022,2022,2021,D6,Assigned,Unverified,"473,202"
6/27/2022,2022,2021,D6,Separated,Unverified,"90,398,085"
6/27/2022,2022,2022,D3,Separated,Q-RIN,"54,762,236"
6/27/2022,2022,2022,D3,Separated,Unverified,"1,177,727"
6/27/2022,2022,2022,D4,Assigned,Q-RIN,"4,976,934"
6/27/2022,2022,2022,D4,Assigned,Unverified,"96,328,363"
6/27/2022,2022,2022,D4,Separated,Q-RIN,"37,671,160"
6/27/2022,2022,2022,D4,Separated,Unverified,"363,312,914"
6/27/2022,2022,2022,D5,Assigned,Q-RIN,"8,120"
6/27/2022,2022,2022,D5,Assigned,Unverified,"2,211,715"
6/27/2022,2022,2022,D5,Separated,Unverified,"2,370,000"
6/27/2022,2022,2022,D6,Assigned,Unverified,"540,745,635"
6/27/2022,2022,2022,D6,Separated,Unverified,"448,957,900"
7/4/2022,2022,2019,D3,Separated,Q-RIN,"12,156"
7/4/2022,2022,2019,D3,Separated,Unverified,"37,805"
7/4/2022,2022,2019,D4,Assigned,Unverified,1
7/4/2022,2022,2020,D3,Separated,Q-RIN,"199,843"
7/4/2022,2022,2020,D4,Separated,Q-RIN,"186,818"
7/4/2022,2022,2020,D4,Separated,Unverified,"5,177,873"
7/4/2022,2022,2020,D5,Separated,Unverified,"3,408,643"
7/4/2022,2022,2021,D3,Separated,Q-RIN,"4,362,336"
7/4/2022,2022,2021,D4,Assigned,Unverified,"39,274"
7/4/2022,2022,2021,D4,Separated,Q-RIN,"750,036"
7/4/2022,2022,2021,D4,Separated,Unverified,"4,607,827"
7/4/2022,2022,2021,D6,Separated,Unverified,"17,123,511"
7/4/2022,2022,2022,D3,Separated,Q-RIN,"5,364,614"
7/4/2022,2022,2022,D3,Separated,Unverified,"1,127,182"
7/4/2022,2022,2022,D4,Assigned,Q-RIN,"4,369,832"
7/4/2022,2022,2022,D4,Assigned,Unverified,"90,756,676"
7/4/2022,2022,2022,D4,Separated,Q-RIN,"8,200,819"
7/4/2022,2022,2022,D4,Separated,Unverified,"92,020,090"
7/4/2022,2022,2022,D5,Assigned,Q-RIN,"8,039"
7/4/2022,2022,2022,D5,Assigned,Unverified,"3,822,691"
7/4/2022,2022,2022,D5,Separated,Unverified,"2,350,369"
7/4/2022,2022,2022,D6,Assigned,Unverified,"475,118,895"
7/4/2022,2022,2022,D6,Separated,Unverified,"337,146,894"
7/11/2022,2022,2021,D3,Separated,Q-RIN,"3,457,900"
7/11/2022,2022,2021,D4,Separated,Q-RIN,"1,304,787"
7/11/2022,2022,2021,D4,Separated,Unverified,"16,242,646"
7/11/2022,2022,2021,D6,Assigned,Unverified,"829,942"
7/11/2022,2022,2021,D6,Separated,Unverified,"28,115,846"
7/11/2022,2022,2022,D3,Separated,Q-RIN,"14,754,988"
7/11/2022,2022,2022,D3,Separated,Unverified,"936,143"
7/11/2022,2022,2022,D4,Assigned,Q-RIN,"11,889,647"
7/11/2022,2022,2022,D4,Assigned,Unverified,"112,906,037"
7/11/2022,2022,2022,D4,Separated,Q-RIN,"9,108,977"
7/11/2022,2022,2022,D4,Separated,Unverified,"226,038,045"
7/11/2022,2022,2022,D5,Assigned,Q-RIN,"29,234"
7/11/2022,2022,2022,D5,Assigned,Unverified,"331,026"
7/11/2022,2022,2022,D5,Separated,Unverified,"1,756,314"
7/11/2022,2022,2022,D6,Assigned,Unverified,"589,388,811"
7/11/2022,2022,2022,D6,Separated,Unverified,"477,598,158"
7/18/2022,2022,2019,D3,Separated,Q-RIN,"29,550"
7/18/2022,2022,2020,D3,Separated,Q-RIN,"5,442"
7/18/2022,2022,2020,D4,Separated,Unverified,"240,748"
7/18/2022,2022,2020,D6,Separated,Unverified,"714,000"
7/18/2022,2022,2021,D3,Separated,Q-RIN,"1,045,000"
7/18/2022,2022,2021,D4,Separated,Q-RIN,"74,761"
7/18/2022,2022,2021,D4,Separated,Unverified,"20,225,529"
7/18/2022,2022,2021,D6,Assigned,Unverified,"15,770"
7/18/2022,2022,2021,D6,Separated,Unverified,"100,866,996"
7/18/2022,2022,2022,D3,Assigned,Unverified,"228,367"
7/18/2022,2022,2022,D3,Separated,Q-RIN,"16,700,216"
7/18/2022,2022,2022,D4,Assigned,Q-RIN,"9,763,821"
7/18/2022,2022,2022,D4,Assigned,Unverified,"86,057,033"
7/18/2022,2022,2022,D4,Separated,Q-RIN,"20,851,975"
7/18/2022,2022,2022,D4,Separated,Unverified,"116,665,046"
7/18/2022,2022,2022,D5,Assigned,Q-RIN,"23,163"
7/18/2022,2022,2022,D5,Assigned,Unverified,"1,121,183"
7/18/2022,2022,2022,D5,Separated,Unverified,"3,274,077"
7/18/2022,2022,2022,D6,Assigned,Unverified,"527,613,114"
7/18/2022,2022,2022,D6,Separated,Unverified,"383,487,575"
7/25/2022,2022,2020,D5,Separated,Unverified,"31,920"
7/25/2022,2022,2021,D4,Separated,Q-RIN,"250,000"
7/25/2022,2022,2021,D4,Separated,Unverified,"20,072,180"
7/25/2022,2022,2021,D5,Separated,Unverified,"49,558"
7/25/2022,2022,2021,D6,Assigned,Unverified,"7,451"
7/25/2022,2022,2021,D6,Separated,Unverified,"47,386,138"
7/25/2022,2022,2022,D3,Separated,Q-RIN,"51,898,353"
7/25/2022,2022,2022,D3,Separated,Unverified,"629,162"
7/25/2022,2022,2022,D4,Assigned,Q-RIN,"9,202,727"
7/25/2022,2022,2022,D4,Assigned,Unverified,"164,969,251"
7/25/2022,2022,2022,D4,Separated,Q-RIN,"19,545,534"
7/25/2022,2022,2022,D4,Separated,Unverified,"120,603,820"
7/25/2022,2022,2022,D5,Assigned,Q-RIN,"8,055"
7/25/2022,2022,2022,D5,Assigned,Unverified,"3,565,774"
7/25/2022,2022,2022,D5,Separated,Q-RIN,"612,691"
7/25/2022,2022,2022,D5,Separated,Unverified,"1,887,932"
7/25/2022,2022,2022,D6,Assigned,Unverified,"570,295,826"
7/25/2022,2022,2022,D6,Separated,Unverified,"342,976,856"
8/1/2022,2022,2019,D6,Separated,Unverified,"7,323"
8/1/2022,2022,2020,D4,Separated,Unverified,"16,720"
8/1/2022,2022,2020,D6,Separated,Unverified,"35,095,979"
8/1/2022,2022,2021,D4,Separated,Q-RIN,"5,858"
8/1/2022,2022,2021,D4,Separated,Unverified,"1,606,667"
8/1/2022,2022,2021,D6,Assigned,Unverified,13
8/1/2022,2022,2021,D6,Separated,Unverified,"45,341,218"
8/1/2022,2022,2022,D3,Separated,Q-RIN,"7,306,627"
8/1/2022,2022,2022,D3,Separated,Unverified,"299,045"
8/1/2022,2022,2022,D4,Assigned,Q-RIN,"9,457,884"
8/1/2022,2022,2022,D4,Assigned,Unverified,"110,608,265"
8/1/2022,2022,2022,D4,Separated,Q-RIN,"18,954,917"
8/1/2022,2022,2022,D4,Separated,Unverified,"109,394,006"
8/1/2022,2022,2022,D5,Assigned,Unverified,"825,754"
8/1/2022,2022,2022,D5,Separated,Unverified,"535,691"
8/1/2022,2022,2022,D6,Assigned,Unverified,"489,232,424"
8/1/2022,2022,2022,D6,Separated,Unverified,"292,637,392"
8/8/2022,2022,2020,D4,Separated,Unverified,"3,204,583"
8/8/2022,2022,2020,D6,Separated,Unverified,"106,354"
8/8/2022,2022,2021,D3,Separated,Q-RIN,"250,000"
8/8/2022,2022,2021,D4,Assigned,Unverified,"17,561"
8/8/2022,2022,2021,D4,Separated,Q-RIN,"145,724"
8/8/2022,2022,2021,D4,Separated,Unverified,"3,499,820"
8/8/2022,2022,2021,D6,Assigned,Unverified,"332,456"
8/8/2022,2022,2021,D6,Separated,Unverified,"20,819,127"
8/8/2022,2022,2022,D3,Separated,Q-RIN,"8,944,897"
8/8/2022,2022,2022,D3,Separated,Unverified,"370,224"
8/8/2022,2022,2022,D4,Assigned,Q-RIN,"9,288,863"
8/8/2022,2022,2022,D4,Assigned,Unverified,"72,400,514"
8/8/2022,2022,2022,D4,Separated,Q-RIN,"14,286,946"
8/8/2022,2022,2022,D4,Separated,Unverified,"91,940,443"
8/8/2022,2022,2022,D5,Assigned,Q-RIN,"30,185"
8/8/2022,2022,2022,D5,Assigned,Unverified,"4,856,939"
8/8/2022,2022,2022,D5,Separated,Unverified,"846,149"
8/8/2022,2022,2022,D6,Assigned,Unverified,"553,946,779"
8/8/2022,2022,2022,D6,Separated,Unverified,"290,599,012"
8/15/2022,2022,2019,D6,Separated,Unverified,"105,157"
8/15/2022,2022,2020,D3,Separated,Q-RIN,"505,138"
8/15/2022,2022,2020,D4,Separated,Q-RIN,"200,000"
8/15/2022,2022,2020,D6,Separated,Unverified,"2,785,103"
8/15/2022,2022,2021,D3,Separated,Q-RIN,"613,184"
8/15/2022,2022,2021,D4,Separated,Q-RIN,876
8/15/2022,2022,2021,D4,Separated,Unverified,"2,313,409"
8/15/2022,2022,2021,D6,Assigned,Unverified,"7,615"
8/15/2022,2022,2021,D6,Separated,Unverified,"19,367,695"
8/15/2022,2022,2022,D3,Separated,Q-RIN,"34,830,189"
8/15/2022,2022,2022,D3,Separated,Unverified,"20,737"
8/15/2022,2022,2022,D4,Assigned,Q-RIN,"8,624,559"
8/15/2022,2022,2022,D4,Assigned,Unverified,"71,133,001"
8/15/2022,2022,2022,D4,Separated,Q-RIN,"13,225,652"
8/15/2022,2022,2022,D4,Separated,Unverified,"115,689,249"
8/15/2022,2022,2022,D5,Assigned,Q-RIN,"14,088"
8/15/2022,2022,2022,D5,Assigned,Unverified,"4,116,907"
8/15/2022,2022,2022,D5,Separated,Unverified,"513,493"
8/15/2022,2022,2022,D6,Assigned,Unverified,"530,650,356"
8/15/2022,2022,2022,D6,Separated,Unverified,"274,972,411"
8/22/2022,2022,2019,D5,Separated,Unverified,"156,000"
8/22/2022,2022,2020,D4,Separated,Unverified,"504,000"
8/22/2022,2022,2020,D6,Separated,Unverified,"903,544"
8/22/2022,2022,2021,D3,Separated,Q-RIN,"4,136,779"
8/22/2022,2022,2021,D4,Separated,Q-RIN,"21,842"
8/22/2022,2022,2021,D4,Separated,Unverified,"169,479"
8/22/2022,2022,2021,D5,Separated,Unverified,"49,558"
8/22/2022,2022,2021,D6,Assigned,Unverified,"57,602"
8/22/2022,2022,2021,D6,Separated,Unverified,"17,783,024"
8/22/2022,2022,2022,D3,Assigned,Unverified,"142,473"
8/22/2022,2022,2022,D3,Separated,Q-RIN,"21,986,395"
8/22/2022,2022,2022,D3,Separated,Unverified,"200,000"
8/22/2022,2022,2022,D4,Assigned,Q-RIN,"5,001,397"
8/22/2022,2022,2022,D4,Assigned,Unverified,"106,119,400"
8/22/2022,2022,2022,D4,Separated,Q-RIN,"24,270,334"
8/22/2022,2022,2022,D4,Separated,Unverified,"112,450,178"
8/22/2022,2022,2022,D5,Assigned,Q-RIN,"8,119"
8/22/2022,2022,2022,D5,Assigned,Unverified,"8,875,635"
8/22/2022,2022,2022,D5,Separated,Unverified,"5,039,493"
8/22/2022,2022,2022,D6,Assigned,Unverified,"510,575,967"
8/22/2022,2022,2022,D6,Separated,Unverified,"316,463,845"
8/29/2022,2022,2020,D3,Separated,Unverified,"12,000"
8/29/2022,2022,2020,D4,Assigned,Unverified,"67,163"
8/29/2022,2022,2020,D4,Separated,Unverified,"1,788,580"
8/29/2022,2022,2020,D6,Separated,Unverified,"538,652"
8/29/2022,2022,2021,D4,Separated,Q-RIN,"93,481"
8/29/2022,2022,2021,D4,Separated,Unverified,"123,965"
8/29/2022,2022,2021,D6,Separated,Q-RIN,50
8/29/2022,2022,2021,D6,Separated,Unverified,"22,000,769"
8/29/2022,2022,2022,D3,Separated,Q-RIN,"45,620,771"
8/29/2022,2022,2022,D3,Separated,Unverified,"913,931"
8/29/2022,2022,2022,D4,Assigned,Q-RIN,"9,481,701"
8/29/2022,2022,2022,D4,Assigned,Unverified,"61,069,731"
8/29/2022,2022,2022,D4,Separated,Q-RIN,"12,538,787"
8/29/2022,2022,2022,D4,Separated,Unverified,"67,568,225"
8/29/2022,2022,2022,D5,Assigned,Q-RIN,"8,070"
8/29/2022,2022,2022,D5,Assigned,Unverified,"1,055,483"
8/29/2022,2022,2022,D5,Separated,Q-RIN,"161,695"
8/29/2022,2022,2022,D6,Assigned,Unverified,"557,428,746"
8/29/2022,2022,2022,D6,Separated,Unverified,"217,362,319"
9/5/2022,2022,2019,D6,Separated,Unverified,"500,000"
9/5/2022,2022,2020,D3,Separated,Q-RIN,"1,962,000"
9/5/2022,2022,2020,D6,Separated,Unverified,"6,896,000"
9/5/2022,2022,2021,D3,Separated,Q-RIN,"1,597,467"
9/5/2022,2022,2021,D4,Assigned,Unverified,"216,426"
9/5/2022,2022,2021,D4,Separated,Unverified,431
9/5/2022,2022,2021,D6,Assigned,Unverified,"7,639"
9/5/2022,2022,2021,D6,Separated,Unverified,"59,458,549"
9/5/2022,2022,2022,D3,Separated,Q-RIN,"12,395,828"
9/5/2022,2022,2022,D3,Separated,Unverified,"122,039"
9/5/2022,2022,2022,D4,Assigned,Q-RIN,"9,771,698"
9/5/2022,2022,2022,D4,Assigned,Unverified,"70,564,978"
9/5/2022,2022,2022,D4,Separated,Q-RIN,"12,254,577"
9/5/2022,2022,2022,D4,Separated,Unverified,"67,252,007"
9/5/2022,2022,2022,D5,Assigned,Q-RIN,"8,077"
9/5/2022,2022,2022,D5,Assigned,Unverified,"3,864,076"
9/5/2022,2022,2022,D5,Separated,Unverified,"191,409"
9/5/2022,2022,2022,D6,Assigned,Unverified,"508,493,512"
9/5/2022,2022,2022,D6,Separated,Unverified,"225,679,456"
9/12/2022,2022,2019,D6,Separated,Unverified,"105,157"
9/12/2022,2022,2020,D3,Separated,Q-RIN,"354,000"
9/12/2022,2022,2020,D4,Assigned,Unverified,"135,661"
9/12/2022,2022,2020,D6,Separated,Unverified,"471,245"
9/12/2022,2022,2021,D3,Separated,Q-RIN,"6,024,042"
9/12/2022,2022,2021,D4,Assigned,Unverified,"17,361"
9/12/2022,2022,2021,D4,Separated,Unverified,"5,552,014"
9/12/2022,2022,2021,D6,Assigned,Unverified,"1,202"
9/12/2022,2022,2021,D6,Separated,Unverified,"31,014,073"
9/12/2022,2022,2022,D3,Separated,Q-RIN,"20,377,636"
9/12/2022,2022,2022,D3,Separated,Unverified,"1,361"
9/12/2022,2022,2022,D4,Assigned,Q-RIN,"7,552,041"
9/12/2022,2022,2022,D4,Assigned,Unverified,"141,744,185"
9/12/2022,2022,2022,D4,Separated,Q-RIN,"33,665,038"
9/12/2022,2022,2022,D4,Separated,Unverified,"210,510,993"
9/12/2022,2022,2022,D5,Assigned,Q-RIN,"36,407"
9/12/2022,2022,2022,D5,Assigned,Unverified,"2,045,314"
9/12/2022,2022,2022,D5,Separated,Q-RIN,"13,000,000"
9/12/2022,2022,2022,D5,Separated,Unverified,"1,135,125"
9/12/2022,2022,2022,D6,Assigned,Unverified,"534,437,952"
9/12/2022,2022,2022,D6,Separated,Unverified,"361,111,559"
9/19/2022,2022,2019,D6,Assigned,Unverified,"168,000"
9/19/2022,2022,2019,D6,Separated,Unverified,"86,030"
9/19/2022,2022,2020,D3,Separated,Q-RIN,"2,843,013"
9/19/2022,2022,2020,D4,Separated,Q-RIN,"1,000,000"
9/19/2022,2022,2020,D6,Separated,Unverified,"11,003,400"
9/19/2022,2022,2021,D3,Separated,Q-RIN,"1,850,000"
9/19/2022,2022,2021,D4,Separated,Q-RIN,"1,121"
9/19/2022,2022,2021,D4,Separated,Unverified,"4,554,868"
9/19/2022,2022,2021,D5,Separated,Unverified,"13,782"
9/19/2022,2022,2021,D6,Separated,Unverified,"3,099,088"
9/19/2022,2022,2022,D3,Separated,Q-RIN,"27,627,725"
9/19/2022,2022,2022,D4,Assigned,Q-RIN,"12,474,698"
9/19/2022,2022,2022,D4,Assigned,Unverified,"87,564,450"
9/19/2022,2022,2022,D4,Separated,Q-RIN,"34,268,715"
9/19/2022,2022,2022,D4,Separated,Unverified,"159,694,501"
9/19/2022,2022,2022,D5,Assigned,Q-RIN,"8,076"
9/19/2022,2022,2022,D5,Assigned,Unverified,"5,143,992"
9/19/2022,2022,2022,D5,Separated,Q-RIN,"2,589,506"
9/19/2022,2022,2022,D5,Separated,Unverified,"11,427,897"
9/19/2022,2022,2022,D6,Assigned,Unverified,"487,402,114"
9/19/2022,2022,2022,D6,Separated,Unverified,"467,795,946"
9/26/2022,2022,2019,D4,Separated,Unverified,"2,367"
9/26/2022,2022,2019,D6,Separated,Unverified,"500,000"
9/26/2022,2022,2020,D3,Separated,Q-RIN,"706,000"
9/26/2022,2022,2020,D4,Assigned,Unverified,"86,176"
9/26/2022,2022,2020,D4,Separated,Unverified,"1,946,837"
9/26/2022,2022,2020,D5,Separated,Unverified,"2,000,000"
9/26/2022,2022,2020,D6,Separated,Unverified,"23,204,893"
9/26/2022,2022,2021,D3,Separated,Q-RIN,"53,519"
9/26/2022,2022,2021,D3,Separated,Unverified,"500,000"
9/26/2022,2022,2021,D4,Assigned,Unverified,"41,407"
9/26/2022,2022,2021,D4,Separated,Q-RIN,"174,795"
9/26/2022,2022,2021,D4,Separated,Unverified,"39,380,314"
9/26/2022,2022,2021,D6,Assigned,Unverified,"5,008,176"
9/26/2022,2022,2021,D6,Separated,Unverified,"17,071,363"
9/26/2022,2022,2022,D3,Separated,Q-RIN,"49,216,569"
9/26/2022,2022,2022,D4,Assigned,Q-RIN,"8,221,521"
9/26/2022,2022,2022,D4,Assigned,Unverified,"120,472,092"
9/26/2022,2022,2022,D4,Separated,Q-RIN,"20,469,677"
9/26/2022,2022,2022,D4,Separated,Unverified,"188,532,412"
9/26/2022,2022,2022,D5,Assigned,Unverified,"1,095,704"
9/26/2022,2022,2022,D5,Separated,Unverified,"4,469,418"
9/26/2022,2022,2022,D6,Assigned,Unverified,"519,704,045"
9/26/2022,2022,2022,D6,Separated,Unverified,"518,765,141"
10/3/2022,2022,2019,D3,Separated,Q-RIN,"2,956"
10/3/2022,2022,2019,D4,Separated,Q-RIN,"20,735"
10/3/2022,2022,2019,D4,Separated,Unverified,"1,494,194"
10/3/2022,2022,2020,D3,Separated,Q-RIN,"11,829"
10/3/2022,2022,2020,D4,Separated,Q-RIN,"3,938,931"
10/3/2022,2022,2020,D4,Separated,Unverified,"20,596,497"
10/3/2022,2022,2020,D6,Separated,Unverified,"27,364,452"
10/3/2022,2022,2021,D3,Separated,Q-RIN,"721,481"
10/3/2022,2022,2021,D4,Separated,Q-RIN,"1,121"
10/3/2022,2022,2021,D4,Separated,Unverified,"14,900,750"
10/3/2022,2022,2021,D6,Assigned,Unverified,"201,002"
10/3/2022,2022,2021,D6,Separated,Unverified,"8,000,111"
10/3/2022,2022,2022,D3,Assigned,Unverified,"143,328"
10/3/2022,2022,2022,D3,Separated,Q-RIN,"18,626,295"
10/3/2022,2022,2022,D3,Separated,Unverified,"107,070"
10/3/2022,2022,2022,D4,Assigned,Q-RIN,"13,980,466"
10/3/2022,2022,2022,D4,Assigned,Unverified,"75,880,744"
10/3/2022,2022,2022,D4,Separated,Q-RIN,"20,109,967"
10/3/2022,2022,2022,D4,Separated,Unverified,"168,974,085"
10/3/2022,2022,2022,D5,Assigned,Q-RIN,"8,217"
10/3/2022,2022,2022,D5,Assigned,Unverified,"6,905,544"
10/3/2022,2022,2022,D5,Separated,Unverified,"839,932"
10/3/2022,2022,2022,D6,Assigned,Unverified,"489,182,104"
10/3/2022,2022,2022,D6,Separated,Unverified,"341,221,001"
10/10/2022,2022,2019,D3,Separated,Q-RIN,"55,382"
10/10/2022,2022,2019,D4,Separated,Q-RIN,"21,030"
10/10/2022,2022,2019,D4,Separated,Unverified,"2,265,904"
10/10/2022,2022,2020,D3,Separated,Q-RIN,"4,708,028"
10/10/2022,2022,2020,D4,Separated,Q-RIN,"9,864,304"
10/10/2022,2022,2020,D4,Separated,Unverified,"14,868,628"
10/10/2022,2022,2020,D5,Separated,Unverified,"145,336"
10/10/2022,2022,2020,D6,Separated,Unverified,"14,649,700"
10/10/2022,2022,2021,D4,Assigned,Unverified,"9,808"
10/10/2022,2022,2021,D4,Separated,Unverified,"607,833"
10/10/2022,2022,2021,D6,Assigned,Unverified,"42,000"
10/10/2022,2022,2021,D6,Separated,Unverified,"4,418,962"
10/10/2022,2022,2022,D3,Separated,Q-RIN,"27,877,436"
10/10/2022,2022,2022,D3,Separated,Unverified,94
10/10/2022,2022,2022,D4,Assigned,Q-RIN,"7,683,532"
10/10/2022,2022,2022,D4,Assigned,Unverified,"109,490,571"
10/10/2022,2022,2022,D4,Separated,Q-RIN,"9,630,881"
10/10/2022,2022,2022,D4,Separated,Unverified,"92,723,033"
10/10/2022,2022,2022,D5,Assigned,Q-RIN,"15,264"
10/10/2022,2022,2022,D5,Assigned,Unverified,"3,438,431"
10/10/2022,2022,2022,D5,Separated,Unverified,"3,530,410"
10/10/2022,2022,2022,D6,Assigned,Unverified,"520,286,435"
10/10/2022,2022,2022,D6,Separated,Unverified,"577,331,256"
10/17/2022,2022,2019,D6,Separated,Unverified,"7,323"
10/17/2022,2022,2020,D3,Separated,Q-RIN,"5,867,915"
10/17/2022,2022,2020,D4,Separated,Q-RIN,"1,313,182"
10/17/2022,2022,2020,D4,Separated,Unverified,"2,049,312"
10/17/2022,2022,2020,D5,Separated,Unverified,"5,040,029"
10/17/2022,2022,2020,D6,Separated,Q-RIN,"23,033"
10/17/2022,2022,2020,D6,Separated,Unverified,"32,619,480"
10/17/2022,2022,2021,D3,Separated,Q-RIN,"11,393,589"
10/17/2022,2022,2021,D4,Separated,Unverified,"64,475,319"
10/17/2022,2022,2021,D5,Separated,Q-RIN,"23,025"
10/17/2022,2022,2021,D5,Separated,Unverified,"13,039,439"
10/17/2022,2022,2021,D6,Assigned,Unverified,1
10/17/2022,2022,2021,D6,Separated,Unverified,"243,667,616"
10/17/2022,2022,2022,D3,Separated,Q-RIN,"20,387,449"
10/17/2022,2022,2022,D4,Assigned,Q-RIN,"8,700,081"
10/17/2022,2022,2022,D4,Assigned,Unverified,"89,000,752"
10/17/2022,2022,2022,D4,Separated,Q-RIN,"16,455,660"
10/17/2022,2022,2022,D4,Separated,Unverified,"155,885,858"
10/17/2022,2022,2022,D5,Assigned,Q-RIN,"15,295"
10/17/2022,2022,2022,D5,Assigned,Unverified,"6,047,322"
10/17/2022,2022,2022,D5,Separated,Unverified,"6,407,920"
10/17/2022,2022,2022,D6,Assigned,Unverified,"529,073,431"
10/17/2022,2022,2022,D6,Separated,Unverified,"382,885,932"
10/24/2022,2022,2019,D4,Separated,Unverified,"29,019"
10/24/2022,2022,2019,D6,Separated,Unverified,"70,942"
10/24/2022,2022,2020,D3,Separated,Q-RIN,"5,101"
10/24/2022,2022,2020,D3,Separated,Unverified,"28,601"
10/24/2022,2022,2020,D4,Separated,Q-RIN,"259,589"
10/24/2022,2022,2020,D4,Separated,Unverified,"7,187,702"
10/24/2022,2022,2020,D5,Separated,Unverified,"8,000,000"
10/24/2022,2022,2020,D6,Separated,Unverified,"260,699,935"
10/24/2022,2022,2021,D3,Separated,Q-RIN,"838,892"
10/24/2022,2022,2021,D4,Assigned,Unverified,"192,202"
10/24/2022,2022,2021,D4,Separated,Q-RIN,"697,069"
10/24/2022,2022,2021,D4,Separated,Unverified,"12,398,958"
10/24/2022,2022,2021,D5,Separated,Unverified,"584,295"
10/24/2022,2022,2021,D6,Separated,Unverified,"11,565,711"
10/24/2022,2022,2022,D3,Separated,Q-RIN,"37,846,194"
10/24/2022,2022,2022,D3,Separated,Unverified,"1,173"
10/24/2022,2022,2022,D4,Assigned,Q-RIN,"5,708,998"
10/24/2022,2022,2022,D4,Assigned,Unverified,"84,512,682"
10/24/2022,2022,2022,D4,Separated,Q-RIN,"19,972,902"
10/24/2022,2022,2022,D4,Separated,Unverified,"149,187,578"
10/24/2022,2022,2022,D5,Assigned,Q-RIN,"16,553"
10/24/2022,2022,2022,D5,Assigned,Unverified,"3,774,493"
10/24/2022,2022,2022,D5,Separated,Unverified,"5,124,032"
10/24/2022,2022,2022,D6,Assigned,Unverified,"526,568,867"
10/24/2022,2022,2022,D6,Separated,Unverified,"297,781,739"
10/31/2022,2022,2020,D3,Separated,Q-RIN,"87,676"
10/31/2022,2022,2020,D4,Separated,Q-RIN,600
10/31/2022,2022,2020,D4,Separated,Unverified,"1,990,382"
10/31/2022,2022,2020,D5,Separated,Unverified,"15,783,567"
10/31/2022,2022,2020,D6,Separated,Unverified,"21,280,926"
10/31/2022,2022,2021,D3,Separated,Q-RIN,"15,000"
10/31/2022,2022,2021,D4,Assigned,Unverified,"30,566"
10/31/2022,2022,2021,D4,Separated,Q-RIN,"696,546"
10/31/2022,2022,2021,D4,Separated,Unverified,"21,466,925"
10/31/2022,2022,2021,D6,Separated,Q-RIN,"8,969"
10/31/2022,2022,2021,D6,Separated,Unverified,"24,755,071"
10/31/2022,2022,2022,D3,Assigned,Unverified,"28,784"
10/31/2022,2022,2022,D3,Separated,Q-RIN,"36,319,432"
10/31/2022,2022,2022,D3,Separated,Unverified,"1,173"
10/31/2022,2022,2022,D4,Assigned,Q-RIN,"8,746,615"
10/31/2022,2022,2022,D4,Assigned,Unverified,"101,248,473"
10/31/2022,2022,2022,D4,Separated,Q-RIN,"24,333,026"
10/31/2022,2022,2022,D4,Separated,Unverified,"86,408,685"
10/31/2022,2022,2022,D5,Assigned,Q-RIN,"7,018"
10/31/2022,2022,2022,D5,Assigned,Unverified,"465,133"
10/31/2022,2022,2022,D5,Separated,Unverified,"5,795,287"
10/31/2022,2022,2022,D6,Assigned,Unverified,"537,017,638"
10/31/2022,2022,2022,D6,Separated,Unverified,"375,033,368"
11/7/2022,2022,2019,D6,Separated,Unverified,"441,814"
11/7/2022,2022,2020,D3,Separated,Q-RIN,"28,632,969"
11/7/2022,2022,2020,D4,Separated,Q-RIN,300
11/7/2022,2022,2020,D4,Separated,Unverified,"120,085,435"
11/7/2022,2022,2020,D5,Separated,Unverified,"20,802,000"
11/7/2022,2022,2020,D6,Separated,Unverified,"61,949,629"
11/7/2022,2022,2021,D3,Separated,Unverified,"1,009"
11/7/2022,2022,2021,D4,Assigned,Unverified,"62,814"
11/7/2022,2022,2021,D4,Separated,Q-RIN,"27,147"
11/7/2022,2022,2021,D4,Separated,Unverified,"4,829,614"
11/7/2022,2022,2021,D6,Separated,Unverified,"439,154"
11/7/2022,2022,2022,D3,Separated,Q-RIN,"9,843,398"
11/7/2022,2022,2022,D3,Separated,Unverified,"40,062"
11/7/2022,2022,2022,D4,Assigned,Q-RIN,"15,585,473"
11/7/2022,2022,2022,D4,Assigned,Unverified,"110,151,040"
11/7/2022,2022,2022,D4,Separated,Q-RIN,"11,758,345"
11/7/2022,2022,2022,D4,Separated,Unverified,"133,388,885"
11/7/2022,2022,2022,D5,Assigned,Q-RIN,"88,476"
11/7/2022,2022,2022,D5,Assigned,Unverified,"3,626,789"
11/7/2022,2022,2022,D5,Separated,Unverified,"824,386"
11/7/2022,2022,2022,D6,Assigned,Unverified,"534,068,597"
11/7/2022,2022,2022,D6,Separated,Unverified,"328,105,102"
11/14/2022,2022,2019,D3,Separated,Q-RIN,"1,064,509"
11/14/2022,2022,2019,D4,Separated,Unverified,"7,391,322"
11/14/2022,2022,2019,D6,Separated,Unverified,"73,994,950"
11/14/2022,2022,2020,D3,Separated,Q-RIN,"13,664,271"
11/14/2022,2022,2020,D4,Separated,Q-RIN,"323,354"
11/14/2022,2022,2020,D4,Separated,Unverified,"176,040,302"
11/14/2022,2022,2020,D5,Separated,Unverified,"15,007,286"
11/14/2022,2022,2020,D6,Separated,Q-RIN,"8,255"
11/14/2022,2022,2020,D6,Separated,Unverified,"329,509,225"
11/14/2022,2022,2021,D3,Separated,Q-RIN,"538,659"
11/14/2022,2022,2021,D3,Separated,Unverified,"1,009"
11/14/2022,2022,2021,D4,Assigned,Unverified,"68,434"
11/14/2022,2022,2021,D4,Separated,Unverified,"22,030,169"
11/14/2022,2022,2021,D5,Separated,Unverified,"8,346,540"
11/14/2022,2022,2021,D6,Separated,Unverified,"21,363,520"
11/14/2022,2022,2022,D3,Separated,Q-RIN,"23,830,264"
11/14/2022,2022,2022,D3,Separated,Unverified,"40,062"
11/14/2022,2022,2022,D4,Assigned,Q-RIN,"9,281,212"
11/14/2022,2022,2022,D4,Assigned,Unverified,"180,194,445"
11/14/2022,2022,2022,D4,Separated,Q-RIN,"36,957,546"
11/14/2022,2022,2022,D4,Separated,Unverified,"228,134,570"
11/14/2022,2022,2022,D5,Assigned,Q-RIN,"13,710"
11/14/2022,2022,2022,D5,Assigned,Unverified,"4,122,871"
11/14/2022,2022,2022,D5,Separated,Q-RIN,"1,250,000"
11/14/2022,2022,2022,D5,Separated,Unverified,"11,611,029"
11/14/2022,2022,2022,D6,Assigned,Unverified,"518,274,610"
11/14/2022,2022,2022,D6,Separated,Unverified,"447,522,388"
11/21/2022,2022,2019,D4,Separated,Unverified,"278,396"
11/21/2022,2022,2019,D6,Separated,Unverified,"246,057"
11/21/2022,2022,2020,D3,Separated,Q-RIN,"158,000"
11/21/2022,2022,2020,D4,Separated,Unverified,"38,566,423"
11/21/2022,2022,2020,D5,Separated,Unverified,"3,047,000"
11/21/2022,2022,2020,D6,Separated,Unverified,"120,082,166"
11/21/2022,2022,2021,D3,Separated,Q-RIN,"1,469,185"
11/21/2022,2022,2021,D4,Assigned,Unverified,"84,524"
11/21/2022,2022,2021,D4,Separated,Q-RIN,"2,013,312"
11/21/2022,2022,2021,D4,Separated,Unverified,"20,640,163"
11/21/2022,2022,2021,D5,Separated,Q-RIN,"296,000"
11/21/2022,2022,2021,D5,Separated,Unverified,"1,286,972"
11/21/2022,2022,2021,D6,Assigned,Unverified,"2,246,379"
11/21/2022,2022,2021,D6,Separated,Unverified,"30,255,115"
11/21/2022,2022,2022,D3,Separated,Q-RIN,"25,217,385"
11/21/2022,2022,2022,D4,Assigned,Q-RIN,"9,452,967"
11/21/2022,2022,2022,D4,Assigned,Unverified,"96,208,254"
11/21/2022,2022,2022,D4,Separated,Q-RIN,"24,022,705"
11/21/2022,2022,2022,D4,Separated,Unverified,"111,808,161"
11/21/2022,2022,2022,D5,Assigned,Unverified,"3,637,915"
11/21/2022,2022,2022,D5,Separated,Unverified,"4,071,649"
11/21/2022,2022,2022,D6,Assigned,Unverified,"490,279,187"
11/21/2022,2022,2022,D6,Separated,Unverified,"320,328,991"
11/28/2022,2022,2019,D3,Separated,Q-RIN,"381,041"
11/28/2022,2022,2019,D3,Separated,Unverified,656
11/28/2022,2022,2019,D4,Separated,Unverified,"2,004,764"
11/28/2022,2022,2019,D6,Separated,Unverified,"12,056,978"
11/28/2022,2022,2020,D3,Separated,Q-RIN,"4,973,092"
11/28/2022,2022,2020,D4,Separated,Unverified,"1,056,370"
11/28/2022,2022,2020,D5,Separated,Unverified,"3,749,210"
11/28/2022,2022,2020,D6,Separated,Unverified,"639,491"
11/28/2022,2022,2021,D3,Separated,Q-RIN,"1,208,266"
11/28/2022,2022,2021,D4,Separated,Unverified,"6,602,278"
11/28/2022,2022,2021,D6,Separated,Unverified,"20,025,087"
11/28/2022,2022,2022,D3,Separated,Q-RIN,"58,319,229"
11/28/2022,2022,2022,D4,Assigned,Q-RIN,"6,785,729"
11/28/2022,2022,2022,D4,Assigned,Unverified,"100,564,211"
11/28/2022,2022,2022,D4,Separated,Q-RIN,"60,111,335"
11/28/2022,2022,2022,D4,Separated,Unverified,"242,392,850"
11/28/2022,2022,2022,D5,Assigned,Q-RIN,"8,399"
11/28/2022,2022,2022,D5,Assigned,Unverified,"4,476,821"
11/28/2022,2022,2022,D5,Separated,Unverified,"774,198"
11/28/2022,2022,2022,D6,Assigned,Unverified,"595,511,637"
11/28/2022,2022,2022,D6,Separated,Unverified,"294,943,368"
12/5/2022,2022,2021,D3,Separated,Q-RIN,"1,965,000"
12/5/2022,2022,2021,D4,Separated,Unverified,"1,112,603"
12/5/2022,2022,2021,D6,Separated,Unverified,"26,562,283"
12/5/2022,2022,2022,D3,Assigned,Unverified,"145,712"
12/5/2022,2022,2022,D3,Separated,Q-RIN,"15,403,160"
12/5/2022,2022,2022,D3,Separated,Unverified,"160,000"
12/5/2022,2022,2022,D4,Assigned,Q-RIN,"20,196,673"
12/5/2022,2022,2022,D4,Assigned,Unverified,"67,392,159"
12/5/2022,2022,2022,D4,Separated,Q-RIN,"23,545,724"
12/5/2022,2022,2022,D4,Separated,Unverified,"171,985,424"
12/5/2022,2022,2022,D5,Assigned,Q-RIN,"22,421"
12/5/2022,2022,2022,D5,Assigned,Unverified,"3,714,133"
12/5/2022,2022,2022,D5,Separated,Unverified,"3,000,000"
12/5/2022,2022,2022,D6,Assigned,Unverified,"522,514,933"
12/5/2022,2022,2022,D6,Separated,Unverified,"427,651,018"
12/12/2022,2022,2021,D3,Separated,Q-RIN,"8,577,456"
12/12/2022,2022,2021,D3,Separated,Unverified,"715,364"
12/12/2022,2022,2021,D4,Separated,Unverified,"34,975,679"
12/12/2022,2022,2021,D5,Separated,Unverified,"5,115,000"
12/12/2022,2022,2021,D6,Separated,Unverified,"27,392,611"
12/12/2022,2022,2022,D3,Separated,Q-RIN,"33,780,776"
12/12/2022,2022,2022,D4,Assigned,Q-RIN,"12,325,496"
12/12/2022,2022,2022,D4,Assigned,Unverified,"180,155,319"
12/12/2022,2022,2022,D4,Separated,Q-RIN,"31,410,339"
12/12/2022,2022,2022,D4,Separated,Unverified,"350,875,611"
12/12/2022,2022,2022,D5,Assigned,Q-RIN,"8,280"
12/12/2022,2022,2022,D5,Assigned,Unverified,"596,825"
12/12/2022,2022,2022,D5,Separated,Q-RIN,"6,500,000"
12/12/2022,2022,2022,D5,Separated,Unverified,"28,765,215"
12/12/2022,2022,2022,D6,Assigned,Unverified,"538,365,520"
12/12/2022,2022,2022,D6,Separated,Unverified,"698,876,572"
12/19/2022,2022,2020,D4,Separated,Unverified,"1,000,000"
12/19/2022,2022,2020,D5,Separated,Unverified,"1,000,000"
12/19/2022,2022,2021,D3,Separated,Q-RIN,"2,620,997"
12/19/2022,2022,2021,D4,Assigned,Unverified,"557,085"
12/19/2022,2022,2021,D4,Separated,Q-RIN,"687,408"
12/19/2022,2022,2021,D4,Separated,Unverified,"43,631,851"
12/19/2022,2022,2021,D6,Separated,Unverified,"19,650,000"
12/19/2022,2022,2022,D3,Separated,Q-RIN,"49,364,453"
12/19/2022,2022,2022,D3,Separated,Unverified,"2,284,067"
12/19/2022,2022,2022,D4,Assigned,Q-RIN,"10,145,297"
12/19/2022,2022,2022,D4,Assigned,Unverified,"80,099,613"
12/19/2022,2022,2022,D4,Separated,Q-RIN,"48,069,917"
12/19/2022,2022,2022,D4,Separated,Unverified,"294,939,098"
12/19/2022,2022,2022,D5,Assigned,Unverified,"3,531,777"
12/19/2022,2022,2022,D5,Separated,Q-RIN,"4,500,000"
12/19/2022,2022,2022,D5,Separated,Unverified,"9,224,466"
12/19/2022,2022,2022,D6,Assigned,Unverified,"439,136,772"
12/19/2022,2022,2022,D6,Separated,Unverified,"571,956,415"
12/26/2022,2022,2018,D6,Separated,Unverified,"7,744"
12/26/2022,2022,2020,D5,Separated,Unverified,"421,264"
12/26/2022,2022,2020,D6,Separated,Unverified,"130,118"
12/26/2022,2022,2021,D3,Separated,Q-RIN,"10,997"
12/26/2022,2022,2021,D4,Assigned,Unverified,493
12/26/2022,2022,2021,D4,Separated,Q-RIN,"171,180"
12/26/2022,2022,2021,D4,Separated,Unverified,"7,708,782"
12/26/2022,2022,2021,D6,Separated,Unverified,"3,725,305"
12/26/2022,2022,2022,D3,Separated,Q-RIN,"66,549,965"
12/26/2022,2022,2022,D3,Separated,Unverified,"1,878,663"
12/26/2022,2022,2022,D4,Assigned,Q-RIN,"7,488,005"
12/26/2022,2022,2022,D4,Assigned,Unverified,"103,713,030"
12/26/2022,2022,2022,D4,Separated,Q-RIN,"36,583,222"
12/26/2022,2022,2022,D4,Separated,Unverified,"308,847,815"
12/26/2022,2022,2022,D5,Assigned,Q-RIN,"16,954"
12/26/2022,2022,2022,D5,Assigned,Unverified,"516,904"
12/26/2022,2022,2022,D5,Separated,Unverified,"334,398"
12/26/2022,2022,2022,D6,Assigned,Unverified,"494,068,838"
12/26/2022,2022,2022,D6,Separated,Unverified,"385,664,195"
12/26/2022,2023,2022,D4,Assigned,Unverified,"93,433"
12/26/2022,2023,2022,D6,Assigned,Unverified,"9,705,311"
12/26/2022,2023,2022,D6,Separated,Unverified,"5,274,398"
12/26/2022,2023,2023,D4,Assigned,Q-RIN,"54,971"
12/26/2022,2023,2023,D4,Assigned,Unverified,"315,336"
12/26/2022,2023,2023,D4,Separated,Unverified,"151,833"
12/26/2022,2023,2023,D5,Assigned,Unverified,"46,487"
12/26/2022,2023,2023,D6,Assigned,Unverified,"13,386,621"
12/26/2022,2023,2023,D6,Separated,Unverified,"591,182"
1/2/2023,2023,2021,D3,Separated,Q-RIN,"1,491,102"
1/2/2023,2023,2021,D4,Separated,Unverified,"3,733,848"
1/2/2023,2023,2021,D6,Separated,Q-RIN,"8,969"
1/2/2023,2023,2021,D6,Separated,Unverified,"3,024,121"
1/2/2023,2023,2022,D3,Assigned,Unverified,"131,817"
1/2/2023,2023,2022,D3,Separated,Q-RIN,"19,932,278"
1/2/2023,2023,2022,D3,Separated,Unverified,352
1/2/2023,2023,2022,D4,Assigned,Q-RIN,"2,328,895"
1/2/2023,2023,2022,D4,Assigned,Unverified,"72,268,506"
1/2/2023,2023,2022,D4,Separated,Q-RIN,"13,211,143"
1/2/2023,2023,2022,D4,Separated,Unverified,"113,576,332"
1/2/2023,2023,2022,D5,Assigned,Q-RIN,"6,945"
1/2/2023,2023,2022,D5,Assigned,Unverified,"6,238,029"
1/2/2023,2023,2022,D5,Separated,Unverified,"1,000,000"
1/2/2023,2023,2022,D6,Assigned,Unverified,"222,165,686"
1/2/2023,2023,2022,D6,Separated,Unverified,"213,034,971"
1/2/2023,2023,2023,D4,Assigned,Q-RIN,"4,528,700"
1/2/2023,2023,2023,D4,Assigned,Unverified,"33,845,657"
1/2/2023,2023,2023,D4,Separated,Q-RIN,"632,726"
1/2/2023,2023,2023,D4,Separated,Unverified,"3,807,004"
1/2/2023,2023,2023,D5,Assigned,Q-RIN,"6,850"
1/2/2023,2023,2023,D5,Assigned,Unverified,"584,436"
1/2/2023,2023,2023,D5,Separated,Unverified,"181,846"
1/2/2023,2023,2023,D6,Assigned,Unverified,"255,346,470"
1/2/2023,2023,2023,D6,Separated,Unverified,"19,551,021"
1/9/2023,2023,2018,D6,Separated,Unverified,"15,534"
1/9/2023,2023,2021,D3,Separated,Q-RIN,"5,500"
1/9/2023,2023,2021,D4,Assigned,Unverified,"1,779,115"
1/9/2023,2023,2021,D4,Separated,Unverified,"2,632,979"
1/9/2023,2023,2021,D6,Assigned,Unverified,"64,967"
1/9/2023,2023,2021,D6,Separated,Unverified,"1,474,960"
1/9/2023,2023,2022,D3,Separated,Q-RIN,"10,122,134"
1/9/2023,2023,2022,D3,Separated,Unverified,"1,172"
1/9/2023,2023,2022,D4,Assigned,Q-RIN,"376,631"
1/9/2023,2023,2022,D4,Assigned,Unverified,"16,310,086"
1/9/2023,2023,2022,D4,Separated,Q-RIN,"29,367,713"
1/9/2023,2023,2022,D4,Separated,Unverified,"92,809,840"
1/9/2023,2023,2022,D5,Separated,Q-RIN,"2,000,000"
1/9/2023,2023,2022,D5,Separated,Unverified,"3,306,056"
1/9/2023,2023,2022,D6,Assigned,Unverified,"111,280,627"
1/9/2023,2023,2022,D6,Separated,Unverified,"218,680,472"
1/9/2023,2023,2023,D4,Assigned,Q-RIN,"3,199,010"
1/9/2023,2023,2023,D4,Assigned,Unverified,"50,016,808"
1/9/2023,2023,2023,D4,Separated,Q-RIN,"4,046,409"
1/9/2023,2023,2023,D4,Separated,Unverified,"6,203,808"
1/9/2023,2023,2023,D5,Assigned,Q-RIN,"21,625"
1/9/2023,2023,2023,D5,Assigned,Unverified,"2,704,611"
1/9/2023,2023,2023,D5,Separated,Unverified,"181,846"
1/9/2023,2023,2023,D6,Assigned,Unverified,"436,527,449"
1/9/2023,2023,2023,D6,Separated,Unverified,"55,969,207"
1/16/2023,2023,2021,D3,Separated,Q-RIN,"693,937"
1/16/2023,2023,2021,D4,Separated,Unverified,"5,108,832"
1/16/2023,2023,2021,D6,Separated,Unverified,"6,312,345"
1/16/2023,2023,2022,D3,Separated,Q-RIN,"7,036,835"
1/16/2023,2023,2022,D3,Separated,Unverified,235
1/16/2023,2023,2022,D4,Assigned,Q-RIN,"597,770"
1/16/2023,2023,2022,D4,Assigned,Unverified,"20,883,630"
1/16/2023,2023,2022,D4,Separated,Q-RIN,"11,638,908"
1/16/2023,2023,2022,D4,Separated,Unverified,"76,575,821"
1/16/2023,2023,2022,D5,Assigned,Q-RIN,"20,190"
1/16/2023,2023,2022,D5,Assigned,Unverified,"6,888,486"
1/16/2023,2023,2022,D5,Separated,Unverified,"16,050,000"
1/16/2023,2023,2022,D6,Assigned,Unverified,"69,524,748"
1/16/2023,2023,2022,D6,Separated,Unverified,"301,118,106"
1/16/2023,2023,2023,D3,Separated,Q-RIN,"466,745"
1/16/2023,2023,2023,D4,Assigned,Q-RIN,"5,672,073"
1/16/2023,2023,2023,D4,Assigned,Unverified,"75,868,587"
1/16/2023,2023,2023,D4,Separated,Q-RIN,"2,652,730"
1/16/2023,2023,2023,D4,Separated,Unverified,"6,482,840"
1/16/2023,2023,2023,D5,Assigned,Q-RIN,"6,945"
1/16/2023,2023,2023,D5,Assigned,Unverified,"533,619"
1/16/2023,2023,2023,D6,Assigned,Unverified,"396,054,479"
1/16/2023,2023,2023,D6,Separated,Unverified,"53,498,691"
1/23/2023,2023,2020,D6,Separated,Unverified,"140,023"
1/23/2023,2023,2021,D3,Separated,Q-RIN,"1,822,184"
1/23/2023,2023,2021,D4,Separated,Unverified,"10,703,893"
1/23/2023,2023,2021,D5,Separated,Q-RIN,"435,531"
1/23/2023,2023,2021,D6,Separated,Unverified,"6,529,719"
1/23/2023,2023,2022,D3,Separated,Q-RIN,"26,516,322"
1/23/2023,2023,2022,D3,Separated,Unverified,"32,166"
1/23/2023,2023,2022,D4,Assigned,Q-RIN,"617,575"
1/23/2023,2023,2022,D4,Assigned,Unverified,"86,849,742"
1/23/2023,2023,2022,D4,Separated,Q-RIN,"1,006,661"
1/23/2023,2023,2022,D4,Separated,Unverified,"99,173,691"
1/23/2023,2023,2022,D5,Assigned,Unverified,"2,689,193"
1/23/2023,2023,2022,D5,Separated,Unverified,"849,041"
1/23/2023,2023,2022,D6,Assigned,Unverified,"20,473,848"
1/23/2023,2023,2022,D6,Separated,Unverified,"287,496,829"
1/23/2023,2023,2023,D3,Separated,Q-RIN,"1,119,744"
1/23/2023,2023,2023,D4,Assigned,Q-RIN,"2,472,081"
1/23/2023,2023,2023,D4,Assigned,Unverified,"54,308,256"
1/23/2023,2023,2023,D4,Separated,Q-RIN,"3,871,163"
1/23/2023,2023,2023,D4,Separated,Unverified,"10,623,817"
1/23/2023,2023,2023,D5,Assigned,Q-RIN,"16,874"
1/23/2023,2023,2023,D5,Assigned,Unverified,"571,883"
1/23/2023,2023,2023,D6,Assigned,Unverified,"479,624,660"
1/23/2023,2023,2023,D6,Separated,Unverified,"64,676,089"
1/30/2023,2023,2020,D6,Separated,Unverified,"144,665"
1/30/2023,2023,2021,D3,Separated,Q-RIN,"1,243,135"
1/30/2023,2023,2021,D4,Assigned,Unverified,"805,563"
1/30/2023,2023,2021,D4,Separated,Unverified,"2,291,910"
1/30/2023,2023,2021,D6,Separated,Unverified,"3,658,702"
1/30/2023,2023,2022,D3,Separated,Q-RIN,"46,268,618"
1/30/2023,2023,2022,D3,Separated,Unverified,176
1/30/2023,2023,2022,D4,Assigned,Q-RIN,"1,096,303"
1/30/2023,2023,2022,D4,Assigned,Unverified,"62,679,593"
1/30/2023,2023,2022,D4,Separated,Q-RIN,"2,971,865"
1/30/2023,2023,2022,D4,Separated,Unverified,"103,509,499"
1/30/2023,2023,2022,D5,Separated,Unverified,"731,754"
1/30/2023,2023,2022,D6,Assigned,Unverified,"16,831,876"
1/30/2023,2023,2022,D6,Separated,Unverified,"258,640,491"
1/30/2023,2023,2023,D3,Separated,Q-RIN,"44,574"
1/30/2023,2023,2023,D4,Assigned,Q-RIN,"2,965,146"
1/30/2023,2023,2023,D4,Assigned,Unverified,"52,230,726"
1/30/2023,2023,2023,D4,Separated,Q-RIN,"12,506,158"
1/30/2023,2023,2023,D4,Separated,Unverified,"28,567,911"
1/30/2023,2023,2023,D5,Assigned,Q-RIN,"8,344"
1/30/2023,2023,2023,D5,Assigned,Unverified,"4,280,735"
1/30/2023,2023,2023,D5,Separated,Q-RIN,"1,704,534"
1/30/2023,2023,2023,D5,Separated,Unverified,"980,956"
1/30/2023,2023,2023,D6,Assigned,Unverified,"486,777,557"
1/30/2023,2023,2023,D6,Separated,Unverified,"99,740,413"
2/6/2023,2023,2021,D3,Separated,Q-RIN,"67,238"
2/6/2023,2023,2021,D4,Separated,Unverified,"14,700,003"
2/6/2023,2023,2021,D5,Separated,Unverified,"157,349"
2/6/2023,2023,2021,D6,Separated,Unverified,"18,833,768"
2/6/2023,2023,2022,D3,Separated,Q-RIN,"21,203,016"
2/6/2023,2023,2022,D3,Separated,Unverified,"1,172"
2/6/2023,2023,2022,D4,Assigned,Q-RIN,"937,630"
2/6/2023,2023,2022,D4,Assigned,Unverified,"11,663,323"
2/6/2023,2023,2022,D4,Separated,Q-RIN,"3,567,802"
2/6/2023,2023,2022,D4,Separated,Unverified,"217,393,117"
2/6/2023,2023,2022,D5,Assigned,Unverified,"211,294"
2/6/2023,2023,2022,D5,Separated,Q-RIN,"139,573"
2/6/2023,2023,2022,D5,Separated,Unverified,"958,924"
2/6/2023,2023,2022,D6,Assigned,Unverified,"17,303,784"
2/6/2023,2023,2022,D6,Separated,Unverified,"150,247,021"
2/6/2023,2023,2023,D3,Separated,Unverified,"1,360"
2/6/2023,2023,2023,D4,Assigned,Q-RIN,"6,172,881"
2/6/2023,2023,2023,D4,Assigned,Unverified,"75,234,758"
2/6/2023,2023,2023,D4,Separated,Q-RIN,"9,725,699"
2/6/2023,2023,2023,D4,Separated,Unverified,"36,596,291"
2/6/2023,2023,2023,D5,Assigned,Q-RIN,"8,384"
2/6/2023,2023,2023,D5,Assigned,Unverified,"1,074,913"
2/6/2023,2023,2023,D5,Separated,Unverified,"859,915"
2/6/2023,2023,2023,D6,Assigned,Unverified,"528,678,775"
2/6/2023,2023,2023,D6,Separated,Unverified,"87,720,649"
2/13/2023,2023,2020,D5,Separated,Unverified,"2,586,234"
2/13/2023,2023,2020,D6,Separated,Unverified,"401,984"
2/13/2023,2023,2021,D3,Separated,Q-RIN,"953,384"
2/13/2023,2023,2021,D4,Separated,Unverified,"20,511,038"
2/13/2023,2023,2021,D5,Separated,Unverified,"6,199,401"
2/13/2023,2023,2021,D6,Separated,Unverified,"44,921,264"
2/13/2023,2023,2022,D3,Separated,Q-RIN,"14,999,182"
2/13/2023,2023,2022,D3,Separated,Unverified,"33,646"
2/13/2023,2023,2022,D4,Assigned,Q-RIN,"139,496"
2/13/2023,2023,2022,D4,Assigned,Unverified,"6,281,850"
2/13/2023,2023,2022,D4,Separated,Q-RIN,"9,037,934"
2/13/2023,2023,2022,D4,Separated,Unverified,"105,220,536"
2/13/2023,2023,2022,D5,Separated,Q-RIN,"2,000,000"
2/13/2023,2023,2022,D5,Separated,Unverified,"4,656,873"
2/13/2023,2023,2022,D6,Assigned,Unverified,"3,605,827"
2/13/2023,2023,2022,D6,Separated,Unverified,"196,405,142"
2/13/2023,2023,2023,D3,Assigned,Unverified,"86,732"
2/13/2023,2023,2023,D4,Assigned,Q-RIN,"5,343,604"
2/13/2023,2023,2023,D4,Assigned,Unverified,"57,634,147"
2/13/2023,2023,2023,D4,Separated,Q-RIN,"12,410,126"
2/13/2023,2023,2023,D4,Separated,Unverified,"60,668,497"
2/13/2023,2023,2023,D5,Assigned,Q-RIN,"13,975"
2/13/2023,2023,2023,D5,Assigned,Unverified,"757,833"
2/13/2023,2023,2023,D5,Separated,Q-RIN,"2,500,000"
2/13/2023,2023,2023,D5,Separated,Unverified,"294,021"
2/13/2023,2023,2023,D6,Assigned,Unverified,"498,491,762"
2/13/2023,2023,2023,D6,Separated,Unverified,"126,308,551"
2/20/2023,2023,2020,D6,Assigned,Unverified,"8,125"
2/20/2023,2023,2021,D4,Separated,Unverified,"16,866,924"
2/20/2023,2023,2021,D5,Separated,Unverified,"157,349"
2/20/2023,2023,2021,D6,Assigned,Unverified,"15,179"
2/20/2023,2023,2021,D6,Separated,Unverified,"27,165,505"
2/20/2023,2023,2022,D3,Separated,Q-RIN,"1,623,659"
2/20/2023,2023,2022,D4,Assigned,Q-RIN,"21,215"
2/20/2023,2023,2022,D4,Assigned,Unverified,"11,657,619"
2/20/2023,2023,2022,D4,Separated,Q-RIN,"4,124,289"
2/20/2023,2023,2022,D4,Separated,Unverified,"67,903,791"
2/20/2023,2023,2022,D6,Assigned,Unverified,"1,695,840"
2/20/2023,2023,2022,D6,Separated,Unverified,"172,390,987"
2/20/2023,2023,2023,D3,Separated,Q-RIN,"11,887,722"
2/20/2023,2023,2023,D4,Assigned,Q-RIN,"4,634,530"
2/20/2023,2023,2023,D4,Assigned,Unverified,"88,847,825"
2/20/2023,2023,2023,D4,Separated,Q-RIN,"7,023,689"
2/20/2023,2023,2023,D4,Separated,Unverified,"22,741,499"
2/20/2023,2023,2023,D5,Assigned,Q-RIN,"7,143"
2/20/2023,2023,2023,D5,Assigned,Unverified,"607,610"
2/20/2023,2023,2023,D5,Separated,Unverified,"1,451,194"
2/20/2023,2023,2023,D6,Assigned,Unverified,"499,099,492"
2/20/2023,2023,2023,D6,Separated,Unverified,"143,565,755"
2/27/2023,2023,2021,D3,Separated,Q-RIN,"587,845"
2/27/2023,2023,2021,D4,Separated,Q-RIN,"1,679,754"
2/27/2023,2023,2021,D4,Separated,Unverified,"8,000,345"
2/27/2023,2023,2021,D6,Separated,Unverified,"11,202,165"
2/27/2023,2023,2022,D3,Separated,Q-RIN,"18,691,114"
2/27/2023,2023,2022,D4,Assigned,Unverified,"298,954"
2/27/2023,2023,2022,D4,Separated,Q-RIN,"1,243,800"
2/27/2023,2023,2022,D4,Separated,Unverified,"98,218,197"
2/27/2023,2023,2022,D6,Assigned,Unverified,"1,313,555"
2/27/2023,2023,2022,D6,Separated,Unverified,"244,736,679"
2/27/2023,2023,2023,D3,Separated,Q-RIN,"44,537,556"
2/27/2023,2023,2023,D3,Separated,Unverified,"182,858"
2/27/2023,2023,2023,D4,Assigned,Q-RIN,"13,579,020"
2/27/2023,2023,2023,D4,Assigned,Unverified,"100,979,468"
2/27/2023,2023,2023,D4,Separated,Q-RIN,"34,021,742"
2/27/2023,2023,2023,D4,Separated,Unverified,"57,940,951"
2/27/2023,2023,2023,D5,Assigned,Q-RIN,"16,439"
2/27/2023,2023,2023,D5,Assigned,Unverified,"3,926,281"
2/27/2023,2023,2023,D5,Separated,Unverified,"300,000"
2/27/2023,2023,2023,D6,Assigned,Unverified,"511,744,319"
2/27/2023,2023,2023,D6,Separated,Unverified,"198,084,982"
3/6/2023,2023,2020,D3,Separated,Q-RIN,"15,147"
3/6/2023,2023,2020,D4,Separated,Unverified,"3,500,000"
3/6/2023,2023,2021,D3,Separated,Q-RIN,"349,103"
3/6/2023,2023,2021,D4,Assigned,Unverified,"18,502"
3/6/2023,2023,2021,D4,Separated,Q-RIN,"100,000"
3/6/2023,2023,2021,D4,Separated,Unverified,"1,087,947"
3/6/2023,2023,2021,D5,Separated,Unverified,"5,049"
3/6/2023,2023,2021,D6,Separated,Unverified,"14,360,242"
3/6/2023,2023,2022,D3,Separated,Q-RIN,"8,732,593"
3/6/2023,2023,2022,D3,Separated,Unverified,"25,433"
3/6/2023,2023,2022,D4,Assigned,Q-RIN,"76,072"
3/6/2023,2023,2022,D4,Assigned,Unverified,"463,395"
3/6/2023,2023,2022,D4,Separated,Q-RIN,"10,033,965"
3/6/2023,2023,2022,D4,Separated,Unverified,"73,627,280"
3/6/2023,2023,2022,D5,Separated,Unverified,"2,028,626"
3/6/2023,2023,2022,D6,Assigned,Unverified,"278,195"
3/6/2023,2023,2022,D6,Separated,Unverified,"235,607,233"
3/6/2023,2023,2023,D3,Separated,Q-RIN,"10,606,309"
3/6/2023,2023,2023,D3,Separated,Unverified,328
3/6/2023,2023,2023,D4,Assigned,Q-RIN,"18,675,905"
3/6/2023,2023,2023,D4,Assigned,Unverified,"83,498,055"
3/6/2023,2023,2023,D4,Separated,Q-RIN,"23,781,077"
3/6/2023,2023,2023,D4,Separated,Unverified,"73,431,506"
3/6/2023,2023,2023,D5,Assigned,Unverified,"731,580"
3/6/2023,2023,2023,D6,Assigned,Unverified,"538,648,110"
3/6/2023,2023,2023,D6,Separated,Unverified,"243,084,641"
3/13/2023,2023,2018,D6,Separated,Unverified,"9,155"
3/13/2023,2023,2020,D4,Separated,Unverified,"10,285,030"
3/13/2023,2023,2020,D6,Separated,Unverified,"10,085,230"
3/13/2023,2023,2021,D3,Separated,Q-RIN,"36,245,040"
3/13/2023,2023,2021,D4,Separated,Q-RIN,"229,821"
3/13/2023,2023,2021,D4,Separated,Unverified,"204,787,343"
3/13/2023,2023,2021,D6,Separated,Unverified,"135,094,106"
3/13/2023,2023,2022,D3,Separated,Q-RIN,"17,750,008"
3/13/2023,2023,2022,D3,Separated,Unverified,"208,392"
3/13/2023,2023,2022,D4,Assigned,Q-RIN,"1,815,688"
3/13/2023,2023,2022,D4,Assigned,Unverified,"3,138,963"
3/13/2023,2023,2022,D4,Separated,Q-RIN,"4,496,458"
3/13/2023,2023,2022,D4,Separated,Unverified,"105,715,656"
3/13/2023,2023,2022,D5,Assigned,Unverified,"395,618"
3/13/2023,2023,2022,D5,Separated,Unverified,1
3/13/2023,2023,2022,D6,Assigned,Unverified,"15,088,083"
3/13/2023,2023,2022,D6,Separated,Unverified,"173,765,389"
3/13/2023,2023,2023,D3,Assigned,Unverified,"202,916"
3/13/2023,2023,2023,D3,Separated,Q-RIN,"13,131,065"
3/13/2023,2023,2023,D4,Assigned,Q-RIN,"2,905,125"
3/13/2023,2023,2023,D4,Assigned,Unverified,"129,523,414"
3/13/2023,2023,2023,D4,Separated,Q-RIN,"21,833,603"
3/13/2023,2023,2023,D4,Separated,Unverified,"79,499,192"
3/13/2023,2023,2023,D5,Assigned,Q-RIN,"36,860"
3/13/2023,2023,2023,D5,Assigned,Unverified,"3,358,693"
3/13/2023,2023,2023,D5,Separated,Q-RIN,"1,000,000"
3/13/2023,2023,2023,D5,Separated,Unverified,"431,323"
3/13/2023,2023,2023,D6,Assigned,Unverified,"489,224,267"
3/13/2023,2023,2023,D6,Separated,Unverified,"325,778,708"
3/20/2023,2023,2020,D3,Separated,Q-RIN,"1,897,390"
3/20/2023,2023,2020,D4,Separated,Unverified,"297,084"
3/20/2023,2023,2020,D5,Separated,Unverified,"18,152,850"
3/20/2023,2023,2020,D6,Separated,Q-RIN,"491,602"
3/20/2023,2023,2020,D6,Separated,Unverified,"67,286,321"
3/20/2023,2023,2021,D3,Separated,Q-RIN,"19,901,647"
3/20/2023,2023,2021,D4,Separated,Q-RIN,"850,001"
3/20/2023,2023,2021,D4,Separated,Unverified,"193,810,565"
3/20/2023,2023,2021,D5,Separated,Q-RIN,"7,148,437"
3/20/2023,2023,2021,D5,Separated,Unverified,"7,276,875"
3/20/2023,2023,2021,D6,Assigned,Unverified,"7,681"
3/20/2023,2023,2021,D6,Separated,Unverified,"488,972,298"
3/20/2023,2023,2022,D3,Separated,Q-RIN,"13,788,495"
3/20/2023,2023,2022,D4,Assigned,Q-RIN,"1,823,387"
3/20/2023,2023,2022,D4,Assigned,Unverified,"3,342,598"
3/20/2023,2023,2022,D4,Separated,Q-RIN,"3,006,268"
3/20/2023,2023,2022,D4,Separated,Unverified,"123,436,032"
3/20/2023,2023,2022,D5,Separated,Unverified,"30,279"
3/20/2023,2023,2022,D6,Assigned,Unverified,"36,100"
3/20/2023,2023,2022,D6,Separated,Unverified,"241,717,978"
3/20/2023,2023,2023,D3,Separated,Q-RIN,"14,554,798"
3/20/2023,2023,2023,D4,Assigned,Q-RIN,"9,446,122"
3/20/2023,2023,2023,D4,Assigned,Unverified,"79,237,771"
3/20/2023,2023,2023,D4,Separated,Q-RIN,"35,334,828"
3/20/2023,2023,2023,D4,Separated,Unverified,"58,102,251"
3/20/2023,2023,2023,D5,Assigned,Q-RIN,"8,408"
3/20/2023,2023,2023,D5,Assigned,Unverified,"777,628"
3/20/2023,2023,2023,D5,Separated,Q-RIN,"1,000,000"
3/20/2023,2023,2023,D5,Separated,Unverified,"1,084,473"
3/20/2023,2023,2023,D6,Assigned,Unverified,"515,418,730"
3/20/2023,2023,2023,D6,Separated,Unverified,"493,238,298"
3/27/2023,2023,2020,D4,Separated,Q-RIN,"450,000"
3/27/2023,2023,2020,D6,Separated,Unverified,"8,580,016"
3/27/2023,2023,2021,D3,Separated,Q-RIN,"1,210,286"
3/27/2023,2023,2021,D3,Separated,Unverified,"384,560"
3/27/2023,2023,2021,D4,Separated,Unverified,"748,759"
3/27/2023,2023,2021,D5,Separated,Unverified,"13,782"
3/27/2023,2023,2021,D6,Separated,Unverified,"22,840,244"
3/27/2023,2023,2022,D3,Separated,Q-RIN,"11,206,567"
3/27/2023,2023,2022,D3,Separated,Unverified,"668,388"
3/27/2023,2023,2022,D4,Assigned,Unverified,"791,497"
3/27/2023,2023,2022,D4,Separated,Q-RIN,"8,341,449"
3/27/2023,2023,2022,D4,Separated,Unverified,"90,697,056"
3/27/2023,2023,2022,D5,Separated,Unverified,"941,028"
3/27/2023,2023,2022,D6,Assigned,Unverified,"350,192"
3/27/2023,2023,2022,D6,Separated,Unverified,"148,868,047"
3/27/2023,2023,2023,D3,Separated,Q-RIN,"50,064,498"
3/27/2023,2023,2023,D3,Separated,Unverified,"7,465"
3/27/2023,2023,2023,D4,Assigned,Q-RIN,"16,247,780"
3/27/2023,2023,2023,D4,Assigned,Unverified,"141,693,197"
3/27/2023,2023,2023,D4,Separated,Q-RIN,"22,211,627"
3/27/2023,2023,2023,D4,Separated,Unverified,"126,335,060"
3/27/2023,2023,2023,D5,Assigned,Q-RIN,"22,269"
3/27/2023,2023,2023,D5,Assigned,Unverified,"673,214"
3/27/2023,2023,2023,D5,Separated,Unverified,"1,348,650"
3/27/2023,2023,2023,D6,Assigned,Unverified,"509,234,524"
3/27/2023,2023,2023,D6,Separated,Unverified,"294,028,726"
4/3/2023,2023,2021,D4,Separated,Q-RIN,"612,290"
4/3/2023,2023,2021,D4,Separated,Unverified,"4,364,723"
4/3/2023,2023,2021,D6,Separated,Unverified,"7,129,446"
4/3/2023,2023,2022,D3,Separated,Q-RIN,"10,824,846"
4/3/2023,2023,2022,D3,Separated,Unverified,176
4/3/2023,2023,2022,D4,Separated,Q-RIN,"193,037"
4/3/2023,2023,2022,D4,Separated,Unverified,"27,147,543"
4/3/2023,2023,2022,D6,Assigned,Unverified,"2,063,841"
4/3/2023,2023,2022,D6,Separated,Unverified,"136,411,534"
4/3/2023,2023,2023,D3,Separated,Q-RIN,"13,468,232"
4/3/2023,2023,2023,D4,Assigned,Q-RIN,"6,312,121"
4/3/2023,2023,2023,D4,Assigned,Unverified,"99,515,310"
4/3/2023,2023,2023,D4,Separated,Q-RIN,"19,647,866"
4/3/2023,2023,2023,D4,Separated,Unverified,"115,765,764"
4/3/2023,2023,2023,D5,Assigned,Unverified,"3,727,378"
4/3/2023,2023,2023,D6,Assigned,Unverified,"491,523,295"
4/3/2023,2023,2023,D6,Separated,Unverified,"190,548,608"
4/10/2023,2023,2021,D4,Separated,Unverified,"3,037,641"
4/10/2023,2023,2021,D6,Separated,Unverified,"9,000,000"
4/10/2023,2023,2022,D3,Separated,Q-RIN,"334,811"
4/10/2023,2023,2022,D3,Separated,Unverified,"304,754"
4/10/2023,2023,2022,D4,Assigned,Q-RIN,"258,514"
4/10/2023,2023,2022,D4,Assigned,Unverified,"1,373,107"
4/10/2023,2023,2022,D4,Separated,Q-RIN,"3,280,935"
4/10/2023,2023,2022,D4,Separated,Unverified,"51,270,880"
4/10/2023,2023,2022,D6,Assigned,Unverified,"473,274"
4/10/2023,2023,2022,D6,Separated,Unverified,"144,848,467"
4/10/2023,2023,2023,D3,Separated,Q-RIN,"21,334,220"
4/10/2023,2023,2023,D4,Assigned,Q-RIN,"8,899,528"
4/10/2023,2023,2023,D4,Assigned,Unverified,"94,079,778"
4/10/2023,2023,2023,D4,Separated,Q-RIN,"18,862,329"
4/10/2023,2023,2023,D4,Separated,Unverified,"154,027,353"
4/10/2023,2023,2023,D5,Assigned,Q-RIN,"22,061"
4/10/2023,2023,2023,D5,Assigned,Unverified,"726,292"
4/10/2023,2023,2023,D5,Separated,Q-RIN,"3,858,000"
4/10/2023,2023,2023,D5,Separated,Unverified,"869,887"
4/10/2023,2023,2023,D6,Assigned,Unverified,"543,096,399"
4/10/2023,2023,2023,D6,Separated,Unverified,"282,257,941"
4/17/2023,2023,2021,D3,Separated,Q-RIN,"5,152"
4/17/2023,2023,2021,D4,Separated,Q-RIN,"40,126"
4/17/2023,2023,2021,D4,Separated,Unverified,"8,820"
4/17/2023,2023,2021,D6,Assigned,Unverified,"227,920"
4/17/2023,2023,2021,D6,Separated,Unverified,"4,607,249"
4/17/2023,2023,2022,D3,Separated,Q-RIN,"523,112"
4/17/2023,2023,2022,D4,Assigned,Q-RIN,"276,256"
4/17/2023,2023,2022,D4,Assigned,Unverified,"3,960,259"
4/17/2023,2023,2022,D4,Separated,Q-RIN,"1,717,633"
4/17/2023,2023,2022,D4,Separated,Unverified,"69,697,752"
4/17/2023,2023,2022,D5,Assigned,Q-RIN,814
4/17/2023,2023,2022,D5,Separated,Unverified,"67,286"
4/17/2023,2023,2022,D6,Assigned,Unverified,"2,180,080"
4/17/2023,2023,2022,D6,Separated,Unverified,"206,947,733"
4/17/2023,2023,2023,D3,Separated,Q-RIN,"5,663,175"
4/17/2023,2023,2023,D4,Assigned,Q-RIN,"10,581,916"
4/17/2023,2023,2023,D4,Assigned,Unverified,"89,301,205"
4/17/2023,2023,2023,D4,Separated,Q-RIN,"20,922,314"
4/17/2023,2023,2023,D4,Separated,Unverified,"127,709,055"
4/17/2023,2023,2023,D5,Assigned,Q-RIN,"113,031"
4/17/2023,2023,2023,D5,Assigned,Unverified,"3,701,165"
4/17/2023,2023,2023,D5,Separated,Q-RIN,"9,384,801"
4/17/2023,2023,2023,D5,Separated,Unverified,"746,014"
4/17/2023,2023,2023,D6,Assigned,Unverified,"536,311,153"
4/17/2023,2023,2023,D6,Separated,Unverified,"273,459,588"
4/24/2023,2023,2021,D4,Separated,Unverified,"19,544"
4/24/2023,2023,2021,D6,Separated,Unverified,"346,598"
4/24/2023,2023,2022,D3,Separated,Q-RIN,"2,751,815"
4/24/2023,2023,2022,D3,Separated,Unverified,"19,000"
4/24/2023,2023,2022,D4,Assigned,Q-RIN,"171,609"
4/24/2023,2023,2022,D4,Separated,Q-RIN,"325,197"
4/24/2023,2023,2022,D4,Separated,Unverified,"32,205,339"
4/24/2023,2023,2022,D5,Assigned,Unverified,"2,380"
4/24/2023,2023,2022,D5,Separated,Q-RIN,"45,612"
4/24/2023,2023,2022,D5,Separated,Unverified,"18,144"
4/24/2023,2023,2022,D6,Assigned,Unverified,"649,978"
4/24/2023,2023,2022,D6,Separated,Unverified,"118,033,295"
4/24/2023,2023,2023,D3,Separated,Q-RIN,"55,518,121"
4/24/2023,2023,2023,D3,Separated,Unverified,"715,599"
4/24/2023,2023,2023,D4,Assigned,Q-RIN,"8,783,725"
4/24/2023,2023,2023,D4,Assigned,Unverified,"118,147,060"
4/24/2023,2023,2023,D4,Separated,Q-RIN,"16,994,065"
4/24/2023,2023,2023,D4,Separated,Unverified,"105,869,544"
4/24/2023,2023,2023,D5,Assigned,Q-RIN,"8,237"
4/24/2023,2023,2023,D5,Assigned,Unverified,"525,123"
4/24/2023,2023,2023,D5,Separated,Q-RIN,"1,068,831"
4/24/2023,2023,2023,D5,Separated,Unverified,"1,260,509"
4/24/2023,2023,2023,D6,Assigned,Unverified,"531,004,185"
4/24/2023,2023,2023,D6,Separated,Unverified,"269,090,170"
5/1/2023,2023,2021,D3,Separated,Q-RIN,"35,175"
5/1/2023,2023,2021,D4,Assigned,Unverified,"92,806"
5/1/2023,2023,2021,D4,Separated,Unverified,"1,557"
5/1/2023,2023,2021,D6,Separated,Unverified,360
5/1/2023,2023,2022,D3,Separated,Q-RIN,"6,655,686"
5/1/2023,2023,2022,D4,Assigned,Q-RIN,"85,597"
5/1/2023,2023,2022,D4,Assigned,Unverified,"51,766"
5/1/2023,2023,2022,D4,Separated,Q-RIN,"2,168,809"
5/1/2023,2023,2022,D4,Separated,Unverified,"69,085,005"
5/1/2023,2023,2022,D5,Separated,Q-RIN,"10,000,000"
5/1/2023,2023,2022,D6,Assigned,Unverified,"16,013"
5/1/2023,2023,2022,D6,Separated,Unverified,"84,000,660"
5/1/2023,2023,2023,D3,Separated,Q-RIN,"18,198,084"
5/1/2023,2023,2023,D3,Separated,Unverified,199
5/1/2023,2023,2023,D4,Assigned,Q-RIN,"7,865,048"
5/1/2023,2023,2023,D4,Assigned,Unverified,"146,396,241"
5/1/2023,2023,2023,D4,Separated,Q-RIN,"19,897,503"
5/1/2023,2023,2023,D4,Separated,Unverified,"136,140,889"
5/1/2023,2023,2023,D5,Assigned,Q-RIN,"22,446"
5/1/2023,2023,2023,D5,Assigned,Unverified,"3,807,216"
5/1/2023,2023,2023,D5,Separated,Unverified,"283,729"
5/1/2023,2023,2023,D6,Assigned,Unverified,"491,385,255"
5/1/2023,2023,2023,D6,Separated,Unverified,"286,458,156"
5/8/2023,2023,2021,D4,Assigned,Unverified,"9,596"
5/8/2023,2023,2021,D4,Separated,Unverified,210
5/8/2023,2023,2021,D6,Separated,Unverified,"7,492"
5/8/2023,2023,2022,D3,Separated,Q-RIN,"1,416,912"
5/8/2023,2023,2022,D4,Assigned,Unverified,"311,238"
5/8/2023,2023,2022,D4,Separated,Q-RIN,"12,391,997"
5/8/2023,2023,2022,D4,Separated,Unverified,"58,449,941"
5/8/2023,2023,2022,D5,Separated,Unverified,"7,380,000"
5/8/2023,2023,2022,D6,Separated,Unverified,"200,594,564"
5/8/2023,2023,2023,D3,Separated,Q-RIN,"14,452,368"
5/8/2023,2023,2023,D3,Separated,Unverified,"535,011"
5/8/2023,2023,2023,D4,Assigned,Q-RIN,"7,966,215"
5/8/2023,2023,2023,D4,Assigned,Unverified,"148,551,683"
5/8/2023,2023,2023,D4,Separated,Q-RIN,"17,625,961"
5/8/2023,2023,2023,D4,Separated,Unverified,"187,634,705"
5/8/2023,2023,2023,D5,Assigned,Q-RIN,"7,011"
5/8/2023,2023,2023,D5,Assigned,Unverified,"3,701,084"
5/8/2023,2023,2023,D5,Separated,Unverified,"1,663,782"
5/8/2023,2023,2023,D6,Assigned,Unverified,"492,624,013"
5/8/2023,2023,2023,D6,Separated,Unverified,"279,539,607"
5/15/2023,2023,2021,D4,Separated,Unverified,"1,557"
5/15/2023,2023,2021,D5,Separated,Unverified,404
5/15/2023,2023,2021,D6,Assigned,Unverified,"144,000"
5/15/2023,2023,2021,D6,Separated,Unverified,"537,177"
5/15/2023,2023,2022,D3,Separated,Q-RIN,"1,358,860"
5/15/2023,2023,2022,D4,Separated,Unverified,"38,650,177"
5/15/2023,2023,2022,D6,Assigned,Unverified,"352,631"
5/15/2023,2023,2022,D6,Separated,Unverified,"47,941,920"
5/15/2023,2023,2023,D3,Separated,Q-RIN,"15,949,000"
5/15/2023,2023,2023,D4,Assigned,Q-RIN,"29,022,138"
5/15/2023,2023,2023,D4,Assigned,Unverified,"133,882,778"
5/15/2023,2023,2023,D4,Separated,Q-RIN,"16,876,140"
5/15/2023,2023,2023,D4,Separated,Unverified,"245,987,509"
5/15/2023,2023,2023,D5,Assigned,Q-RIN,"8,121"
5/15/2023,2023,2023,D5,Assigned,Unverified,"905,640"
5/15/2023,2023,2023,D5,Separated,Q-RIN,"500,000"
5/15/2023,2023,2023,D5,Separated,Unverified,"598,626"
5/15/2023,2023,2023,D6,Assigned,Unverified,"519,226,252"
5/15/2023,2023,2023,D6,Separated,Unverified,"380,182,371"
5/22/2023,2023,2021,D4,Separated,Q-RIN,"78,312"
5/22/2023,2023,2021,D4,Separated,Unverified,"242,280"
5/22/2023,2023,2021,D6,Separated,Unverified,"1,748,126"
5/22/2023,2023,2022,D3,Separated,Q-RIN,"150,000"
5/22/2023,2023,2022,D3,Separated,Unverified,"186,604"
5/22/2023,2023,2022,D4,Assigned,Unverified,"254,028"
5/22/2023,2023,2022,D4,Separated,Q-RIN,"6,000,000"
5/22/2023,2023,2022,D4,Separated,Unverified,"60,508,440"
5/22/2023,2023,2022,D5,Separated,Unverified,"2,083"
5/22/2023,2023,2022,D6,Assigned,Unverified,"375,070"
5/22/2023,2023,2022,D6,Separated,Unverified,"68,612,388"
5/22/2023,2023,2023,D3,Assigned,Unverified,"228,934"
5/22/2023,2023,2023,D3,Separated,Q-RIN,"27,262,777"
5/22/2023,2023,2023,D3,Separated,Unverified,"31,589"
5/22/2023,2023,2023,D4,Assigned,Q-RIN,"12,272,491"
5/22/2023,2023,2023,D4,Assigned,Unverified,"92,982,224"
5/22/2023,2023,2023,D4,Separated,Q-RIN,"53,887,557"
5/22/2023,2023,2023,D4,Separated,Unverified,"181,671,020"
5/22/2023,2023,2023,D5,Assigned,Q-RIN,"21,860"
5/22/2023,2023,2023,D5,Assigned,Unverified,"3,532,858"
5/22/2023,2023,2023,D5,Separated,Q-RIN,"7,000,000"
5/22/2023,2023,2023,D5,Separated,Unverified,"2,525,946"
5/22/2023,2023,2023,D6,Assigned,Unverified,"520,213,965"
5/22/2023,2023,2023,D6,Separated,Unverified,"435,187,025"
5/29/2023,2023,2021,D6,Assigned,Unverified,"850,202"
5/29/2023,2023,2022,D3,Separated,Q-RIN,"1,432,355"
5/29/2023,2023,2022,D3,Separated,Unverified,187
5/29/2023,2023,2022,D4,Separated,Q-RIN,"4,437,839"
5/29/2023,2023,2022,D4,Separated,Unverified,"19,890,966"
5/29/2023,2023,2022,D5,Separated,Unverified,"1,000,000"
5/29/2023,2023,2022,D6,Assigned,Unverified,"438,418"
5/29/2023,2023,2022,D6,Separated,Unverified,"81,400,973"
5/29/2023,2023,2023,D3,Separated,Q-RIN,"25,910,143"
5/29/2023,2023,2023,D3,Separated,Unverified,"46,040"
5/29/2023,2023,2023,D4,Assigned,Q-RIN,"10,209,665"
5/29/2023,2023,2023,D4,Assigned,Unverified,"97,200,066"
5/29/2023,2023,2023,D4,Separated,Q-RIN,"28,600,332"
5/29/2023,2023,2023,D4,Separated,Unverified,"76,106,233"
5/29/2023,2023,2023,D5,Assigned,Unverified,"1,005,635"
5/29/2023,2023,2023,D5,Separated,Q-RIN,"511,019"
5/29/2023,2023,2023,D6,Assigned,Unverified,"516,539,632"
5/29/2023,2023,2023,D6,Separated,Unverified,"218,910,079"
6/5/2023,2023,2021,D4,Separated,Unverified,"100,000"
6/5/2023,2023,2022,D3,Separated,Q-RIN,"360,110"
6/5/2023,2023,2022,D4,Separated,Q-RIN,"4,936,026"
6/5/2023,2023,2022,D4,Separated,Unverified,"55,321,604"
6/5/2023,2023,2022,D6,Assigned,Unverified,"42,000"
6/5/2023,2023,2022,D6,Separated,Unverified,"87,105,587"
6/5/2023,2023,2023,D3,Separated,Q-RIN,"29,241,665"
6/5/2023,2023,2023,D4,Assigned,Q-RIN,"5,592,802"
6/5/2023,2023,2023,D4,Assigned,Unverified,"180,295,228"
6/5/2023,2023,2023,D4,Separated,Q-RIN,"32,381,709"
6/5/2023,2023,2023,D4,Separated,Unverified,"170,755,828"
6/5/2023,2023,2023,D5,Assigned,Unverified,"893,063"
6/5/2023,2023,2023,D5,Separated,Q-RIN,"1,170,000"
6/5/2023,2023,2023,D6,Assigned,Unverified,"559,491,291"
6/5/2023,2023,2023,D6,Separated,Unverified,"528,026,011"
6/12/2023,2023,2021,D5,Separated,Unverified,"3,038"
6/12/2023,2023,2022,D3,Separated,Q-RIN,"1,050,000"
6/12/2023,2023,2022,D4,Assigned,Unverified,"866,751"
6/12/2023,2023,2022,D4,Separated,Q-RIN,"1,705,323"
6/12/2023,2023,2022,D4,Separated,Unverified,"28,649,624"
6/12/2023,2023,2022,D5,Separated,Unverified,"6,405,531"
6/12/2023,2023,2022,D6,Assigned,Unverified,"910,123"
6/12/2023,2023,2022,D6,Separated,Unverified,"84,788,608"
6/12/2023,2023,2023,D3,Separated,Q-RIN,"42,776,011"
6/12/2023,2023,2023,D3,Separated,Unverified,"3,459"
6/12/2023,2023,2023,D4,Assigned,Q-RIN,"12,343,702"
6/12/2023,2023,2023,D4,Assigned,Unverified,"126,414,545"
6/12/2023,2023,2023,D4,Separated,Q-RIN,"28,653,837"
6/12/2023,2023,2023,D4,Separated,Unverified,"249,438,345"
6/12/2023,2023,2023,D5,Assigned,Q-RIN,"23,239"
6/12/2023,2023,2023,D5,Assigned,Unverified,"944,987"
6/12/2023,2023,2023,D5,Separated,Q-RIN,"3,000,000"
6/12/2023,2023,2023,D6,Assigned,Unverified,"526,264,216"
6/12/2023,2023,2023,D6,Separated,Unverified,"530,903,092"
6/19/2023,2023,2021,D4,Separated,Unverified,"20,432"
6/19/2023,2023,2022,D3,Separated,Q-RIN,"2,856,833"
6/19/2023,2023,2022,D4,Separated,Q-RIN,"1,813,128"
6/19/2023,2023,2022,D4,Separated,Unverified,"49,987,189"
6/19/2023,2023,2022,D6,Assigned,Unverified,"178,051"
6/19/2023,2023,2022,D6,Separated,Unverified,"44,316,337"
6/19/2023,2023,2023,D3,Separated,Q-RIN,"42,052,394"
6/19/2023,2023,2023,D3,Separated,Unverified,"46,040"
6/19/2023,2023,2023,D4,Assigned,Q-RIN,"12,885,190"
6/19/2023,2023,2023,D4,Assigned,Unverified,"118,182,055"
6/19/2023,2023,2023,D4,Separated,Q-RIN,"54,581,565"
6/19/2023,2023,2023,D4,Separated,Unverified,"263,047,655"
6/19/2023,2023,2023,D5,Assigned,Q-RIN,"29,152"
6/19/2023,2023,2023,D5,Assigned,Unverified,"2,604,194"
6/19/2023,2023,2023,D5,Separated,Unverified,"1,427,826"
6/19/2023,2023,2023,D6,Assigned,Unverified,"545,973,538"
6/19/2023,2023,2023,D6,Separated,Unverified,"642,131,552"
6/26/2023,2023,2021,D4,Separated,Unverified,"9,596"
6/26/2023,2023,2021,D6,Separated,Unverified,"7,070,110"
6/26/2023,2023,2022,D3,Separated,Q-RIN,"259,630"
6/26/2023,2023,2022,D4,Separated,Q-RIN,"3,362,549"
6/26/2023,2023,2022,D4,Separated,Unverified,"15,754,074"
6/26/2023,2023,2022,D6,Assigned,Unverified,"163,780"
6/26/2023,2023,2022,D6,Separated,Unverified,"96,441,034"
6/26/2023,2023,2023,D3,Separated,Q-RIN,"74,237,691"
6/26/2023,2023,2023,D3,Separated,Unverified,"219,113"
6/26/2023,2023,2023,D4,Assigned,Q-RIN,"7,334,237"
6/26/2023,2023,2023,D4,Assigned,Unverified,"120,381,321"
6/26/2023,2023,2023,D4,Separated,Q-RIN,"44,850,323"
6/26/2023,2023,2023,D4,Separated,Unverified,"291,036,593"
6/26/2023,2023,2023,D5,Assigned,Q-RIN,"22,053"
6/26/2023,2023,2023,D5,Assigned,Unverified,"649,574"
6/26/2023,2023,2023,D5,Separated,Unverified,"2,371,513"
6/26/2023,2023,2023,D6,Assigned,Unverified,"565,253,883"
6/26/2023,2023,2023,D6,Separated,Unverified,"502,650,468"
7/3/2023,2023,2021,D6,Separated,Unverified,"5,000"
7/3/2023,2023,2022,D3,Separated,Q-RIN,"6,766,938"
7/3/2023,2023,2022,D4,Assigned,Unverified,"9,797"
7/3/2023,2023,2022,D4,Separated,Q-RIN,"80,904"
7/3/2023,2023,2022,D4,Separated,Unverified,"11,650,261"
7/3/2023,2023,2022,D6,Assigned,Unverified,"8,490"
7/3/2023,2023,2022,D6,Separated,Unverified,"140,507,416"
7/3/2023,2023,2023,D3,Separated,Q-RIN,"18,195,003"
7/3/2023,2023,2023,D3,Separated,Unverified,"26,540"
7/3/2023,2023,2023,D4,Assigned,Q-RIN,"7,925,737"
7/3/2023,2023,2023,D4,Assigned,Unverified,"61,005,214"
7/3/2023,2023,2023,D4,Separated,Q-RIN,"15,762,795"
7/3/2023,2023,2023,D4,Separated,Unverified,"139,193,615"
7/3/2023,2023,2023,D5,Assigned,Q-RIN,"8,088"
7/3/2023,2023,2023,D5,Assigned,Unverified,"1,504,727"
7/3/2023,2023,2023,D5,Separated,Unverified,"2,580,485"
7/3/2023,2023,2023,D6,Assigned,Unverified,"478,248,746"
7/3/2023,2023,2023,D6,Separated,Unverified,"443,618,789"
7/10/2023,2023,2021,D6,Separated,Unverified,"623,883"
7/10/2023,2023,2022,D3,Separated,Q-RIN,"4,341,984"
7/10/2023,2023,2022,D4,Assigned,Unverified,"10,648"
7/10/2023,2023,2022,D4,Separated,Q-RIN,"305,610"
7/10/2023,2023,2022,D4,Separated,Unverified,"26,471,191"
7/10/2023,2023,2022,D5,Separated,Unverified,"240,764"
7/10/2023,2023,2022,D6,Separated,Unverified,"90,378,712"
7/10/2023,2023,2023,D3,Assigned,Unverified,"142,475"
7/10/2023,2023,2023,D3,Separated,Q-RIN,"37,624,810"
7/10/2023,2023,2023,D3,Separated,Unverified,"6,239"
7/10/2023,2023,2023,D4,Assigned,Q-RIN,"23,549,555"
7/10/2023,2023,2023,D4,Assigned,Unverified,"101,213,671"
7/10/2023,2023,2023,D4,Separated,Q-RIN,"41,721,154"
7/10/2023,2023,2023,D4,Separated,Unverified,"174,947,518"
7/10/2023,2023,2023,D5,Assigned,Q-RIN,"8,082"
7/10/2023,2023,2023,D5,Assigned,Unverified,"600,731"
7/10/2023,2023,2023,D5,Separated,Unverified,"172,773"
7/10/2023,2023,2023,D6,Assigned,Unverified,"575,431,766"
7/10/2023,2023,2023,D6,Separated,Unverified,"403,396,437"
7/17/2023,2023,2021,D4,Separated,Unverified,"40,864"
7/17/2023,2023,2021,D6,Assigned,Unverified,"1,975"
7/17/2023,2023,2021,D6,Separated,Unverified,"642,252"
7/17/2023,2023,2022,D3,Separated,Q-RIN,"77,556"
7/17/2023,2023,2022,D4,Assigned,Q-RIN,"15,449"
7/17/2023,2023,2022,D4,Assigned,Unverified,"51,365"
7/17/2023,2023,2022,D4,Separated,Q-RIN,"315,620"
7/17/2023,2023,2022,D4,Separated,Unverified,"2,708,794"
7/17/2023,2023,2022,D6,Assigned,Unverified,"1,631,874"
7/17/2023,2023,2022,D6,Separated,Unverified,"86,445,925"
7/17/2023,2023,2023,D3,Separated,Q-RIN,"12,225,860"
7/17/2023,2023,2023,D4,Assigned,Q-RIN,"8,702,936"
7/17/2023,2023,2023,D4,Assigned,Unverified,"156,102,605"
7/17/2023,2023,2023,D4,Separated,Q-RIN,"34,728,885"
7/17/2023,2023,2023,D4,Separated,Unverified,"245,639,099"
7/17/2023,2023,2023,D5,Assigned,Q-RIN,"8,065"
7/17/2023,2023,2023,D5,Assigned,Unverified,"903,871"
7/17/2023,2023,2023,D5,Separated,Q-RIN,"4,500,000"
7/17/2023,2023,2023,D5,Separated,Unverified,"581,206"
7/17/2023,2023,2023,D6,Assigned,Unverified,"546,596,474"
7/17/2023,2023,2023,D6,Separated,Unverified,"369,714,256"
7/24/2023,2023,2021,D4,Separated,Unverified,"60,000"
7/24/2023,2023,2021,D6,Assigned,Unverified,"7,412"
7/24/2023,2023,2021,D6,Separated,Unverified,"82,765"
7/24/2023,2023,2022,D3,Separated,Q-RIN,"91,496"
7/24/2023,2023,2022,D4,Assigned,Q-RIN,"32,083"
7/24/2023,2023,2022,D4,Assigned,Unverified,"9,840"
7/24/2023,2023,2022,D4,Separated,Q-RIN,"1,259,466"
7/24/2023,2023,2022,D4,Separated,Unverified,"25,797,173"
7/24/2023,2023,2022,D6,Assigned,Unverified,"31,170"
7/24/2023,2023,2022,D6,Separated,Unverified,"87,341,407"
7/24/2023,2023,2023,D3,Separated,Q-RIN,"42,128,822"
7/24/2023,2023,2023,D4,Assigned,Q-RIN,"12,312,169"
7/24/2023,2023,2023,D4,Assigned,Unverified,"160,513,664"
7/24/2023,2023,2023,D4,Separated,Q-RIN,"36,128,632"
7/24/2023,2023,2023,D4,Separated,Unverified,"319,512,572"
7/24/2023,2023,2023,D5,Assigned,Q-RIN,"24,264"
7/24/2023,2023,2023,D5,Assigned,Unverified,"3,747,939"
7/24/2023,2023,2023,D5,Separated,Q-RIN,"3,000,000"
7/24/2023,2023,2023,D5,Separated,Unverified,"1,920,183"
7/24/2023,2023,2023,D6,Assigned,Unverified,"529,374,593"
7/24/2023,2023,2023,D6,Separated,Unverified,"469,799,714"
7/31/2023,2023,2021,D3,Separated,Q-RIN,"173,397"
7/31/2023,2023,2021,D4,Separated,Unverified,"426,041"
7/31/2023,2023,2021,D5,Separated,Unverified,"2,675,417"
7/31/2023,2023,2021,D6,Separated,Unverified,"19,831,761"
7/31/2023,2023,2022,D3,Separated,Q-RIN,"9,353,078"
7/31/2023,2023,2022,D4,Assigned,Q-RIN,114
7/31/2023,2023,2022,D4,Assigned,Unverified,85
7/31/2023,2023,2022,D4,Separated,Q-RIN,"156,241"
7/31/2023,2023,2022,D4,Separated,Unverified,"34,046,773"
7/31/2023,2023,2022,D5,Separated,Unverified,"10,736,996"
7/31/2023,2023,2022,D6,Assigned,Unverified,"4,846"
7/31/2023,2023,2022,D6,Separated,Unverified,"41,712,431"
7/31/2023,2023,2023,D3,Separated,Q-RIN,"48,774,464"
7/31/2023,2023,2023,D3,Separated,Unverified,"71,159"
7/31/2023,2023,2023,D4,Assigned,Q-RIN,"6,816,388"
7/31/2023,2023,2023,D4,Assigned,Unverified,"117,274,416"
7/31/2023,2023,2023,D4,Separated,Q-RIN,"24,492,305"
7/31/2023,2023,2023,D4,Separated,Unverified,"132,193,246"
7/31/2023,2023,2023,D5,Assigned,Q-RIN,"8,081"
7/31/2023,2023,2023,D5,Assigned,Unverified,"699,134"
7/31/2023,2023,2023,D5,Separated,Q-RIN,"480,000"
7/31/2023,2023,2023,D5,Separated,Unverified,"758,946"
7/31/2023,2023,2023,D6,Assigned,Unverified,"538,997,618"
7/31/2023,2023,2023,D6,Separated,Unverified,"331,747,627"
8/7/2023,2023,2021,D4,Assigned,Unverified,"92,806"
8/7/2023,2023,2021,D6,Separated,Unverified,"5,000"
8/7/2023,2023,2022,D3,Separated,Q-RIN,"2,535,000"
8/7/2023,2023,2022,D3,Separated,Unverified,"318,332"
8/7/2023,2023,2022,D4,Separated,Unverified,"308,990"
8/7/2023,2023,2022,D5,Separated,Q-RIN,"14,180"
8/7/2023,2023,2022,D6,Separated,Unverified,"58,071,947"
8/7/2023,2023,2023,D3,Separated,Q-RIN,"8,864,497"
8/7/2023,2023,2023,D3,Separated,Unverified,"234,768"
8/7/2023,2023,2023,D4,Assigned,Q-RIN,"23,346,093"
8/7/2023,2023,2023,D4,Assigned,Unverified,"202,498,422"
8/7/2023,2023,2023,D4,Separated,Q-RIN,"10,485,558"
8/7/2023,2023,2023,D4,Separated,Unverified,"272,799,965"
8/7/2023,2023,2023,D5,Assigned,Q-RIN,"22,049"
8/7/2023,2023,2023,D5,Assigned,Unverified,"889,734"
8/7/2023,2023,2023,D5,Separated,Q-RIN,"6,686"
8/7/2023,2023,2023,D5,Separated,Unverified,"4,436,676"
8/7/2023,2023,2023,D6,Assigned,Unverified,"550,005,270"
8/7/2023,2023,2023,D6,Separated,Unverified,"326,680,756"
8/14/2023,2023,2021,D4,Separated,Unverified,"23,578"
8/14/2023,2023,2022,D4,Assigned,Unverified,"10,164"
8/14/2023,2023,2022,D4,Separated,Q-RIN,"184,823"
8/14/2023,2023,2022,D4,Separated,Unverified,"2,170,498"
8/14/2023,2023,2022,D6,Assigned,Unverified,"33,542"
8/14/2023,2023,2022,D6,Separated,Unverified,"61,878,903"
8/14/2023,2023,2023,D3,Assigned,Unverified,"139,648"
8/14/2023,2023,2023,D3,Separated,Q-RIN,"31,100,150"
8/14/2023,2023,2023,D4,Assigned,Q-RIN,"8,889,181"
8/14/2023,2023,2023,D4,Assigned,Unverified,"159,341,485"
8/14/2023,2023,2023,D4,Separated,Q-RIN,"54,622,027"
8/14/2023,2023,2023,D4,Separated,Unverified,"299,361,077"
8/14/2023,2023,2023,D5,Assigned,Q-RIN,"13,992"
8/14/2023,2023,2023,D5,Assigned,Unverified,"569,768"
8/14/2023,2023,2023,D5,Separated,Unverified,"419,546"
8/14/2023,2023,2023,D6,Assigned,Unverified,"517,683,593"
8/14/2023,2023,2023,D6,Separated,Unverified,"472,356,366"
8/21/2023,2023,2021,D3,Separated,Q-RIN,"190,887"
8/21/2023,2023,2021,D4,Separated,Unverified,"9,887"
8/21/2023,2023,2021,D6,Separated,Unverified,"4,976,924"
8/21/2023,2023,2022,D3,Separated,Q-RIN,"78,477"
8/21/2023,2023,2022,D4,Assigned,Unverified,"10,490"
8/21/2023,2023,2022,D4,Separated,Q-RIN,"11,674"
8/21/2023,2023,2022,D4,Separated,Unverified,"18,483"
8/21/2023,2023,2022,D5,Separated,Unverified,"6,000"
8/21/2023,2023,2022,D6,Assigned,Unverified,888
8/21/2023,2023,2022,D6,Separated,Unverified,"7,582,940"
8/21/2023,2023,2023,D3,Separated,Q-RIN,"34,197,203"
8/21/2023,2023,2023,D3,Separated,Unverified,176
8/21/2023,2023,2023,D4,Assigned,Q-RIN,"11,424,774"
8/21/2023,2023,2023,D4,Assigned,Unverified,"114,717,040"
8/21/2023,2023,2023,D4,Separated,Q-RIN,"28,322,570"
8/21/2023,2023,2023,D4,Separated,Unverified,"163,508,833"
8/21/2023,2023,2023,D5,Assigned,Unverified,"365,861"
8/21/2023,2023,2023,D5,Separated,Unverified,"775,212"
8/21/2023,2023,2023,D6,Assigned,Unverified,"524,151,471"
8/21/2023,2023,2023,D6,Separated,Unverified,"354,938,602"
8/28/2023,2023,2021,D4,Separated,Q-RIN,"1,544,731"
8/28/2023,2023,2021,D4,Separated,Unverified,"9,887"
8/28/2023,2023,2021,D6,Assigned,Unverified,"15,311"
8/28/2023,2023,2022,D3,Separated,Q-RIN,"1,000"
8/28/2023,2023,2022,D4,Assigned,Q-RIN,59
8/28/2023,2023,2022,D4,Assigned,Unverified,"932,305"
8/28/2023,2023,2022,D4,Separated,Unverified,"1,021,421"
8/28/2023,2023,2022,D5,Separated,Q-RIN,"14,180"
8/28/2023,2023,2022,D5,Separated,Unverified,"6,024"
8/28/2023,2023,2022,D6,Assigned,Unverified,"3,610,320"
8/28/2023,2023,2022,D6,Separated,Unverified,"32,984,974"
8/28/2023,2023,2023,D3,Separated,Q-RIN,"46,906,911"
8/28/2023,2023,2023,D3,Separated,Unverified,"137,755"
8/28/2023,2023,2023,D4,Assigned,Q-RIN,"6,808,538"
8/28/2023,2023,2023,D4,Assigned,Unverified,"73,328,533"
8/28/2023,2023,2023,D4,Separated,Q-RIN,"18,955,011"
8/28/2023,2023,2023,D4,Separated,Unverified,"184,195,782"
8/28/2023,2023,2023,D5,Assigned,Q-RIN,"16,149"
8/28/2023,2023,2023,D5,Assigned,Unverified,"1,020,181"
8/28/2023,2023,2023,D5,Separated,Q-RIN,"87,055"
8/28/2023,2023,2023,D5,Separated,Unverified,"2,026,528"
8/28/2023,2023,2023,D6,Assigned,Unverified,"527,266,418"
8/28/2023,2023,2023,D6,Separated,Unverified,"293,992,661"
9/4/2023,2023,2021,D6,Separated,Unverified,"5,274,056"
9/4/2023,2023,2022,D3,Separated,Q-RIN,"18,477"
9/4/2023,2023,2022,D3,Separated,Unverified,117
9/4/2023,2023,2022,D4,Separated,Unverified,"1,703,903"
9/4/2023,2023,2022,D6,Assigned,Unverified,"50,160"
9/4/2023,2023,2022,D6,Separated,Unverified,"2,226,871"
9/4/2023,2023,2023,D3,Separated,Q-RIN,"11,558,991"
9/4/2023,2023,2023,D3,Separated,Unverified,"37,504"
9/4/2023,2023,2023,D4,Assigned,Q-RIN,"4,913,495"
9/4/2023,2023,2023,D4,Assigned,Unverified,"93,658,165"
9/4/2023,2023,2023,D4,Separated,Q-RIN,"20,683,641"
9/4/2023,2023,2023,D4,Separated,Unverified,"128,000,516"
9/4/2023,2023,2023,D5,Assigned,Unverified,"946,429"
9/4/2023,2023,2023,D5,Separated,Unverified,"271,999"
9/4/2023,2023,2023,D6,Assigned,Unverified,"526,402,708"
9/4/2023,2023,2023,D6,Separated,Unverified,"223,669,000"
9/11/2023,2023,2022,D3,Separated,Q-RIN,"283,000"
9/11/2023,2023,2022,D4,Separated,Q-RIN,"4,000,000"
9/11/2023,2023,2022,D4,Separated,Unverified,"927,725"
9/11/2023,2023,2022,D6,Assigned,Unverified,"21,000"
9/11/2023,2023,2022,D6,Separated,Unverified,"195,909,242"
9/11/2023,2023,2023,D3,Assigned,Unverified,"3,069"
9/11/2023,2023,2023,D3,Separated,Q-RIN,"16,313,954"
9/11/2023,2023,2023,D3,Separated,Unverified,"208,830"
9/11/2023,2023,2023,D4,Assigned,Q-RIN,"8,250,170"
9/11/2023,2023,2023,D4,Assigned,Unverified,"115,765,940"
9/11/2023,2023,2023,D4,Separated,Q-RIN,"43,049,466"
9/11/2023,2023,2023,D4,Separated,Unverified,"240,244,422"
9/11/2023,2023,2023,D5,Assigned,Q-RIN,"37,022"
9/11/2023,2023,2023,D5,Assigned,Unverified,"3,910,645"
9/11/2023,2023,2023,D5,Separated,Q-RIN,"4,150,000"
9/11/2023,2023,2023,D5,Separated,Unverified,"1,772,978"
9/11/2023,2023,2023,D6,Assigned,Unverified,"552,544,178"
9/11/2023,2023,2023,D6,Separated,Unverified,"448,809,457"
9/18/2023,2023,2022,D3,Separated,Q-RIN,"1,050,676"
9/18/2023,2023,2022,D4,Separated,Q-RIN,"989,387"
9/18/2023,2023,2022,D4,Separated,Unverified,"2,462,521"
9/18/2023,2023,2022,D6,Separated,Unverified,"16,557,763"
9/18/2023,2023,2023,D3,Separated,Q-RIN,"36,963,787"
9/18/2023,2023,2023,D4,Assigned,Q-RIN,"8,028,730"
9/18/2023,2023,2023,D4,Assigned,Unverified,"106,338,869"
9/18/2023,2023,2023,D4,Separated,Q-RIN,"18,258,743"
9/18/2023,2023,2023,D4,Separated,Unverified,"278,289,176"
9/18/2023,2023,2023,D5,Assigned,Q-RIN,"8,187"
9/18/2023,2023,2023,D5,Assigned,Unverified,"3,806,337"
9/18/2023,2023,2023,D5,Separated,Q-RIN,"3,000,000"
9/18/2023,2023,2023,D5,Separated,Unverified,"473,599"
9/18/2023,2023,2023,D6,Assigned,Unverified,"547,193,826"
9/18/2023,2023,2023,D6,Separated,Q-RIN,"3,224,990"
9/18/2023,2023,2023,D6,Separated,Unverified,"372,462,253"
9/25/2023,2023,2021,D4,Assigned,Unverified,"44,844"
9/25/2023,2023,2021,D6,Separated,Unverified,"1,448,366"
9/25/2023,2023,2022,D3,Separated,Q-RIN,"1,169,036"
9/25/2023,2023,2022,D4,Assigned,Q-RIN,901
9/25/2023,2023,2022,D4,Assigned,Unverified,"51,220"
9/25/2023,2023,2022,D4,Separated,Q-RIN,"66,359"
9/25/2023,2023,2022,D4,Separated,Unverified,"2,181,378"
9/25/2023,2023,2022,D5,Separated,Unverified,"306,348"
9/25/2023,2023,2022,D6,Assigned,Unverified,"15,481"
9/25/2023,2023,2022,D6,Separated,Unverified,"13,506,527"
9/25/2023,2023,2023,D3,Assigned,Unverified,"143,229"
9/25/2023,2023,2023,D3,Separated,Q-RIN,"96,188,889"
9/25/2023,2023,2023,D3,Separated,Unverified,"118,541"
9/25/2023,2023,2023,D4,Assigned,Q-RIN,"9,085,604"
9/25/2023,2023,2023,D4,Assigned,Unverified,"112,658,372"
9/25/2023,2023,2023,D4,Separated,Q-RIN,"26,300,538"
9/25/2023,2023,2023,D4,Separated,Unverified,"330,502,586"
9/25/2023,2023,2023,D5,Assigned,Q-RIN,"155,149"
9/25/2023,2023,2023,D5,Assigned,Unverified,"3,415,508"
9/25/2023,2023,2023,D5,Separated,Q-RIN,"7,007,891"
9/25/2023,2023,2023,D5,Separated,Unverified,"2,412,429"
9/25/2023,2023,2023,D6,Assigned,Unverified,"541,363,316"
9/25/2023,2023,2023,D6,Separated,Unverified,"335,285,492"
10/2/2023,2023,2021,D6,Separated,Unverified,"236,904"
10/2/2023,2023,2022,D3,Separated,Q-RIN,"599,976"
10/2/2023,2023,2022,D4,Assigned,Q-RIN,90
10/2/2023,2023,2022,D4,Separated,Q-RIN,"4,100,546"
10/2/2023,2023,2022,D4,Separated,Unverified,"740,782"
10/2/2023,2023,2022,D6,Separated,Unverified,"20,501,710"
10/2/2023,2023,2023,D3,Separated,Q-RIN,"29,063,142"
10/2/2023,2023,2023,D3,Separated,Unverified,997
10/2/2023,2023,2023,D4,Assigned,Q-RIN,"14,986,573"
10/2/2023,2023,2023,D4,Assigned,Unverified,"103,339,369"
10/2/2023,2023,2023,D4,Separated,Q-RIN,"25,174,783"
10/2/2023,2023,2023,D4,Separated,Unverified,"197,464,443"
10/2/2023,2023,2023,D5,Assigned,Q-RIN,"15,222"
10/2/2023,2023,2023,D5,Assigned,Unverified,"3,210,539"
10/2/2023,2023,2023,D5,Separated,Unverified,"2,127,310"
10/2/2023,2023,2023,D6,Assigned,Unverified,"522,752,469"
10/2/2023,2023,2023,D6,Separated,Unverified,"427,098,087"
10/9/2023,2023,2021,D6,Separated,Unverified,"1,281,000"
10/9/2023,2023,2022,D3,Separated,Q-RIN,"308,055"
10/9/2023,2023,2022,D4,Assigned,Unverified,"338,264"
10/9/2023,2023,2022,D4,Separated,Q-RIN,"59,000"
10/9/2023,2023,2022,D4,Separated,Unverified,"4,719,374"
10/9/2023,2023,2022,D6,Separated,Unverified,"50,167,484"
10/9/2023,2023,2023,D3,Separated,Q-RIN,"16,187,871"
10/9/2023,2023,2023,D3,Separated,Unverified,"124,698"
10/9/2023,2023,2023,D4,Assigned,Q-RIN,"5,501,195"
10/9/2023,2023,2023,D4,Assigned,Unverified,"133,944,476"
10/9/2023,2023,2023,D4,Separated,Q-RIN,"35,421,364"
10/9/2023,2023,2023,D4,Separated,Unverified,"206,345,054"
10/9/2023,2023,2023,D5,Assigned,Unverified,"717,868"
10/9/2023,2023,2023,D5,Separated,Unverified,"893,075"
10/9/2023,2023,2023,D6,Assigned,Unverified,"517,488,647"
10/9/2023,2023,2023,D6,Separated,Unverified,"297,591,562"
10/16/2023,2023,2021,D6,Separated,Unverified,"274,899"
10/16/2023,2023,2022,D3,Separated,Q-RIN,"445,692"
10/16/2023,2023,2022,D4,Assigned,Unverified,"4,684"
10/16/2023,2023,2022,D4,Separated,Q-RIN,"2,117,663"
10/16/2023,2023,2022,D4,Separated,Unverified,"12,029,458"
10/16/2023,2023,2022,D6,Separated,Unverified,"17,841,067"
10/16/2023,2023,2023,D3,Separated,Q-RIN,"52,077,925"
10/16/2023,2023,2023,D4,Assigned,Q-RIN,"8,856,117"
10/16/2023,2023,2023,D4,Assigned,Unverified,"142,873,136"
10/16/2023,2023,2023,D4,Separated,Q-RIN,"23,491,390"
10/16/2023,2023,2023,D4,Separated,Unverified,"310,138,525"
10/16/2023,2023,2023,D5,Assigned,Q-RIN,"16,586"
10/16/2023,2023,2023,D5,Assigned,Unverified,"1,325,158"
10/16/2023,2023,2023,D5,Separated,Q-RIN,"4,000,000"
10/16/2023,2023,2023,D5,Separated,Unverified,"668,753"
10/16/2023,2023,2023,D6,Assigned,Unverified,"552,963,973"
10/16/2023,2023,2023,D6,Separated,Unverified,"672,232,753"
10/23/2023,2023,2021,D3,Separated,Q-RIN,"224,032"
10/23/2023,2023,2021,D4,Separated,Q-RIN,"2,401,985"
10/23/2023,2023,2021,D6,Separated,Unverified,"4,759,234"
10/23/2023,2023,2022,D3,Separated,Q-RIN,"7,914,688"
10/23/2023,2023,2022,D4,Separated,Q-RIN,"2,723,460"
10/23/2023,2023,2022,D4,Separated,Unverified,"21,265,824"
10/23/2023,2023,2022,D5,Separated,Unverified,"2,281,891"
10/23/2023,2023,2022,D6,Separated,Unverified,"15,902,112"
10/23/2023,2023,2023,D3,Separated,Q-RIN,"64,284,544"
10/23/2023,2023,2023,D4,Assigned,Q-RIN,"11,121,764"
10/23/2023,2023,2023,D4,Assigned,Unverified,"105,545,643"
10/23/2023,2023,2023,D4,Separated,Q-RIN,"37,294,011"
10/23/2023,2023,2023,D4,Separated,Unverified,"247,128,801"
10/23/2023,2023,2023,D5,Assigned,Q-RIN,"8,312"
10/23/2023,2023,2023,D5,Assigned,Unverified,"2,970,582"
10/23/2023,2023,2023,D5,Separated,Unverified,"4,859,910"
10/23/2023,2023,2023,D6,Assigned,Unverified,"519,700,822"
10/23/2023,2023,2023,D6,Separated,Q-RIN,"124,990"
10/23/2023,2023,2023,D6,Separated,Unverified,"671,925,297"
10/30/2023,2023,2021,D3,Separated,Q-RIN,"33,145"
10/30/2023,2023,2021,D4,Separated,Q-RIN,"1,714,510"
10/30/2023,2023,2021,D6,Separated,Unverified,"328,905"
10/30/2023,2023,2022,D3,Separated,Q-RIN,"2,400,159"
10/30/2023,2023,2022,D4,Separated,Q-RIN,"360,221"
10/30/2023,2023,2022,D4,Separated,Unverified,"5,897,292"
10/30/2023,2023,2022,D6,Separated,Unverified,"33,962,519"
10/30/2023,2023,2023,D3,Separated,Q-RIN,"43,405,589"
10/30/2023,2023,2023,D3,Separated,Unverified,"1,271,479"
10/30/2023,2023,2023,D4,Assigned,Q-RIN,"36,286,968"
10/30/2023,2023,2023,D4,Assigned,Unverified,"110,843,371"
10/30/2023,2023,2023,D4,Separated,Q-RIN,"19,524,969"
10/30/2023,2023,2023,D4,Separated,Unverified,"217,737,546"
10/30/2023,2023,2023,D5,Assigned,Q-RIN,"37,021"
10/30/2023,2023,2023,D5,Assigned,Unverified,"494,118"
10/30/2023,2023,2023,D5,Separated,Unverified,"739,335"
10/30/2023,2023,2023,D6,Assigned,Unverified,"565,252,834"
10/30/2023,2023,2023,D6,Separated,Unverified,"343,205,399"
11/6/2023,2023,2021,D5,Separated,Unverified,"799,638"
11/6/2023,2023,2021,D6,Assigned,Unverified,"725,400"
11/6/2023,2023,2021,D6,Separated,Unverified,"137,071"
11/6/2023,2023,2022,D3,Separated,Q-RIN,"6,278,007"
11/6/2023,2023,2022,D4,Separated,Q-RIN,"2,148,538"
11/6/2023,2023,2022,D4,Separated,Unverified,"12,368,921"
11/6/2023,2023,2022,D5,Separated,Q-RIN,"3,800,000"
11/6/2023,2023,2022,D5,Separated,Unverified,"799,638"
11/6/2023,2023,2022,D6,Separated,Unverified,"125,961,272"
11/6/2023,2023,2023,D3,Separated,Q-RIN,"32,753,255"
11/6/2023,2023,2023,D3,Separated,Unverified,"6,052"
11/6/2023,2023,2023,D4,Assigned,Q-RIN,"6,090,654"
11/6/2023,2023,2023,D4,Assigned,Unverified,"102,877,548"
11/6/2023,2023,2023,D4,Separated,Q-RIN,"45,135,121"
11/6/2023,2023,2023,D4,Separated,Unverified,"257,503,529"
11/6/2023,2023,2023,D5,Assigned,Q-RIN,"22,715"
11/6/2023,2023,2023,D5,Assigned,Unverified,"699,007"
11/6/2023,2023,2023,D5,Separated,Unverified,"427,945"
11/6/2023,2023,2023,D6,Assigned,Unverified,"546,116,714"
11/6/2023,2023,2023,D6,Separated,Unverified,"465,793,163"
11/13/2023,2023,2021,D3,Separated,Q-RIN,"1,565,202"
11/13/2023,2023,2021,D6,Separated,Unverified,"59,091,354"
11/13/2023,2023,2022,D3,Separated,Q-RIN,"19,426,877"
11/13/2023,2023,2022,D4,Assigned,Unverified,"240,934"
11/13/2023,2023,2022,D4,Separated,Q-RIN,"20,000,000"
11/13/2023,2023,2022,D4,Separated,Unverified,"121,118,131"
11/13/2023,2023,2022,D5,Separated,Q-RIN,"241,998"
11/13/2023,2023,2022,D5,Separated,Unverified,"1,782,503"
11/13/2023,2023,2022,D6,Separated,Unverified,"268,724,481"
11/13/2023,2023,2023,D3,Separated,Q-RIN,"37,794,174"
11/13/2023,2023,2023,D3,Separated,Unverified,"2,346"
11/13/2023,2023,2023,D4,Assigned,Q-RIN,"25,605,586"
11/13/2023,2023,2023,D4,Assigned,Unverified,"129,516,431"
11/13/2023,2023,2023,D4,Separated,Q-RIN,"55,239,163"
11/13/2023,2023,2023,D4,Separated,Unverified,"298,110,897"
11/13/2023,2023,2023,D5,Assigned,Q-RIN,"15,445"
11/13/2023,2023,2023,D5,Assigned,Unverified,"6,655,341"
11/13/2023,2023,2023,D5,Separated,Q-RIN,"5,500,000"
11/13/2023,2023,2023,D5,Separated,Unverified,"1,100,428"
11/13/2023,2023,2023,D6,Assigned,Unverified,"529,024,202"
11/13/2023,2023,2023,D6,Separated,Unverified,"474,676,457"
11/20/2023,2023,2021,D6,Assigned,Unverified,"1,436,774"
11/20/2023,2023,2021,D6,Separated,Q-RIN,"8,068"
11/20/2023,2023,2021,D6,Separated,Unverified,"1,085,944"
11/20/2023,2023,2022,D3,Separated,Q-RIN,"20,356,778"
11/20/2023,2023,2022,D4,Separated,Q-RIN,"31,131"
11/20/2023,2023,2022,D4,Separated,Unverified,"7,625,030"
11/20/2023,2023,2022,D5,Separated,Unverified,"1,500,000"
11/20/2023,2023,2022,D6,Separated,Unverified,"33,141,302"
11/20/2023,2023,2023,D3,Separated,Q-RIN,"21,435,232"
11/20/2023,2023,2023,D3,Separated,Unverified,"1,173"
11/20/2023,2023,2023,D4,Assigned,Q-RIN,"6,324,878"
11/20/2023,2023,2023,D4,Assigned,Unverified,"82,701,263"
11/20/2023,2023,2023,D4,Separated,Q-RIN,"16,756,757"
11/20/2023,2023,2023,D4,Separated,Unverified,"148,946,690"
11/20/2023,2023,2023,D5,Assigned,Unverified,"808,010"
11/20/2023,2023,2023,D6,Assigned,Unverified,"482,834,050"
11/20/2023,2023,2023,D6,Separated,Unverified,"355,116,887"
11/27/2023,2023,2021,D4,Separated,Unverified,"50,000"
11/27/2023,2023,2021,D6,Separated,Q-RIN,"8,068"
11/27/2023,2023,2021,D6,Separated,Unverified,"3,051,875"
11/27/2023,2023,2022,D3,Separated,Q-RIN,"7,301,473"
11/27/2023,2023,2022,D4,Separated,Q-RIN,90
11/27/2023,2023,2022,D4,Separated,Unverified,"49,861,668"
11/27/2023,2023,2022,D6,Assigned,Unverified,"162,003"
11/27/2023,2023,2022,D6,Separated,Unverified,"151,201,986"
11/27/2023,2023,2023,D3,Separated,Q-RIN,"70,363,895"
11/27/2023,2023,2023,D3,Separated,Unverified,"232,441"
11/27/2023,2023,2023,D4,Assigned,Q-RIN,"10,124,346"
11/27/2023,2023,2023,D4,Assigned,Unverified,"124,465,985"
11/27/2023,2023,2023,D4,Separated,Q-RIN,"32,148,073"
11/27/2023,2023,2023,D4,Separated,Unverified,"364,029,997"
11/27/2023,2023,2023,D5,Assigned,Q-RIN,"16,351"
11/27/2023,2023,2023,D5,Assigned,Unverified,"4,706,886"
11/27/2023,2023,2023,D5,Separated,Unverified,"773,457"
11/27/2023,2023,2023,D6,Assigned,Unverified,"576,387,512"
11/27/2023,2023,2023,D6,Separated,Unverified,"382,470,756"
12/4/2023,2023,2021,D6,Assigned,Unverified,"487,344"
12/4/2023,2023,2022,D4,Assigned,Unverified,"79,285"
12/4/2023,2023,2022,D4,Separated,Q-RIN,"31,131"
12/4/2023,2023,2022,D4,Separated,Unverified,"102,719"
12/4/2023,2023,2022,D6,Assigned,Unverified,"4,724,593"
12/4/2023,2023,2022,D6,Separated,Unverified,"4,171"
12/4/2023,2023,2023,D3,Assigned,Unverified,"144,388"
12/4/2023,2023,2023,D3,Separated,Q-RIN,"44,321,296"
12/4/2023,2023,2023,D3,Separated,Unverified,"42,496"
12/4/2023,2023,2023,D4,Assigned,Q-RIN,"4,315,322"
12/4/2023,2023,2023,D4,Assigned,Unverified,"130,717,573"
12/4/2023,2023,2023,D4,Separated,Q-RIN,"39,732,402"
12/4/2023,2023,2023,D4,Separated,Unverified,"407,137,423"
12/4/2023,2023,2023,D5,Assigned,Q-RIN,"114,618"
12/4/2023,2023,2023,D5,Assigned,Unverified,"852,815"
12/4/2023,2023,2023,D5,Separated,Q-RIN,"1,437,839"
12/4/2023,2023,2023,D5,Separated,Unverified,"9,069,386"
12/4/2023,2023,2023,D6,Assigned,Unverified,"573,619,048"
12/4/2023,2023,2023,D6,Separated,Unverified,"782,203,037"
12/11/2023,2023,2022,D4,Separated,Unverified,"783,380"
12/11/2023,2023,2022,D6,Assigned,Unverified,"506,029"
12/11/2023,2023,2022,D6,Separated,Unverified,"3,773,613"
12/11/2023,2023,2023,D3,Separated,Q-RIN,"32,848,559"
12/11/2023,2023,2023,D3,Separated,Unverified,"81,610"
12/11/2023,2023,2023,D4,Assigned,Q-RIN,"12,704,623"
12/11/2023,2023,2023,D4,Assigned,Unverified,"129,665,171"
12/11/2023,2023,2023,D4,Separated,Q-RIN,"42,322,300"
12/11/2023,2023,2023,D4,Separated,Unverified,"438,494,513"
12/11/2023,2023,2023,D5,Assigned,Q-RIN,"8,258"
12/11/2023,2023,2023,D5,Assigned,Unverified,"719,704"
12/11/2023,2023,2023,D5,Separated,Q-RIN,"25,927"
12/11/2023,2023,2023,D5,Separated,Unverified,"1,254,109"
12/11/2023,2023,2023,D6,Assigned,Unverified,"521,012,423"
12/11/2023,2023,2023,D6,Separated,Unverified,"923,499,178"
12/18/2023,2023,2022,D3,Separated,Q-RIN,"3,250,207"
12/18/2023,2023,2022,D4,Assigned,Unverified,"10,287"
12/18/2023,2023,2022,D4,Separated,Q-RIN,"263,772"
12/18/2023,2023,2022,D4,Separated,Unverified,"253,787"
12/18/2023,2023,2022,D6,Assigned,Unverified,"73,291"
12/18/2023,2023,2022,D6,Separated,Unverified,"168,404"
12/18/2023,2023,2023,D3,Assigned,Unverified,"116,118"
12/18/2023,2023,2023,D3,Separated,Q-RIN,"59,842,887"
12/18/2023,2023,2023,D3,Separated,Unverified,"126,187"
12/18/2023,2023,2023,D4,Assigned,Q-RIN,"15,677,775"
12/18/2023,2023,2023,D4,Assigned,Unverified,"122,183,711"
12/18/2023,2023,2023,D4,Separated,Q-RIN,"59,731,298"
12/18/2023,2023,2023,D4,Separated,Unverified,"368,607,711"
12/18/2023,2023,2023,D5,Assigned,Q-RIN,"14,382"
12/18/2023,2023,2023,D5,Assigned,Unverified,"5,475,274"
12/18/2023,2023,2023,D5,Separated,Q-RIN,"267,289"
12/18/2023,2023,2023,D5,Separated,Unverified,"1,910,607"
12/18/2023,2023,2023,D6,Assigned,Unverified,"566,734,142"
12/18/2023,2023,2023,D6,Separated,Unverified,"932,779,075"
12/25/2023,2023,2022,D4,Separated,Q-RIN,"131,886"
12/25/2023,2023,2022,D4,Separated,Unverified,"90,417"
12/25/2023,2023,2022,D6,Assigned,Unverified,"8,000"
12/25/2023,2023,2022,D6,Separated,Unverified,"15,004,166"
12/25/2023,2023,2023,D3,Separated,Q-RIN,"73,209,759"
12/25/2023,2023,2023,D3,Separated,Unverified,"182,149"
12/25/2023,2023,2023,D4,Assigned,Q-RIN,"8,563,110"
12/25/2023,2023,2023,D4,Assigned,Unverified,"96,803,128"
12/25/2023,2023,2023,D4,Separated,Q-RIN,"46,311,510"
12/25/2023,2023,2023,D4,Separated,Unverified,"361,352,018"
12/25/2023,2023,2023,D5,Assigned,Q-RIN,"15,547"
12/25/2023,2023,2023,D5,Assigned,Unverified,"1,003,145"
12/25/2023,2023,2023,D5,Separated,Unverified,"100,000"
12/25/2023,2023,2023,D6,Assigned,Unverified,"546,785,889"
12/25/2023,2023,2023,D6,Separated,Unverified,"299,780,233"
1/1/2024,2024,2022,D3,Separated,Q-RIN,"110,000"
1/1/2024,2024,2022,D4,Separated,Q-RIN,114
1/1/2024,2024,2022,D4,Separated,Unverified,"1,598,774"
1/1/2024,2024,2022,D6,Separated,Unverified,"3,564,336"
1/1/2024,2024,2023,D3,Assigned,Unverified,"29,024"
1/1/2024,2024,2023,D3,Separated,Q-RIN,"33,920,746"
1/1/2024,2024,2023,D3,Separated,Unverified,"1,173"
1/1/2024,2024,2023,D4,Assigned,Q-RIN,"359,816"
1/1/2024,2024,2023,D4,Assigned,Unverified,"47,354,032"
1/1/2024,2024,2023,D4,Separated,Q-RIN,"5,225,673"
1/1/2024,2024,2023,D4,Separated,Unverified,"199,918,769"
1/1/2024,2024,2023,D5,Assigned,Q-RIN,"8,169"
1/1/2024,2024,2023,D5,Assigned,Unverified,"82,770"
1/1/2024,2024,2023,D5,Separated,Q-RIN,"2,700,000"
1/1/2024,2024,2023,D6,Assigned,Unverified,"208,402,898"
1/1/2024,2024,2023,D6,Separated,Q-RIN,"3,210,599"
1/1/2024,2024,2023,D6,Separated,Unverified,"468,312,309"
1/1/2024,2024,2024,D4,Assigned,Q-RIN,"3,025,966"
1/1/2024,2024,2024,D4,Assigned,Unverified,"40,826,084"
1/1/2024,2024,2024,D4,Separated,Q-RIN,"2,298,487"
1/1/2024,2024,2024,D4,Separated,Unverified,"2,298,437"
1/1/2024,2024,2024,D5,Assigned,Unverified,"1,014,314"
1/1/2024,2024,2024,D5,Separated,Unverified,"215,328"
1/1/2024,2024,2024,D6,Assigned,Unverified,"260,460,808"
1/1/2024,2024,2024,D6,Separated,Unverified,"17,498,522"
1/8/2024,2024,2022,D4,Assigned,Unverified,"647,475"
1/8/2024,2024,2022,D4,Separated,Q-RIN,114
1/8/2024,2024,2022,D4,Separated,Unverified,"214,779"
1/8/2024,2024,2023,D3,Separated,Q-RIN,"7,762,965"
1/8/2024,2024,2023,D3,Separated,Unverified,"5,324"
1/8/2024,2024,2023,D4,Assigned,Q-RIN,"262,001"
1/8/2024,2024,2023,D4,Assigned,Unverified,"64,021,328"
1/8/2024,2024,2023,D4,Separated,Q-RIN,"32,482,968"
1/8/2024,2024,2023,D4,Separated,Unverified,"167,077,820"
1/8/2024,2024,2023,D5,Assigned,Unverified,"2,647"
1/8/2024,2024,2023,D5,Separated,Q-RIN,"2,109"
1/8/2024,2024,2023,D5,Separated,Unverified,"1,256,443"
1/8/2024,2024,2023,D6,Assigned,Unverified,"118,962,799"
1/8/2024,2024,2023,D6,Separated,Unverified,"346,980,063"
1/8/2024,2024,2024,D4,Assigned,Q-RIN,"7,698,292"
1/8/2024,2024,2024,D4,Assigned,Unverified,"58,712,129"
1/8/2024,2024,2024,D4,Separated,Q-RIN,"3,172,322"
1/8/2024,2024,2024,D4,Separated,Unverified,"6,083,972"
1/8/2024,2024,2024,D5,Assigned,Q-RIN,"8,397"
1/8/2024,2024,2024,D5,Assigned,Unverified,"811,849"
1/8/2024,2024,2024,D5,Separated,Unverified,"215,328"
1/8/2024,2024,2024,D6,Assigned,Unverified,"376,751,904"
1/8/2024,2024,2024,D6,Separated,Unverified,"35,455,246"
1/15/2024,2024,2022,D3,Separated,Q-RIN,"1,500,784"
1/15/2024,2024,2022,D4,Separated,Unverified,"206,564"
1/15/2024,2024,2022,D6,Separated,Unverified,"5,129,872"
1/15/2024,2024,2023,D3,Separated,Q-RIN,"25,090,140"
1/15/2024,2024,2023,D4,Assigned,Q-RIN,"161,183"
1/15/2024,2024,2023,D4,Assigned,Unverified,"43,558,505"
1/15/2024,2024,2023,D4,Separated,Q-RIN,"19,554,555"
1/15/2024,2024,2023,D4,Separated,Unverified,"227,517,439"
1/15/2024,2024,2023,D5,Separated,Q-RIN,"12,970"
1/15/2024,2024,2023,D5,Separated,Unverified,"363,832"
1/15/2024,2024,2023,D6,Assigned,Unverified,"53,838,319"
1/15/2024,2024,2023,D6,Separated,Unverified,"301,105,705"
1/15/2024,2024,2024,D3,Assigned,Unverified,"72,679"
1/15/2024,2024,2024,D4,Assigned,Q-RIN,"4,708,597"
1/15/2024,2024,2024,D4,Assigned,Unverified,"70,248,259"
1/15/2024,2024,2024,D4,Separated,Q-RIN,"7,377,945"
1/15/2024,2024,2024,D4,Separated,Unverified,"27,223,833"
1/15/2024,2024,2024,D5,Assigned,Unverified,"617,219"
1/15/2024,2024,2024,D6,Assigned,Unverified,"400,143,345"
1/15/2024,2024,2024,D6,Separated,Unverified,"29,264,309"
1/22/2024,2024,2022,D3,Separated,Q-RIN,"4,395,059"
1/22/2024,2024,2022,D4,Separated,Q-RIN,"532,750"
1/22/2024,2024,2022,D4,Separated,Unverified,"656,514"
1/22/2024,2024,2022,D5,Separated,Q-RIN,"1,112,689"
1/22/2024,2024,2022,D5,Separated,Unverified,"4,886,483"
1/22/2024,2024,2022,D6,Assigned,Unverified,"1,295"
1/22/2024,2024,2022,D6,Separated,Unverified,"4,447,439"
1/22/2024,2024,2023,D3,Separated,Q-RIN,"49,676,016"
1/22/2024,2024,2023,D3,Separated,Unverified,"2,346"
1/22/2024,2024,2023,D4,Assigned,Q-RIN,"20,896,550"
1/22/2024,2024,2023,D4,Assigned,Unverified,"59,864,712"
1/22/2024,2024,2023,D4,Separated,Q-RIN,"8,385,125"
1/22/2024,2024,2023,D4,Separated,Unverified,"297,248,151"
1/22/2024,2024,2023,D5,Assigned,Unverified,"45,446"
1/22/2024,2024,2023,D5,Separated,Q-RIN,"323,025"
1/22/2024,2024,2023,D5,Separated,Unverified,"10,167,635"
1/22/2024,2024,2023,D6,Assigned,Unverified,"40,454,740"
1/22/2024,2024,2023,D6,Separated,Unverified,"542,245,841"
1/22/2024,2024,2024,D3,Assigned,Unverified,"64,765"
1/22/2024,2024,2024,D3,Separated,Q-RIN,"14,318"
1/22/2024,2024,2024,D4,Assigned,Q-RIN,"3,623,535"
1/22/2024,2024,2024,D4,Assigned,Unverified,"56,610,077"
1/22/2024,2024,2024,D4,Separated,Q-RIN,"21,390,967"
1/22/2024,2024,2024,D4,Separated,Unverified,"23,047,582"
1/22/2024,2024,2024,D5,Assigned,Q-RIN,"8,229"
1/22/2024,2024,2024,D5,Assigned,Unverified,"3,935,408"
1/22/2024,2024,2024,D5,Separated,Unverified,"489,926"
1/22/2024,2024,2024,D6,Assigned,Unverified,"484,305,766"
1/22/2024,2024,2024,D6,Separated,Unverified,"72,655,134"
1/29/2024,2024,2022,D3,Separated,Q-RIN,"500,000"
1/29/2024,2024,2022,D3,Separated,Unverified,"17,005"
1/29/2024,2024,2022,D4,Assigned,Unverified,"647,475"
1/29/2024,2024,2022,D4,Separated,Unverified,"20,647,475"
1/29/2024,2024,2022,D5,Separated,Unverified,"322,450"
1/29/2024,2024,2022,D6,Separated,Unverified,"39,845"
1/29/2024,2024,2023,D3,Separated,Q-RIN,"48,542,007"
1/29/2024,2024,2023,D3,Separated,Unverified,"339,392"
1/29/2024,2024,2023,D4,Assigned,Q-RIN,"2,834"
1/29/2024,2024,2023,D4,Assigned,Unverified,"83,738,336"
1/29/2024,2024,2023,D4,Separated,Q-RIN,"12,552,162"
1/29/2024,2024,2023,D4,Separated,Unverified,"278,844,520"
1/29/2024,2024,2023,D5,Separated,Unverified,"416,045"
1/29/2024,2024,2023,D6,Assigned,Unverified,"11,983,816"
1/29/2024,2024,2023,D6,Separated,Unverified,"293,695,838"
1/29/2024,2024,2024,D3,Assigned,Unverified,"8,071"
1/29/2024,2024,2024,D3,Separated,Q-RIN,"503,018"
1/29/2024,2024,2024,D4,Assigned,Q-RIN,"12,175,968"
1/29/2024,2024,2024,D4,Assigned,Unverified,"101,217,205"
1/29/2024,2024,2024,D4,Separated,Q-RIN,"24,716,223"
1/29/2024,2024,2024,D4,Separated,Unverified,"26,510,841"
1/29/2024,2024,2024,D5,Assigned,Unverified,"611,810"
1/29/2024,2024,2024,D5,Separated,Unverified,"122,786"
1/29/2024,2024,2024,D6,Assigned,Unverified,"496,135,031"
1/29/2024,2024,2024,D6,Separated,Unverified,"93,351,263"
2/5/2024,2024,2022,D4,Assigned,Unverified,"20,845"
2/5/2024,2024,2022,D4,Separated,Q-RIN,"6,036"
2/5/2024,2024,2022,D4,Separated,Unverified,"1,295,152"
2/5/2024,2024,2022,D6,Assigned,Unverified,"26,237"
2/5/2024,2024,2022,D6,Separated,Unverified,"5,690,677"
2/5/2024,2024,2023,D3,Separated,Q-RIN,"21,079,825"
2/5/2024,2024,2023,D3,Separated,Unverified,"50,255"
2/5/2024,2024,2023,D4,Assigned,Unverified,"34,573,545"
2/5/2024,2024,2023,D4,Separated,Q-RIN,"7,118,806"
2/5/2024,2024,2023,D4,Separated,Unverified,"161,068,991"
2/5/2024,2024,2023,D5,Assigned,Unverified,"885,470"
2/5/2024,2024,2023,D5,Separated,Q-RIN,"2,054,245"
2/5/2024,2024,2023,D5,Separated,Unverified,"2,464,184"
2/5/2024,2024,2023,D6,Assigned,Unverified,"13,670,286"
2/5/2024,2024,2023,D6,Separated,Unverified,"260,931,073"
2/5/2024,2024,2024,D3,Assigned,Unverified,"16,092"
2/5/2024,2024,2024,D4,Assigned,Q-RIN,"5,617,603"
2/5/2024,2024,2024,D4,Assigned,Unverified,"88,903,670"
2/5/2024,2024,2024,D4,Separated,Q-RIN,"15,681,142"
2/5/2024,2024,2024,D4,Separated,Unverified,"14,687,418"
2/5/2024,2024,2024,D5,Assigned,Q-RIN,"8,210"
2/5/2024,2024,2024,D5,Assigned,Unverified,"835,809"
2/5/2024,2024,2024,D5,Separated,Q-RIN,"5,000,001"
2/5/2024,2024,2024,D5,Separated,Unverified,"554,192"
2/5/2024,2024,2024,D6,Assigned,Unverified,"561,818,371"
2/5/2024,2024,2024,D6,Separated,Unverified,"109,635,759"
2/12/2024,2024,2022,D3,Separated,Q-RIN,"457,546"
2/12/2024,2024,2022,D4,Assigned,Unverified,"273,670"
2/12/2024,2024,2022,D4,Separated,Q-RIN,"77,126"
2/12/2024,2024,2022,D4,Separated,Unverified,"370,018"
2/12/2024,2024,2022,D6,Separated,Unverified,"419,669"
2/12/2024,2024,2023,D3,Separated,Q-RIN,"49,160,786"
2/12/2024,2024,2023,D3,Separated,Unverified,"34,535"
2/12/2024,2024,2023,D4,Assigned,Unverified,"48,702,495"
2/12/2024,2024,2023,D4,Separated,Q-RIN,"21,116,131"
2/12/2024,2024,2023,D4,Separated,Unverified,"225,884,911"
2/12/2024,2024,2023,D5,Separated,Q-RIN,"51,372"
2/12/2024,2024,2023,D5,Separated,Unverified,"744,631"
2/12/2024,2024,2023,D6,Assigned,Unverified,"248,630"
2/12/2024,2024,2023,D6,Separated,Unverified,"171,488,761"
2/12/2024,2024,2024,D3,Assigned,Unverified,"24,214"
2/12/2024,2024,2024,D4,Assigned,Q-RIN,"4,519,021"
2/12/2024,2024,2024,D4,Assigned,Unverified,"89,133,933"
2/12/2024,2024,2024,D4,Separated,Q-RIN,"70,505,315"
2/12/2024,2024,2024,D4,Separated,Unverified,"86,801,435"
2/12/2024,2024,2024,D5,Assigned,Q-RIN,"8,157"
2/12/2024,2024,2024,D5,Assigned,Unverified,"858,216"
2/12/2024,2024,2024,D5,Separated,Unverified,"2,146,530"
2/12/2024,2024,2024,D6,Assigned,Unverified,"506,890,509"
2/12/2024,2024,2024,D6,Separated,Unverified,"158,171,828"
2/19/2024,2024,2022,D4,Separated,Unverified,"9,000"
2/19/2024,2024,2022,D6,Assigned,Unverified,"224,855"
2/19/2024,2024,2022,D6,Separated,Unverified,"623,780"
2/19/2024,2024,2023,D3,Separated,Q-RIN,"19,960,461"
2/19/2024,2024,2023,D3,Separated,Unverified,"210,130"
2/19/2024,2024,2023,D4,Assigned,Unverified,"22,864,905"
2/19/2024,2024,2023,D4,Separated,Q-RIN,"18,766,896"
2/19/2024,2024,2023,D4,Separated,Unverified,"248,516,461"
2/19/2024,2024,2023,D5,Assigned,Unverified,"43,092"
2/19/2024,2024,2023,D6,Assigned,Unverified,"725,260"
2/19/2024,2024,2023,D6,Separated,Unverified,"221,550,912"
2/19/2024,2024,2024,D3,Assigned,Unverified,"15,933"
2/19/2024,2024,2024,D3,Separated,Q-RIN,"2,394,093"
2/19/2024,2024,2024,D4,Assigned,Q-RIN,"6,828,607"
2/19/2024,2024,2024,D4,Assigned,Unverified,"104,753,342"
2/19/2024,2024,2024,D4,Separated,Q-RIN,"14,646,154"
2/19/2024,2024,2024,D4,Separated,Unverified,"112,440,149"
2/19/2024,2024,2024,D5,Assigned,Q-RIN,"23,794"
2/19/2024,2024,2024,D5,Assigned,Unverified,"1,439,085"
2/19/2024,2024,2024,D5,Separated,Unverified,"866,417"
2/19/2024,2024,2024,D6,Assigned,Unverified,"576,504,774"
2/19/2024,2024,2024,D6,Separated,Unverified,"308,774,878"
2/26/2024,2024,2022,D3,Separated,Q-RIN,"2,024,648"
2/26/2024,2024,2022,D3,Separated,Unverified,"1,173"
2/26/2024,2024,2022,D4,Assigned,Unverified,"10,067"
2/26/2024,2024,2022,D4,Separated,Unverified,"60,067"
2/26/2024,2024,2022,D6,Assigned,Unverified,"24,855"
2/26/2024,2024,2022,D6,Separated,Unverified,"5,684,401"
2/26/2024,2024,2023,D3,Separated,Q-RIN,"18,627,573"
2/26/2024,2024,2023,D3,Separated,Unverified,"273,745"
2/26/2024,2024,2023,D4,Assigned,Unverified,"9,176,195"
2/26/2024,2024,2023,D4,Separated,Q-RIN,"10,163,013"
2/26/2024,2024,2023,D4,Separated,Unverified,"280,658,810"
2/26/2024,2024,2023,D5,Separated,Q-RIN,"1,000,000"
2/26/2024,2024,2023,D6,Assigned,Unverified,"3,880,186"
2/26/2024,2024,2023,D6,Separated,Unverified,"407,811,130"
2/26/2024,2024,2024,D3,Assigned,Unverified,"30,231"
2/26/2024,2024,2024,D3,Separated,Q-RIN,"47,742,602"
2/26/2024,2024,2024,D3,Separated,Unverified,"94,156"
2/26/2024,2024,2024,D4,Assigned,Q-RIN,"11,305,075"
2/26/2024,2024,2024,D4,Assigned,Unverified,"119,918,538"
2/26/2024,2024,2024,D4,Separated,Q-RIN,"29,224,244"
2/26/2024,2024,2024,D4,Separated,Unverified,"75,166,783"
2/26/2024,2024,2024,D5,Assigned,Q-RIN,"66,415"
2/26/2024,2024,2024,D5,Assigned,Unverified,"2,616,678"
2/26/2024,2024,2024,D5,Separated,Q-RIN,"613,247"
2/26/2024,2024,2024,D5,Separated,Unverified,"1,443,705"
2/26/2024,2024,2024,D6,Assigned,Unverified,"530,284,873"
2/26/2024,2024,2024,D6,Separated,Unverified,"214,213,949"
3/4/2024,2024,2022,D4,Separated,Q-RIN,"1,000,959"
3/4/2024,2024,2022,D4,Separated,Unverified,"1,039,159"
3/4/2024,2024,2022,D6,Separated,Unverified,"501,271"
3/4/2024,2024,2023,D3,Separated,Q-RIN,"22,378,494"
3/4/2024,2024,2023,D3,Separated,Unverified,"203,477"
3/4/2024,2024,2023,D4,Assigned,Q-RIN,828
3/4/2024,2024,2023,D4,Assigned,Unverified,"49,400,742"
3/4/2024,2024,2023,D4,Separated,Q-RIN,"3,305,732"
3/4/2024,2024,2023,D4,Separated,Unverified,"153,713,741"
3/4/2024,2024,2023,D5,Separated,Q-RIN,"500,000"
3/4/2024,2024,2023,D6,Separated,Unverified,"209,439,468"
3/4/2024,2024,2024,D3,Assigned,Unverified,"23,594"
3/4/2024,2024,2024,D3,Separated,Q-RIN,"33,419,411"
3/4/2024,2024,2024,D3,Separated,Unverified,"160,168"
3/4/2024,2024,2024,D4,Assigned,Q-RIN,"13,225,307"
3/4/2024,2024,2024,D4,Assigned,Unverified,"77,266,763"
3/4/2024,2024,2024,D4,Separated,Q-RIN,"23,060,607"
3/4/2024,2024,2024,D4,Separated,Unverified,"41,233,041"
3/4/2024,2024,2024,D5,Assigned,Q-RIN,"7,820"
3/4/2024,2024,2024,D5,Assigned,Unverified,"700,407"
3/4/2024,2024,2024,D5,Separated,Q-RIN,"16,371"
3/4/2024,2024,2024,D5,Separated,Unverified,"263,560"
3/4/2024,2024,2024,D6,Assigned,Unverified,"538,197,166"
3/4/2024,2024,2024,D6,Separated,Unverified,"213,628,287"
3/11/2024,2024,2022,D3,Separated,Q-RIN,"17,102"
3/11/2024,2024,2022,D3,Separated,Unverified,"1,994"
3/11/2024,2024,2022,D4,Assigned,Unverified,"39,578"
3/11/2024,2024,2022,D6,Assigned,Unverified,"1,420,758"
3/11/2024,2024,2022,D6,Separated,Unverified,"2,884,339"
3/11/2024,2024,2023,D3,Separated,Q-RIN,"16,707,663"
3/11/2024,2024,2023,D3,Separated,Unverified,"100,322"
3/11/2024,2024,2023,D4,Assigned,Unverified,"41,879,386"
3/11/2024,2024,2023,D4,Separated,Q-RIN,"27,286,488"
3/11/2024,2024,2023,D4,Separated,Unverified,"344,357,006"
3/11/2024,2024,2023,D6,Assigned,Unverified,"906,860"
3/11/2024,2024,2023,D6,Separated,Unverified,"286,410,728"
3/11/2024,2024,2024,D3,Assigned,Q-RIN,"2,429"
3/11/2024,2024,2024,D3,Assigned,Unverified,"32,287"
3/11/2024,2024,2024,D3,Separated,Q-RIN,"12,308,969"
3/11/2024,2024,2024,D3,Separated,Unverified,"4,644"
3/11/2024,2024,2024,D4,Assigned,Q-RIN,"6,017,602"
3/11/2024,2024,2024,D4,Assigned,Unverified,"81,516,351"
3/11/2024,2024,2024,D4,Separated,Q-RIN,"35,356,460"
3/11/2024,2024,2024,D4,Separated,Unverified,"135,306,729"
3/11/2024,2024,2024,D5,Assigned,Unverified,"496,591"
3/11/2024,2024,2024,D5,Separated,Q-RIN,"7,912,800"
3/11/2024,2024,2024,D5,Separated,Unverified,"1,407,237"
3/11/2024,2024,2024,D6,Assigned,Unverified,"524,403,770"
3/11/2024,2024,2024,D6,Separated,Unverified,"345,358,808"
3/18/2024,2024,2022,D3,Separated,Q-RIN,"7,546"
3/18/2024,2024,2022,D3,Separated,Unverified,"3,167"
3/18/2024,2024,2022,D4,Separated,Q-RIN,41
3/18/2024,2024,2022,D4,Separated,Unverified,"72,413"
3/18/2024,2024,2022,D6,Assigned,Unverified,"4,595"
3/18/2024,2024,2022,D6,Separated,Unverified,"407,587"
3/18/2024,2024,2023,D3,Separated,Q-RIN,"20,839,589"
3/18/2024,2024,2023,D4,Assigned,Unverified,"16,859,326"
3/18/2024,2024,2023,D4,Separated,Q-RIN,"3,670,109"
3/18/2024,2024,2023,D4,Separated,Unverified,"412,602,441"
3/18/2024,2024,2023,D5,Assigned,Unverified,23
3/18/2024,2024,2023,D5,Separated,Q-RIN,"102,836"
3/18/2024,2024,2023,D5,Separated,Unverified,808
3/18/2024,2024,2023,D6,Assigned,Unverified,"65,254"
3/18/2024,2024,2023,D6,Separated,Unverified,"354,378,381"
3/18/2024,2024,2024,D3,Assigned,Unverified,"32,648"
3/18/2024,2024,2024,D3,Separated,Q-RIN,"19,358,577"
3/18/2024,2024,2024,D4,Assigned,Q-RIN,"14,405,989"
3/18/2024,2024,2024,D4,Assigned,Unverified,"120,245,637"
3/18/2024,2024,2024,D4,Separated,Q-RIN,"25,987,321"
3/18/2024,2024,2024,D4,Separated,Unverified,"188,516,211"
3/18/2024,2024,2024,D5,Assigned,Q-RIN,"23,588"
3/18/2024,2024,2024,D5,Assigned,Unverified,"3,075,161"
3/18/2024,2024,2024,D5,Separated,Unverified,"994,676"
3/18/2024,2024,2024,D6,Assigned,Unverified,"543,671,434"
3/18/2024,2024,2024,D6,Separated,Unverified,"258,441,529"
3/25/2024,2024,2022,D3,Separated,Q-RIN,"1,490,761"
3/25/2024,2024,2022,D4,Separated,Unverified,"2,145,071"
3/25/2024,2024,2022,D6,Assigned,Unverified,"29,199"
3/25/2024,2024,2022,D6,Separated,Unverified,"2,298,121"
3/25/2024,2024,2023,D3,Separated,Q-RIN,"36,552,749"
3/25/2024,2024,2023,D3,Separated,Unverified,"1,173"
3/25/2024,2024,2023,D4,Assigned,Unverified,"10,201,456"
3/25/2024,2024,2023,D4,Separated,Q-RIN,"2,491,835"
3/25/2024,2024,2023,D4,Separated,Unverified,"223,722,605"
3/25/2024,2024,2023,D5,Separated,Q-RIN,"53,290"
3/25/2024,2024,2023,D6,Assigned,Unverified,"2,536,513"
3/25/2024,2024,2023,D6,Separated,Unverified,"443,840,930"
3/25/2024,2024,2024,D3,Assigned,Unverified,"32,544"
3/25/2024,2024,2024,D3,Separated,Q-RIN,"89,138,997"
3/25/2024,2024,2024,D3,Separated,Unverified,"177,726"
3/25/2024,2024,2024,D4,Assigned,Q-RIN,"4,264,263"
3/25/2024,2024,2024,D4,Assigned,Unverified,"103,691,429"
3/25/2024,2024,2024,D4,Separated,Q-RIN,"49,174,738"
3/25/2024,2024,2024,D4,Separated,Unverified,"145,333,504"
3/25/2024,2024,2024,D5,Assigned,Q-RIN,"35,798"
3/25/2024,2024,2024,D5,Assigned,Unverified,"2,078,266"
3/25/2024,2024,2024,D5,Separated,Q-RIN,"21,421"
3/25/2024,2024,2024,D5,Separated,Unverified,"683,357"
3/25/2024,2024,2024,D6,Assigned,Unverified,"571,177,848"
3/25/2024,2024,2024,D6,Separated,Unverified,"234,954,712"
4/1/2024,2024,2023,D3,Separated,Q-RIN,"7,809"
4/1/2024,2024,2023,D4,Assigned,Unverified,"19,584"
4/1/2024,2024,2023,D4,Separated,Unverified,"17,016,559"
4/1/2024,2024,2023,D5,Assigned,Unverified,"170,855"
4/1/2024,2024,2023,D6,Assigned,Unverified,"190,525"
4/1/2024,2024,2023,D6,Separated,Unverified,"4,055,793"
4/1/2024,2024,2024,D3,Assigned,Unverified,"24,516"
4/1/2024,2024,2024,D3,Separated,Q-RIN,"43,239,943"
4/1/2024,2024,2024,D3,Separated,Unverified,"429,040"
4/1/2024,2024,2024,D4,Assigned,Q-RIN,"8,155,546"
4/1/2024,2024,2024,D4,Assigned,Unverified,"134,832,246"
4/1/2024,2024,2024,D4,Separated,Q-RIN,"49,507,932"
4/1/2024,2024,2024,D4,Separated,Unverified,"136,472,090"
4/1/2024,2024,2024,D5,Assigned,Q-RIN,"37,679"
4/1/2024,2024,2024,D5,Assigned,Unverified,"999,201"
4/1/2024,2024,2024,D5,Separated,Unverified,"277,000"
4/1/2024,2024,2024,D6,Assigned,Unverified,"511,909,809"
4/1/2024,2024,2024,D6,Separated,Unverified,"351,470,130"
4/8/2024,2024,2023,D3,Separated,Q-RIN,"50,932"
4/8/2024,2024,2023,D4,Assigned,Q-RIN,"429,254"
4/8/2024,2024,2023,D4,Assigned,Unverified,"11,261"
4/8/2024,2024,2023,D4,Separated,Unverified,"15,896,266"
4/8/2024,2024,2023,D5,Separated,Unverified,533
4/8/2024,2024,2023,D6,Assigned,Unverified,"180,491"
4/8/2024,2024,2023,D6,Separated,Unverified,"7,717,872"
4/8/2024,2024,2024,D3,Assigned,Unverified,"24,289"
4/8/2024,2024,2024,D3,Separated,Q-RIN,"14,182,381"
4/8/2024,2024,2024,D3,Separated,Unverified,"75,807"
4/8/2024,2024,2024,D4,Assigned,Q-RIN,"11,475,085"
4/8/2024,2024,2024,D4,Assigned,Unverified,"151,276,698"
4/8/2024,2024,2024,D4,Separated,Q-RIN,"32,925,118"
4/8/2024,2024,2024,D4,Separated,Unverified,"187,605,306"
4/8/2024,2024,2024,D5,Assigned,Unverified,"875,037"
4/8/2024,2024,2024,D5,Separated,Q-RIN,"6,445,184"
4/8/2024,2024,2024,D5,Separated,Unverified,"455,860"
4/8/2024,2024,2024,D6,Assigned,Unverified,"540,098,972"
4/8/2024,2024,2024,D6,Separated,Unverified,"270,595,356"
4/15/2024,2024,2023,D3,Separated,Q-RIN,"84,626"
4/15/2024,2024,2023,D4,Assigned,Unverified,"51,346"
4/15/2024,2024,2023,D4,Separated,Q-RIN,"472,790"
4/15/2024,2024,2023,D4,Separated,Unverified,"13,974,158"
4/15/2024,2024,2023,D5,Separated,Unverified,"29,857"
4/15/2024,2024,2023,D6,Assigned,Unverified,"7,650"
4/15/2024,2024,2023,D6,Separated,Unverified,"68,047,195"
4/15/2024,2024,2024,D3,Assigned,Q-RIN,"6,147"
4/15/2024,2024,2024,D3,Assigned,Unverified,"53,220"
4/15/2024,2024,2024,D3,Separated,Q-RIN,"17,927,929"
4/15/2024,2024,2024,D4,Assigned,Q-RIN,"17,455,186"
4/15/2024,2024,2024,D4,Assigned,Unverified,"100,847,425"
4/15/2024,2024,2024,D4,Separated,Q-RIN,"43,188,834"
4/15/2024,2024,2024,D4,Separated,Unverified,"201,705,403"
4/15/2024,2024,2024,D5,Assigned,Q-RIN,"15,603"
4/15/2024,2024,2024,D5,Assigned,Unverified,"3,135,783"
4/15/2024,2024,2024,D5,Separated,Unverified,"260,348"
4/15/2024,2024,2024,D6,Assigned,Unverified,"540,842,755"
4/15/2024,2024,2024,D6,Separated,Q-RIN,"2,293,790"
4/15/2024,2024,2024,D6,Separated,Unverified,"313,265,123"
4/22/2024,2024,2023,D4,Assigned,Unverified,"139,215"
4/22/2024,2024,2023,D4,Separated,Q-RIN,441
4/22/2024,2024,2023,D4,Separated,Unverified,"6,582,430"
4/22/2024,2024,2023,D5,Separated,Unverified,101
4/22/2024,2024,2023,D6,Assigned,Unverified,"2,043,679"
4/22/2024,2024,2023,D6,Separated,Unverified,"4,964,395"
4/22/2024,2024,2024,D3,Assigned,Unverified,"543,557"
4/22/2024,2024,2024,D3,Separated,Q-RIN,"29,068,919"
4/22/2024,2024,2024,D3,Separated,Unverified,"9,589"
4/22/2024,2024,2024,D4,Assigned,Q-RIN,"9,439,301"
4/22/2024,2024,2024,D4,Assigned,Unverified,"136,070,289"
4/22/2024,2024,2024,D4,Separated,Q-RIN,"38,967,424"
4/22/2024,2024,2024,D4,Separated,Unverified,"154,126,760"
4/22/2024,2024,2024,D5,Assigned,Q-RIN,"7,858"
4/22/2024,2024,2024,D5,Assigned,Unverified,"3,952,730"
4/22/2024,2024,2024,D5,Separated,Q-RIN,"4,388,578"
4/22/2024,2024,2024,D5,Separated,Unverified,"516,784"
4/22/2024,2024,2024,D6,Assigned,Unverified,"481,387,411"
4/22/2024,2024,2024,D6,Separated,Unverified,"345,531,810"
4/29/2024,2024,2023,D3,Separated,Q-RIN,"137,593"
4/29/2024,2024,2023,D3,Separated,Unverified,"3,080"
4/29/2024,2024,2023,D4,Separated,Q-RIN,"296,613"
4/29/2024,2024,2023,D4,Separated,Unverified,"1,524,089"
4/29/2024,2024,2023,D6,Assigned,Unverified,"384,941"
4/29/2024,2024,2023,D6,Separated,Unverified,"4,275,371"
4/29/2024,2024,2024,D3,Assigned,Unverified,"326,943"
4/29/2024,2024,2024,D3,Separated,Q-RIN,"84,716,932"
4/29/2024,2024,2024,D3,Separated,Unverified,"297,250"
4/29/2024,2024,2024,D4,Assigned,Q-RIN,"21,682,069"
4/29/2024,2024,2024,D4,Assigned,Unverified,"155,980,806"
4/29/2024,2024,2024,D4,Separated,Q-RIN,"48,283,271"
4/29/2024,2024,2024,D4,Separated,Unverified,"187,976,690"
4/29/2024,2024,2024,D5,Assigned,Q-RIN,"36,288"
4/29/2024,2024,2024,D5,Assigned,Unverified,"782,813"
4/29/2024,2024,2024,D5,Separated,Q-RIN,"17,368"
4/29/2024,2024,2024,D5,Separated,Unverified,"1,057,890"
4/29/2024,2024,2024,D6,Assigned,Unverified,"555,283,266"
4/29/2024,2024,2024,D6,Separated,Unverified,"399,074,945"
5/6/2024,2024,2022,D6,Separated,Unverified,"29,199"
5/6/2024,2024,2023,D3,Separated,Unverified,46
5/6/2024,2024,2023,D4,Assigned,Unverified,"286,988"
5/6/2024,2024,2023,D4,Separated,Q-RIN,"1,061,113"
5/6/2024,2024,2023,D4,Separated,Unverified,"17,948,765"
5/6/2024,2024,2023,D6,Assigned,Unverified,"739,642"
5/6/2024,2024,2023,D6,Separated,Unverified,"24,003"
5/6/2024,2024,2024,D3,Assigned,Q-RIN,"90,624"
5/6/2024,2024,2024,D3,Assigned,Unverified,"1,599,333"
5/6/2024,2024,2024,D3,Separated,Q-RIN,"13,834,120"
5/6/2024,2024,2024,D3,Separated,Unverified,"83,028"
5/6/2024,2024,2024,D4,Assigned,Q-RIN,"9,114,167"
5/6/2024,2024,2024,D4,Assigned,Unverified,"92,348,899"
5/6/2024,2024,2024,D4,Separated,Q-RIN,"67,335,367"
5/6/2024,2024,2024,D4,Separated,Unverified,"219,786,785"
5/6/2024,2024,2024,D5,Assigned,Q-RIN,"7,781"
5/6/2024,2024,2024,D5,Assigned,Unverified,"674,018"
5/6/2024,2024,2024,D5,Separated,Q-RIN,"4,757,099"
5/6/2024,2024,2024,D5,Separated,Unverified,"598,306"
5/6/2024,2024,2024,D6,Assigned,Unverified,"530,480,390"
5/6/2024,2024,2024,D6,Separated,Unverified,"271,169,572"
5/13/2024,2024,2023,D3,Separated,Q-RIN,"612,187"
5/13/2024,2024,2023,D3,Separated,Unverified,"2,083"
5/13/2024,2024,2023,D4,Assigned,Unverified,"672,007"
5/13/2024,2024,2023,D4,Separated,Q-RIN,"55,721"
5/13/2024,2024,2023,D4,Separated,Unverified,"6,841,302"
5/13/2024,2024,2023,D6,Assigned,Unverified,"7,622"
5/13/2024,2024,2023,D6,Separated,Unverified,"12,508,104"
5/13/2024,2024,2024,D3,Assigned,Unverified,"461,633"
5/13/2024,2024,2024,D3,Separated,Q-RIN,"12,971,802"
5/13/2024,2024,2024,D3,Separated,Unverified,"153,202"
5/13/2024,2024,2024,D4,Assigned,Q-RIN,"8,353,570"
5/13/2024,2024,2024,D4,Assigned,Unverified,"147,787,194"
5/13/2024,2024,2024,D4,Separated,Q-RIN,"38,504,942"
5/13/2024,2024,2024,D4,Separated,Unverified,"261,684,021"
5/13/2024,2024,2024,D5,Assigned,Q-RIN,"15,255"
5/13/2024,2024,2024,D5,Assigned,Unverified,"919,662"
5/13/2024,2024,2024,D5,Separated,Q-RIN,"158,702"
5/13/2024,2024,2024,D5,Separated,Unverified,"401,602"
5/13/2024,2024,2024,D6,Assigned,Unverified,"515,293,650"
5/13/2024,2024,2024,D6,Separated,Unverified,"241,992,295"
5/20/2024,2024,2023,D3,Separated,Unverified,"2,170"
5/20/2024,2024,2023,D4,Assigned,Unverified,"36,872"
5/20/2024,2024,2023,D4,Separated,Q-RIN,"34,811"
5/20/2024,2024,2023,D4,Separated,Unverified,"41,538,457"
5/20/2024,2024,2023,D5,Separated,Unverified,"4,197"
5/20/2024,2024,2023,D6,Separated,Unverified,"8,830,305"
5/20/2024,2024,2024,D3,Assigned,Unverified,"1,599,308"
5/20/2024,2024,2024,D3,Separated,Q-RIN,"27,496,294"
5/20/2024,2024,2024,D3,Separated,Unverified,"20,000"
5/20/2024,2024,2024,D4,Assigned,Q-RIN,"16,302,715"
5/20/2024,2024,2024,D4,Assigned,Unverified,"91,467,884"
5/20/2024,2024,2024,D4,Separated,Q-RIN,"41,485,763"
5/20/2024,2024,2024,D4,Separated,Unverified,"239,155,159"
5/20/2024,2024,2024,D5,Assigned,Q-RIN,"7,781"
5/20/2024,2024,2024,D5,Assigned,Unverified,"1,220,752"
5/20/2024,2024,2024,D5,Separated,Q-RIN,"158,702"
5/20/2024,2024,2024,D5,Separated,Unverified,"549,328"
5/20/2024,2024,2024,D6,Assigned,Unverified,"542,868,914"
5/20/2024,2024,2024,D6,Separated,Unverified,"379,451,663"
5/27/2024,2024,2023,D3,Separated,Q-RIN,100
5/27/2024,2024,2023,D4,Assigned,Unverified,"9,678"
5/27/2024,2024,2023,D4,Separated,Q-RIN,"34,811"
5/27/2024,2024,2023,D4,Separated,Unverified,"1,638,500"
5/27/2024,2024,2023,D5,Separated,Unverified,"4,197"
5/27/2024,2024,2023,D6,Assigned,Unverified,"599,713"
5/27/2024,2024,2023,D6,Separated,Unverified,"10,995,322"
5/27/2024,2024,2024,D3,Assigned,Q-RIN,"74,053"
5/27/2024,2024,2024,D3,Assigned,Unverified,"289,520"
5/27/2024,2024,2024,D3,Separated,Q-RIN,"61,404,540"
5/27/2024,2024,2024,D3,Separated,Unverified,"265,546"
5/27/2024,2024,2024,D4,Assigned,Q-RIN,"10,282,182"
5/27/2024,2024,2024,D4,Assigned,Unverified,"118,231,519"
5/27/2024,2024,2024,D4,Separated,Q-RIN,"43,744,802"
5/27/2024,2024,2024,D4,Separated,Unverified,"117,305,213"
5/27/2024,2024,2024,D5,Assigned,Q-RIN,"7,800"
5/27/2024,2024,2024,D5,Assigned,Unverified,"3,981,883"
5/27/2024,2024,2024,D5,Separated,Q-RIN,"73,182"
5/27/2024,2024,2024,D5,Separated,Unverified,"28,004"
5/27/2024,2024,2024,D6,Assigned,Unverified,"532,653,865"
5/27/2024,2024,2024,D6,Separated,Unverified,"258,766,366"
6/3/2024,2024,2023,D3,Separated,Q-RIN,"930,967"
6/3/2024,2024,2023,D3,Separated,Unverified,"3,412"
6/3/2024,2024,2023,D4,Assigned,Unverified,"82,946"
6/3/2024,2024,2023,D4,Separated,Q-RIN,"30,044"
6/3/2024,2024,2023,D4,Separated,Unverified,"17,747,140"
6/3/2024,2024,2023,D6,Assigned,Unverified,"3,676,612"
6/3/2024,2024,2023,D6,Separated,Unverified,"35,562,875"
6/3/2024,2024,2024,D3,Assigned,Q-RIN,"20,840"
6/3/2024,2024,2024,D3,Assigned,Unverified,"501,895"
6/3/2024,2024,2024,D3,Separated,Q-RIN,"36,250,664"
6/3/2024,2024,2024,D3,Separated,Unverified,"306,313"
6/3/2024,2024,2024,D4,Assigned,Q-RIN,"12,128,476"
6/3/2024,2024,2024,D4,Assigned,Unverified,"107,161,354"
6/3/2024,2024,2024,D4,Separated,Q-RIN,"31,761,671"
6/3/2024,2024,2024,D4,Separated,Unverified,"200,277,017"
6/3/2024,2024,2024,D5,Assigned,Q-RIN,"7,776"
6/3/2024,2024,2024,D5,Assigned,Unverified,"670,811"
6/3/2024,2024,2024,D5,Separated,Q-RIN,"110,635"
6/3/2024,2024,2024,D5,Separated,Unverified,"1,621,624"
6/3/2024,2024,2024,D6,Assigned,Q-RIN,"3,597,114"
6/3/2024,2024,2024,D6,Assigned,Unverified,"559,651,731"
6/3/2024,2024,2024,D6,Separated,Unverified,"480,009,420"
6/10/2024,2024,2023,D3,Separated,Unverified,"7,665"
6/10/2024,2024,2023,D4,Assigned,Unverified,"114,274"
6/10/2024,2024,2023,D4,Separated,Q-RIN,"1,278,978"
6/10/2024,2024,2023,D4,Separated,Unverified,"3,987,035"
6/10/2024,2024,2023,D6,Assigned,Unverified,"39,746"
6/10/2024,2024,2023,D6,Separated,Unverified,"2,229,399"
6/10/2024,2024,2024,D3,Assigned,Q-RIN,"41,522"
6/10/2024,2024,2024,D3,Assigned,Unverified,"163,879"
6/10/2024,2024,2024,D3,Separated,Q-RIN,"8,624,761"
6/10/2024,2024,2024,D3,Separated,Unverified,"2,744"
6/10/2024,2024,2024,D4,Assigned,Q-RIN,"30,966,804"
6/10/2024,2024,2024,D4,Assigned,Unverified,"101,335,448"
6/10/2024,2024,2024,D4,Separated,Q-RIN,"102,852,793"
6/10/2024,2024,2024,D4,Separated,Unverified,"177,569,741"
6/10/2024,2024,2024,D5,Assigned,Q-RIN,"7,424"
6/10/2024,2024,2024,D5,Assigned,Unverified,"589,617"
6/10/2024,2024,2024,D5,Separated,Unverified,"514,838"
6/10/2024,2024,2024,D6,Assigned,Unverified,"554,343,176"
6/10/2024,2024,2024,D6,Separated,Q-RIN,"1,798,557"
6/10/2024,2024,2024,D6,Separated,Unverified,"366,152,008"
6/17/2024,2024,2023,D3,Separated,Q-RIN,"3,079,626"
6/17/2024,2024,2023,D4,Separated,Unverified,"631,846"
6/17/2024,2024,2023,D6,Assigned,Unverified,"163,722"
6/17/2024,2024,2023,D6,Separated,Unverified,"2,001,426"
6/17/2024,2024,2024,D3,Assigned,Q-RIN,"78,866"
6/17/2024,2024,2024,D3,Assigned,Unverified,"1,465,742"
6/17/2024,2024,2024,D3,Separated,Q-RIN,"39,862,127"
6/17/2024,2024,2024,D3,Separated,Unverified,"140,377"
6/17/2024,2024,2024,D4,Assigned,Q-RIN,"14,727,404"
6/17/2024,2024,2024,D4,Assigned,Unverified,"180,120,617"
6/17/2024,2024,2024,D4,Separated,Q-RIN,"38,577,451"
6/17/2024,2024,2024,D4,Separated,Unverified,"224,354,604"
6/17/2024,2024,2024,D5,Assigned,Q-RIN,"7,780"
6/17/2024,2024,2024,D5,Assigned,Unverified,"881,791"
6/17/2024,2024,2024,D5,Separated,Q-RIN,"394,675"
6/17/2024,2024,2024,D5,Separated,Unverified,"725,471"
6/17/2024,2024,2024,D6,Assigned,Unverified,"567,566,058"
6/17/2024,2024,2024,D6,Separated,Unverified,"257,540,963"
6/24/2024,2024,2023,D3,Separated,Q-RIN,"433,640"
6/24/2024,2024,2023,D4,Separated,Q-RIN,"1,000,000"
6/24/2024,2024,2023,D4,Separated,Unverified,"14,080,179"
6/24/2024,2024,2023,D6,Assigned,Unverified,"55,550"
6/24/2024,2024,2023,D6,Separated,Unverified,"3,024,109"
6/24/2024,2024,2024,D3,Assigned,Q-RIN,"7,637"
6/24/2024,2024,2024,D3,Assigned,Unverified,"1,314,555"
6/24/2024,2024,2024,D3,Separated,Q-RIN,"154,931,147"
6/24/2024,2024,2024,D3,Separated,Unverified,"4,207,571"
6/24/2024,2024,2024,D4,Assigned,Q-RIN,"27,576,632"
6/24/2024,2024,2024,D4,Assigned,Unverified,"94,128,726"
6/24/2024,2024,2024,D4,Separated,Q-RIN,"102,927,382"
6/24/2024,2024,2024,D4,Separated,Unverified,"447,402,236"
6/24/2024,2024,2024,D5,Assigned,Q-RIN,"36,798"
6/24/2024,2024,2024,D5,Assigned,Unverified,"1,140,641"
6/24/2024,2024,2024,D5,Separated,Q-RIN,"2,378,881"
6/24/2024,2024,2024,D5,Separated,Unverified,"950,000"
6/24/2024,2024,2024,D6,Assigned,Unverified,"613,293,218"
6/24/2024,2024,2024,D6,Separated,Unverified,"736,246,425"
7/1/2024,2024,2023,D4,Separated,Unverified,"5,429,912"
7/1/2024,2024,2023,D6,Assigned,Unverified,"523,639"
7/1/2024,2024,2023,D6,Separated,Unverified,"4,679,221"
7/1/2024,2024,2024,D3,Assigned,Unverified,"2,175,202"
7/1/2024,2024,2024,D3,Separated,Q-RIN,"27,525,191"
7/1/2024,2024,2024,D3,Separated,Unverified,"300,825"
7/1/2024,2024,2024,D4,Assigned,Q-RIN,"14,348,333"
7/1/2024,2024,2024,D4,Assigned,Unverified,"61,350,430"
7/1/2024,2024,2024,D4,Separated,Q-RIN,"41,504,121"
7/1/2024,2024,2024,D4,Separated,Unverified,"174,963,108"
7/1/2024,2024,2024,D5,Assigned,Q-RIN,"14,497"
7/1/2024,2024,2024,D5,Assigned,Unverified,"908,105"
7/1/2024,2024,2024,D6,Assigned,Unverified,"483,462,994"
7/1/2024,2024,2024,D6,Separated,Q-RIN,"3,414,532"
7/1/2024,2024,2024,D6,Separated,Unverified,"575,279,836"
7/8/2024,2024,2023,D4,Assigned,Unverified,"39,668"
7/8/2024,2024,2023,D4,Separated,Q-RIN,"523,352"
7/8/2024,2024,2023,D4,Separated,Unverified,"2,803,302"
7/8/2024,2024,2023,D6,Assigned,Unverified,"2,065,333"
7/8/2024,2024,2023,D6,Separated,Unverified,"2,195,806"
7/8/2024,2024,2024,D3,Assigned,Q-RIN,"94,505"
7/8/2024,2024,2024,D3,Assigned,Unverified,"1,464,211"
7/8/2024,2024,2024,D3,Separated,Q-RIN,"33,084,260"
7/8/2024,2024,2024,D3,Separated,Unverified,"3,084"
7/8/2024,2024,2024,D4,Assigned,Q-RIN,"12,183,609"
7/8/2024,2024,2024,D4,Assigned,Unverified,"123,723,969"
7/8/2024,2024,2024,D4,Separated,Q-RIN,"57,475,211"
7/8/2024,2024,2024,D4,Separated,Unverified,"147,671,672"
7/8/2024,2024,2024,D5,Assigned,Q-RIN,"7,377"
7/8/2024,2024,2024,D5,Assigned,Unverified,"2,389,050"
7/8/2024,2024,2024,D5,Separated,Q-RIN,"91,050"
7/8/2024,2024,2024,D5,Separated,Unverified,"2,124,655"
7/8/2024,2024,2024,D6,Assigned,Unverified,"584,900,247"
7/8/2024,2024,2024,D6,Separated,Unverified,"206,085,334"
7/15/2024,2024,2023,D3,Separated,Q-RIN,"1,000,000"
7/15/2024,2024,2023,D3,Separated,Unverified,"13,544"
7/15/2024,2024,2023,D4,Separated,Unverified,"1,210,658"
7/15/2024,2024,2023,D6,Assigned,Unverified,"1,466,145"
7/15/2024,2024,2023,D6,Separated,Unverified,"3,218,686"
7/15/2024,2024,2024,D3,Assigned,Q-RIN,"40,170"
7/15/2024,2024,2024,D3,Assigned,Unverified,"1,690,768"
7/15/2024,2024,2024,D3,Separated,Q-RIN,"23,815,884"
7/15/2024,2024,2024,D3,Separated,Unverified,241
7/15/2024,2024,2024,D4,Assigned,Q-RIN,"17,557,431"
7/15/2024,2024,2024,D4,Assigned,Unverified,"119,388,208"
7/15/2024,2024,2024,D4,Separated,Q-RIN,"38,254,437"
7/15/2024,2024,2024,D4,Separated,Unverified,"187,811,378"
7/15/2024,2024,2024,D5,Assigned,Q-RIN,"15,442"
7/15/2024,2024,2024,D5,Assigned,Unverified,"3,795,258"
7/15/2024,2024,2024,D5,Separated,Unverified,"467,093"
7/15/2024,2024,2024,D6,Assigned,Unverified,"564,798,999"
7/15/2024,2024,2024,D6,Separated,Unverified,"416,849,879"
7/22/2024,2024,2023,D4,Assigned,Unverified,"60,153"
7/22/2024,2024,2023,D4,Separated,Q-RIN,"753,290"
7/22/2024,2024,2023,D4,Separated,Unverified,"9,172,237"
7/22/2024,2024,2023,D6,Assigned,Unverified,"1,657,241"
7/22/2024,2024,2023,D6,Separated,Unverified,"1,500,200"
7/22/2024,2024,2024,D3,Assigned,Q-RIN,"48,258"
7/22/2024,2024,2024,D3,Assigned,Unverified,"809,833"
7/22/2024,2024,2024,D3,Separated,Q-RIN,"33,565,247"
7/22/2024,2024,2024,D3,Separated,Unverified,"16,519"
7/22/2024,2024,2024,D4,Assigned,Q-RIN,"53,567,078"
7/22/2024,2024,2024,D4,Assigned,Unverified,"139,270,091"
7/22/2024,2024,2024,D4,Separated,Q-RIN,"79,014,783"
7/22/2024,2024,2024,D4,Separated,Unverified,"175,290,078"
7/22/2024,2024,2024,D5,Assigned,Q-RIN,"7,723"
7/22/2024,2024,2024,D5,Assigned,Unverified,"734,563"
7/22/2024,2024,2024,D5,Separated,Q-RIN,"10,083,175"
7/22/2024,2024,2024,D5,Separated,Unverified,"4,167,186"
7/22/2024,2024,2024,D6,Assigned,Unverified,"530,081,785"
7/22/2024,2024,2024,D6,Separated,Q-RIN,"3,597,114"
7/22/2024,2024,2024,D6,Separated,Unverified,"402,292,612"
7/29/2024,2024,2023,D3,Separated,Q-RIN,"1,000,000"
7/29/2024,2024,2023,D4,Assigned,Unverified,"1,356,890"
7/29/2024,2024,2023,D4,Separated,Q-RIN,"71,482"
7/29/2024,2024,2023,D4,Separated,Unverified,"13,644,184"
7/29/2024,2024,2023,D6,Assigned,Unverified,"1,689,992"
7/29/2024,2024,2023,D6,Separated,Unverified,"7,618,473"
7/29/2024,2024,2024,D3,Assigned,Q-RIN,"47,714"
7/29/2024,2024,2024,D3,Assigned,Unverified,"2,297,241"
7/29/2024,2024,2024,D3,Separated,Q-RIN,"94,532,862"
7/29/2024,2024,2024,D3,Separated,Unverified,"428,433"
7/29/2024,2024,2024,D4,Assigned,Q-RIN,"13,619,374"
7/29/2024,2024,2024,D4,Assigned,Unverified,"138,896,036"
7/29/2024,2024,2024,D4,Separated,Q-RIN,"45,220,955"
7/29/2024,2024,2024,D4,Separated,Unverified,"114,479,337"
7/29/2024,2024,2024,D5,Assigned,Unverified,"1,398,504"
7/29/2024,2024,2024,D5,Separated,Q-RIN,"356,251"
7/29/2024,2024,2024,D5,Separated,Unverified,"863,102"
7/29/2024,2024,2024,D6,Assigned,Unverified,"550,035,466"
7/29/2024,2024,2024,D6,Separated,Unverified,"367,658,253"
8/5/2024,2024,2023,D4,Separated,Unverified,"559,565"
8/5/2024,2024,2023,D6,Assigned,Unverified,"8,070"
8/5/2024,2024,2023,D6,Separated,Unverified,"11,517,427"
8/5/2024,2024,2024,D3,Assigned,Q-RIN,"48,548"
8/5/2024,2024,2024,D3,Assigned,Unverified,"1,879,573"
8/5/2024,2024,2024,D3,Separated,Q-RIN,"26,477,182"
8/5/2024,2024,2024,D3,Separated,Unverified,"34,373"
8/5/2024,2024,2024,D4,Assigned,Q-RIN,"15,639,602"
8/5/2024,2024,2024,D4,Assigned,Unverified,"74,652,013"
8/5/2024,2024,2024,D4,Separated,Q-RIN,"66,189,158"
8/5/2024,2024,2024,D4,Separated,Unverified,"152,304,042"
8/5/2024,2024,2024,D5,Assigned,Unverified,"2,080,824"
8/5/2024,2024,2024,D5,Separated,Unverified,"542,160"
8/5/2024,2024,2024,D6,Assigned,Unverified,"585,670,879"
8/5/2024,2024,2024,D6,Separated,Unverified,"440,975,387"
8/12/2024,2024,2023,D4,Assigned,Unverified,"199,040"
8/12/2024,2024,2023,D4,Separated,Unverified,"29,567"
8/12/2024,2024,2023,D6,Separated,Unverified,"5,199"
8/12/2024,2024,2024,D3,Assigned,Q-RIN,"40,384"
8/12/2024,2024,2024,D3,Assigned,Unverified,"2,104,065"
8/12/2024,2024,2024,D3,Separated,Q-RIN,"22,814,909"
8/12/2024,2024,2024,D4,Assigned,Q-RIN,"15,330,367"
8/12/2024,2024,2024,D4,Assigned,Unverified,"101,818,767"
8/12/2024,2024,2024,D4,Separated,Q-RIN,"33,587,834"
8/12/2024,2024,2024,D4,Separated,Unverified,"168,453,801"
8/12/2024,2024,2024,D5,Assigned,Q-RIN,"7,748"
8/12/2024,2024,2024,D5,Assigned,Unverified,"2,666,250"
8/12/2024,2024,2024,D5,Separated,Q-RIN,"1,036,699"
8/12/2024,2024,2024,D5,Separated,Unverified,"217,028"
8/12/2024,2024,2024,D6,Assigned,Unverified,"565,969,971"
8/12/2024,2024,2024,D6,Separated,Unverified,"263,875,460"
8/19/2024,2024,2023,D4,Assigned,Unverified,"9,183"
8/19/2024,2024,2023,D4,Separated,Unverified,"773,909"
8/19/2024,2024,2023,D6,Assigned,Unverified,"135,816"
8/19/2024,2024,2023,D6,Separated,Unverified,"1,898,122"
8/19/2024,2024,2024,D3,Assigned,Q-RIN,"56,577"
8/19/2024,2024,2024,D3,Assigned,Unverified,"1,150,576"
8/19/2024,2024,2024,D3,Separated,Q-RIN,"11,079,432"
8/19/2024,2024,2024,D3,Separated,Unverified,"354,731"
8/19/2024,2024,2024,D4,Assigned,Q-RIN,"20,858,787"
8/19/2024,2024,2024,D4,Assigned,Unverified,"100,802,426"
8/19/2024,2024,2024,D4,Separated,Q-RIN,"54,446,487"
8/19/2024,2024,2024,D4,Separated,Unverified,"256,515,712"
8/19/2024,2024,2024,D5,Assigned,Q-RIN,"7,751"
8/19/2024,2024,2024,D5,Assigned,Unverified,"487,908"
8/19/2024,2024,2024,D5,Separated,Q-RIN,"13,881,060"
8/19/2024,2024,2024,D5,Separated,Unverified,"200,000"
8/19/2024,2024,2024,D6,Assigned,Unverified,"566,689,277"
8/19/2024,2024,2024,D6,Separated,Unverified,"246,257,495"
8/26/2024,2024,2023,D4,Assigned,Unverified,"41,345"
8/26/2024,2024,2023,D6,Assigned,Unverified,"40,202"
8/26/2024,2024,2023,D6,Separated,Unverified,"1,401,570"
8/26/2024,2024,2024,D3,Assigned,Q-RIN,"173,037"
8/26/2024,2024,2024,D3,Assigned,Unverified,"2,048,361"
8/26/2024,2024,2024,D3,Separated,Q-RIN,"61,465,237"
8/26/2024,2024,2024,D3,Separated,Unverified,"253,360"
8/26/2024,2024,2024,D4,Assigned,Q-RIN,"14,316,677"
8/26/2024,2024,2024,D4,Assigned,Unverified,"102,354,434"
8/26/2024,2024,2024,D4,Separated,Q-RIN,"80,486,503"
8/26/2024,2024,2024,D4,Separated,Unverified,"189,834,753"
8/26/2024,2024,2024,D5,Assigned,Q-RIN,"15,588"
8/26/2024,2024,2024,D5,Assigned,Unverified,"2,273,400"
8/26/2024,2024,2024,D5,Separated,Q-RIN,"22,845"
8/26/2024,2024,2024,D5,Separated,Unverified,"844,822"
8/26/2024,2024,2024,D6,Assigned,Unverified,"611,257,443"
8/26/2024,2024,2024,D6,Separated,Unverified,"356,957,488"
9/2/2024,2024,2023,D3,Separated,Q-RIN,"539,813"
9/2/2024,2024,2023,D3,Separated,Unverified,"79,814"
9/2/2024,2024,2023,D4,Assigned,Q-RIN,"9,738"
9/2/2024,2024,2023,D4,Assigned,Unverified,2
9/2/2024,2024,2023,D5,Separated,Unverified,"105,838"
9/2/2024,2024,2023,D6,Separated,Unverified,"1,876"
9/2/2024,2024,2024,D3,Assigned,Q-RIN,"56,945"
9/2/2024,2024,2024,D3,Assigned,Unverified,"2,019,258"
9/2/2024,2024,2024,D3,Separated,Q-RIN,"36,671,917"
9/2/2024,2024,2024,D3,Separated,Unverified,"599,540"
9/2/2024,2024,2024,D4,Assigned,Q-RIN,"13,286,143"
9/2/2024,2024,2024,D4,Assigned,Unverified,"100,208,273"
9/2/2024,2024,2024,D4,Separated,Q-RIN,"30,818,769"
9/2/2024,2024,2024,D4,Separated,Unverified,"177,321,251"
9/2/2024,2024,2024,D5,Assigned,Unverified,"1,799,565"
9/2/2024,2024,2024,D5,Separated,Q-RIN,"83,570"
9/2/2024,2024,2024,D5,Separated,Unverified,"1,016,133"
9/2/2024,2024,2024,D6,Assigned,Unverified,"501,978,659"
9/2/2024,2024,2024,D6,Separated,Unverified,"469,976,916"
9/9/2024,2024,2023,D5,Separated,Unverified,1
9/9/2024,2024,2023,D6,Separated,Unverified,"126,105"
9/9/2024,2024,2024,D3,Assigned,Q-RIN,"40,155"
9/9/2024,2024,2024,D3,Assigned,Unverified,"2,566,257"
9/9/2024,2024,2024,D3,Separated,Q-RIN,"42,158,405"
9/9/2024,2024,2024,D3,Separated,Unverified,"407,947"
9/9/2024,2024,2024,D4,Assigned,Q-RIN,"5,481,835"
9/9/2024,2024,2024,D4,Assigned,Unverified,"99,905,976"
9/9/2024,2024,2024,D4,Separated,Q-RIN,"61,759,792"
9/9/2024,2024,2024,D4,Separated,Unverified,"103,514,858"
9/9/2024,2024,2024,D5,Assigned,Q-RIN,"326,189"
9/9/2024,2024,2024,D5,Assigned,Unverified,"531,338"
9/9/2024,2024,2024,D5,Separated,Q-RIN,"3,911,178"
9/9/2024,2024,2024,D5,Separated,Unverified,"84,003"
9/9/2024,2024,2024,D6,Assigned,Unverified,"554,432,424"
9/9/2024,2024,2024,D6,Separated,Unverified,"275,603,539"
9/16/2024,2024,2023,D3,Separated,Q-RIN,"52,168"
9/16/2024,2024,2023,D4,Separated,Q-RIN,"6,215"
9/16/2024,2024,2023,D4,Separated,Unverified,"26,389,619"
9/16/2024,2024,2023,D6,Assigned,Unverified,"77,024"
9/16/2024,2024,2023,D6,Separated,Unverified,"6,840,039"
9/16/2024,2024,2024,D3,Assigned,Q-RIN,"48,523"
9/16/2024,2024,2024,D3,Assigned,Unverified,"1,338,900"
9/16/2024,2024,2024,D3,Separated,Q-RIN,"33,950,606"
9/16/2024,2024,2024,D3,Separated,Unverified,"6,239"
9/16/2024,2024,2024,D4,Assigned,Q-RIN,"12,698,243"
9/16/2024,2024,2024,D4,Assigned,Unverified,"164,984,503"
9/16/2024,2024,2024,D4,Separated,Q-RIN,"41,490,818"
9/16/2024,2024,2024,D4,Separated,Unverified,"241,199,076"
9/16/2024,2024,2024,D5,Assigned,Q-RIN,"214,999"
9/16/2024,2024,2024,D5,Assigned,Unverified,"576,744"
9/16/2024,2024,2024,D5,Separated,Q-RIN,"4,676,636"
9/16/2024,2024,2024,D5,Separated,Unverified,"390,233"
9/16/2024,2024,2024,D6,Assigned,Unverified,"541,847,356"
9/16/2024,2024,2024,D6,Separated,Unverified,"426,052,383"
9/23/2024,2024,2023,D4,Assigned,Unverified,"39,675"
9/23/2024,2024,2023,D4,Separated,Q-RIN,"6,215"
9/23/2024,2024,2023,D4,Separated,Unverified,"23,973,428"
9/23/2024,2024,2023,D5,Separated,Unverified,"285,241"
9/23/2024,2024,2023,D6,Assigned,Unverified,292
9/23/2024,2024,2023,D6,Separated,Unverified,"2,500,072"
9/23/2024,2024,2024,D3,Assigned,Q-RIN,"39,917"
9/23/2024,2024,2024,D3,Assigned,Unverified,"2,309,411"
9/23/2024,2024,2024,D3,Separated,Q-RIN,"112,049,863"
9/23/2024,2024,2024,D3,Separated,Unverified,"624,409"
9/23/2024,2024,2024,D4,Assigned,Q-RIN,"20,206,651"
9/23/2024,2024,2024,D4,Assigned,Unverified,"98,071,018"
9/23/2024,2024,2024,D4,Separated,Q-RIN,"65,245,078"
9/23/2024,2024,2024,D4,Separated,Unverified,"360,565,853"
9/23/2024,2024,2024,D5,Assigned,Q-RIN,"215,270"
9/23/2024,2024,2024,D5,Assigned,Unverified,"491,183"
9/23/2024,2024,2024,D5,Separated,Q-RIN,"9,941,182"
9/23/2024,2024,2024,D5,Separated,Unverified,"1,178,606"
9/23/2024,2024,2024,D6,Assigned,Unverified,"522,973,243"
9/23/2024,2024,2024,D6,Separated,Unverified,"802,334,061"
9/30/2024,2024,2023,D4,Assigned,Unverified,991
9/30/2024,2024,2023,D4,Separated,Q-RIN,"1,127,858"
9/30/2024,2024,2023,D4,Separated,Unverified,"55,100,897"
9/30/2024,2024,2023,D6,Assigned,Unverified,"7,601"
9/30/2024,2024,2023,D6,Separated,Unverified,"1,950,153"
9/30/2024,2024,2024,D3,Assigned,Q-RIN,"206,052"
9/30/2024,2024,2024,D3,Assigned,Unverified,"3,117,344"
9/30/2024,2024,2024,D3,Separated,Q-RIN,"104,178,108"
9/30/2024,2024,2024,D3,Separated,Unverified,"251,173"
9/30/2024,2024,2024,D4,Assigned,Q-RIN,"14,474,004"
9/30/2024,2024,2024,D4,Assigned,Unverified,"98,061,182"
9/30/2024,2024,2024,D4,Separated,Q-RIN,"55,312,032"
9/30/2024,2024,2024,D4,Separated,Unverified,"352,888,908"
9/30/2024,2024,2024,D5,Assigned,Q-RIN,"182,935"
9/30/2024,2024,2024,D5,Assigned,Unverified,"528,617"
9/30/2024,2024,2024,D5,Separated,Q-RIN,"352,068"
9/30/2024,2024,2024,D5,Separated,Unverified,"45,562"
9/30/2024,2024,2024,D6,Assigned,Unverified,"540,732,008"
9/30/2024,2024,2024,D6,Separated,Unverified,"624,712,931"
10/7/2024,2024,2021,D6,Separated,Unverified,"32,685"
10/7/2024,2024,2022,D4,Separated,Unverified,707
10/7/2024,2024,2022,D6,Separated,Unverified,"90,185"
10/7/2024,2024,2023,D4,Assigned,Unverified,"39,120"
10/7/2024,2024,2023,D4,Separated,Q-RIN,"1,062,579"
10/7/2024,2024,2023,D4,Separated,Unverified,"50,898,449"
10/7/2024,2024,2023,D6,Assigned,Unverified,"33,042"
10/7/2024,2024,2023,D6,Separated,Unverified,"2,013,633"
10/7/2024,2024,2024,D3,Assigned,Q-RIN,"403,200"
10/7/2024,2024,2024,D3,Assigned,Unverified,"3,312,316"
10/7/2024,2024,2024,D3,Separated,Q-RIN,"52,181,466"
10/7/2024,2024,2024,D3,Separated,Unverified,"5,207"
10/7/2024,2024,2024,D4,Assigned,Q-RIN,"32,643,368"
10/7/2024,2024,2024,D4,Assigned,Unverified,"100,297,273"
10/7/2024,2024,2024,D4,Separated,Q-RIN,"87,121,172"
10/7/2024,2024,2024,D4,Separated,Unverified,"281,961,374"
10/7/2024,2024,2024,D5,Assigned,Q-RIN,"261,687"
10/7/2024,2024,2024,D5,Assigned,Unverified,"5,099,244"
10/7/2024,2024,2024,D5,Separated,Q-RIN,"2,568,060"
10/7/2024,2024,2024,D5,Separated,Unverified,"1,013,146"
10/7/2024,2024,2024,D6,Assigned,Unverified,"529,811,735"
10/7/2024,2024,2024,D6,Separated,Unverified,"608,245,436"
10/14/2024,2024,2023,D4,Separated,Unverified,"26,591"
10/14/2024,2024,2023,D5,Assigned,Unverified,"3,190"
10/14/2024,2024,2023,D6,Assigned,Unverified,"8,182"
10/14/2024,2024,2023,D6,Separated,Unverified,"225,117"
10/14/2024,2024,2024,D3,Assigned,Q-RIN,"48,977"
10/14/2024,2024,2024,D3,Assigned,Unverified,"2,163,939"
10/14/2024,2024,2024,D3,Separated,Q-RIN,"44,107,531"
10/14/2024,2024,2024,D3,Separated,Unverified,"2,367"
10/14/2024,2024,2024,D4,Assigned,Q-RIN,"7,200,623"
10/14/2024,2024,2024,D4,Assigned,Unverified,"140,822,815"
10/14/2024,2024,2024,D4,Separated,Q-RIN,"12,328,270"
10/14/2024,2024,2024,D4,Separated,Unverified,"303,706,301"
10/14/2024,2024,2024,D5,Assigned,Q-RIN,"257,832"
10/14/2024,2024,2024,D5,Assigned,Unverified,"474,768"
10/14/2024,2024,2024,D5,Separated,Q-RIN,"84,698"
10/14/2024,2024,2024,D5,Separated,Unverified,"192,970"
10/14/2024,2024,2024,D6,Assigned,Unverified,"549,109,237"
10/14/2024,2024,2024,D6,Separated,Unverified,"597,572,973"
10/21/2024,2024,2023,D4,Separated,Unverified,"276,073"
10/21/2024,2024,2023,D6,Assigned,Unverified,"1,382"
10/21/2024,2024,2023,D6,Separated,Unverified,"455,407"
10/21/2024,2024,2024,D3,Assigned,Q-RIN,"106,182"
10/21/2024,2024,2024,D3,Assigned,Unverified,"1,630,674"
10/21/2024,2024,2024,D3,Separated,Q-RIN,"40,723,500"
10/21/2024,2024,2024,D3,Separated,Unverified,"231,583"
10/21/2024,2024,2024,D4,Assigned,Q-RIN,"12,131,830"
10/21/2024,2024,2024,D4,Assigned,Unverified,"123,504,007"
10/21/2024,2024,2024,D4,Separated,Q-RIN,"26,179,769"
10/21/2024,2024,2024,D4,Separated,Unverified,"367,742,854"
10/21/2024,2024,2024,D5,Assigned,Q-RIN,"51,227"
10/21/2024,2024,2024,D5,Assigned,Unverified,"3,705,384"
10/21/2024,2024,2024,D5,Separated,Q-RIN,"9,665,736"
10/21/2024,2024,2024,D5,Separated,Unverified,"81,079"
10/21/2024,2024,2024,D6,Assigned,Unverified,"525,051,050"
10/21/2024,2024,2024,D6,Separated,Unverified,"526,591,287"
10/28/2024,2024,2023,D4,Assigned,Unverified,"13,830"
10/28/2024,2024,2023,D4,Separated,Unverified,"221,067"
10/28/2024,2024,2023,D6,Separated,Unverified,"4,837,630"
10/28/2024,2024,2024,D3,Assigned,Q-RIN,"65,498"
10/28/2024,2024,2024,D3,Assigned,Unverified,"2,448,072"
10/28/2024,2024,2024,D3,Separated,Q-RIN,"126,698,028"
10/28/2024,2024,2024,D3,Separated,Unverified,"466,374"
10/28/2024,2024,2024,D4,Assigned,Q-RIN,"16,613,498"
10/28/2024,2024,2024,D4,Assigned,Unverified,"101,562,926"
10/28/2024,2024,2024,D4,Separated,Q-RIN,"69,039,994"
10/28/2024,2024,2024,D4,Separated,Unverified,"224,304,525"
10/28/2024,2024,2024,D5,Assigned,Q-RIN,"263,006"
10/28/2024,2024,2024,D5,Assigned,Unverified,"3,756,199"
10/28/2024,2024,2024,D5,Separated,Q-RIN,"625,293"
10/28/2024,2024,2024,D5,Separated,Unverified,"600,000"
10/28/2024,2024,2024,D6,Assigned,Unverified,"557,363,146"
10/28/2024,2024,2024,D6,Separated,Unverified,"313,518,414"
11/4/2024,2024,2023,D4,Assigned,Unverified,"19,130"
11/4/2024,2024,2023,D4,Separated,Q-RIN,"33,278"
11/4/2024,2024,2023,D4,Separated,Unverified,"13,830"
11/4/2024,2024,2023,D6,Assigned,Unverified,"18,448"
11/4/2024,2024,2023,D6,Separated,Unverified,"42,837"
11/4/2024,2024,2024,D3,Assigned,Q-RIN,"221,457"
11/4/2024,2024,2024,D3,Assigned,Unverified,"1,858,268"
11/4/2024,2024,2024,D3,Separated,Q-RIN,"60,973,355"
11/4/2024,2024,2024,D3,Separated,Unverified,"700,734"
11/4/2024,2024,2024,D4,Assigned,Q-RIN,"7,169,034"
11/4/2024,2024,2024,D4,Assigned,Unverified,"132,370,940"
11/4/2024,2024,2024,D4,Separated,Q-RIN,"51,828,297"
11/4/2024,2024,2024,D4,Separated,Unverified,"229,959,920"
11/4/2024,2024,2024,D5,Assigned,Q-RIN,"184,063"
11/4/2024,2024,2024,D5,Assigned,Unverified,"2,746,453"
11/4/2024,2024,2024,D5,Separated,Q-RIN,"787,433"
11/4/2024,2024,2024,D5,Separated,Unverified,"1,108,050"
11/4/2024,2024,2024,D6,Assigned,Unverified,"575,686,056"
11/4/2024,2024,2024,D6,Separated,Unverified,"308,041,458"
11/11/2024,2024,2023,D3,Separated,Q-RIN,"36,445"
11/11/2024,2024,2023,D4,Separated,Unverified,"803,040"
11/11/2024,2024,2023,D6,Assigned,Unverified,"15,915"
11/11/2024,2024,2023,D6,Separated,Unverified,"4,400,314"
11/11/2024,2024,2024,D3,Assigned,Q-RIN,"329,584"
11/11/2024,2024,2024,D3,Assigned,Unverified,"2,417,865"
11/11/2024,2024,2024,D3,Separated,Q-RIN,"41,104,679"
11/11/2024,2024,2024,D3,Separated,Unverified,"14,998"
11/11/2024,2024,2024,D4,Assigned,Q-RIN,"71,206,461"
11/11/2024,2024,2024,D4,Assigned,Unverified,"196,312,477"
11/11/2024,2024,2024,D4,Separated,Q-RIN,"71,859,078"
11/11/2024,2024,2024,D4,Separated,Unverified,"219,657,014"
11/11/2024,2024,2024,D5,Assigned,Q-RIN,"22,401"
11/11/2024,2024,2024,D5,Assigned,Unverified,"415,076"
11/11/2024,2024,2024,D5,Separated,Q-RIN,"120,920"
11/11/2024,2024,2024,D5,Separated,Unverified,"390,412"
11/11/2024,2024,2024,D6,Assigned,Unverified,"557,247,023"
11/11/2024,2024,2024,D6,Separated,Unverified,"490,959,532"
11/18/2024,2024,2023,D4,Separated,Unverified,"3,324,863"
11/18/2024,2024,2023,D5,Assigned,Unverified,"2,691,297"
11/18/2024,2024,2023,D6,Assigned,Unverified,"559,607"
11/18/2024,2024,2023,D6,Separated,Unverified,"13,214,619"
11/18/2024,2024,2024,D3,Assigned,Q-RIN,"220,490"
11/18/2024,2024,2024,D3,Assigned,Unverified,"2,338,726"
11/18/2024,2024,2024,D3,Separated,Q-RIN,"79,375,646"
11/18/2024,2024,2024,D3,Separated,Unverified,"828,243"
11/18/2024,2024,2024,D4,Assigned,Q-RIN,"10,911,184"
11/18/2024,2024,2024,D4,Assigned,Unverified,"95,032,687"
11/18/2024,2024,2024,D4,Separated,Q-RIN,"115,509,322"
11/18/2024,2024,2024,D4,Separated,Unverified,"447,882,460"
11/18/2024,2024,2024,D5,Assigned,Q-RIN,"136,364"
11/18/2024,2024,2024,D5,Assigned,Unverified,"3,936,018"
11/18/2024,2024,2024,D5,Separated,Q-RIN,"14,191,937"
11/18/2024,2024,2024,D5,Separated,Unverified,"329,158"
11/18/2024,2024,2024,D6,Assigned,Unverified,"564,091,595"
11/18/2024,2024,2024,D6,Separated,Unverified,"576,187,004"
11/25/2024,2024,2023,D4,Assigned,Unverified,"10,220"
11/25/2024,2024,2023,D4,Separated,Unverified,"3,377,475"
11/25/2024,2024,2023,D6,Separated,Unverified,194
11/25/2024,2024,2024,D3,Assigned,Q-RIN,"233,070"
11/25/2024,2024,2024,D3,Assigned,Unverified,"3,896,208"
11/25/2024,2024,2024,D3,Separated,Q-RIN,"79,953,042"
11/25/2024,2024,2024,D3,Separated,Unverified,"31,429"
11/25/2024,2024,2024,D4,Assigned,Q-RIN,"6,132,859"
11/25/2024,2024,2024,D4,Assigned,Unverified,"67,173,181"
11/25/2024,2024,2024,D4,Separated,Q-RIN,"53,577,852"
11/25/2024,2024,2024,D4,Separated,Unverified,"152,765,350"
11/25/2024,2024,2024,D5,Assigned,Q-RIN,"131,540"
11/25/2024,2024,2024,D5,Assigned,Unverified,"3,888,278"
11/25/2024,2024,2024,D5,Separated,Q-RIN,"227,099"
11/25/2024,2024,2024,D6,Assigned,Unverified,"525,900,935"
11/25/2024,2024,2024,D6,Separated,Unverified,"255,309,081"
12/2/2024,2024,2023,D3,Separated,Q-RIN,"91,233"
12/2/2024,2024,2023,D4,Separated,Q-RIN,"1,551,660"
12/2/2024,2024,2023,D4,Separated,Unverified,"10,882,074"
12/2/2024,2024,2023,D6,Separated,Unverified,"8,016"
12/2/2024,2024,2024,D3,Assigned,Q-RIN,"213,726"
12/2/2024,2024,2024,D3,Assigned,Unverified,"2,394,733"
12/2/2024,2024,2024,D3,Separated,Q-RIN,"104,041,795"
12/2/2024,2024,2024,D3,Separated,Unverified,"1,097,254"
12/2/2024,2024,2024,D4,Assigned,Q-RIN,"8,475,029"
12/2/2024,2024,2024,D4,Assigned,Unverified,"107,756,557"
12/2/2024,2024,2024,D4,Separated,Q-RIN,"64,010,269"
12/2/2024,2024,2024,D4,Separated,Unverified,"240,963,309"
12/2/2024,2024,2024,D5,Assigned,Q-RIN,"103,440"
12/2/2024,2024,2024,D5,Assigned,Unverified,"2,188,808"
12/2/2024,2024,2024,D5,Separated,Q-RIN,"504,748"
12/2/2024,2024,2024,D6,Assigned,Unverified,"546,879,710"
12/2/2024,2024,2024,D6,Separated,Unverified,"429,963,118"
12/9/2024,2024,2023,D3,Separated,Q-RIN,"53,616"
12/9/2024,2024,2023,D4,Separated,Unverified,"2,023,162"
12/9/2024,2024,2023,D6,Separated,Unverified,"10,271,310"
12/9/2024,2024,2024,D3,Assigned,Q-RIN,"682,293"
12/9/2024,2024,2024,D3,Assigned,Unverified,"3,545,833"
12/9/2024,2024,2024,D3,Separated,Q-RIN,"55,999,401"
12/9/2024,2024,2024,D3,Separated,Unverified,"1,282,517"
12/9/2024,2024,2024,D4,Assigned,Q-RIN,"33,729,335"
12/9/2024,2024,2024,D4,Assigned,Unverified,"116,602,273"
12/9/2024,2024,2024,D4,Separated,Q-RIN,"61,491,419"
12/9/2024,2024,2024,D4,Separated,Unverified,"538,115,502"
12/9/2024,2024,2024,D5,Assigned,Q-RIN,"359,752"
12/9/2024,2024,2024,D5,Assigned,Unverified,"854,246"
12/9/2024,2024,2024,D5,Separated,Q-RIN,"392,038"
12/9/2024,2024,2024,D5,Separated,Unverified,"572,043"
12/9/2024,2024,2024,D6,Assigned,Unverified,"561,191,061"
12/9/2024,2024,2024,D6,Separated,Unverified,"743,924,450"
12/16/2024,2024,2023,D4,Assigned,Unverified,"3,688,797"
12/16/2024,2024,2023,D4,Separated,Unverified,"8,390,623"
12/16/2024,2024,2023,D6,Separated,Unverified,"9,721"
12/16/2024,2024,2024,D3,Assigned,Q-RIN,"489,151"
12/16/2024,2024,2024,D3,Assigned,Unverified,"3,244,814"
12/16/2024,2024,2024,D3,Separated,Q-RIN,"88,323,164"
12/16/2024,2024,2024,D3,Separated,Unverified,"254,863"
12/16/2024,2024,2024,D4,Assigned,Q-RIN,"17,933,013"
12/16/2024,2024,2024,D4,Assigned,Unverified,"119,150,147"
12/16/2024,2024,2024,D4,Separated,Q-RIN,"66,262,520"
12/16/2024,2024,2024,D4,Separated,Unverified,"583,902,348"
12/16/2024,2024,2024,D5,Assigned,Q-RIN,"316,880"
12/16/2024,2024,2024,D5,Assigned,Unverified,"2,567,015"
12/16/2024,2024,2024,D5,Separated,Q-RIN,"791,693"
12/16/2024,2024,2024,D5,Separated,Unverified,"239,485"
12/16/2024,2024,2024,D6,Assigned,Unverified,"561,187,716"
12/16/2024,2024,2024,D6,Separated,Unverified,"848,814,890"
12/23/2024,2024,2023,D4,Assigned,Unverified,"7,100"
12/23/2024,2024,2023,D4,Separated,Unverified,"3,590,086"
12/23/2024,2024,2023,D5,Separated,Unverified,"7,000"
12/23/2024,2024,2023,D6,Separated,Unverified,"3,747,938"
12/23/2024,2024,2024,D3,Assigned,Q-RIN,"298,940"
12/23/2024,2024,2024,D3,Assigned,Unverified,"3,017,921"
12/23/2024,2024,2024,D3,Separated,Q-RIN,"55,842,674"
12/23/2024,2024,2024,D3,Separated,Unverified,"77,588"
12/23/2024,2024,2024,D4,Assigned,Q-RIN,"14,723,089"
12/23/2024,2024,2024,D4,Assigned,Unverified,"143,775,800"
12/23/2024,2024,2024,D4,Separated,Q-RIN,"19,315,380"
12/23/2024,2024,2024,D4,Separated,Unverified,"266,473,493"
12/23/2024,2024,2024,D5,Assigned,Q-RIN,"235,950"
12/23/2024,2024,2024,D5,Assigned,Unverified,"1,468,775"
12/23/2024,2024,2024,D5,Separated,Q-RIN,"27,500"
12/23/2024,2024,2024,D5,Separated,Unverified,"50,000"
12/23/2024,2024,2024,D6,Assigned,Unverified,"503,082,216"
12/23/2024,2024,2024,D6,Separated,Unverified,"406,702,573"
12/30/2024,2024,2023,D4,Separated,Unverified,"668,558"
12/30/2024,2024,2023,D6,Separated,Unverified,"1,815,861"
12/30/2024,2024,2024,D3,Assigned,Q-RIN,"261,578"
12/30/2024,2024,2024,D3,Assigned,Unverified,"1,836,886"
12/30/2024,2024,2024,D3,Separated,Q-RIN,"67,044,284"
12/30/2024,2024,2024,D3,Separated,Unverified,"24,977"
12/30/2024,2024,2024,D4,Assigned,Q-RIN,"9,137,672"
12/30/2024,2024,2024,D4,Assigned,Unverified,"59,797,082"
12/30/2024,2024,2024,D4,Separated,Q-RIN,"32,333,790"
12/30/2024,2024,2024,D4,Separated,Unverified,"141,019,968"
12/30/2024,2024,2024,D5,Assigned,Q-RIN,"63,484"
12/30/2024,2024,2024,D5,Assigned,Unverified,"219,125"
12/30/2024,2024,2024,D5,Separated,Q-RIN,"140,967"
12/30/2024,2024,2024,D5,Separated,Unverified,"880,448"
12/30/2024,2024,2024,D6,Assigned,Unverified,"235,847,197"
12/30/2024,2024,2024,D6,Separated,Unverified,"79,143,654"
12/30/2024,2025,2024,D3,Assigned,Unverified,"389,347"
12/30/2024,2025,2024,D3,Separated,Q-RIN,"18,332,638"
12/30/2024,2025,2024,D3,Separated,Unverified,"302,239"
12/30/2024,2025,2024,D4,Assigned,Q-RIN,"791,551"
12/30/2024,2025,2024,D4,Assigned,Unverified,"32,231,612"
12/30/2024,2025,2024,D4,Separated,Q-RIN,"6,666,933"
12/30/2024,2025,2024,D4,Separated,Unverified,"181,071,096"
12/30/2024,2025,2024,D5,Assigned,Q-RIN,"7,894"
12/30/2024,2025,2024,D5,Assigned,Unverified,"14,835"
12/30/2024,2025,2024,D5,Separated,Q-RIN,"140,967"
12/30/2024,2025,2024,D6,Assigned,Unverified,"138,636,803"
12/30/2024,2025,2024,D6,Separated,Unverified,"204,829,314"
12/30/2024,2025,2025,D3,Assigned,Q-RIN,"32,357"
12/30/2024,2025,2025,D3,Assigned,Unverified,"1,428,110"
12/30/2024,2025,2025,D4,Assigned,Q-RIN,"1,529,905"
12/30/2024,2025,2025,D4,Assigned,Unverified,"8,547,581"
12/30/2024,2025,2025,D4,Separated,Q-RIN,"2,882,979"
12/30/2024,2025,2025,D4,Separated,Unverified,"450,896"
12/30/2024,2025,2025,D5,Assigned,Q-RIN,"72,649"
12/30/2024,2025,2025,D5,Assigned,Unverified,"320,113"
12/30/2024,2025,2025,D6,Assigned,Unverified,"146,853,141"
12/30/2024,2025,2025,D6,Separated,Unverified,"3,487,853"
1/6/2025,2025,2023,D4,Assigned,Unverified,"61,647"
1/6/2025,2025,2023,D4,Separated,Unverified,"461,216"
1/6/2025,2025,2023,D6,Assigned,Unverified,"263,917"
1/6/2025,2025,2023,D6,Separated,Unverified,"7,720,673"
1/6/2025,2025,2024,D3,Assigned,Q-RIN,"292,756"
1/6/2025,2025,2024,D3,Assigned,Unverified,"232,583"
1/6/2025,2025,2024,D3,Separated,Q-RIN,"54,725,158"
1/6/2025,2025,2024,D3,Separated,Unverified,"225,291"
1/6/2025,2025,2024,D4,Assigned,Q-RIN,"522,380"
1/6/2025,2025,2024,D4,Assigned,Unverified,"50,528,607"
1/6/2025,2025,2024,D4,Separated,Q-RIN,"66,660,399"
1/6/2025,2025,2024,D4,Separated,Unverified,"190,028,333"
1/6/2025,2025,2024,D5,Assigned,Q-RIN,"8,270"
1/6/2025,2025,2024,D5,Separated,Unverified,"809,502"
1/6/2025,2025,2024,D6,Assigned,Unverified,"184,053,166"
1/6/2025,2025,2024,D6,Separated,Unverified,"486,738,263"
1/6/2025,2025,2025,D3,Assigned,Unverified,"2,334,130"
1/6/2025,2025,2025,D4,Assigned,Q-RIN,"1,333,720"
1/6/2025,2025,2025,D4,Assigned,Unverified,"28,471,599"
1/6/2025,2025,2025,D4,Separated,Q-RIN,"1,749,780"
1/6/2025,2025,2025,D4,Separated,Unverified,"835,900"
1/6/2025,2025,2025,D5,Assigned,Q-RIN,"74,181"
1/6/2025,2025,2025,D5,Assigned,Unverified,"367,034"
1/6/2025,2025,2025,D5,Separated,Q-RIN,"271,438"
1/6/2025,2025,2025,D6,Assigned,Unverified,"338,391,073"
1/6/2025,2025,2025,D6,Separated,Unverified,"10,724,153"
1/13/2025,2025,2023,D4,Separated,Unverified,"356,689"
1/13/2025,2025,2023,D5,Separated,Unverified,"1,696,736"
1/13/2025,2025,2023,D6,Separated,Unverified,"9,206,008"
1/13/2025,2025,2024,D3,Assigned,Unverified,"852,153"
1/13/2025,2025,2024,D3,Separated,Q-RIN,"35,936,160"
1/13/2025,2025,2024,D3,Separated,Unverified,"135,250"
1/13/2025,2025,2024,D4,Assigned,Q-RIN,"42,756,693"
1/13/2025,2025,2024,D4,Assigned,Unverified,"55,822,775"
1/13/2025,2025,2024,D4,Separated,Q-RIN,"57,544,102"
1/13/2025,2025,2024,D4,Separated,Unverified,"143,666,461"
1/13/2025,2025,2024,D5,Assigned,Q-RIN,"275,333"
1/13/2025,2025,2024,D5,Assigned,Unverified,"824,360"
1/13/2025,2025,2024,D5,Separated,Q-RIN,"41,273"
1/13/2025,2025,2024,D5,Separated,Unverified,"2,103,557"
1/13/2025,2025,2024,D6,Assigned,Unverified,"97,489,315"
1/13/2025,2025,2024,D6,Separated,Unverified,"433,051,254"
1/13/2025,2025,2025,D3,Assigned,Q-RIN,"58,550"
1/13/2025,2025,2025,D3,Assigned,Unverified,"1,799,632"
1/13/2025,2025,2025,D4,Assigned,Q-RIN,"1,598,000"
1/13/2025,2025,2025,D4,Assigned,Unverified,"32,764,225"
1/13/2025,2025,2025,D4,Separated,Q-RIN,"2,997,236"
1/13/2025,2025,2025,D4,Separated,Unverified,"5,418,038"
1/13/2025,2025,2025,D5,Assigned,Q-RIN,"179,987"
1/13/2025,2025,2025,D5,Assigned,Unverified,"549,383"
1/13/2025,2025,2025,D5,Separated,Unverified,"675,534"
1/13/2025,2025,2025,D6,Assigned,Unverified,"434,887,795"
1/13/2025,2025,2025,D6,Separated,Unverified,"38,290,724"
1/20/2025,2025,2023,D3,Separated,Q-RIN,"2,302,073"
1/20/2025,2025,2023,D4,Separated,Q-RIN,"2,700,000"
1/20/2025,2025,2023,D4,Separated,Unverified,"13,781,162"
1/20/2025,2025,2023,D6,Separated,Unverified,"22,894,771"
1/20/2025,2025,2024,D3,Assigned,Unverified,"245,631"
1/20/2025,2025,2024,D3,Separated,Q-RIN,"56,167,658"
1/20/2025,2025,2024,D4,Assigned,Q-RIN,"141,587"
1/20/2025,2025,2024,D4,Assigned,Unverified,"54,618,400"
1/20/2025,2025,2024,D4,Separated,Q-RIN,"21,865,902"
1/20/2025,2025,2024,D4,Separated,Unverified,"394,547,828"
1/20/2025,2025,2024,D5,Assigned,Unverified,"2,947,217"
1/20/2025,2025,2024,D6,Assigned,Unverified,"44,178,847"
1/20/2025,2025,2024,D6,Separated,Unverified,"313,169,987"
1/20/2025,2025,2025,D3,Assigned,Q-RIN,"525,181"
1/20/2025,2025,2025,D3,Assigned,Unverified,"1,041,647"
1/20/2025,2025,2025,D3,Separated,Q-RIN,"687,090"
1/20/2025,2025,2025,D4,Assigned,Q-RIN,"3,300,457"
1/20/2025,2025,2025,D4,Assigned,Unverified,"27,149,382"
1/20/2025,2025,2025,D4,Separated,Q-RIN,"3,863,437"
1/20/2025,2025,2025,D4,Separated,Unverified,"10,307,825"
1/20/2025,2025,2025,D5,Assigned,Q-RIN,"155,180"
1/20/2025,2025,2025,D5,Assigned,Unverified,"595,153"
1/20/2025,2025,2025,D5,Separated,Q-RIN,"156,524"
1/20/2025,2025,2025,D6,Assigned,Unverified,"396,235,146"
1/20/2025,2025,2025,D6,Separated,Unverified,"99,380,142"
1/27/2025,2025,2023,D3,Separated,Q-RIN,"29,667"
1/27/2025,2025,2023,D4,Separated,Unverified,"267,615"
1/27/2025,2025,2023,D6,Separated,Unverified,"346,284"
1/27/2025,2025,2024,D3,Assigned,Q-RIN,"13,081"
1/27/2025,2025,2024,D3,Assigned,Unverified,"216,921"
1/27/2025,2025,2024,D3,Separated,Q-RIN,"88,390,523"
1/27/2025,2025,2024,D3,Separated,Unverified,"363,809"
1/27/2025,2025,2024,D4,Assigned,Q-RIN,"124,562"
1/27/2025,2025,2024,D4,Assigned,Unverified,"1,082,198"
1/27/2025,2025,2024,D4,Separated,Q-RIN,"47,686,518"
1/27/2025,2025,2024,D4,Separated,Unverified,"178,454,903"
1/27/2025,2025,2024,D5,Separated,Q-RIN,"320,400"
1/27/2025,2025,2024,D5,Separated,Unverified,"1,259,855"
1/27/2025,2025,2024,D6,Assigned,Unverified,"13,371,250"
1/27/2025,2025,2024,D6,Separated,Unverified,"260,178,928"
1/27/2025,2025,2025,D3,Assigned,Q-RIN,"145,426"
1/27/2025,2025,2025,D3,Assigned,Unverified,"2,553,467"
1/27/2025,2025,2025,D3,Separated,Q-RIN,"1,499,167"
1/27/2025,2025,2025,D4,Assigned,Q-RIN,"2,376,445"
1/27/2025,2025,2025,D4,Assigned,Unverified,"49,977,357"
1/27/2025,2025,2025,D4,Separated,Q-RIN,"3,138,149"
1/27/2025,2025,2025,D4,Separated,Unverified,"8,136,465"
1/27/2025,2025,2025,D5,Assigned,Q-RIN,"59,183"
1/27/2025,2025,2025,D5,Assigned,Unverified,"813,482"
1/27/2025,2025,2025,D5,Separated,Q-RIN,"123,128"
1/27/2025,2025,2025,D6,Assigned,Unverified,"510,209,823"
1/27/2025,2025,2025,D6,Separated,Unverified,"97,500,183"
2/3/2025,2025,2023,D3,Separated,Q-RIN,"29,667"
2/3/2025,2025,2023,D4,Separated,Unverified,"1,719,359"
2/3/2025,2025,2023,D5,Separated,Unverified,"69,304"
2/3/2025,2025,2023,D6,Assigned,Unverified,"84,000"
2/3/2025,2025,2023,D6,Separated,Unverified,"119,700"
2/3/2025,2025,2024,D3,Assigned,Unverified,"418,097"
2/3/2025,2025,2024,D3,Separated,Q-RIN,"62,845,593"
2/3/2025,2025,2024,D3,Separated,Unverified,"117,778"
2/3/2025,2025,2024,D4,Assigned,Unverified,"347,976"
2/3/2025,2025,2024,D4,Separated,Q-RIN,"11,584,905"
2/3/2025,2025,2024,D4,Separated,Unverified,"226,517,636"
2/3/2025,2025,2024,D5,Separated,Unverified,"480,547"
2/3/2025,2025,2024,D6,Assigned,Unverified,"7,305,944"
2/3/2025,2025,2024,D6,Separated,Unverified,"202,496,772"
2/3/2025,2025,2025,D3,Assigned,Q-RIN,"239,858"
2/3/2025,2025,2025,D3,Assigned,Unverified,"2,419,728"
2/3/2025,2025,2025,D4,Assigned,Q-RIN,"1,921,368"
2/3/2025,2025,2025,D4,Assigned,Unverified,"71,111,558"
2/3/2025,2025,2025,D4,Separated,Q-RIN,"7,141,362"
2/3/2025,2025,2025,D4,Separated,Unverified,"15,202,183"
2/3/2025,2025,2025,D5,Assigned,Q-RIN,"39,016"
2/3/2025,2025,2025,D5,Assigned,Unverified,"3,925,219"
2/3/2025,2025,2025,D5,Separated,Q-RIN,"421,167"
2/3/2025,2025,2025,D6,Assigned,Q-RIN,"2,868,906"
2/3/2025,2025,2025,D6,Assigned,Unverified,"495,038,950"
2/3/2025,2025,2025,D6,Separated,Unverified,"95,633,318"
2/10/2025,2025,2023,D4,Separated,Unverified,"294,695"
2/10/2025,2025,2023,D6,Separated,Unverified,"3,750,000"
2/10/2025,2025,2024,D3,Assigned,Unverified,"297,238"
2/10/2025,2025,2024,D3,Separated,Q-RIN,"51,376,698"
2/10/2025,2025,2024,D3,Separated,Unverified,"93,590"
2/10/2025,2025,2024,D4,Assigned,Q-RIN,"13,300"
2/10/2025,2025,2024,D4,Assigned,Unverified,"30,476,657"
2/10/2025,2025,2024,D4,Separated,Q-RIN,"5,000,625"
2/10/2025,2025,2024,D4,Separated,Unverified,"190,046,968"
2/10/2025,2025,2024,D5,Separated,Unverified,"83,750"
2/10/2025,2025,2024,D6,Assigned,Unverified,"626,870"
2/10/2025,2025,2024,D6,Separated,Unverified,"182,833,624"
2/10/2025,2025,2025,D3,Assigned,Q-RIN,"425,309"
2/10/2025,2025,2025,D3,Assigned,Unverified,"2,682,267"
2/10/2025,2025,2025,D3,Separated,Q-RIN,"250,000"
2/10/2025,2025,2025,D4,Assigned,Q-RIN,"1,857,325"
2/10/2025,2025,2025,D4,Assigned,Unverified,"49,071,401"
2/10/2025,2025,2025,D4,Separated,Q-RIN,"40,974,368"
2/10/2025,2025,2025,D4,Separated,Unverified,"25,062,308"
2/10/2025,2025,2025,D5,Assigned,Q-RIN,"184,123"
2/10/2025,2025,2025,D5,Assigned,Unverified,"2,940,714"
2/10/2025,2025,2025,D5,Separated,Q-RIN,"6,305,945"
2/10/2025,2025,2025,D6,Assigned,Q-RIN,"316,584"
2/10/2025,2025,2025,D6,Assigned,Unverified,"530,500,945"
2/10/2025,2025,2025,D6,Separated,Unverified,"150,435,601"
2/17/2025,2025,2023,D4,Separated,Unverified,"133,845"
2/17/2025,2025,2023,D5,Separated,Unverified,"25,559"
2/17/2025,2025,2023,D6,Assigned,Unverified,"66,944"
2/17/2025,2025,2023,D6,Separated,Unverified,"331,414"
2/17/2025,2025,2024,D3,Separated,Q-RIN,"38,035,197"
2/17/2025,2025,2024,D3,Separated,Unverified,471
2/17/2025,2025,2024,D4,Assigned,Q-RIN,"27,079"
2/17/2025,2025,2024,D4,Assigned,Unverified,"458,504"
2/17/2025,2025,2024,D4,Separated,Q-RIN,"172,801"
2/17/2025,2025,2024,D4,Separated,Unverified,"102,396,665"
2/17/2025,2025,2024,D5,Separated,Unverified,"1,492,051"
2/17/2025,2025,2024,D6,Assigned,Unverified,"6,095,633"
2/17/2025,2025,2024,D6,Separated,Unverified,"245,498,065"
2/17/2025,2025,2025,D3,Assigned,Q-RIN,"32,348"
2/17/2025,2025,2025,D3,Assigned,Unverified,"2,059,127"
2/17/2025,2025,2025,D3,Separated,Q-RIN,"2,755,937"
2/17/2025,2025,2025,D3,Separated,Unverified,"117,929"
2/17/2025,2025,2025,D4,Assigned,Q-RIN,"3,245,015"
2/17/2025,2025,2025,D4,Assigned,Unverified,"53,111,227"
2/17/2025,2025,2025,D4,Separated,Q-RIN,"8,813,042"
2/17/2025,2025,2025,D4,Separated,Unverified,"117,476,963"
2/17/2025,2025,2025,D5,Assigned,Q-RIN,"199,420"
2/17/2025,2025,2025,D5,Assigned,Unverified,"518,186"
2/17/2025,2025,2025,D5,Separated,Q-RIN,"6,592,657"
2/17/2025,2025,2025,D5,Separated,Unverified,"225,968"
2/17/2025,2025,2025,D6,Assigned,Q-RIN,"259,619"
2/17/2025,2025,2025,D6,Assigned,Unverified,"524,781,841"
2/17/2025,2025,2025,D6,Separated,Unverified,"98,337,471"
2/24/2025,2025,2023,D3,Separated,Q-RIN,"105,171"
2/24/2025,2025,2023,D3,Separated,Unverified,"122,064"
2/24/2025,2025,2023,D4,Assigned,Q-RIN,"9,738"
2/24/2025,2025,2023,D4,Assigned,Unverified,"188,399"
2/24/2025,2025,2023,D4,Separated,Q-RIN,"994,677"
2/24/2025,2025,2023,D4,Separated,Unverified,"2,057,502"
2/24/2025,2025,2023,D6,Separated,Unverified,"219,241"
2/24/2025,2025,2024,D3,Separated,Q-RIN,"56,851,784"
2/24/2025,2025,2024,D3,Separated,Unverified,"52,809"
2/24/2025,2025,2024,D4,Assigned,Unverified,"540,909"
2/24/2025,2025,2024,D4,Separated,Q-RIN,"15,176,799"
2/24/2025,2025,2024,D4,Separated,Unverified,"110,487,633"
2/24/2025,2025,2024,D5,Separated,Q-RIN,"500,000"
2/24/2025,2025,2024,D5,Separated,Unverified,"2,303,568"
2/24/2025,2025,2024,D6,Assigned,Unverified,"583,126"
2/24/2025,2025,2024,D6,Separated,Unverified,"227,888,071"
2/24/2025,2025,2025,D3,Assigned,Q-RIN,"492,931"
2/24/2025,2025,2025,D3,Assigned,Unverified,"1,957,728"
2/24/2025,2025,2025,D3,Separated,Q-RIN,"53,069,563"
2/24/2025,2025,2025,D3,Separated,Unverified,"1,462,073"
2/24/2025,2025,2025,D4,Assigned,Q-RIN,"2,429,648"
2/24/2025,2025,2025,D4,Assigned,Unverified,"51,990,737"
2/24/2025,2025,2025,D4,Separated,Q-RIN,"17,140,038"
2/24/2025,2025,2025,D4,Separated,Unverified,"75,378,490"
2/24/2025,2025,2025,D5,Assigned,Q-RIN,"163,409"
2/24/2025,2025,2025,D5,Assigned,Unverified,"4,389,647"
2/24/2025,2025,2025,D5,Separated,Q-RIN,"155,977"
2/24/2025,2025,2025,D6,Assigned,Q-RIN,"3,092,023"
2/24/2025,2025,2025,D6,Assigned,Unverified,"552,588,122"
2/24/2025,2025,2025,D6,Separated,Unverified,"123,227,351"
3/3/2025,2025,2023,D4,Assigned,Unverified,"38,839"
3/3/2025,2025,2023,D4,Separated,Q-RIN,"19,476"
3/3/2025,2025,2023,D4,Separated,Unverified,"4,878,885"
3/3/2025,2025,2023,D6,Assigned,Unverified,"57,120"
3/3/2025,2025,2023,D6,Separated,Unverified,"1,091,196"
3/3/2025,2025,2024,D3,Separated,Q-RIN,"45,621,484"
3/3/2025,2025,2024,D3,Separated,Unverified,"171,045"
3/3/2025,2025,2024,D4,Assigned,Q-RIN,"648,246"
3/3/2025,2025,2024,D4,Assigned,Unverified,"860,148"
3/3/2025,2025,2024,D4,Separated,Q-RIN,"76,964,503"
3/3/2025,2025,2024,D4,Separated,Unverified,"289,307,725"
3/3/2025,2025,2024,D5,Separated,Q-RIN,"4,158,324"
3/3/2025,2025,2024,D6,Assigned,Unverified,"313,674"
3/3/2025,2025,2024,D6,Separated,Unverified,"416,826,675"
3/3/2025,2025,2025,D3,Assigned,Q-RIN,"147,439"
3/3/2025,2025,2025,D3,Assigned,Unverified,"2,477,010"
3/3/2025,2025,2025,D3,Separated,Q-RIN,"58,185,008"
3/3/2025,2025,2025,D3,Separated,Unverified,"452,606"
3/3/2025,2025,2025,D4,Assigned,Q-RIN,"3,735,218"
3/3/2025,2025,2025,D4,Assigned,Unverified,"42,407,519"
3/3/2025,2025,2025,D4,Separated,Q-RIN,"9,383,021"
3/3/2025,2025,2025,D4,Separated,Unverified,"28,721,376"
3/3/2025,2025,2025,D5,Assigned,Q-RIN,"263,049"
3/3/2025,2025,2025,D5,Assigned,Unverified,"2,363,067"
3/3/2025,2025,2025,D5,Separated,Q-RIN,"416,008"
3/3/2025,2025,2025,D5,Separated,Unverified,"1,083,830"
3/3/2025,2025,2025,D6,Assigned,Q-RIN,"290,618"
3/3/2025,2025,2025,D6,Assigned,Unverified,"516,758,612"
3/3/2025,2025,2025,D6,Separated,Unverified,"178,723,846"
3/10/2025,2025,2022,D4,Assigned,Unverified,"10,320"
3/10/2025,2025,2023,D4,Separated,Q-RIN,"858,508"
3/10/2025,2025,2023,D4,Separated,Unverified,"1,226,178"
3/10/2025,2025,2023,D6,Assigned,Unverified,"114,585"
3/10/2025,2025,2023,D6,Separated,Unverified,"1,855,272"
3/10/2025,2025,2024,D3,Assigned,Q-RIN,"18,790"
3/10/2025,2025,2024,D3,Separated,Q-RIN,"70,122,014"
3/10/2025,2025,2024,D4,Assigned,Unverified,"22,320,539"
3/10/2025,2025,2024,D4,Separated,Q-RIN,"23,250,006"
3/10/2025,2025,2024,D4,Separated,Unverified,"339,918,208"
3/10/2025,2025,2024,D6,Assigned,Unverified,"395,426"
3/10/2025,2025,2024,D6,Separated,Unverified,"507,339,064"
3/10/2025,2025,2025,D3,Assigned,Q-RIN,"754,844"
3/10/2025,2025,2025,D3,Assigned,Unverified,"2,181,061"
3/10/2025,2025,2025,D3,Separated,Q-RIN,"59,166,851"
3/10/2025,2025,2025,D3,Separated,Unverified,"225,429"
3/10/2025,2025,2025,D4,Assigned,Q-RIN,"4,039,947"
3/10/2025,2025,2025,D4,Assigned,Unverified,"68,488,153"
3/10/2025,2025,2025,D4,Separated,Q-RIN,"9,877,516"
3/10/2025,2025,2025,D4,Separated,Unverified,"55,716,633"
3/10/2025,2025,2025,D5,Assigned,Q-RIN,"171,669"
3/10/2025,2025,2025,D5,Assigned,Unverified,"938,334"
3/10/2025,2025,2025,D5,Separated,Q-RIN,"244,644"
3/10/2025,2025,2025,D5,Separated,Unverified,"389,696"
3/10/2025,2025,2025,D6,Assigned,Q-RIN,"2,902,331"
3/10/2025,2025,2025,D6,Assigned,Unverified,"545,882,956"
3/10/2025,2025,2025,D6,Separated,Unverified,"195,425,822"
3/17/2025,2025,2023,D4,Separated,Unverified,"74,605"
3/17/2025,2025,2023,D6,Assigned,Unverified,"175,763"
3/17/2025,2025,2023,D6,Separated,Unverified,"1,807,801"
3/17/2025,2025,2024,D3,Assigned,Q-RIN,"36,000"
3/17/2025,2025,2024,D3,Separated,Q-RIN,"9,488,389"
3/17/2025,2025,2024,D3,Separated,Unverified,"251,165"
3/17/2025,2025,2024,D4,Assigned,Unverified,"13,353,116"
3/17/2025,2025,2024,D4,Separated,Q-RIN,"1,371,320"
3/17/2025,2025,2024,D4,Separated,Unverified,"128,098,156"
3/17/2025,2025,2024,D6,Assigned,Unverified,"112,205"
3/17/2025,2025,2024,D6,Separated,Unverified,"250,724,770"
3/17/2025,2025,2025,D3,Assigned,Q-RIN,"169,271"
3/17/2025,2025,2025,D3,Assigned,Unverified,"1,480,434"
3/17/2025,2025,2025,D3,Separated,Q-RIN,"62,214,537"
3/17/2025,2025,2025,D3,Separated,Unverified,"411,256"
3/17/2025,2025,2025,D4,Assigned,Q-RIN,"5,322,922"
3/17/2025,2025,2025,D4,Assigned,Unverified,"87,104,596"
3/17/2025,2025,2025,D4,Separated,Q-RIN,"9,282,245"
3/17/2025,2025,2025,D4,Separated,Unverified,"145,048,696"
3/17/2025,2025,2025,D5,Assigned,Q-RIN,"203,013"
3/17/2025,2025,2025,D5,Assigned,Unverified,"651,832"
3/17/2025,2025,2025,D5,Separated,Q-RIN,"8,497,840"
3/17/2025,2025,2025,D5,Separated,Unverified,"87,574"
3/17/2025,2025,2025,D6,Assigned,Q-RIN,"3,098,414"
3/17/2025,2025,2025,D6,Assigned,Unverified,"506,626,285"
3/17/2025,2025,2025,D6,Separated,Unverified,"176,593,969"
3/24/2025,2025,2022,D6,Assigned,Unverified,450
3/24/2025,2025,2023,D3,Separated,Q-RIN,"94,883"
3/24/2025,2025,2023,D4,Separated,Unverified,"2,238,722"
3/24/2025,2025,2023,D6,Assigned,Unverified,"225,110"
3/24/2025,2025,2023,D6,Separated,Unverified,"352,820"
3/24/2025,2025,2024,D3,Separated,Q-RIN,"8,702,781"
3/24/2025,2025,2024,D3,Separated,Unverified,"2,383"
3/24/2025,2025,2024,D4,Assigned,Unverified,"1,425,346"
3/24/2025,2025,2024,D4,Separated,Q-RIN,"6,000,000"
3/24/2025,2025,2024,D4,Separated,Unverified,"287,132,825"
3/24/2025,2025,2024,D5,Separated,Unverified,"75,000"
3/24/2025,2025,2024,D6,Assigned,Unverified,"1,939,794"
3/24/2025,2025,2024,D6,Separated,Unverified,"172,181,624"
3/24/2025,2025,2025,D3,Assigned,Q-RIN,"188,802"
3/24/2025,2025,2025,D3,Assigned,Unverified,"1,664,840"
3/24/2025,2025,2025,D3,Separated,Q-RIN,"123,644,734"
3/24/2025,2025,2025,D3,Separated,Unverified,"227,122"
3/24/2025,2025,2025,D4,Assigned,Q-RIN,"2,192,661"
3/24/2025,2025,2025,D4,Assigned,Unverified,"67,245,229"
3/24/2025,2025,2025,D4,Separated,Q-RIN,"21,591,112"
3/24/2025,2025,2025,D4,Separated,Unverified,"247,622,378"
3/24/2025,2025,2025,D5,Assigned,Q-RIN,"166,514"
3/24/2025,2025,2025,D5,Assigned,Unverified,"2,356,225"
3/24/2025,2025,2025,D5,Separated,Unverified,"1,123,066"
3/24/2025,2025,2025,D6,Assigned,Q-RIN,"807,084"
3/24/2025,2025,2025,D6,Assigned,Unverified,"560,855,978"
3/24/2025,2025,2025,D6,Separated,Unverified,"230,761,887"
3/31/2025,2025,2023,D6,Assigned,Unverified,"2,574"
3/31/2025,2025,2023,D6,Separated,Unverified,"198,000"
3/31/2025,2025,2024,D3,Separated,Q-RIN,"7,752,792"
3/31/2025,2025,2024,D3,Separated,Unverified,"528,335"
3/31/2025,2025,2024,D4,Assigned,Unverified,"28,932"
3/31/2025,2025,2024,D4,Separated,Q-RIN,"612,319"
3/31/2025,2025,2024,D4,Separated,Unverified,"66,785,407"
3/31/2025,2025,2024,D6,Assigned,Unverified,"348,077"
3/31/2025,2025,2024,D6,Separated,Unverified,"173,445,276"
3/31/2025,2025,2025,D3,Assigned,Q-RIN,"365,204"
3/31/2025,2025,2025,D3,Assigned,Unverified,"3,347,021"
3/31/2025,2025,2025,D3,Separated,Q-RIN,"92,281,217"
3/31/2025,2025,2025,D3,Separated,Unverified,"841,427"
3/31/2025,2025,2025,D4,Assigned,Q-RIN,"3,496,515"
3/31/2025,2025,2025,D4,Assigned,Unverified,"85,385,266"
3/31/2025,2025,2025,D4,Separated,Q-RIN,"33,199,885"
3/31/2025,2025,2025,D4,Separated,Unverified,"202,398,612"
3/31/2025,2025,2025,D5,Assigned,Q-RIN,"162,152"
3/31/2025,2025,2025,D5,Assigned,Unverified,"851,942"
3/31/2025,2025,2025,D5,Separated,Q-RIN,"27,421"
3/31/2025,2025,2025,D5,Separated,Unverified,"346,250"
3/31/2025,2025,2025,D6,Assigned,Q-RIN,"3,529,403"
3/31/2025,2025,2025,D6,Assigned,Unverified,"532,032,877"
3/31/2025,2025,2025,D6,Separated,Unverified,"264,636,964"
4/7/2025,2025,2023,D4,Separated,Q-RIN,37
4/7/2025,2025,2023,D4,Separated,Unverified,"179,201"
4/7/2025,2025,2023,D6,Assigned,Unverified,3
4/7/2025,2025,2023,D6,Separated,Unverified,"593,368"
4/7/2025,2025,2024,D3,Assigned,Unverified,"82,714"
4/7/2025,2025,2024,D3,Separated,Q-RIN,"11,517,578"
4/7/2025,2025,2024,D3,Separated,Unverified,"4,514"
4/7/2025,2025,2024,D4,Separated,Q-RIN,"7,367,431"
4/7/2025,2025,2024,D4,Separated,Unverified,"96,998,518"
4/7/2025,2025,2024,D6,Assigned,Unverified,"177,159"
4/7/2025,2025,2024,D6,Separated,Unverified,"51,208,488"
4/7/2025,2025,2025,D3,Assigned,Q-RIN,"172,802"
4/7/2025,2025,2025,D3,Assigned,Unverified,"2,705,325"
4/7/2025,2025,2025,D3,Separated,Q-RIN,"43,186,633"
4/7/2025,2025,2025,D3,Separated,Unverified,"390,127"
4/7/2025,2025,2025,D4,Assigned,Q-RIN,"23,534,980"
4/7/2025,2025,2025,D4,Assigned,Unverified,"134,801,485"
4/7/2025,2025,2025,D4,Separated,Q-RIN,"55,732,088"
4/7/2025,2025,2025,D4,Separated,Unverified,"179,466,219"
4/7/2025,2025,2025,D5,Assigned,Q-RIN,"127,163"
4/7/2025,2025,2025,D5,Assigned,Unverified,"3,520,372"
4/7/2025,2025,2025,D6,Assigned,Q-RIN,"1,001,490"
4/7/2025,2025,2025,D6,Assigned,Unverified,"494,108,389"
4/7/2025,2025,2025,D6,Separated,Unverified,"253,477,373"
4/14/2025,2025,2023,D3,Separated,Unverified,118
4/14/2025,2025,2023,D5,Separated,Unverified,3
4/14/2025,2025,2024,D3,Assigned,Unverified,"77,955"
4/14/2025,2025,2024,D3,Separated,Q-RIN,"3,250,799"
4/14/2025,2025,2024,D3,Separated,Unverified,"22,821"
4/14/2025,2025,2024,D4,Assigned,Unverified,"3,862,928"
4/14/2025,2025,2024,D4,Separated,Q-RIN,"5,001,681"
4/14/2025,2025,2024,D4,Separated,Unverified,"45,152,390"
4/14/2025,2025,2024,D5,Separated,Unverified,"1,001,389"
4/14/2025,2025,2024,D6,Assigned,Unverified,"151,187"
4/14/2025,2025,2024,D6,Separated,Unverified,"53,617,397"
4/14/2025,2025,2025,D3,Assigned,Q-RIN,"757,613"
4/14/2025,2025,2025,D3,Assigned,Unverified,"2,744,193"
4/14/2025,2025,2025,D3,Separated,Q-RIN,"56,237,911"
4/14/2025,2025,2025,D3,Separated,Unverified,"631,336"
4/14/2025,2025,2025,D4,Assigned,Q-RIN,"3,067,065"
4/14/2025,2025,2025,D4,Assigned,Unverified,"99,799,627"
4/14/2025,2025,2025,D4,Separated,Q-RIN,"4,899,966"
4/14/2025,2025,2025,D4,Separated,Unverified,"171,961,397"
4/14/2025,2025,2025,D5,Assigned,Q-RIN,"182,885"
4/14/2025,2025,2025,D5,Assigned,Unverified,"3,481,920"
4/14/2025,2025,2025,D5,Separated,Q-RIN,"155,685"
4/14/2025,2025,2025,D5,Separated,Unverified,"132,757"
4/14/2025,2025,2025,D6,Assigned,Q-RIN,"3,815,790"
4/14/2025,2025,2025,D6,Assigned,Unverified,"482,007,548"
4/14/2025,2025,2025,D6,Separated,Q-RIN,"1,982,168"
4/14/2025,2025,2025,D6,Separated,Unverified,"346,971,564"
4/21/2025,2025,2023,D5,Separated,Unverified,"23,985"
4/21/2025,2025,2023,D6,Separated,Unverified,"49,041"
4/21/2025,2025,2024,D3,Assigned,Unverified,"28,504"
4/21/2025,2025,2024,D3,Separated,Q-RIN,"1,532,640"
4/21/2025,2025,2024,D3,Separated,Unverified,"8,000"
4/21/2025,2025,2024,D4,Separated,Q-RIN,"9,318,260"
4/21/2025,2025,2024,D4,Separated,Unverified,"98,622,687"
4/21/2025,2025,2024,D5,Separated,Unverified,"542,436"
4/21/2025,2025,2024,D6,Separated,Unverified,"48,308,323"
4/21/2025,2025,2025,D3,Assigned,Q-RIN,"322,597"
4/21/2025,2025,2025,D3,Assigned,Unverified,"2,863,400"
4/21/2025,2025,2025,D3,Separated,Q-RIN,"81,600,482"
4/21/2025,2025,2025,D3,Separated,Unverified,"335,913"
4/21/2025,2025,2025,D4,Assigned,Q-RIN,"1,875,984"
4/21/2025,2025,2025,D4,Assigned,Unverified,"82,977,192"
4/21/2025,2025,2025,D4,Separated,Q-RIN,"6,863,552"
4/21/2025,2025,2025,D4,Separated,Unverified,"82,194,908"
4/21/2025,2025,2025,D5,Assigned,Q-RIN,"102,530"
4/21/2025,2025,2025,D5,Assigned,Unverified,"4,623,334"
4/21/2025,2025,2025,D5,Separated,Q-RIN,"7,837,012"
4/21/2025,2025,2025,D6,Assigned,Q-RIN,"1,123,850"
4/21/2025,2025,2025,D6,Assigned,Unverified,"560,634,820"
4/21/2025,2025,2025,D6,Separated,Q-RIN,"1,580,739"
4/21/2025,2025,2025,D6,Separated,Unverified,"371,994,736"
4/28/2025,2025,2023,D4,Separated,Unverified,"396,645"
4/28/2025,2025,2023,D5,Separated,Unverified,"23,985"
4/28/2025,2025,2023,D6,Separated,Unverified,"400,000"
4/28/2025,2025,2024,D4,Separated,Q-RIN,"919,386"
4/28/2025,2025,2024,D4,Separated,Unverified,"21,728,670"
4/28/2025,2025,2024,D6,Assigned,Unverified,"36,702"
4/28/2025,2025,2024,D6,Separated,Unverified,"37,110,263"
4/28/2025,2025,2025,D3,Assigned,Q-RIN,"423,635"
4/28/2025,2025,2025,D3,Assigned,Unverified,"2,815,640"
4/28/2025,2025,2025,D3,Separated,Q-RIN,"127,561,809"
4/28/2025,2025,2025,D3,Separated,Unverified,"2,355,548"
4/28/2025,2025,2025,D4,Assigned,Q-RIN,"3,994,916"
4/28/2025,2025,2025,D4,Assigned,Unverified,"72,328,088"
4/28/2025,2025,2025,D4,Separated,Q-RIN,"38,315,974"
4/28/2025,2025,2025,D4,Separated,Unverified,"135,127,336"
4/28/2025,2025,2025,D5,Assigned,Q-RIN,"153,463"
4/28/2025,2025,2025,D5,Assigned,Unverified,"1,601,214"
4/28/2025,2025,2025,D5,Separated,Unverified,"105,052"
4/28/2025,2025,2025,D6,Assigned,Q-RIN,"977,216"
4/28/2025,2025,2025,D6,Assigned,Unverified,"551,253,280"
4/28/2025,2025,2025,D6,Separated,Q-RIN,"2,454"
4/28/2025,2025,2025,D6,Separated,Unverified,"322,966,328"
5/5/2025,2025,2023,D6,Separated,Unverified,"583,532"
5/5/2025,2025,2024,D3,Separated,Q-RIN,"7,366"
5/5/2025,2025,2024,D4,Assigned,Unverified,"10,319"
5/5/2025,2025,2024,D4,Separated,Unverified,"95,002,615"
5/5/2025,2025,2024,D6,Separated,Unverified,"113,424,433"
5/5/2025,2025,2025,D3,Assigned,Q-RIN,"172,800"
5/5/2025,2025,2025,D3,Assigned,Unverified,"3,123,323"
5/5/2025,2025,2025,D3,Separated,Q-RIN,"56,875,040"
5/5/2025,2025,2025,D3,Separated,Unverified,"726,362"
5/5/2025,2025,2025,D4,Assigned,Q-RIN,"3,169,865"
5/5/2025,2025,2025,D4,Assigned,Unverified,"72,904,729"
5/5/2025,2025,2025,D4,Separated,Q-RIN,"19,205,513"
5/5/2025,2025,2025,D4,Separated,Unverified,"97,765,152"
5/5/2025,2025,2025,D5,Assigned,Q-RIN,"34,138"
5/5/2025,2025,2025,D5,Assigned,Unverified,"3,902,621"
5/5/2025,2025,2025,D5,Separated,Unverified,"1,065,037"
5/5/2025,2025,2025,D6,Assigned,Q-RIN,"3,866,892"
5/5/2025,2025,2025,D6,Assigned,Unverified,"543,390,247"
5/5/2025,2025,2025,D6,Separated,Q-RIN,"1,851,765"
5/5/2025,2025,2025,D6,Separated,Unverified,"482,312,436"
5/12/2025,2025,2023,D4,Separated,Q-RIN,"965,991"
5/12/2025,2025,2023,D4,Separated,Unverified,"589,014"
5/12/2025,2025,2023,D6,Separated,Unverified,"24,155"
5/12/2025,2025,2024,D3,Separated,Q-RIN,"865,190"
5/12/2025,2025,2024,D4,Assigned,Unverified,"50,858"
5/12/2025,2025,2024,D4,Separated,Q-RIN,"26,072"
5/12/2025,2025,2024,D4,Separated,Unverified,"6,729,707"
5/12/2025,2025,2024,D6,Assigned,Unverified,"39,661"
5/12/2025,2025,2024,D6,Separated,Unverified,"59,921,351"
5/12/2025,2025,2025,D3,Assigned,Q-RIN,"693,011"
5/12/2025,2025,2025,D3,Assigned,Unverified,"2,399,738"
5/12/2025,2025,2025,D3,Separated,Q-RIN,"73,618,530"
5/12/2025,2025,2025,D3,Separated,Unverified,"392,036"
5/12/2025,2025,2025,D4,Assigned,Q-RIN,"4,761,251"
5/12/2025,2025,2025,D4,Assigned,Unverified,"106,715,227"
5/12/2025,2025,2025,D4,Separated,Q-RIN,"8,476,298"
5/12/2025,2025,2025,D4,Separated,Unverified,"130,063,889"
5/12/2025,2025,2025,D5,Assigned,Q-RIN,"111,979"
5/12/2025,2025,2025,D5,Assigned,Unverified,"1,953,966"
5/12/2025,2025,2025,D5,Separated,Q-RIN,"5,488,477"
5/12/2025,2025,2025,D5,Separated,Unverified,"5,000,000"
5/12/2025,2025,2025,D6,Assigned,Q-RIN,"1,174,018"
5/12/2025,2025,2025,D6,Assigned,Unverified,"544,357,031"
5/12/2025,2025,2025,D6,Separated,Q-RIN,"93,201"
5/12/2025,2025,2025,D6,Separated,Unverified,"306,713,496"
5/19/2025,2025,2023,D4,Assigned,Q-RIN,213
5/19/2025,2025,2023,D4,Separated,Q-RIN,"11,356"
5/19/2025,2025,2023,D4,Separated,Unverified,"17,088,644"
5/19/2025,2025,2024,D3,Separated,Q-RIN,"400,000"
5/19/2025,2025,2024,D4,Assigned,Unverified,"157,006"
5/19/2025,2025,2024,D4,Separated,Q-RIN,"700,000"
5/19/2025,2025,2024,D4,Separated,Unverified,"19,787,290"
5/19/2025,2025,2024,D6,Assigned,Unverified,"15,309"
5/19/2025,2025,2024,D6,Separated,Unverified,"7,867,252"
5/19/2025,2025,2025,D3,Assigned,Q-RIN,"491,989"
5/19/2025,2025,2025,D3,Assigned,Unverified,"2,432,588"
5/19/2025,2025,2025,D3,Separated,Q-RIN,"90,564,163"
5/19/2025,2025,2025,D3,Separated,Unverified,"934,155"
5/19/2025,2025,2025,D4,Assigned,Q-RIN,"4,011,451"
5/19/2025,2025,2025,D4,Assigned,Unverified,"108,010,396"
5/19/2025,2025,2025,D4,Separated,Q-RIN,"14,952,166"
5/19/2025,2025,2025,D4,Separated,Unverified,"116,044,457"
5/19/2025,2025,2025,D5,Assigned,Q-RIN,"236,661"
5/19/2025,2025,2025,D5,Assigned,Unverified,"4,138,569"
5/19/2025,2025,2025,D5,Separated,Q-RIN,"1,858,471"
5/19/2025,2025,2025,D5,Separated,Unverified,"489,702"
5/19/2025,2025,2025,D6,Assigned,Q-RIN,"4,237,119"
5/19/2025,2025,2025,D6,Assigned,Unverified,"557,360,971"
5/19/2025,2025,2025,D6,Separated,Q-RIN,"1,140,981"
5/19/2025,2025,2025,D6,Separated,Unverified,"361,861,983"
5/26/2025,2025,2023,D4,Separated,Q-RIN,213
5/26/2025,2025,2023,D4,Separated,Unverified,"8,200,000"
5/26/2025,2025,2024,D3,Separated,Q-RIN,"11,701,140"
5/26/2025,2025,2024,D4,Assigned,Unverified,"50,453"
5/26/2025,2025,2024,D4,Separated,Q-RIN,"53,248"
5/26/2025,2025,2024,D4,Separated,Unverified,"9,665,666"
5/26/2025,2025,2024,D5,Separated,Unverified,"29,833"
5/26/2025,2025,2024,D6,Assigned,Unverified,"31,951"
5/26/2025,2025,2024,D6,Separated,Unverified,"249,667,679"
5/26/2025,2025,2025,D3,Assigned,Q-RIN,"483,224"
5/26/2025,2025,2025,D3,Assigned,Unverified,"2,506,533"
5/26/2025,2025,2025,D3,Separated,Q-RIN,"95,895,585"
5/26/2025,2025,2025,D3,Separated,Unverified,"1,810,476"
5/26/2025,2025,2025,D4,Assigned,Q-RIN,"3,962,385"
5/26/2025,2025,2025,D4,Assigned,Unverified,"85,359,492"
5/26/2025,2025,2025,D4,Separated,Q-RIN,"5,703,077"
5/26/2025,2025,2025,D4,Separated,Unverified,"213,553,370"
5/26/2025,2025,2025,D5,Assigned,Q-RIN,"188,175"
5/26/2025,2025,2025,D5,Assigned,Unverified,"2,308,202"
5/26/2025,2025,2025,D5,Separated,Q-RIN,"195,197"
5/26/2025,2025,2025,D5,Separated,Unverified,"98,841"
5/26/2025,2025,2025,D6,Assigned,Q-RIN,"3,998,509"
5/26/2025,2025,2025,D6,Assigned,Unverified,"534,850,128"
5/26/2025,2025,2025,D6,Separated,Q-RIN,"2,643,716"
5/26/2025,2025,2025,D6,Separated,Unverified,"424,156,406"
6/2/2025,2025,2023,D4,Separated,Unverified,"4,100,000"
6/2/2025,2025,2023,D6,Separated,Unverified,"59,836"
6/2/2025,2025,2024,D3,Separated,Q-RIN,"450,000"
6/2/2025,2025,2024,D4,Assigned,Unverified,"5,446,213"
6/2/2025,2025,2024,D4,Separated,Q-RIN,"8,754,495"
6/2/2025,2025,2024,D4,Separated,Unverified,"67,696,338"
6/2/2025,2025,2024,D5,Separated,Unverified,"42,933"
6/2/2025,2025,2024,D6,Assigned,Unverified,"209,213"
6/2/2025,2025,2024,D6,Separated,Unverified,"37,446,733"
6/2/2025,2025,2025,D3,Assigned,Q-RIN,"418,831"
6/2/2025,2025,2025,D3,Assigned,Unverified,"1,782,706"
6/2/2025,2025,2025,D3,Separated,Q-RIN,"89,504,253"
6/2/2025,2025,2025,D3,Separated,Unverified,"867,840"
6/2/2025,2025,2025,D4,Assigned,Q-RIN,"3,544,621"
6/2/2025,2025,2025,D4,Assigned,Unverified,"102,324,730"
6/2/2025,2025,2025,D4,Separated,Q-RIN,"18,221,909"
6/2/2025,2025,2025,D4,Separated,Unverified,"181,909,151"
6/2/2025,2025,2025,D5,Assigned,Q-RIN,"200,523"
6/2/2025,2025,2025,D5,Assigned,Unverified,"4,226,577"
6/2/2025,2025,2025,D5,Separated,Unverified,"574,755"
6/2/2025,2025,2025,D6,Assigned,Q-RIN,"1,520,850"
6/2/2025,2025,2025,D6,Assigned,Unverified,"559,535,261"
6/2/2025,2025,2025,D6,Separated,Q-RIN,"2,202,490"
6/2/2025,2025,2025,D6,Separated,Unverified,"488,657,248"
6/9/2025,2025,2023,D5,Separated,Unverified,6
6/9/2025,2025,2024,D3,Separated,Q-RIN,"70,000"
6/9/2025,2025,2024,D4,Assigned,Unverified,91
6/9/2025,2025,2024,D4,Separated,Q-RIN,"1,784,281"
6/9/2025,2025,2024,D4,Separated,Unverified,"6,408,170"
6/9/2025,2025,2024,D5,Separated,Unverified,"2,269"
6/9/2025,2025,2024,D6,Assigned,Unverified,"7,550"
6/9/2025,2025,2024,D6,Separated,Unverified,"4,421,177"
6/9/2025,2025,2025,D3,Assigned,Q-RIN,"341,877"
6/9/2025,2025,2025,D3,Assigned,Unverified,"1,093,643"
6/9/2025,2025,2025,D3,Separated,Q-RIN,"106,304,476"
6/9/2025,2025,2025,D3,Separated,Unverified,"658,391"
6/9/2025,2025,2025,D4,Assigned,Q-RIN,"5,948,074"
6/9/2025,2025,2025,D4,Assigned,Unverified,"107,149,866"
6/9/2025,2025,2025,D4,Separated,Q-RIN,"30,561,022"
6/9/2025,2025,2025,D4,Separated,Unverified,"186,571,948"
6/9/2025,2025,2025,D5,Assigned,Q-RIN,"178,383"
6/9/2025,2025,2025,D5,Assigned,Unverified,"2,091,410"
6/9/2025,2025,2025,D6,Assigned,Q-RIN,"4,302,207"
6/9/2025,2025,2025,D6,Assigned,Unverified,"530,737,261"
6/9/2025,2025,2025,D6,Separated,Unverified,"430,662,429"
6/16/2025,2025,2023,D6,Separated,Unverified,27
6/16/2025,2025,2024,D3,Separated,Q-RIN,"2,220,211"
6/16/2025,2025,2024,D3,Separated,Unverified,"5,122"
6/16/2025,2025,2024,D4,Separated,Q-RIN,"1,100,000"
6/16/2025,2025,2024,D4,Separated,Unverified,"80,895,499"
6/16/2025,2025,2024,D6,Separated,Unverified,"137,347,652"
6/16/2025,2025,2025,D3,Assigned,Q-RIN,"621,098"
6/16/2025,2025,2025,D3,Assigned,Unverified,"1,118,645"
6/16/2025,2025,2025,D3,Separated,Q-RIN,"93,822,853"
6/16/2025,2025,2025,D3,Separated,Unverified,"1,031,656"
6/16/2025,2025,2025,D4,Assigned,Q-RIN,"5,767,304"
6/16/2025,2025,2025,D4,Assigned,Unverified,"94,849,078"
6/16/2025,2025,2025,D4,Separated,Q-RIN,"40,731,004"
6/16/2025,2025,2025,D4,Separated,Unverified,"235,926,292"
6/16/2025,2025,2025,D5,Assigned,Q-RIN,"323,783"
6/16/2025,2025,2025,D5,Assigned,Unverified,"1,861,619"
6/16/2025,2025,2025,D5,Separated,Unverified,"238,580"
6/16/2025,2025,2025,D6,Assigned,Q-RIN,"4,788,963"
6/16/2025,2025,2025,D6,Assigned,Unverified,"572,866,522"
6/16/2025,2025,2025,D6,Separated,Q-RIN,"4,097,345"
6/16/2025,2025,2025,D6,Separated,Unverified,"248,331,404"
6/23/2025,2025,2024,D3,Separated,Q-RIN,"497,044"
6/23/2025,2025,2024,D4,Assigned,Q-RIN,"20,887"
6/23/2025,2025,2024,D4,Separated,Q-RIN,"8,014,161"
6/23/2025,2025,2024,D4,Separated,Unverified,"17,306,302"
6/23/2025,2025,2024,D5,Separated,Unverified,"206,680"
6/23/2025,2025,2024,D6,Assigned,Unverified,"19,171"
6/23/2025,2025,2024,D6,Separated,Unverified,"275,609,146"
6/23/2025,2025,2025,D3,Assigned,Q-RIN,"588,332"
6/23/2025,2025,2025,D3,Assigned,Unverified,"733,240"
6/23/2025,2025,2025,D3,Separated,Q-RIN,"165,159,175"
6/23/2025,2025,2025,D3,Separated,Unverified,"303,524"
6/23/2025,2025,2025,D4,Assigned,Q-RIN,"3,564,926"
6/23/2025,2025,2025,D4,Assigned,Unverified,"81,207,092"
6/23/2025,2025,2025,D4,Separated,Q-RIN,"27,513,814"
6/23/2025,2025,2025,D4,Separated,Unverified,"305,335,260"
6/23/2025,2025,2025,D5,Assigned,Q-RIN,"53,740"
6/23/2025,2025,2025,D5,Assigned,Unverified,"4,731,974"
6/23/2025,2025,2025,D5,Separated,Q-RIN,"1,784,194"
6/23/2025,2025,2025,D5,Separated,Unverified,"50,866"
6/23/2025,2025,2025,D6,Assigned,Q-RIN,"1,970,148"
6/23/2025,2025,2025,D6,Assigned,Unverified,"526,840,677"
6/23/2025,2025,2025,D6,Separated,Unverified,"345,226,716"
6/30/2025,2025,2023,D3,Separated,Q-RIN,"3,934"
6/30/2025,2025,2023,D4,Separated,Unverified,"82,870"
6/30/2025,2025,2023,D6,Separated,Unverified,"1,073,944"
6/30/2025,2025,2024,D3,Separated,Q-RIN,"4,136,370"
6/30/2025,2025,2024,D4,Separated,Q-RIN,"500,000"
6/30/2025,2025,2024,D4,Separated,Unverified,"28,217,908"
6/30/2025,2025,2024,D6,Assigned,Unverified,"174,856"
6/30/2025,2025,2024,D6,Separated,Unverified,"41,321,206"
6/30/2025,2025,2025,D3,Assigned,Q-RIN,"707,722"
6/30/2025,2025,2025,D3,Assigned,Unverified,"356,849"
6/30/2025,2025,2025,D3,Separated,Q-RIN,"169,721,758"
6/30/2025,2025,2025,D3,Separated,Unverified,"674,031"
6/30/2025,2025,2025,D4,Assigned,Q-RIN,"5,500,523"
6/30/2025,2025,2025,D4,Assigned,Unverified,"76,876,893"
6/30/2025,2025,2025,D4,Separated,Q-RIN,"21,023,962"
6/30/2025,2025,2025,D4,Separated,Unverified,"251,079,345"
6/30/2025,2025,2025,D5,Assigned,Q-RIN,"296,097"
6/30/2025,2025,2025,D5,Assigned,Unverified,"1,841,909"
6/30/2025,2025,2025,D5,Separated,Unverified,"295,178"
6/30/2025,2025,2025,D6,Assigned,Q-RIN,"6,719,676"
6/30/2025,2025,2025,D6,Assigned,Unverified,"531,039,216"
6/30/2025,2025,2025,D6,Separated,Q-RIN,"1,162,773"
6/30/2025,2025,2025,D6,Separated,Unverified,"375,809,463"
7/7/2025,2025,2023,D6,Separated,Unverified,"287,487"
7/7/2025,2025,2024,D3,Separated,Q-RIN,"703,341"
7/7/2025,2025,2024,D3,Separated,Unverified,"250,000"
7/7/2025,2025,2024,D4,Assigned,Unverified,"13,065"
7/7/2025,2025,2024,D4,Separated,Q-RIN,"2,098,464"
7/7/2025,2025,2024,D4,Separated,Unverified,"14,103,088"
7/7/2025,2025,2024,D6,Assigned,Unverified,"93,603"
7/7/2025,2025,2024,D6,Separated,Unverified,"123,364,042"
7/7/2025,2025,2025,D3,Assigned,Q-RIN,"1,027,493"
7/7/2025,2025,2025,D3,Assigned,Unverified,"678,608"
7/7/2025,2025,2025,D3,Separated,Q-RIN,"58,476,928"
7/7/2025,2025,2025,D3,Separated,Unverified,"659,128"
7/7/2025,2025,2025,D4,Assigned,Q-RIN,"5,762,015"
7/7/2025,2025,2025,D4,Assigned,Unverified,"80,106,474"
7/7/2025,2025,2025,D4,Separated,Q-RIN,"30,021,848"
7/7/2025,2025,2025,D4,Separated,Unverified,"178,708,715"
7/7/2025,2025,2025,D5,Assigned,Q-RIN,"133,609"
7/7/2025,2025,2025,D5,Assigned,Unverified,"5,537,300"
7/7/2025,2025,2025,D5,Separated,Q-RIN,3
7/7/2025,2025,2025,D5,Separated,Unverified,"349,066"
7/7/2025,2025,2025,D6,Assigned,Q-RIN,"8,656,473"
7/7/2025,2025,2025,D6,Assigned,Unverified,"592,230,182"
7/7/2025,2025,2025,D6,Separated,Q-RIN,"1,586,704"
7/7/2025,2025,2025,D6,Separated,Unverified,"527,327,081"
7/14/2025,2025,2023,D3,Separated,Q-RIN,"754,911"
7/14/2025,2025,2023,D4,Separated,Unverified,"19,966,601"
7/14/2025,2025,2023,D6,Separated,Unverified,"13,053,023"
7/14/2025,2025,2024,D3,Separated,Q-RIN,"2,821,546"
7/14/2025,2025,2024,D3,Separated,Unverified,"2,064"
7/14/2025,2025,2024,D4,Separated,Q-RIN,"5,552,862"
7/14/2025,2025,2024,D4,Separated,Unverified,"20,680,233"
7/14/2025,2025,2024,D6,Assigned,Unverified,"9,350"
7/14/2025,2025,2024,D6,Separated,Unverified,"14,496,359"
7/14/2025,2025,2025,D3,Assigned,Q-RIN,"1,756,599"
7/14/2025,2025,2025,D3,Assigned,Unverified,"540,551"
7/14/2025,2025,2025,D3,Separated,Q-RIN,"78,516,183"
7/14/2025,2025,2025,D3,Separated,Unverified,"31,217"
7/14/2025,2025,2025,D4,Assigned,Q-RIN,"5,156,708"
7/14/2025,2025,2025,D4,Assigned,Unverified,"86,626,853"
7/14/2025,2025,2025,D4,Separated,Q-RIN,"17,120,173"
7/14/2025,2025,2025,D4,Separated,Unverified,"187,734,157"
7/14/2025,2025,2025,D5,Assigned,Q-RIN,"165,611"
7/14/2025,2025,2025,D5,Assigned,Unverified,"1,877,780"
7/14/2025,2025,2025,D5,Separated,Unverified,"1,940,000"
7/14/2025,2025,2025,D6,Assigned,Q-RIN,"5,027,403"
7/14/2025,2025,2025,D6,Assigned,Unverified,"520,765,508"
7/14/2025,2025,2025,D6,Separated,Q-RIN,"3,382,509"
7/14/2025,2025,2025,D6,Separated,Unverified,"479,937,682"
7/21/2025,2025,2024,D3,Separated,Q-RIN,"4,879,230"
7/21/2025,2025,2024,D3,Separated,Unverified,"286,915"
7/21/2025,2025,2024,D4,Separated,Unverified,"4,105,045"
7/21/2025,2025,2024,D5,Separated,Unverified,"5,184"
7/21/2025,2025,2024,D6,Separated,Unverified,"2,048,672"
7/21/2025,2025,2025,D3,Assigned,Q-RIN,"1,598,139"
7/21/2025,2025,2025,D3,Assigned,Unverified,"708,112"
7/21/2025,2025,2025,D3,Separated,Q-RIN,"88,613,428"
7/21/2025,2025,2025,D3,Separated,Unverified,"723,113"
7/21/2025,2025,2025,D4,Assigned,Q-RIN,"3,539,478"
7/21/2025,2025,2025,D4,Assigned,Unverified,"93,179,080"
7/21/2025,2025,2025,D4,Separated,Q-RIN,"18,783,501"
7/21/2025,2025,2025,D4,Separated,Unverified,"335,158,257"
7/21/2025,2025,2025,D5,Assigned,Q-RIN,"216,172"
7/21/2025,2025,2025,D5,Assigned,Unverified,"4,783,691"
7/21/2025,2025,2025,D5,Separated,Unverified,"832,900"
7/21/2025,2025,2025,D6,Assigned,Q-RIN,"7,834,034"
7/21/2025,2025,2025,D6,Assigned,Unverified,"545,608,937"
7/21/2025,2025,2025,D6,Separated,Q-RIN,"3,523,166"
7/21/2025,2025,2025,D6,Separated,Unverified,"444,522,389"
7/28/2025,2025,2023,D4,Separated,Unverified,"2,833"
7/28/2025,2025,2023,D6,Separated,Unverified,"20,099"
7/28/2025,2025,2024,D3,Separated,Q-RIN,"2,000,000"
7/28/2025,2025,2024,D4,Separated,Q-RIN,"4,964,357"
7/28/2025,2025,2024,D4,Separated,Unverified,"44,088,083"
7/28/2025,2025,2024,D6,Separated,Unverified,"100,806,005"
7/28/2025,2025,2025,D3,Assigned,Q-RIN,"1,282,072"
7/28/2025,2025,2025,D3,Assigned,Unverified,"1,563,925"
7/28/2025,2025,2025,D3,Separated,Q-RIN,"121,574,763"
7/28/2025,2025,2025,D3,Separated,Unverified,"377,229"
7/28/2025,2025,2025,D4,Assigned,Q-RIN,"5,767,114"
7/28/2025,2025,2025,D4,Assigned,Unverified,"97,849,808"
7/28/2025,2025,2025,D4,Separated,Q-RIN,"36,100,962"
7/28/2025,2025,2025,D4,Separated,Unverified,"195,204,813"
7/28/2025,2025,2025,D5,Assigned,Q-RIN,"205,060"
7/28/2025,2025,2025,D5,Assigned,Unverified,"1,933,219"
7/28/2025,2025,2025,D5,Separated,Q-RIN,"1,954,812"
7/28/2025,2025,2025,D5,Separated,Unverified,"679,319"
7/28/2025,2025,2025,D6,Assigned,Q-RIN,"5,019,126"
7/28/2025,2025,2025,D6,Assigned,Unverified,"554,406,805"
7/28/2025,2025,2025,D6,Separated,Q-RIN,"1,435,121"
7/28/2025,2025,2025,D6,Separated,Unverified,"447,732,287"
8/4/2025,2025,2024,D3,Separated,Q-RIN,"50,225"
8/4/2025,2025,2024,D3,Separated,Unverified,"1,356"
8/4/2025,2025,2024,D4,Separated,Q-RIN,"116,742"
8/4/2025,2025,2024,D4,Separated,Unverified,"65,509,315"
8/4/2025,2025,2024,D6,Separated,Unverified,"82,502,584"
8/4/2025,2025,2025,D3,Assigned,Q-RIN,"1,048,740"
8/4/2025,2025,2025,D3,Assigned,Unverified,"998,246"
8/4/2025,2025,2025,D3,Separated,Q-RIN,"95,532,463"
8/4/2025,2025,2025,D3,Separated,Unverified,"26,419"
8/4/2025,2025,2025,D4,Assigned,Q-RIN,"7,882,724"
8/4/2025,2025,2025,D4,Assigned,Unverified,"86,524,085"
8/4/2025,2025,2025,D4,Separated,Q-RIN,"30,244,028"
8/4/2025,2025,2025,D4,Separated,Unverified,"200,371,225"
8/4/2025,2025,2025,D5,Assigned,Q-RIN,"270,562"
8/4/2025,2025,2025,D5,Assigned,Unverified,"1,757,098"
8/4/2025,2025,2025,D5,Separated,Q-RIN,"3,082,943"
8/4/2025,2025,2025,D5,Separated,Unverified,"526,922"
8/4/2025,2025,2025,D6,Assigned,Q-RIN,"9,506,628"
8/4/2025,2025,2025,D6,Assigned,Unverified,"570,056,185"
8/4/2025,2025,2025,D6,Separated,Q-RIN,"5,215,629"
8/4/2025,2025,2025,D6,Separated,Unverified,"336,511,701"
8/11/2025,2025,2023,D3,Separated,Q-RIN,"10,055"
8/11/2025,2025,2023,D4,Separated,Q-RIN,"1,500,000"
8/11/2025,2025,2023,D4,Separated,Unverified,"2,661,479"
8/11/2025,2025,2024,D3,Separated,Q-RIN,"984,299"
8/11/2025,2025,2024,D4,Separated,Q-RIN,"207,390"
8/11/2025,2025,2024,D4,Separated,Unverified,"19,174,358"
8/11/2025,2025,2024,D6,Assigned,Unverified,"303,871"
8/11/2025,2025,2024,D6,Separated,Unverified,"144,866,488"
8/11/2025,2025,2025,D3,Assigned,Q-RIN,"1,305,458"
8/11/2025,2025,2025,D3,Assigned,Unverified,"1,046,985"
8/11/2025,2025,2025,D3,Separated,Q-RIN,"58,174,244"
8/11/2025,2025,2025,D3,Separated,Unverified,"850,925"
8/11/2025,2025,2025,D4,Assigned,Q-RIN,"6,800,144"
8/11/2025,2025,2025,D4,Assigned,Unverified,"76,333,446"
8/11/2025,2025,2025,D4,Separated,Q-RIN,"10,192,263"
8/11/2025,2025,2025,D4,Separated,Unverified,"104,242,319"
8/11/2025,2025,2025,D5,Assigned,Q-RIN,"134,361"
8/11/2025,2025,2025,D5,Assigned,Unverified,"2,832,589"
8/11/2025,2025,2025,D5,Separated,Unverified,"931,932"
8/11/2025,2025,2025,D6,Assigned,Q-RIN,"9,370,959"
8/11/2025,2025,2025,D6,Assigned,Unverified,"534,372,843"
8/11/2025,2025,2025,D6,Separated,Q-RIN,"565,733"
8/11/2025,2025,2025,D6,Separated,Unverified,"361,883,061"
8/18/2025,2025,2024,D3,Separated,Q-RIN,"41,062"
8/18/2025,2025,2024,D4,Separated,Unverified,"12,158,900"
8/18/2025,2025,2024,D6,Assigned,Unverified,"7,066"
8/18/2025,2025,2024,D6,Separated,Unverified,"19,113,325"
8/18/2025,2025,2025,D3,Assigned,Q-RIN,"992,793"
8/18/2025,2025,2025,D3,Assigned,Unverified,"746,186"
8/18/2025,2025,2025,D3,Separated,Q-RIN,"71,458,680"
8/18/2025,2025,2025,D3,Separated,Unverified,"171,056"
8/18/2025,2025,2025,D4,Assigned,Q-RIN,"9,451,436"
8/18/2025,2025,2025,D4,Assigned,Unverified,"84,053,263"
8/18/2025,2025,2025,D4,Separated,Q-RIN,"17,574,365"
8/18/2025,2025,2025,D4,Separated,Unverified,"138,339,656"
8/18/2025,2025,2025,D5,Assigned,Q-RIN,"171,851"
8/18/2025,2025,2025,D5,Assigned,Unverified,"1,580,065"
8/18/2025,2025,2025,D5,Separated,Q-RIN,"3,066,195"
8/18/2025,2025,2025,D5,Separated,Unverified,"724,973"
8/18/2025,2025,2025,D6,Assigned,Q-RIN,"5,987,997"
8/18/2025,2025,2025,D6,Assigned,Unverified,"543,581,228"
8/18/2025,2025,2025,D6,Separated,Q-RIN,"6,130,501"
8/18/2025,2025,2025,D6,Separated,Unverified,"339,137,579"
8/25/2025,2025,2024,D3,Separated,Q-RIN,"21,062"
8/25/2025,2025,2024,D4,Separated,Q-RIN,"3,500,000"
8/25/2025,2025,2024,D4,Separated,Unverified,"49,413,081"
8/25/2025,2025,2024,D6,Assigned,Unverified,"7,830"
8/25/2025,2025,2024,D6,Separated,Unverified,"56,319,612"
8/25/2025,2025,2025,D3,Assigned,Q-RIN,"1,001,961"
8/25/2025,2025,2025,D3,Assigned,Unverified,"2,169,268"
8/25/2025,2025,2025,D3,Separated,Q-RIN,"129,358,738"
8/25/2025,2025,2025,D3,Separated,Unverified,"337,789"
8/25/2025,2025,2025,D4,Assigned,Q-RIN,"11,274,922"
8/25/2025,2025,2025,D4,Assigned,Unverified,"64,602,599"
8/25/2025,2025,2025,D4,Separated,Q-RIN,"34,624,749"
8/25/2025,2025,2025,D4,Separated,Unverified,"135,787,768"
8/25/2025,2025,2025,D5,Assigned,Q-RIN,"153,417"
8/25/2025,2025,2025,D5,Assigned,Unverified,"5,033,741"
8/25/2025,2025,2025,D5,Separated,Q-RIN,"49,716"
8/25/2025,2025,2025,D5,Separated,Unverified,"252,609"
8/25/2025,2025,2025,D6,Assigned,Q-RIN,"11,656,272"
8/25/2025,2025,2025,D6,Assigned,Unverified,"570,589,667"
8/25/2025,2025,2025,D6,Separated,Q-RIN,"5,120,719"
8/25/2025,2025,2025,D6,Separated,Unverified,"389,700,769"
9/1/2025,2025,2022,D3,Separated,Q-RIN,50
9/1/2025,2025,2023,D3,Separated,Q-RIN,"1,970,176"
9/1/2025,2025,2023,D4,Separated,Unverified,"10,589,692"
9/1/2025,2025,2023,D5,Separated,Unverified,"1,354,494"
9/1/2025,2025,2023,D6,Separated,Unverified,"36,750,468"
9/1/2025,2025,2024,D3,Separated,Q-RIN,"4,125,677"
9/1/2025,2025,2024,D3,Separated,Unverified,"9,402"
9/1/2025,2025,2024,D4,Separated,Q-RIN,"10,000,000"
9/1/2025,2025,2024,D4,Separated,Unverified,"48,350,000"
9/1/2025,2025,2024,D6,Separated,Unverified,"53,030,444"
9/1/2025,2025,2025,D3,Assigned,Q-RIN,"1,025,440"
9/1/2025,2025,2025,D3,Assigned,Unverified,"1,209,265"
9/1/2025,2025,2025,D3,Separated,Q-RIN,"99,960,117"
9/1/2025,2025,2025,D3,Separated,Unverified,"1,182,730"
9/1/2025,2025,2025,D4,Assigned,Q-RIN,"10,787,952"
9/1/2025,2025,2025,D4,Assigned,Unverified,"73,976,573"
9/1/2025,2025,2025,D4,Separated,Q-RIN,"10,946,557"
9/1/2025,2025,2025,D4,Separated,Unverified,"175,383,442"
9/1/2025,2025,2025,D5,Assigned,Q-RIN,"264,548"
9/1/2025,2025,2025,D5,Assigned,Unverified,"2,703,009"
9/1/2025,2025,2025,D6,Assigned,Q-RIN,"6,173,760"
9/1/2025,2025,2025,D6,Assigned,Unverified,"521,673,028"
9/1/2025,2025,2025,D6,Separated,Q-RIN,"4,724,992"
9/1/2025,2025,2025,D6,Separated,Unverified,"267,293,973"
9/8/2025,2025,2022,D3,Separated,Q-RIN,"194,193"
9/8/2025,2025,2022,D4,Separated,Q-RIN,"1,176,991"
9/8/2025,2025,2022,D6,Separated,Unverified,"3,522,884"
9/8/2025,2025,2023,D3,Separated,Q-RIN,"506,350"
9/8/2025,2025,2023,D4,Separated,Unverified,"1,240,390"
9/8/2025,2025,2024,D3,Separated,Q-RIN,"1,050"
9/8/2025,2025,2024,D3,Separated,Unverified,"9,402"
9/8/2025,2025,2024,D4,Separated,Q-RIN,"4,000,838"
9/8/2025,2025,2024,D4,Separated,Unverified,"15,821,957"
9/8/2025,2025,2024,D6,Separated,Unverified,"126,350,933"
9/8/2025,2025,2025,D3,Assigned,Q-RIN,"1,366,041"
9/8/2025,2025,2025,D3,Assigned,Unverified,"1,611,611"
9/8/2025,2025,2025,D3,Separated,Q-RIN,"95,961,878"
9/8/2025,2025,2025,D3,Separated,Unverified,"541,220"
9/8/2025,2025,2025,D4,Assigned,Q-RIN,"18,204,975"
9/8/2025,2025,2025,D4,Assigned,Unverified,"90,874,509"
9/8/2025,2025,2025,D4,Separated,Q-RIN,"42,951,602"
9/8/2025,2025,2025,D4,Separated,Unverified,"111,594,599"
9/8/2025,2025,2025,D5,Assigned,Q-RIN,"269,515"
9/8/2025,2025,2025,D5,Assigned,Unverified,"3,778,681"
9/8/2025,2025,2025,D5,Separated,Unverified,"341,110"
9/8/2025,2025,2025,D6,Assigned,Q-RIN,"8,403,177"
9/8/2025,2025,2025,D6,Assigned,Unverified,"541,064,527"
9/8/2025,2025,2025,D6,Separated,Q-RIN,"4,084,680"
9/8/2025,2025,2025,D6,Separated,Unverified,"477,032,931"
9/15/2025,2025,2020,D6,Separated,Unverified,"22,044,245"
9/15/2025,2025,2021,D3,Separated,Q-RIN,"790,530"
9/15/2025,2025,2021,D4,Separated,Q-RIN,"812,538"
9/15/2025,2025,2021,D4,Separated,Unverified,"5,548,880"
9/15/2025,2025,2021,D6,Separated,Unverified,"34,425,973"
9/15/2025,2025,2022,D3,Separated,Q-RIN,"2,248,402"
9/15/2025,2025,2022,D4,Separated,Q-RIN,"23,475"
9/15/2025,2025,2022,D4,Separated,Unverified,"13,583,607"
9/15/2025,2025,2022,D6,Separated,Unverified,"25,757,700"
9/15/2025,2025,2023,D4,Separated,Q-RIN,"14,480,202"
9/15/2025,2025,2023,D4,Separated,Unverified,"23,122,854"
9/15/2025,2025,2023,D6,Separated,Unverified,"5,698,015"
9/15/2025,2025,2024,D3,Separated,Unverified,"344,192"
9/15/2025,2025,2024,D4,Separated,Q-RIN,"2,000,000"
9/15/2025,2025,2024,D4,Separated,Unverified,"10,529,346"
9/15/2025,2025,2024,D6,Assigned,Unverified,"2,901"
9/15/2025,2025,2024,D6,Separated,Unverified,"30,085,959"
9/15/2025,2025,2025,D3,Assigned,Q-RIN,"1,016,063"
9/15/2025,2025,2025,D3,Assigned,Unverified,"2,727,254"
9/15/2025,2025,2025,D3,Separated,Q-RIN,"113,083,340"
9/15/2025,2025,2025,D3,Separated,Unverified,"86,181"
9/15/2025,2025,2025,D4,Assigned,Q-RIN,"6,312,429"
9/15/2025,2025,2025,D4,Assigned,Unverified,"81,254,000"
9/15/2025,2025,2025,D4,Separated,Q-RIN,"42,693,627"
9/15/2025,2025,2025,D4,Separated,Unverified,"164,822,143"
9/15/2025,2025,2025,D5,Assigned,Q-RIN,"84,164"
9/15/2025,2025,2025,D5,Assigned,Unverified,"3,564,049"
9/15/2025,2025,2025,D5,Separated,Q-RIN,"2,562,228"
9/15/2025,2025,2025,D5,Separated,Unverified,"2,994,712"
9/15/2025,2025,2025,D6,Assigned,Q-RIN,"9,313,250"
9/15/2025,2025,2025,D6,Assigned,Unverified,"535,159,510"
9/15/2025,2025,2025,D6,Separated,Q-RIN,"3,483,038"
9/15/2025,2025,2025,D6,Separated,Unverified,"361,156,785"
9/22/2025,2025,2021,D3,Separated,Q-RIN,"1,164,134"
9/22/2025,2025,2022,D3,Separated,Q-RIN,"526,085"
9/22/2025,2025,2022,D4,Separated,Unverified,"10,246,953"
9/22/2025,2025,2022,D6,Separated,Unverified,"30,670,434"
9/22/2025,2025,2023,D3,Separated,Q-RIN,"3,953,719"
9/22/2025,2025,2023,D4,Separated,Q-RIN,"8,000,000"
9/22/2025,2025,2023,D4,Separated,Unverified,"4,000,000"
9/22/2025,2025,2023,D6,Separated,Unverified,"21,011,986"
9/22/2025,2025,2024,D3,Separated,Q-RIN,"574,000"
9/22/2025,2025,2024,D4,Separated,Q-RIN,"11,000,000"
9/22/2025,2025,2024,D4,Separated,Unverified,"23,098,848"
9/22/2025,2025,2024,D6,Assigned,Unverified,"493,899"
9/22/2025,2025,2024,D6,Separated,Unverified,"122,614,268"
9/22/2025,2025,2025,D3,Assigned,Q-RIN,"1,080,553"
9/22/2025,2025,2025,D3,Assigned,Unverified,"2,810,093"
9/22/2025,2025,2025,D3,Separated,Q-RIN,"133,512,661"
9/22/2025,2025,2025,D3,Separated,Unverified,"437,367"
9/22/2025,2025,2025,D4,Assigned,Q-RIN,"37,927,949"
9/22/2025,2025,2025,D4,Assigned,Unverified,"131,421,077"
9/22/2025,2025,2025,D4,Separated,Q-RIN,"38,171,279"
9/22/2025,2025,2025,D4,Separated,Unverified,"275,363,865"
9/22/2025,2025,2025,D5,Assigned,Q-RIN,"45,021"
9/22/2025,2025,2025,D5,Assigned,Unverified,"1,304,900"
9/22/2025,2025,2025,D5,Separated,Unverified,"10,551,006"
9/22/2025,2025,2025,D6,Assigned,Q-RIN,"5,904,092"
9/22/2025,2025,2025,D6,Assigned,Unverified,"493,693,039"
9/22/2025,2025,2025,D6,Separated,Q-RIN,"5,396,386"
9/22/2025,2025,2025,D6,Separated,Unverified,"379,937,217"
9/29/2025,2025,2022,D3,Separated,Q-RIN,"304,717"
9/29/2025,2025,2022,D4,Separated,Unverified,"1,521,871"
9/29/2025,2025,2022,D6,Separated,Unverified,"1,540,872"
9/29/2025,2025,2023,D3,Separated,Q-RIN,"9,208,185"
9/29/2025,2025,2023,D4,Separated,Q-RIN,"8,000,372"
9/29/2025,2025,2023,D4,Separated,Unverified,"37,561,617"
9/29/2025,2025,2023,D6,Separated,Unverified,"206,596,829"
9/29/2025,2025,2024,D3,Separated,Q-RIN,"2,940,872"
9/29/2025,2025,2024,D4,Separated,Q-RIN,"13,302,766"
9/29/2025,2025,2024,D4,Separated,Unverified,"75,881,737"
9/29/2025,2025,2024,D6,Separated,Unverified,"125,921,763"
9/29/2025,2025,2025,D3,Assigned,Q-RIN,"930,189"
9/29/2025,2025,2025,D3,Assigned,Unverified,"1,394,316"
9/29/2025,2025,2025,D3,Separated,Q-RIN,"173,307,960"
9/29/2025,2025,2025,D3,Separated,Unverified,"860,919"
9/29/2025,2025,2025,D4,Assigned,Q-RIN,"7,289,522"
9/29/2025,2025,2025,D4,Assigned,Unverified,"76,032,123"
9/29/2025,2025,2025,D4,Separated,Q-RIN,"62,690,440"
9/29/2025,2025,2025,D4,Separated,Unverified,"486,822,678"
9/29/2025,2025,2025,D5,Assigned,Q-RIN,"371,844"
9/29/2025,2025,2025,D5,Assigned,Unverified,"2,861,554"
9/29/2025,2025,2025,D5,Separated,Q-RIN,"43,254"
9/29/2025,2025,2025,D5,Separated,Unverified,"1,339,924"
9/29/2025,2025,2025,D6,Assigned,Q-RIN,"7,772,067"
9/29/2025,2025,2025,D6,Assigned,Unverified,"559,670,977"
9/29/2025,2025,2025,D6,Separated,Q-RIN,"10,187,284"
9/29/2025,2025,2025,D6,Separated,Unverified,"662,828,971"
10/6/2025,2025,2023,D3,Separated,Q-RIN,"8,812,164"
10/6/2025,2025,2023,D4,Separated,Q-RIN,"3,968,995"
10/6/2025,2025,2023,D4,Separated,Unverified,"34,783,739"
10/6/2025,2025,2023,D5,Separated,Unverified,"62,006"
10/6/2025,2025,2023,D6,Separated,Unverified,"57,781,482"
10/6/2025,2025,2024,D3,Separated,Q-RIN,"4,031,999"
10/6/2025,2025,2024,D4,Separated,Q-RIN,"59,842"
10/6/2025,2025,2024,D4,Separated,Unverified,"25,380,901"
10/6/2025,2025,2024,D6,Separated,Unverified,"17,859,697"
10/6/2025,2025,2025,D3,Assigned,Q-RIN,"897,128"
10/6/2025,2025,2025,D3,Assigned,Unverified,"1,483,778"
10/6/2025,2025,2025,D3,Separated,Q-RIN,"116,944,267"
10/6/2025,2025,2025,D3,Separated,Unverified,"419,464"
10/6/2025,2025,2025,D4,Assigned,Q-RIN,"10,114,582"
10/6/2025,2025,2025,D4,Assigned,Unverified,"83,755,473"
10/6/2025,2025,2025,D4,Separated,Q-RIN,"46,189,961"
10/6/2025,2025,2025,D4,Separated,Unverified,"287,344,290"
10/6/2025,2025,2025,D5,Assigned,Q-RIN,"312,800"
10/6/2025,2025,2025,D5,Assigned,Unverified,"7,074,061"
10/6/2025,2025,2025,D5,Separated,Q-RIN,"1,798,007"
10/6/2025,2025,2025,D5,Separated,Unverified,"1,251,645"
10/6/2025,2025,2025,D6,Assigned,Q-RIN,"6,953,584"
10/6/2025,2025,2025,D6,Assigned,Unverified,"513,702,343"
10/6/2025,2025,2025,D6,Separated,Q-RIN,"8,075,225"
10/6/2025,2025,2025,D6,Separated,Unverified,"734,677,194"
10/13/2025,2025,2018,D3,Separated,Q-RIN,"492,505"
10/13/2025,2025,2018,D3,Separated,Unverified,"33,626"
10/13/2025,2025,2018,D4,Separated,Unverified,"5,483,035"
10/13/2025,2025,2018,D6,Separated,Unverified,"17,289,955"
10/13/2025,2025,2019,D3,Separated,Q-RIN,"2,676,240"
10/13/2025,2025,2019,D4,Separated,Q-RIN,"16,017,985"
10/13/2025,2025,2019,D4,Separated,Unverified,"6,282,035"
10/13/2025,2025,2019,D6,Separated,Q-RIN,"4,089,199"
10/13/2025,2025,2019,D6,Separated,Unverified,"96,127,714"
10/13/2025,2025,2020,D3,Separated,Q-RIN,"3,216,569"
10/13/2025,2025,2020,D4,Separated,Unverified,"5,521,962"
10/13/2025,2025,2020,D5,Separated,Unverified,"1,543,425"
10/13/2025,2025,2020,D6,Separated,Q-RIN,425
10/13/2025,2025,2020,D6,Separated,Unverified,"77,936,041"
10/13/2025,2025,2021,D3,Separated,Q-RIN,"493,616"
10/13/2025,2025,2021,D6,Separated,Unverified,1
10/13/2025,2025,2023,D3,Separated,Q-RIN,"3,445,677"
10/13/2025,2025,2023,D4,Assigned,Unverified,"40,289"
10/13/2025,2025,2023,D4,Separated,Q-RIN,"56,707,510"
10/13/2025,2025,2023,D4,Separated,Unverified,"78,769,130"
10/13/2025,2025,2023,D6,Separated,Unverified,"186,005,667"
10/13/2025,2025,2024,D3,Separated,Q-RIN,"1,583,008"
10/13/2025,2025,2024,D4,Separated,Q-RIN,"5,638,376"
10/13/2025,2025,2024,D4,Separated,Unverified,"2,402,355"
10/13/2025,2025,2024,D5,Separated,Unverified,"99,970"
10/13/2025,2025,2024,D6,Assigned,Unverified,"8,521"
10/13/2025,2025,2024,D6,Separated,Unverified,"211,927,369"
10/13/2025,2025,2025,D3,Assigned,Q-RIN,"969,837"
10/13/2025,2025,2025,D3,Assigned,Unverified,"1,384,025"
10/13/2025,2025,2025,D3,Separated,Q-RIN,"84,598,310"
10/13/2025,2025,2025,D3,Separated,Unverified,"1,086,160"
10/13/2025,2025,2025,D4,Assigned,Q-RIN,"5,124,485"
10/13/2025,2025,2025,D4,Assigned,Unverified,"71,856,465"
10/13/2025,2025,2025,D4,Separated,Q-RIN,"26,253,749"
10/13/2025,2025,2025,D4,Separated,Unverified,"401,833,566"
10/13/2025,2025,2025,D5,Assigned,Q-RIN,"222,148"
10/13/2025,2025,2025,D5,Assigned,Unverified,"4,934,057"
10/13/2025,2025,2025,D5,Separated,Unverified,"163,870"
10/13/2025,2025,2025,D6,Assigned,Q-RIN,"13,608,500"
10/13/2025,2025,2025,D6,Assigned,Unverified,"530,409,651"
10/13/2025,2025,2025,D6,Separated,Q-RIN,"6,221,232"
10/13/2025,2025,2025,D6,Separated,Unverified,"717,704,700"
10/20/2025,2025,2023,D3,Separated,Q-RIN,"8,265,935"
10/20/2025,2025,2023,D4,Separated,Q-RIN,"39,693,293"
10/20/2025,2025,2023,D4,Separated,Unverified,"54,695,791"
10/20/2025,2025,2023,D6,Separated,Unverified,"256,144,814"
10/20/2025,2025,2024,D3,Separated,Q-RIN,"360,334"
10/20/2025,2025,2024,D4,Separated,Q-RIN,"2,149"
10/20/2025,2025,2024,D4,Separated,Unverified,"11,274,413"
10/20/2025,2025,2024,D5,Separated,Unverified,"99,970"
10/20/2025,2025,2024,D6,Separated,Unverified,"144,298,426"
10/20/2025,2025,2025,D3,Assigned,Q-RIN,"1,638,860"
10/20/2025,2025,2025,D3,Assigned,Unverified,"1,217,067"
10/20/2025,2025,2025,D3,Separated,Q-RIN,"94,458,510"
10/20/2025,2025,2025,D3,Separated,Unverified,"586,907"
10/20/2025,2025,2025,D4,Assigned,Q-RIN,"9,350,281"
10/20/2025,2025,2025,D4,Assigned,Unverified,"126,328,829"
10/20/2025,2025,2025,D4,Separated,Q-RIN,"31,134,295"
10/20/2025,2025,2025,D4,Separated,Unverified,"439,462,982"
10/20/2025,2025,2025,D5,Assigned,Q-RIN,"196,046"
10/20/2025,2025,2025,D5,Assigned,Unverified,"3,179,006"
10/20/2025,2025,2025,D5,Separated,Q-RIN,"4,609,131"
10/20/2025,2025,2025,D5,Separated,Unverified,"1,091,197"
10/20/2025,2025,2025,D6,Assigned,Q-RIN,"11,671,103"
10/20/2025,2025,2025,D6,Assigned,Unverified,"516,950,689"
10/20/2025,2025,2025,D6,Separated,Q-RIN,"3,248,408"
10/20/2025,2025,2025,D6,Separated,Unverified,"827,120,178"
10/27/2025,2025,2023,D3,Separated,Q-RIN,"5,782,573"
10/27/2025,2025,2023,D4,Separated,Q-RIN,"4,303,414"
10/27/2025,2025,2023,D4,Separated,Unverified,"26,604,410"
10/27/2025,2025,2023,D5,Separated,Unverified,"4,163"
10/27/2025,2025,2023,D6,Separated,Unverified,"130,418,617"
10/27/2025,2025,2024,D3,Separated,Q-RIN,"4,794,441"
10/27/2025,2025,2024,D3,Separated,Unverified,"3,519,955"
10/27/2025,2025,2024,D4,Assigned,Unverified,"67,082"
10/27/2025,2025,2024,D4,Separated,Q-RIN,"55,257"
10/27/2025,2025,2024,D4,Separated,Unverified,"41,836,419"
10/27/2025,2025,2024,D6,Separated,Unverified,"159,541,412"
10/27/2025,2025,2025,D3,Assigned,Q-RIN,"959,251"
10/27/2025,2025,2025,D3,Assigned,Unverified,"1,346,556"
10/27/2025,2025,2025,D3,Separated,Q-RIN,"167,076,255"
10/27/2025,2025,2025,D3,Separated,Unverified,"712,580"
10/27/2025,2025,2025,D4,Assigned,Q-RIN,"32,371,093"
10/27/2025,2025,2025,D4,Assigned,Unverified,"86,404,507"
10/27/2025,2025,2025,D4,Separated,Q-RIN,"60,563,845"
10/27/2025,2025,2025,D4,Separated,Unverified,"533,123,969"
10/27/2025,2025,2025,D5,Assigned,Q-RIN,"15,330"
10/27/2025,2025,2025,D5,Assigned,Unverified,"1,495,071"
10/27/2025,2025,2025,D5,Separated,Unverified,"89,520"
10/27/2025,2025,2025,D6,Assigned,Q-RIN,"8,917,801"
10/27/2025,2025,2025,D6,Assigned,Unverified,"548,871,238"
10/27/2025,2025,2025,D6,Separated,Q-RIN,"9,624,083"
10/27/2025,2025,2025,D6,Separated,Unverified,"898,909,613"
11/3/2025,2025,2023,D3,Separated,Q-RIN,"4,244,627"
11/3/2025,2025,2023,D4,Separated,Q-RIN,"5,125,578"
11/3/2025,2025,2023,D4,Separated,Unverified,"36,203,306"
11/3/2025,2025,2023,D5,Separated,Q-RIN,"16,485"
11/3/2025,2025,2023,D5,Separated,Unverified,"57,843"
11/3/2025,2025,2023,D6,Separated,Unverified,"162,493,210"
11/3/2025,2025,2024,D3,Separated,Q-RIN,"11,160,222"
11/3/2025,2025,2024,D3,Separated,Unverified,"369,014"
11/3/2025,2025,2024,D4,Assigned,Unverified,574
11/3/2025,2025,2024,D4,Separated,Unverified,"21,486,151"
11/3/2025,2025,2024,D5,Separated,Unverified,"142,903"
11/3/2025,2025,2024,D6,Assigned,Unverified,"36,372"
11/3/2025,2025,2024,D6,Separated,Unverified,"39,400,705"
11/3/2025,2025,2025,D3,Assigned,Q-RIN,"1,111,333"
11/3/2025,2025,2025,D3,Assigned,Unverified,"2,379,136"
11/3/2025,2025,2025,D3,Separated,Q-RIN,"111,836,793"
11/3/2025,2025,2025,D3,Separated,Unverified,"502,944"
11/3/2025,2025,2025,D4,Assigned,Q-RIN,"9,644,830"
11/3/2025,2025,2025,D4,Assigned,Unverified,"90,874,447"
11/3/2025,2025,2025,D4,Separated,Q-RIN,"20,747,761"
11/3/2025,2025,2025,D4,Separated,Unverified,"218,658,317"
11/3/2025,2025,2025,D5,Assigned,Q-RIN,"397,229"
11/3/2025,2025,2025,D5,Assigned,Unverified,"3,054,567"
11/3/2025,2025,2025,D5,Separated,Unverified,"1,523,592"
11/3/2025,2025,2025,D6,Assigned,Q-RIN,"8,677,554"
11/3/2025,2025,2025,D6,Assigned,Unverified,"505,000,435"
11/3/2025,2025,2025,D6,Separated,Q-RIN,"9,877,475"
11/3/2025,2025,2025,D6,Separated,Unverified,"479,843,413"
11/10/2025,2025,2022,D4,Separated,Unverified,"4,711,535"
11/10/2025,2025,2022,D6,Separated,Unverified,"13,427,667"
11/10/2025,2025,2023,D3,Separated,Q-RIN,"12,594,014"
11/10/2025,2025,2023,D4,Separated,Q-RIN,"13,912,754"
11/10/2025,2025,2023,D4,Separated,Unverified,"182,271,980"
11/10/2025,2025,2023,D6,Separated,Unverified,"225,602,865"
11/10/2025,2025,2024,D3,Separated,Q-RIN,"20,384,133"
11/10/2025,2025,2024,D4,Assigned,Unverified,"10,374"
11/10/2025,2025,2024,D4,Separated,Q-RIN,"43,199"
11/10/2025,2025,2024,D4,Separated,Unverified,"76,189,329"
11/10/2025,2025,2024,D5,Assigned,Unverified,"472,500"
11/10/2025,2025,2024,D5,Separated,Unverified,"444,270"
11/10/2025,2025,2024,D6,Separated,Unverified,"184,812,445"
11/10/2025,2025,2025,D3,Assigned,Q-RIN,"491,534"
11/10/2025,2025,2025,D3,Assigned,Unverified,"2,271,824"
11/10/2025,2025,2025,D3,Separated,Q-RIN,"69,072,435"
11/10/2025,2025,2025,D3,Separated,Unverified,"1,976,650"
11/10/2025,2025,2025,D4,Assigned,Q-RIN,"34,455,681"
11/10/2025,2025,2025,D4,Assigned,Unverified,"69,476,694"
11/10/2025,2025,2025,D4,Separated,Q-RIN,"59,699,156"
11/10/2025,2025,2025,D4,Separated,Unverified,"276,524,132"
11/10/2025,2025,2025,D5,Assigned,Q-RIN,"306,778"
11/10/2025,2025,2025,D5,Assigned,Unverified,"6,853,265"
11/10/2025,2025,2025,D5,Separated,Q-RIN,"4,567,295"
11/10/2025,2025,2025,D5,Separated,Unverified,"7,738,552"
11/10/2025,2025,2025,D6,Assigned,Q-RIN,"13,857,046"
11/10/2025,2025,2025,D6,Assigned,Unverified,"544,042,141"
11/10/2025,2025,2025,D6,Separated,Q-RIN,"13,050,595"
11/10/2025,2025,2025,D6,Separated,Unverified,"634,730,554"
11/17/2025,2025,2022,D4,Separated,Unverified,"4,711,535"
11/17/2025,2025,2022,D6,Separated,Unverified,"13,427,667"
11/17/2025,2025,2023,D3,Separated,Q-RIN,"5,668,100"
11/17/2025,2025,2023,D4,Separated,Q-RIN,"9,087,383"
11/17/2025,2025,2023,D4,Separated,Unverified,"24,827,328"
11/17/2025,2025,2023,D5,Separated,Unverified,"1,144"
11/17/2025,2025,2023,D6,Separated,Unverified,"175,224,551"
11/17/2025,2025,2024,D3,Assigned,Unverified,"12,685"
11/17/2025,2025,2024,D3,Separated,Q-RIN,"13,483,928"
11/17/2025,2025,2024,D4,Separated,Q-RIN,"43,199"
11/17/2025,2025,2024,D4,Separated,Unverified,"75,490,443"
11/17/2025,2025,2024,D6,Assigned,Unverified,"119,408"
11/17/2025,2025,2024,D6,Separated,Unverified,"210,821,399"
11/17/2025,2025,2025,D3,Assigned,Q-RIN,"709,164"
11/17/2025,2025,2025,D3,Assigned,Unverified,"1,194,810"
11/17/2025,2025,2025,D3,Separated,Q-RIN,"159,767,521"
11/17/2025,2025,2025,D3,Separated,Unverified,"3,465,310"
11/17/2025,2025,2025,D4,Assigned,Q-RIN,"9,511,512"
11/17/2025,2025,2025,D4,Assigned,Unverified,"72,643,957"
11/17/2025,2025,2025,D4,Separated,Q-RIN,"69,949,307"
11/17/2025,2025,2025,D4,Separated,Unverified,"231,908,917"
11/17/2025,2025,2025,D5,Assigned,Unverified,"824,387"
11/17/2025,2025,2025,D5,Separated,Unverified,"2,117,118"
11/17/2025,2025,2025,D6,Assigned,Q-RIN,"10,591,192"
11/17/2025,2025,2025,D6,Assigned,Unverified,"518,587,619"
11/17/2025,2025,2025,D6,Separated,Q-RIN,"5,467,722"
11/17/2025,2025,2025,D6,Separated,Unverified,"551,757,227"
11/24/2025,2025,2023,D3,Separated,Q-RIN,"2,976,603"
11/24/2025,2025,2023,D4,Separated,Unverified,"34,196,723"
11/24/2025,2025,2023,D5,Separated,Unverified,"2,288"
11/24/2025,2025,2023,D6,Separated,Unverified,"1,254,903"
11/24/2025,2025,2024,D3,Separated,Q-RIN,"27,401,125"
11/24/2025,2025,2024,D4,Separated,Q-RIN,"425,286"
11/24/2025,2025,2024,D4,Separated,Unverified,"153,031,915"
11/24/2025,2025,2024,D5,Separated,Unverified,"3,506,033"
11/24/2025,2025,2024,D6,Assigned,Unverified,"108,656"
11/24/2025,2025,2024,D6,Separated,Unverified,"500,208,536"
11/24/2025,2025,2025,D3,Assigned,Q-RIN,"763,152"
11/24/2025,2025,2025,D3,Assigned,Unverified,"1,291,168"
11/24/2025,2025,2025,D3,Separated,Q-RIN,"135,880,076"
11/24/2025,2025,2025,D3,Separated,Unverified,"150,549"
11/24/2025,2025,2025,D4,Assigned,Q-RIN,"4,426,795"
11/24/2025,2025,2025,D4,Assigned,Unverified,"81,784,149"
11/24/2025,2025,2025,D4,Separated,Q-RIN,"6,801,371"
11/24/2025,2025,2025,D4,Separated,Unverified,"76,700,808"
11/24/2025,2025,2025,D5,Assigned,Q-RIN,"349,320"
11/24/2025,2025,2025,D5,Assigned,Unverified,"2,111,896"
11/24/2025,2025,2025,D6,Assigned,Q-RIN,"14,296,241"
11/24/2025,2025,2025,D6,Assigned,Unverified,"482,888,092"
11/24/2025,2025,2025,D6,Separated,Q-RIN,"16,384,809"
11/24/2025,2025,2025,D6,Separated,Unverified,"230,293,288"
12/1/2025,2025,2024,D3,Separated,Q-RIN,"1,228,204"
12/1/2025,2025,2024,D4,Separated,Q-RIN,"3,000,000"
12/1/2025,2025,2024,D4,Separated,Unverified,"34,894,681"
12/1/2025,2025,2024,D6,Assigned,Unverified,"13,296"
12/1/2025,2025,2024,D6,Separated,Unverified,"49,437,751"
12/1/2025,2025,2025,D3,Assigned,Q-RIN,"939,962"
12/1/2025,2025,2025,D3,Assigned,Unverified,"1,160,728"
12/1/2025,2025,2025,D3,Separated,Q-RIN,"140,443,913"
12/1/2025,2025,2025,D3,Separated,Unverified,"165,030"
12/1/2025,2025,2025,D4,Assigned,Q-RIN,"9,411,376"
12/1/2025,2025,2025,D4,Assigned,Unverified,"69,175,541"
12/1/2025,2025,2025,D4,Separated,Q-RIN,"21,978,445"
12/1/2025,2025,2025,D4,Separated,Unverified,"554,189,776"
12/1/2025,2025,2025,D5,Assigned,Q-RIN,"244,446"
12/1/2025,2025,2025,D5,Assigned,Unverified,"711,224"
12/1/2025,2025,2025,D5,Separated,Q-RIN,"28,982"
12/1/2025,2025,2025,D5,Separated,Unverified,"540,000"
12/1/2025,2025,2025,D6,Assigned,Q-RIN,"19,173,792"
12/1/2025,2025,2025,D6,Assigned,Unverified,"517,245,016"
12/1/2025,2025,2025,D6,Separated,Q-RIN,"6,302,260"
12/1/2025,2025,2025,D6,Separated,Unverified,"798,972,206"
12/8/2025,2025,2024,D3,Separated,Q-RIN,"3,520,399"
12/8/2025,2025,2024,D4,Separated,Unverified,"51,765,991"
12/8/2025,2025,2024,D6,Separated,Unverified,"47,588,231"
12/8/2025,2025,2025,D3,Assigned,Q-RIN,"774,402"
12/8/2025,2025,2025,D3,Assigned,Unverified,"1,903,340"
12/8/2025,2025,2025,D3,Separated,Q-RIN,"86,232,902"
12/8/2025,2025,2025,D3,Separated,Unverified,"227,927"
12/8/2025,2025,2025,D4,Assigned,Q-RIN,"9,959,064"
12/8/2025,2025,2025,D4,Assigned,Unverified,"71,949,883"
12/8/2025,2025,2025,D4,Separated,Q-RIN,"104,752,600"
12/8/2025,2025,2025,D4,Separated,Unverified,"420,739,277"
12/8/2025,2025,2025,D5,Assigned,Q-RIN,"406,728"
12/8/2025,2025,2025,D5,Assigned,Unverified,"675,692"
12/8/2025,2025,2025,D5,Separated,Q-RIN,"43,289"
12/8/2025,2025,2025,D5,Separated,Unverified,"989,119"
12/8/2025,2025,2025,D6,Assigned,Q-RIN,"19,848,298"
12/8/2025,2025,2025,D6,Assigned,Unverified,"526,526,653"
12/8/2025,2025,2025,D6,Separated,Q-RIN,"9,081,588"
12/8/2025,2025,2025,D6,Separated,Unverified,"870,281,942"
12/15/2025,2025,2024,D3,Separated,Q-RIN,"526,505"
12/15/2025,2025,2024,D4,Separated,Q-RIN,"30,000,000"
12/15/2025,2025,2024,D4,Separated,Unverified,"33,889,228"
12/15/2025,2025,2024,D5,Separated,Unverified,"62,622"
12/15/2025,2025,2024,D6,Separated,Unverified,"73,695,767"
12/15/2025,2025,2025,D3,Assigned,Q-RIN,"1,311,234"
12/15/2025,2025,2025,D3,Assigned,Unverified,"1,835,735"
12/15/2025,2025,2025,D3,Separated,Q-RIN,"226,095,618"
12/15/2025,2025,2025,D3,Separated,Unverified,"542,087"
12/15/2025,2025,2025,D4,Assigned,Q-RIN,"8,363,868"
12/15/2025,2025,2025,D4,Assigned,Unverified,"82,414,180"
12/15/2025,2025,2025,D4,Separated,Q-RIN,"51,509,234"
12/15/2025,2025,2025,D4,Separated,Unverified,"608,533,855"
12/15/2025,2025,2025,D5,Assigned,Q-RIN,"80,111"
12/15/2025,2025,2025,D5,Assigned,Unverified,"2,287,914"
12/15/2025,2025,2025,D5,Separated,Q-RIN,"40,365"
12/15/2025,2025,2025,D5,Separated,Unverified,"14,216,305"
12/15/2025,2025,2025,D6,Assigned,Q-RIN,"12,254,977"
12/15/2025,2025,2025,D6,Assigned,Unverified,"526,522,588"
12/15/2025,2025,2025,D6,Separated,Q-RIN,"6,393,497"
12/15/2025,2025,2025,D6,Separated,Unverified,"965,231,439"
12/22/2025,2025,2024,D4,Separated,Q-RIN,"4,000,000"
12/22/2025,2025,2024,D4,Separated,Unverified,"8,850,000"
12/22/2025,2025,2024,D6,Separated,Unverified,"15,222,714"
12/22/2025,2025,2025,D3,Assigned,Q-RIN,"1,336,441"
12/22/2025,2025,2025,D3,Assigned,Unverified,"1,375,190"
12/22/2025,2025,2025,D3,Separated,Q-RIN,"129,350,915"
12/22/2025,2025,2025,D3,Separated,Unverified,"732,664"
12/22/2025,2025,2025,D4,Assigned,Q-RIN,"2,568,473"
12/22/2025,2025,2025,D4,Assigned,Unverified,"54,504,713"
12/22/2025,2025,2025,D4,Separated,Q-RIN,"35,043,623"
12/22/2025,2025,2025,D4,Separated,Unverified,"207,156,845"
12/22/2025,2025,2025,D5,Assigned,Q-RIN,"530,702"
12/22/2025,2025,2025,D5,Assigned,Unverified,"488,276"
12/22/2025,2025,2025,D5,Separated,Unverified,"10,071,236"
12/22/2025,2025,2025,D6,Assigned,Q-RIN,"15,879,519"
12/22/2025,2025,2025,D6,Assigned,Unverified,"432,192,625"
12/22/2025,2025,2025,D6,Separated,Q-RIN,"6,802,830"
12/22/2025,2025,2025,D6,Separated,Unverified,"456,942,328"
12/29/2025,2025,2024,D4,Separated,Q-RIN,"6,040,489"
12/29/2025,2025,2024,D4,Separated,Unverified,"29,273,495"
12/29/2025,2025,2024,D5,Assigned,Unverified,"41,366"
12/29/2025,2025,2024,D5,Separated,Q-RIN,"346,254"
12/29/2025,2025,2024,D6,Separated,Unverified,"56,545,229"
12/29/2025,2025,2025,D3,Assigned,Q-RIN,"578,423"
12/29/2025,2025,2025,D3,Assigned,Unverified,"858,978"
12/29/2025,2025,2025,D3,Separated,Q-RIN,"83,562,348"
12/29/2025,2025,2025,D3,Separated,Unverified,"2,955,212"
12/29/2025,2025,2025,D4,Assigned,Q-RIN,"21,555,153"
12/29/2025,2025,2025,D4,Assigned,Unverified,"75,093,737"
12/29/2025,2025,2025,D4,Separated,Q-RIN,"27,882,603"
12/29/2025,2025,2025,D4,Separated,Unverified,"386,921,488"
12/29/2025,2025,2025,D5,Assigned,Q-RIN,"114,908"
12/29/2025,2025,2025,D5,Assigned,Unverified,"288,973"
12/29/2025,2025,2025,D6,Assigned,Q-RIN,"17,889,706"
12/29/2025,2025,2025,D6,Assigned,Unverified,"320,122,247"
12/29/2025,2025,2025,D6,Separated,Q-RIN,"23,155,319"
12/29/2025,2025,2025,D6,Separated,Unverified,"588,107,275"
12/29/2025,2026,2024,D4,Separated,Unverified,"5,000,000"
12/29/2025,2026,2024,D6,Separated,Unverified,"27,750,000"
12/29/2025,2026,2025,D3,Assigned,Unverified,"80,638"
12/29/2025,2026,2025,D3,Separated,Q-RIN,"6,229,789"
12/29/2025,2026,2025,D3,Separated,Unverified,"1,136,170"
12/29/2025,2026,2025,D4,Assigned,Q-RIN,"591,425"
12/29/2025,2026,2025,D4,Assigned,Unverified,"6,993,001"
12/29/2025,2026,2025,D4,Separated,Q-RIN,"23,537,770"
12/29/2025,2026,2025,D4,Separated,Unverified,"42,687,657"
12/29/2025,2026,2025,D5,Assigned,Unverified,"4,073,115"
12/29/2025,2026,2025,D5,Separated,Unverified,"2,150,443"
12/29/2025,2026,2025,D6,Assigned,Q-RIN,"2,026,875"
12/29/2025,2026,2025,D6,Assigned,Unverified,"93,241,636"
12/29/2025,2026,2025,D6,Separated,Q-RIN,"615,817"
12/29/2025,2026,2025,D6,Separated,Unverified,"177,236,178"
12/29/2025,2026,2026,D3,Assigned,Q-RIN,"47,436"
12/29/2025,2026,2026,D3,Assigned,Unverified,"175,714"
12/29/2025,2026,2026,D4,Assigned,Q-RIN,"7,375,042"
12/29/2025,2026,2026,D4,Assigned,Unverified,"14,008,564"
12/29/2025,2026,2026,D4,Separated,Q-RIN,"2,140,035"
12/29/2025,2026,2026,D4,Separated,Unverified,"2,509,868"
12/29/2025,2026,2026,D5,Assigned,Q-RIN,"304,219"
12/29/2025,2026,2026,D5,Assigned,Unverified,"373,899"
12/29/2025,2026,2026,D6,Assigned,Q-RIN,"8,920,719"
12/29/2025,2026,2026,D6,Assigned,Unverified,"97,250,780"
12/29/2025,2026,2026,D6,Separated,Q-RIN,"146,628"
12/29/2025,2026,2026,D6,Separated,Unverified,"235,023"
1/5/2026,2026,2024,D3,Separated,Q-RIN,"8,000"
1/5/2026,2026,2024,D4,Separated,Q-RIN,"10,000,000"
1/5/2026,2026,2024,D4,Separated,Unverified,"23,900,000"
1/5/2026,2026,2024,D5,Separated,Unverified,"734,095"
1/5/2026,2026,2024,D6,Assigned,Unverified,"193,072"
1/5/2026,2026,2024,D6,Separated,Unverified,"40,375,783"
1/5/2026,2026,2025,D3,Assigned,Q-RIN,"57,696"
1/5/2026,2026,2025,D3,Assigned,Unverified,"784,695"
1/5/2026,2026,2025,D3,Separated,Q-RIN,"141,307,672"
1/5/2026,2026,2025,D3,Separated,Unverified,"1,738,637"
1/5/2026,2026,2025,D4,Assigned,Q-RIN,"5,068,752"
1/5/2026,2026,2025,D4,Assigned,Unverified,"7,874,777"
1/5/2026,2026,2025,D4,Separated,Q-RIN,"53,272,219"
1/5/2026,2026,2025,D4,Separated,Unverified,"435,890,662"
1/5/2026,2026,2025,D5,Assigned,Q-RIN,"8,038"
1/5/2026,2026,2025,D5,Separated,Unverified,"1,460,849"
1/5/2026,2026,2025,D6,Assigned,Q-RIN,"11,527,769"
1/5/2026,2026,2025,D6,Assigned,Unverified,"208,357,508"
1/5/2026,2026,2025,D6,Separated,Q-RIN,"8,282,506"
1/5/2026,2026,2025,D6,Separated,Unverified,"485,729,968"
1/5/2026,2026,2026,D3,Assigned,Q-RIN,"1,296,251"
1/5/2026,2026,2026,D3,Assigned,Unverified,"996,308"
1/5/2026,2026,2026,D4,Assigned,Q-RIN,"3,058,185"
1/5/2026,2026,2026,D4,Assigned,Unverified,"38,183,662"
1/5/2026,2026,2026,D4,Separated,Q-RIN,"4,581,621"
1/5/2026,2026,2026,D4,Separated,Unverified,"4,379,971"
1/5/2026,2026,2026,D5,Assigned,Q-RIN,"154,738"
1/5/2026,2026,2026,D5,Assigned,Unverified,"743,301"
1/5/2026,2026,2026,D6,Assigned,Q-RIN,"12,193,600"
1/5/2026,2026,2026,D6,Assigned,Unverified,"328,577,526"
1/5/2026,2026,2026,D6,Separated,Q-RIN,"1,818,412"
1/5/2026,2026,2026,D6,Separated,Unverified,"12,704,561"
1/12/2026,2026,2024,D3,Separated,Q-RIN,"550,000"
1/12/2026,2026,2024,D4,Separated,Q-RIN,"4,300,000"
1/12/2026,2026,2024,D4,Separated,Unverified,"47,700,000"
1/12/2026,2026,2024,D5,Assigned,Unverified,"458,422"
1/12/2026,2026,2024,D6,Assigned,Unverified,"28,775"
1/12/2026,2026,2024,D6,Separated,Unverified,"67,542,650"
1/12/2026,2026,2025,D3,Assigned,Unverified,"955,312"
1/12/2026,2026,2025,D3,Separated,Q-RIN,"103,076,043"
1/12/2026,2026,2025,D3,Separated,Unverified,"411,706"
1/12/2026,2026,2025,D4,Assigned,Q-RIN,"22,241,624"
1/12/2026,2026,2025,D4,Assigned,Unverified,"24,418,556"
1/12/2026,2026,2025,D4,Separated,Q-RIN,"29,635,552"
1/12/2026,2026,2025,D4,Separated,Unverified,"340,918,298"
1/12/2026,2026,2025,D5,Assigned,Unverified,"2,660,595"
1/12/2026,2026,2025,D6,Assigned,Q-RIN,"3,441,975"
1/12/2026,2026,2025,D6,Assigned,Unverified,"128,896,754"
1/12/2026,2026,2025,D6,Separated,Q-RIN,"2,642,604"
1/12/2026,2026,2025,D6,Separated,Unverified,"320,770,733"
1/12/2026,2026,2026,D3,Assigned,Q-RIN,"915,421"
1/12/2026,2026,2026,D3,Assigned,Unverified,"794,306"
1/12/2026,2026,2026,D3,Separated,Unverified,"64,480"
1/12/2026,2026,2026,D4,Assigned,Q-RIN,"2,529,626"
1/12/2026,2026,2026,D4,Assigned,Unverified,"43,995,752"
1/12/2026,2026,2026,D4,Separated,Q-RIN,"5,916,659"
1/12/2026,2026,2026,D4,Separated,Unverified,"13,161,166"
1/12/2026,2026,2026,D5,Assigned,Q-RIN,"81,870"
1/12/2026,2026,2026,D5,Assigned,Unverified,"2,364,995"
1/12/2026,2026,2026,D5,Separated,Unverified,"1,272,360"
1/12/2026,2026,2026,D6,Assigned,Q-RIN,"15,922,976"
1/12/2026,2026,2026,D6,Assigned,Unverified,"356,984,920"
1/12/2026,2026,2026,D6,Separated,Q-RIN,"3,696,199"
1/12/2026,2026,2026,D6,Separated,Unverified,"56,791,163"
1/19/2026,2026,2023,D6,Separated,Unverified,"16,800"
1/19/2026,2026,2024,D3,Separated,Q-RIN,"564,889"
1/19/2026,2026,2024,D3,Separated,Unverified,"57,550"
1/19/2026,2026,2024,D4,Separated,Q-RIN,"18,000,000"
1/19/2026,2026,2024,D4,Separated,Unverified,"10,293,086"
1/19/2026,2026,2024,D5,Separated,Unverified,"625,000"
1/19/2026,2026,2024,D6,Separated,Unverified,"3,772,284"
1/19/2026,2026,2025,D3,Assigned,Unverified,"304,087"
1/19/2026,2026,2025,D3,Separated,Q-RIN,"120,041,582"
1/19/2026,2026,2025,D3,Separated,Unverified,"130,258"
1/19/2026,2026,2025,D4,Assigned,Q-RIN,"1,182,094"
1/19/2026,2026,2025,D4,Assigned,Unverified,"11,642,854"
1/19/2026,2026,2025,D4,Separated,Q-RIN,"2,266,948"
1/19/2026,2026,2025,D4,Separated,Unverified,"163,660,017"
1/19/2026,2026,2025,D6,Assigned,Q-RIN,"7,832,458"
1/19/2026,2026,2025,D6,Assigned,Unverified,"54,994,235"
1/19/2026,2026,2025,D6,Separated,Q-RIN,"6,165,688"
1/19/2026,2026,2025,D6,Separated,Unverified,"405,286,369"
1/19/2026,2026,2026,D3,Assigned,Q-RIN,"951,628"
1/19/2026,2026,2026,D3,Assigned,Unverified,"995,328"
1/19/2026,2026,2026,D3,Separated,Unverified,"240,207"
1/19/2026,2026,2026,D4,Assigned,Q-RIN,"4,808,152"
1/19/2026,2026,2026,D4,Assigned,Unverified,"47,854,919"
1/19/2026,2026,2026,D4,Separated,Q-RIN,"5,757,345"
1/19/2026,2026,2026,D4,Separated,Unverified,"10,040,833"
1/19/2026,2026,2026,D5,Assigned,Q-RIN,"192,099"
1/19/2026,2026,2026,D5,Assigned,Unverified,"690,803"
1/19/2026,2026,2026,D5,Separated,Q-RIN,"5,710,318"
1/19/2026,2026,2026,D6,Assigned,Q-RIN,"14,539,837"
1/19/2026,2026,2026,D6,Assigned,Unverified,"370,888,739"
1/19/2026,2026,2026,D6,Separated,Q-RIN,"5,945,979"
1/19/2026,2026,2026,D6,Separated,Unverified,"62,368,191"
1/26/2026,2026,2024,D4,Separated,Unverified,"22,551,408"
1/26/2026,2026,2024,D5,Separated,Unverified,"606,334"
1/26/2026,2026,2024,D6,Assigned,Unverified,"2,402"
1/26/2026,2026,2024,D6,Separated,Unverified,"2,184,196"
1/26/2026,2026,2025,D3,Assigned,Unverified,"185,382"
1/26/2026,2026,2025,D3,Separated,Q-RIN,"91,146,336"
1/26/2026,2026,2025,D3,Separated,Unverified,"82,086"
1/26/2026,2026,2025,D4,Assigned,Q-RIN,"7,539,398"
1/26/2026,2026,2025,D4,Assigned,Unverified,"2,050,178"
1/26/2026,2026,2025,D4,Separated,Q-RIN,"2,258,294"
1/26/2026,2026,2025,D4,Separated,Unverified,"80,396,267"
1/26/2026,2026,2025,D5,Separated,Q-RIN,"47,971"
1/26/2026,2026,2025,D5,Separated,Unverified,"62,618"
1/26/2026,2026,2025,D6,Assigned,Q-RIN,"97,302"
1/26/2026,2026,2025,D6,Assigned,Unverified,"15,593,666"
1/26/2026,2026,2025,D6,Separated,Q-RIN,"949,595"
1/26/2026,2026,2025,D6,Separated,Unverified,"190,410,009"
1/26/2026,2026,2026,D3,Assigned,Q-RIN,"1,074,383"
1/26/2026,2026,2026,D3,Assigned,Unverified,"1,040,941"
1/26/2026,2026,2026,D3,Separated,Q-RIN,"613,317"
1/26/2026,2026,2026,D3,Separated,Unverified,"222,924"
1/26/2026,2026,2026,D4,Assigned,Q-RIN,"3,691,124"
1/26/2026,2026,2026,D4,Assigned,Unverified,"35,378,090"
1/26/2026,2026,2026,D4,Separated,Q-RIN,"3,536,560"
1/26/2026,2026,2026,D4,Separated,Unverified,"18,888,945"
1/26/2026,2026,2026,D5,Assigned,Q-RIN,"465,740"
1/26/2026,2026,2026,D5,Assigned,Unverified,"631,233"
1/26/2026,2026,2026,D6,Assigned,Q-RIN,"16,619,460"
1/26/2026,2026,2026,D6,Assigned,Unverified,"441,645,340"
1/26/2026,2026,2026,D6,Separated,Q-RIN,"2,083,330"
1/26/2026,2026,2026,D6,Separated,Unverified,"40,571,310"
2/2/2026,2026,2024,D3,Separated,Q-RIN,"7,126,429"
2/2/2026,2026,2024,D4,Separated,Q-RIN,"12,080,978"
2/2/2026,2026,2024,D4,Separated,Unverified,"45,367,944"
2/2/2026,2026,2024,D5,Separated,Q-RIN,"1,038,765"
2/2/2026,2026,2024,D5,Separated,Unverified,"109,095"
2/2/2026,2026,2024,D6,Separated,Unverified,"102,578,267"
2/2/2026,2026,2025,D3,Assigned,Unverified,5
2/2/2026,2026,2025,D3,Separated,Q-RIN,"126,060,094"
2/2/2026,2026,2025,D3,Separated,Unverified,"1,696,529"
2/2/2026,2026,2025,D4,Assigned,Q-RIN,"40,007"
2/2/2026,2026,2025,D4,Assigned,Unverified,"10,187,048"
2/2/2026,2026,2025,D4,Separated,Q-RIN,"17,092,449"
2/2/2026,2026,2025,D4,Separated,Unverified,"138,967,548"
2/2/2026,2026,2025,D5,Assigned,Q-RIN,368
2/2/2026,2026,2025,D5,Separated,Unverified,"25,242"
2/2/2026,2026,2025,D6,Assigned,Q-RIN,"8,260"
2/2/2026,2026,2025,D6,Assigned,Unverified,"2,719,316"
2/2/2026,2026,2025,D6,Separated,Q-RIN,"1,808,534"
2/2/2026,2026,2025,D6,Separated,Unverified,"275,243,378"
2/2/2026,2026,2026,D3,Assigned,Q-RIN,"1,497,503"
2/2/2026,2026,2026,D3,Assigned,Unverified,"1,578,586"
2/2/2026,2026,2026,D3,Separated,Q-RIN,"1,821,068"
2/2/2026,2026,2026,D3,Separated,Unverified,"136,216"
2/2/2026,2026,2026,D4,Assigned,Q-RIN,"10,512,176"
2/2/2026,2026,2026,D4,Assigned,Unverified,"82,726,145"
2/2/2026,2026,2026,D4,Separated,Q-RIN,"15,815,385"
2/2/2026,2026,2026,D4,Separated,Unverified,"10,311,179"
2/2/2026,2026,2026,D5,Assigned,Q-RIN,"265,209"
2/2/2026,2026,2026,D5,Assigned,Unverified,"2,461,782"
2/2/2026,2026,2026,D5,Separated,Unverified,"32,771"
2/2/2026,2026,2026,D6,Assigned,Q-RIN,"13,620,414"
2/2/2026,2026,2026,D6,Assigned,Unverified,"491,185,011"
2/2/2026,2026,2026,D6,Separated,Q-RIN,"4,220,444"
2/2/2026,2026,2026,D6,Separated,Unverified,"96,538,031"
2/9/2026,2026,2024,D3,Separated,Q-RIN,"3,646"
2/9/2026,2026,2024,D3,Separated,Unverified,"106,306"
2/9/2026,2026,2024,D4,Separated,Q-RIN,"10,000,000"
2/9/2026,2026,2024,D4,Separated,Unverified,"20,603,255"
2/9/2026,2026,2024,D6,Separated,Unverified,"40,818,862"
2/9/2026,2026,2025,D3,Separated,Q-RIN,"105,609,616"
2/9/2026,2026,2025,D3,Separated,Unverified,"415,602"
2/9/2026,2026,2025,D4,Assigned,Unverified,"383,575"
2/9/2026,2026,2025,D4,Separated,Q-RIN,"6,262,500"
2/9/2026,2026,2025,D4,Separated,Unverified,"86,281,989"
2/9/2026,2026,2025,D5,Assigned,Unverified,"3,006,713"
2/9/2026,2026,2025,D5,Separated,Unverified,"658,166"
2/9/2026,2026,2025,D6,Assigned,Unverified,"1,038,741"
2/9/2026,2026,2025,D6,Separated,Q-RIN,"698,525"
2/9/2026,2026,2025,D6,Separated,Unverified,"315,714,622"
2/9/2026,2026,2026,D3,Assigned,Q-RIN,"596,493"
2/9/2026,2026,2026,D3,Assigned,Unverified,"1,657,801"
2/9/2026,2026,2026,D3,Separated,Q-RIN,"6,031,510"
2/9/2026,2026,2026,D3,Separated,Unverified,"271,682"
2/9/2026,2026,2026,D4,Assigned,Q-RIN,"10,793,756"
2/9/2026,2026,2026,D4,Assigned,Unverified,"50,368,960"
2/9/2026,2026,2026,D4,Separated,Q-RIN,"31,339,616"
2/9/2026,2026,2026,D4,Separated,Unverified,"47,939,850"
2/9/2026,2026,2026,D5,Assigned,Q-RIN,"363,193"
2/9/2026,2026,2026,D5,Assigned,Unverified,"720,640"
2/9/2026,2026,2026,D5,Separated,Q-RIN,"4,139,800"
2/9/2026,2026,2026,D5,Separated,Unverified,"546,771"
2/9/2026,2026,2026,D6,Assigned,Q-RIN,"16,486,578"
2/9/2026,2026,2026,D6,Assigned,Unverified,"548,319,213"
2/9/2026,2026,2026,D6,Separated,Q-RIN,"5,810,153"
2/9/2026,2026,2026,D6,Separated,Unverified,"124,868,634"
2/16/2026,2026,2024,D4,Separated,Unverified,"4,000,000"
2/16/2026,2026,2024,D6,Separated,Unverified,"5,987,804"
2/16/2026,2026,2025,D3,Assigned,Q-RIN,"115,400"
2/16/2026,2026,2025,D3,Separated,Q-RIN,"102,636,874"
2/16/2026,2026,2025,D3,Separated,Unverified,"30,237"
2/16/2026,2026,2025,D4,Assigned,Unverified,"20,665,147"
2/16/2026,2026,2025,D4,Separated,Q-RIN,"4,825,376"
2/16/2026,2026,2025,D4,Separated,Unverified,"135,978,316"
2/16/2026,2026,2025,D6,Assigned,Q-RIN,"23,935"
2/16/2026,2026,2025,D6,Assigned,Unverified,"670,067"
2/16/2026,2026,2025,D6,Separated,Q-RIN,"701,082"
2/16/2026,2026,2025,D6,Separated,Unverified,"321,421,366"
2/16/2026,2026,2026,D3,Assigned,Q-RIN,"497,610"
2/16/2026,2026,2026,D3,Assigned,Unverified,"1,416,931"
2/16/2026,2026,2026,D3,Separated,Q-RIN,"22,191,068"
2/16/2026,2026,2026,D3,Separated,Unverified,"93,002"
2/16/2026,2026,2026,D4,Assigned,Q-RIN,"9,765,162"
2/16/2026,2026,2026,D4,Assigned,Unverified,"93,694,029"
2/16/2026,2026,2026,D4,Separated,Q-RIN,"25,948,723"
2/16/2026,2026,2026,D4,Separated,Unverified,"38,998,776"
2/16/2026,2026,2026,D5,Assigned,Q-RIN,"471,671"
2/16/2026,2026,2026,D5,Assigned,Unverified,"674,736"
2/16/2026,2026,2026,D5,Separated,Unverified,"771,970"
2/16/2026,2026,2026,D6,Assigned,Q-RIN,"14,526,909"
2/16/2026,2026,2026,D6,Assigned,Unverified,"536,270,805"
2/16/2026,2026,2026,D6,Separated,Q-RIN,"4,994,450"
2/16/2026,2026,2026,D6,Separated,Unverified,"129,125,337"
2/23/2026,2026,2024,D3,Separated,Q-RIN,"18,208"
2/23/2026,2026,2024,D4,Separated,Unverified,"32,477,131"
2/23/2026,2026,2024,D6,Separated,Unverified,"16,539,817"
2/23/2026,2026,2025,D3,Assigned,Q-RIN,"28,799"
2/23/2026,2026,2025,D3,Separated,Q-RIN,"45,151,740"
2/23/2026,2026,2025,D3,Separated,Unverified,"548,309"
2/23/2026,2026,2025,D4,Assigned,Unverified,"291,037"
2/23/2026,2026,2025,D4,Separated,Q-RIN,"14,819,190"
2/23/2026,2026,2025,D4,Separated,Unverified,"153,032,765"
2/23/2026,2026,2025,D5,Separated,Unverified,"182,925"
2/23/2026,2026,2025,D6,Assigned,Unverified,"150,324"
2/23/2026,2026,2025,D6,Separated,Q-RIN,"1,106,028"
2/23/2026,2026,2025,D6,Separated,Unverified,"309,225,250"
2/23/2026,2026,2026,D3,Assigned,Q-RIN,"1,000,558"
2/23/2026,2026,2026,D3,Assigned,Unverified,"1,379,348"
2/23/2026,2026,2026,D3,Separated,Q-RIN,"89,131,265"
2/23/2026,2026,2026,D3,Separated,Unverified,"410,299"
2/23/2026,2026,2026,D4,Assigned,Q-RIN,"9,749,087"
2/23/2026,2026,2026,D4,Assigned,Unverified,"66,936,855"
2/23/2026,2026,2026,D4,Separated,Q-RIN,"17,749,501"
2/23/2026,2026,2026,D4,Separated,Unverified,"56,240,159"
2/23/2026,2026,2026,D5,Assigned,Q-RIN,"147,271"
2/23/2026,2026,2026,D5,Assigned,Unverified,"630,909"
2/23/2026,2026,2026,D5,Separated,Unverified,"16,000"
2/23/2026,2026,2026,D6,Assigned,Q-RIN,"16,487,256"
2/23/2026,2026,2026,D6,Assigned,Unverified,"531,012,357"
2/23/2026,2026,2026,D6,Separated,Q-RIN,"9,216,618"
2/23/2026,2026,2026,D6,Separated,Unverified,"259,943,211"
3/2/2026,2026,2024,D3,Separated,Q-RIN,"14,450,134"
3/2/2026,2026,2024,D3,Separated,Unverified,"4,250,134"
3/2/2026,2026,2024,D4,Separated,Q-RIN,"866,321"
3/2/2026,2026,2024,D4,Separated,Unverified,"8,509,521"
3/2/2026,2026,2024,D5,Separated,Q-RIN,"73,142"
3/2/2026,2026,2024,D5,Separated,Unverified,"37,449"
3/2/2026,2026,2024,D6,Separated,Unverified,"37,318,859"
3/2/2026,2026,2025,D3,Assigned,Q-RIN,"115,201"
3/2/2026,2026,2025,D3,Separated,Q-RIN,"71,277,393"
3/2/2026,2026,2025,D3,Separated,Unverified,"449,068"
3/2/2026,2026,2025,D4,Assigned,Unverified,"59,208"
3/2/2026,2026,2025,D4,Separated,Q-RIN,"27,122,234"
3/2/2026,2026,2025,D4,Separated,Unverified,"321,481,355"
3/2/2026,2026,2025,D6,Assigned,Unverified,"692,478"
3/2/2026,2026,2025,D6,Separated,Q-RIN,"420,374"
3/2/2026,2026,2025,D6,Separated,Unverified,"365,634,422"
3/2/2026,2026,2026,D3,Assigned,Q-RIN,"785,035"
3/2/2026,2026,2026,D3,Assigned,Unverified,"1,883,115"
3/2/2026,2026,2026,D3,Separated,Q-RIN,"90,034,792"
3/2/2026,2026,2026,D3,Separated,Unverified,"73,002"
3/2/2026,2026,2026,D4,Assigned,Q-RIN,"8,938,021"
3/2/2026,2026,2026,D4,Assigned,Unverified,"56,782,996"
3/2/2026,2026,2026,D4,Separated,Q-RIN,"19,158,014"
3/2/2026,2026,2026,D4,Separated,Unverified,"40,871,857"
3/2/2026,2026,2026,D5,Assigned,Q-RIN,"195,165"
3/2/2026,2026,2026,D5,Assigned,Unverified,"900,170"
3/2/2026,2026,2026,D5,Separated,Q-RIN,"3,937,463"
3/2/2026,2026,2026,D5,Separated,Unverified,"1,631,056"
3/2/2026,2026,2026,D6,Assigned,Q-RIN,"14,207,469"
3/2/2026,2026,2026,D6,Assigned,Unverified,"510,951,780"
3/2/2026,2026,2026,D6,Separated,Q-RIN,"14,859,873"
3/2/2026,2026,2026,D6,Separated,Unverified,"174,531,183"
3/9/2026,2026,2024,D3,Separated,Q-RIN,"5,191,028"
3/9/2026,2026,2024,D4,Separated,Unverified,"8,400,000"
3/9/2026,2026,2024,D6,Separated,Unverified,"21,500,000"
3/9/2026,2026,2025,D3,Assigned,Q-RIN,"57,599"
3/9/2026,2026,2025,D3,Separated,Q-RIN,"63,649,004"
3/9/2026,2026,2025,D4,Assigned,Unverified,"1,577,495"
3/9/2026,2026,2025,D4,Separated,Q-RIN,"67,408,846"
3/9/2026,2026,2025,D4,Separated,Unverified,"417,753,280"
3/9/2026,2026,2025,D5,Separated,Unverified,"297,311"
3/9/2026,2026,2025,D6,Assigned,Unverified,"83,587"
3/9/2026,2026,2025,D6,Separated,Q-RIN,"2,867,142"
3/9/2026,2026,2025,D6,Separated,Unverified,"675,116,422"
3/9/2026,2026,2026,D3,Assigned,Q-RIN,"580,432"
3/9/2026,2026,2026,D3,Assigned,Unverified,"1,581,607"
3/9/2026,2026,2026,D3,Separated,Q-RIN,"67,236,975"
3/9/2026,2026,2026,D3,Separated,Unverified,"470,636"
3/9/2026,2026,2026,D4,Assigned,Q-RIN,"12,114,622"
3/9/2026,2026,2026,D4,Assigned,Unverified,"78,912,770"
3/9/2026,2026,2026,D4,Separated,Q-RIN,"42,702,051"
3/9/2026,2026,2026,D4,Separated,Unverified,"118,242,994"
3/9/2026,2026,2026,D5,Assigned,Q-RIN,"139,758"
3/9/2026,2026,2026,D5,Assigned,Unverified,"776,154"
3/9/2026,2026,2026,D5,Separated,Q-RIN,"3,222,365"
3/9/2026,2026,2026,D5,Separated,Unverified,"2,105,919"
3/9/2026,2026,2026,D6,Assigned,Q-RIN,"14,588,790"
3/9/2026,2026,2026,D6,Assigned,Unverified,"514,757,564"
3/9/2026,2026,2026,D6,Separated,Q-RIN,"5,908,149"
3/9/2026,2026,2026,D6,Separated,Unverified,"384,233,555"
3/16/2026,2026,2024,D3,Separated,Q-RIN,"559,583"
3/16/2026,2026,2024,D4,Separated,Unverified,"20,000,000"
3/16/2026,2026,2024,D6,Separated,Unverified,"45,999,250"
3/16/2026,2026,2025,D3,Assigned,Q-RIN,"86,400"
3/16/2026,2026,2025,D3,Separated,Q-RIN,"42,520,066"
3/16/2026,2026,2025,D3,Separated,Unverified,"183,798"
3/16/2026,2026,2025,D4,Assigned,Unverified,"134,568"
3/16/2026,2026,2025,D4,Separated,Q-RIN,"1,335,926"
3/16/2026,2026,2025,D4,Separated,Unverified,"185,942,153"
3/16/2026,2026,2025,D5,Separated,Q-RIN,"1,815,182"
3/16/2026,2026,2025,D5,Separated,Unverified,"3,000,000"
3/16/2026,2026,2025,D6,Assigned,Unverified,"370,251"
3/16/2026,2026,2025,D6,Separated,Q-RIN,"4,758,047"
3/16/2026,2026,2025,D6,Separated,Unverified,"307,108,017"
3/16/2026,2026,2026,D3,Assigned,Q-RIN,"974,186"
3/16/2026,2026,2026,D3,Assigned,Unverified,"1,583,902"
3/16/2026,2026,2026,D3,Separated,Q-RIN,"96,311,707"
3/16/2026,2026,2026,D3,Separated,Unverified,"155,964"
3/16/2026,2026,2026,D4,Assigned,Q-RIN,"8,291,788"
3/16/2026,2026,2026,D4,Assigned,Unverified,"74,577,096"
3/16/2026,2026,2026,D4,Separated,Q-RIN,"11,010,733"
3/16/2026,2026,2026,D4,Separated,Unverified,"104,549,187"
3/16/2026,2026,2026,D5,Assigned,Q-RIN,"135,312"
3/16/2026,2026,2026,D5,Assigned,Unverified,"490,170"
3/16/2026,2026,2026,D5,Separated,Q-RIN,"5,266,207"
3/16/2026,2026,2026,D6,Assigned,Q-RIN,"14,411,927"
3/16/2026,2026,2026,D6,Assigned,Unverified,"504,354,720"
3/16/2026,2026,2026,D6,Separated,Q-RIN,"10,854,374"
3/16/2026,2026,2026,D6,Separated,Unverified,"270,975,494"
3/23/2026,2026,2024,D4,Separated,Unverified,"73,251"
3/23/2026,2026,2024,D5,Separated,Q-RIN,"73,142"
3/23/2026,2026,2024,D5,Separated,Unverified,"37,449"
3/23/2026,2026,2024,D6,Separated,Unverified,"87,010"
3/23/2026,2026,2025,D3,Assigned,Q-RIN,"57,600"
3/23/2026,2026,2025,D3,Separated,Q-RIN,"16,171,902"
3/23/2026,2026,2025,D3,Separated,Unverified,"64,363"
3/23/2026,2026,2025,D4,Assigned,Unverified,"1,491,780"
3/23/2026,2026,2025,D4,Separated,Q-RIN,"3,485,149"
3/23/2026,2026,2025,D4,Separated,Unverified,"146,493,849"
3/23/2026,2026,2025,D5,Assigned,Unverified,"32,839"
3/23/2026,2026,2025,D5,Separated,Unverified,"3,266,420"
3/23/2026,2026,2025,D6,Assigned,Unverified,"45,953"
3/23/2026,2026,2025,D6,Separated,Q-RIN,"171,101"
3/23/2026,2026,2025,D6,Separated,Unverified,"126,304,377"
3/23/2026,2026,2026,D3,Assigned,Q-RIN,"2,146,105"
3/23/2026,2026,2026,D3,Assigned,Unverified,"1,254,557"
3/23/2026,2026,2026,D3,Separated,Q-RIN,"126,163,400"
3/23/2026,2026,2026,D3,Separated,Unverified,"410,486"
3/23/2026,2026,2026,D4,Assigned,Q-RIN,"9,354,664"
3/23/2026,2026,2026,D4,Assigned,Unverified,"80,440,117"
3/23/2026,2026,2026,D4,Separated,Q-RIN,"14,588,008"
3/23/2026,2026,2026,D4,Separated,Unverified,"205,073,364"
3/23/2026,2026,2026,D5,Assigned,Q-RIN,"205,837"
3/23/2026,2026,2026,D5,Assigned,Unverified,"831,276"
3/23/2026,2026,2026,D5,Separated,Q-RIN,"45,113"
3/23/2026,2026,2026,D5,Separated,Unverified,"814,573"
3/23/2026,2026,2026,D6,Assigned,Q-RIN,"17,103,695"
3/23/2026,2026,2026,D6,Assigned,Unverified,"487,653,670"
3/23/2026,2026,2026,D6,Separated,Q-RIN,"7,256,485"
3/23/2026,2026,2026,D6,Separated,Unverified,"344,753,637"
3/30/2026,2026,2024,D3,Assigned,Unverified,"151,200"
3/30/2026,2026,2024,D5,Separated,Q-RIN,"73,142"
3/30/2026,2026,2024,D5,Separated,Unverified,"37,449"
3/30/2026,2026,2024,D6,Separated,Unverified,"174,960"
3/30/2026,2026,2025,D3,Assigned,Q-RIN,"86,399"
3/30/2026,2026,2025,D3,Separated,Q-RIN,"8,279,708"
3/30/2026,2026,2025,D3,Separated,Unverified,"183,798"
3/30/2026,2026,2025,D4,Assigned,Unverified,"41,639"
3/30/2026,2026,2025,D4,Separated,Q-RIN,"176,550"
3/30/2026,2026,2025,D4,Separated,Unverified,"34,386,339"
3/30/2026,2026,2025,D5,Separated,Unverified,"399,025"
3/30/2026,2026,2025,D6,Assigned,Unverified,"24,119"
3/30/2026,2026,2025,D6,Separated,Q-RIN,"944,372"
3/30/2026,2026,2025,D6,Separated,Unverified,"51,496,110"
3/30/2026,2026,2026,D3,Assigned,Q-RIN,"909,791"
3/30/2026,2026,2026,D3,Assigned,Unverified,"858,198"
3/30/2026,2026,2026,D3,Separated,Q-RIN,"98,731,781"
3/30/2026,2026,2026,D3,Separated,Unverified,"615,914"
3/30/2026,2026,2026,D4,Assigned,Q-RIN,"10,026,288"
3/30/2026,2026,2026,D4,Assigned,Unverified,"71,546,593"
3/30/2026,2026,2026,D4,Separated,Q-RIN,"29,736,730"
3/30/2026,2026,2026,D4,Separated,Unverified,"157,098,345"
3/30/2026,2026,2026,D5,Assigned,Q-RIN,"7,127"
3/30/2026,2026,2026,D5,Assigned,Unverified,"3,864,412"
3/30/2026,2026,2026,D6,Assigned,Q-RIN,"22,243,953"
3/30/2026,2026,2026,D6,Assigned,Unverified,"506,762,452"
3/30/2026,2026,2026,D6,Separated,Q-RIN,"13,632,680"
3/30/2026,2026,2026,D6,Separated,Unverified,"387,378,216"
4/6/2026,2026,2024,D3,Assigned,Unverified,"223,497"
4/6/2026,2026,2024,D4,Separated,Unverified,"10,500,000"
4/6/2026,2026,2024,D6,Separated,Unverified,"26,600,000"
4/6/2026,2026,2025,D3,Assigned,Unverified,"159,746"
4/6/2026,2026,2025,D3,Separated,Q-RIN,"1,844,645"
4/6/2026,2026,2025,D4,Assigned,Unverified,"5,645,515"
4/6/2026,2026,2025,D4,Separated,Unverified,"121,860,871"
4/6/2026,2026,2025,D5,Assigned,Unverified,"1,528,358"
4/6/2026,2026,2025,D5,Separated,Unverified,"118,455"
4/6/2026,2026,2025,D6,Assigned,Unverified,"391,351"
4/6/2026,2026,2025,D6,Separated,Q-RIN,"5,137,410"
4/6/2026,2026,2025,D6,Separated,Unverified,"91,627,257"
4/6/2026,2026,2026,D3,Assigned,Q-RIN,"2,093,286"
4/6/2026,2026,2026,D3,Assigned,Unverified,"1,055,133"
4/6/2026,2026,2026,D3,Separated,Q-RIN,"76,134,549"
4/6/2026,2026,2026,D3,Separated,Unverified,"209,609"
4/6/2026,2026,2026,D4,Assigned,Q-RIN,"9,468,011"
4/6/2026,2026,2026,D4,Assigned,Unverified,"80,337,424"
4/6/2026,2026,2026,D4,Separated,Q-RIN,"44,373,457"
4/6/2026,2026,2026,D4,Separated,Unverified,"194,636,385"
4/6/2026,2026,2026,D5,Assigned,Q-RIN,"68,870"
4/6/2026,2026,2026,D5,Assigned,Unverified,"630,665"
4/6/2026,2026,2026,D5,Separated,Q-RIN,"4,632,079"
4/6/2026,2026,2026,D5,Separated,Unverified,"284,952"
4/6/2026,2026,2026,D6,Assigned,Q-RIN,"21,194,503"
4/6/2026,2026,2026,D6,Assigned,Unverified,"550,339,587"
4/6/2026,2026,2026,D6,Separated,Q-RIN,"5,901,301"
4/6/2026,2026,2026,D6,Separated,Unverified,"358,403,882"
4/13/2026,2026,2024,D3,Assigned,Unverified,"39,554"
4/13/2026,2026,2024,D4,Separated,Q-RIN,"29,166"
4/13/2026,2026,2024,D5,Separated,Q-RIN,"9,979"
4/13/2026,2026,2024,D6,Separated,Unverified,"10,000,000"
4/13/2026,2026,2025,D3,Assigned,Unverified,"119,296"
4/13/2026,2026,2025,D3,Separated,Q-RIN,"5,812,077"
4/13/2026,2026,2025,D3,Separated,Unverified,"850,000"
4/13/2026,2026,2025,D4,Assigned,Unverified,"11,909,478"
4/13/2026,2026,2025,D4,Separated,Q-RIN,"9,695"
4/13/2026,2026,2025,D4,Separated,Unverified,"36,798,137"
4/13/2026,2026,2025,D5,Assigned,Unverified,"1,493,916"
4/13/2026,2026,2025,D5,Separated,Q-RIN,"461,586"
4/13/2026,2026,2025,D6,Assigned,Unverified,"12,604"
4/13/2026,2026,2025,D6,Separated,Q-RIN,"12,687"
4/13/2026,2026,2025,D6,Separated,Unverified,"14,991,471"
4/13/2026,2026,2026,D3,Assigned,Q-RIN,"1,097,079"
4/13/2026,2026,2026,D3,Assigned,Unverified,"1,212,670"
4/13/2026,2026,2026,D3,Separated,Q-RIN,"56,386,025"
4/13/2026,2026,2026,D3,Separated,Unverified,"5,000"
4/13/2026,2026,2026,D4,Assigned,Q-RIN,"9,291,923"
4/13/2026,2026,2026,D4,Assigned,Unverified,"87,604,114"
4/13/2026,2026,2026,D4,Separated,Q-RIN,"8,261,337"
4/13/2026,2026,2026,D4,Separated,Unverified,"193,863,126"
4/13/2026,2026,2026,D5,Assigned,Q-RIN,"32,746"
4/13/2026,2026,2026,D5,Assigned,Unverified,"587,333"
4/13/2026,2026,2026,D6,Assigned,Q-RIN,"20,615,932"
4/13/2026,2026,2026,D6,Assigned,Unverified,"485,811,356"
4/13/2026,2026,2026,D6,Separated,Q-RIN,"8,731,935"
4/13/2026,2026,2026,D6,Separated,Unverified,"237,219,444"
4/20/2026,2026,2024,D3,Assigned,Unverified,"15,905"
4/20/2026,2026,2024,D4,Separated,Q-RIN,"5,000,000"
4/20/2026,2026,2024,D6,Assigned,Unverified,"2,100"
4/20/2026,2026,2024,D6,Separated,Unverified,"6,650,000"
4/20/2026,2026,2025,D3,Separated,Q-RIN,"18,799,527"
4/20/2026,2026,2025,D3,Separated,Unverified,"2,077,873"
4/20/2026,2026,2025,D4,Assigned,Unverified,"10,767,802"
4/20/2026,2026,2025,D4,Separated,Q-RIN,"20,992"
4/20/2026,2026,2025,D4,Separated,Unverified,"75,530,487"
4/20/2026,2026,2025,D6,Assigned,Unverified,"239,635"
4/20/2026,2026,2025,D6,Separated,Q-RIN,"617,737"
4/20/2026,2026,2025,D6,Separated,Unverified,"72,475,704"
4/20/2026,2026,2026,D3,Assigned,Q-RIN,"1,034,109"
4/20/2026,2026,2026,D3,Assigned,Unverified,"1,093,522"
4/20/2026,2026,2026,D3,Separated,Q-RIN,"150,825,596"
4/20/2026,2026,2026,D3,Separated,Unverified,"733,368"
4/20/2026,2026,2026,D4,Assigned,Q-RIN,"12,107,158"
4/20/2026,2026,2026,D4,Assigned,Unverified,"114,083,215"
4/20/2026,2026,2026,D4,Separated,Q-RIN,"11,838,088"
4/20/2026,2026,2026,D4,Separated,Unverified,"120,616,612"
4/20/2026,2026,2026,D5,Assigned,Q-RIN,"15,276"
4/20/2026,2026,2026,D5,Assigned,Unverified,"3,880,567"
4/20/2026,2026,2026,D5,Separated,Q-RIN,"4,536,328"
4/20/2026,2026,2026,D5,Separated,Unverified,"1,470,701"
4/20/2026,2026,2026,D6,Assigned,Q-RIN,"25,757,758"
4/20/2026,2026,2026,D6,Assigned,Unverified,"501,870,231"
4/20/2026,2026,2026,D6,Separated,Q-RIN,"9,179,526"
4/20/2026,2026,2026,D6,Separated,Unverified,"261,060,361"
4/27/2026,2026,2024,D4,Separated,Unverified,"10,000,000"
4/27/2026,2026,2024,D6,Separated,Unverified,"5,000,000"
4/27/2026,2026,2025,D3,Separated,Q-RIN,"5,412,885"
4/27/2026,2026,2025,D3,Separated,Unverified,"360,340"
4/27/2026,2026,2025,D4,Assigned,Unverified,"179,768"
4/27/2026,2026,2025,D4,Separated,Q-RIN,"10,496"
4/27/2026,2026,2025,D4,Separated,Unverified,"61,329,723"
4/27/2026,2026,2025,D6,Assigned,Unverified,"324,927"
4/27/2026,2026,2025,D6,Separated,Q-RIN,"5,657,488"
4/27/2026,2026,2025,D6,Separated,Unverified,"147,188,012"
4/27/2026,2026,2026,D3,Assigned,Q-RIN,"1,331,255"
4/27/2026,2026,2026,D3,Assigned,Unverified,"1,010,000"
4/27/2026,2026,2026,D3,Separated,Q-RIN,"122,488,041"
4/27/2026,2026,2026,D3,Separated,Unverified,"86,320"
4/27/2026,2026,2026,D4,Assigned,Q-RIN,"9,834,829"
4/27/2026,2026,2026,D4,Assigned,Unverified,"86,001,190"
4/27/2026,2026,2026,D4,Separated,Q-RIN,"9,562,517"
4/27/2026,2026,2026,D4,Separated,Unverified,"126,710,618"
4/27/2026,2026,2026,D5,Assigned,Unverified,"691,618"
4/27/2026,2026,2026,D6,Assigned,Q-RIN,"19,410,125"
4/27/2026,2026,2026,D6,Assigned,Unverified,"490,239,481"
4/27/2026,2026,2026,D6,Separated,Q-RIN,"22,647,803"
4/27/2026,2026,2026,D6,Separated,Unverified,"504,332,812"
5/4/2026,2026,2024,D4,Separated,Unverified,"2,500,000"
5/4/2026,2026,2024,D6,Separated,Unverified,"30,000,000"
5/4/2026,2026,2025,D3,Separated,Q-RIN,"15,825,015"
5/4/2026,2026,2025,D4,Assigned,Unverified,"224,739"
5/4/2026,2026,2025,D4,Separated,Unverified,"17,969,363"
5/4/2026,2026,2025,D5,Separated,Q-RIN,"29,563"
5/4/2026,2026,2025,D6,Assigned,Q-RIN,162
5/4/2026,2026,2025,D6,Assigned,Unverified,"6,033"
5/4/2026,2026,2025,D6,Separated,Q-RIN,"262,064"
5/4/2026,2026,2025,D6,Separated,Unverified,"137,523,252"
5/4/2026,2026,2026,D3,Assigned,Q-RIN,"1,297,219"
5/4/2026,2026,2026,D3,Assigned,Unverified,"1,034,611"
5/4/2026,2026,2026,D3,Separated,Q-RIN,"80,204,656"
5/4/2026,2026,2026,D3,Separated,Unverified,"495,356"
5/4/2026,2026,2026,D4,Assigned,Q-RIN,"8,230,693"
5/4/2026,2026,2026,D4,Assigned,Unverified,"107,652,199"
5/4/2026,2026,2026,D4,Separated,Q-RIN,"39,398,340"
5/4/2026,2026,2026,D4,Separated,Unverified,"173,744,939"
5/4/2026,2026,2026,D5,Assigned,Unverified,"666,147"
5/4/2026,2026,2026,D5,Separated,Unverified,"666,057"
5/4/2026,2026,2026,D6,Assigned,Q-RIN,"44,929,844"
5/4/2026,2026,2026,D6,Assigned,Unverified,"528,147,231"
5/4/2026,2026,2026,D6,Separated,Q-RIN,"13,503,818"
5/4/2026,2026,2026,D6,Separated,Unverified,"185,655,146"
5/11/2026,2026,2024,D6,Separated,Unverified,"3,000,000"
5/11/2026,2026,2025,D3,Separated,Q-RIN,"23,344,997"
5/11/2026,2026,2025,D4,Assigned,Unverified,"164,961"
5/11/2026,2026,2025,D4,Separated,Q-RIN,"44,759"
5/11/2026,2026,2025,D4,Separated,Unverified,"30,461,318"
5/11/2026,2026,2025,D5,Assigned,Unverified,"6,972"
5/11/2026,2026,2025,D5,Separated,Unverified,"61,321"
5/11/2026,2026,2025,D6,Assigned,Unverified,"8,141"
5/11/2026,2026,2025,D6,Separated,Q-RIN,"1,666,382"
5/11/2026,2026,2025,D6,Separated,Unverified,"285,944,959"
5/11/2026,2026,2026,D3,Assigned,Q-RIN,"832,767"
5/11/2026,2026,2026,D3,Assigned,Unverified,"1,059,751"
5/11/2026,2026,2026,D3,Separated,Q-RIN,"146,926,710"
5/11/2026,2026,2026,D3,Separated,Unverified,"210,150"
5/11/2026,2026,2026,D4,Assigned,Q-RIN,"8,050,134"
5/11/2026,2026,2026,D4,Assigned,Unverified,"126,393,467"
5/11/2026,2026,2026,D4,Separated,Q-RIN,"16,118,681"
5/11/2026,2026,2026,D4,Separated,Unverified,"185,386,084"
5/11/2026,2026,2026,D5,Assigned,Q-RIN,"281,845"
5/11/2026,2026,2026,D5,Assigned,Unverified,"2,330,075"
5/11/2026,2026,2026,D5,Separated,Unverified,"32,771"
5/11/2026,2026,2026,D6,Assigned,Q-RIN,"35,655,108"
5/11/2026,2026,2026,D6,Assigned,Unverified,"504,728,351"
5/11/2026,2026,2026,D6,Separated,Q-RIN,"17,964,377"
5/11/2026,2026,2026,D6,Separated,Unverified,"262,427,114"
5/18/2026,2026,2024,D4,Separated,Unverified,"2,000,000"
5/18/2026,2026,2024,D6,Separated,Unverified,"13,500,000"
5/18/2026,2026,2025,D3,Separated,Q-RIN,"4,000,715"
5/18/2026,2026,2025,D4,Separated,Unverified,"12,788,895"
5/18/2026,2026,2025,D5,Assigned,Unverified,"52,695"
5/18/2026,2026,2025,D5,Separated,Unverified,"312,653"
5/18/2026,2026,2025,D6,Assigned,Unverified,"28,667"
5/18/2026,2026,2025,D6,Separated,Q-RIN,"783,681"
5/18/2026,2026,2025,D6,Separated,Unverified,"67,214,610"
5/18/2026,2026,2026,D3,Assigned,Q-RIN,"1,986,232"
5/18/2026,2026,2026,D3,Assigned,Unverified,"1,004,754"
5/18/2026,2026,2026,D3,Separated,Q-RIN,"91,188,511"
5/18/2026,2026,2026,D3,Separated,Unverified,"294,897"
5/18/2026,2026,2026,D4,Assigned,Q-RIN,"9,407,196"
5/18/2026,2026,2026,D4,Assigned,Unverified,"86,743,888"
5/18/2026,2026,2026,D4,Separated,Q-RIN,"17,994,982"
5/18/2026,2026,2026,D4,Separated,Unverified,"130,909,027"
5/18/2026,2026,2026,D5,Assigned,Q-RIN,"69,003"
5/18/2026,2026,2026,D5,Assigned,Unverified,"642,812"
5/18/2026,2026,2026,D5,Separated,Q-RIN,"1,142,995"
5/18/2026,2026,2026,D5,Separated,Unverified,"1,341,523"
5/18/2026,2026,2026,D6,Assigned,Q-RIN,"27,317,545"
5/18/2026,2026,2026,D6,Assigned,Unverified,"540,249,077"
5/18/2026,2026,2026,D6,Separated,Q-RIN,"10,841,597"
5/18/2026,2026,2026,D6,Separated,Unverified,"183,464,062"
5/25/2026,2026,2024,D4,Separated,Unverified,"2,519,778"
5/25/2026,2026,2025,D3,Separated,Q-RIN,"4,913,017"
5/25/2026,2026,2025,D4,Separated,Unverified,"4,352,476"
5/25/2026,2026,2025,D5,Separated,Unverified,"1,166,197"
5/25/2026,2026,2025,D6,Separated,Q-RIN,"248,068"
5/25/2026,2026,2025,D6,Separated,Unverified,"55,695,059"
5/25/2026,2026,2026,D3,Assigned,Q-RIN,"1,093,291"
5/25/2026,2026,2026,D3,Assigned,Unverified,"1,149,490"
5/25/2026,2026,2026,D3,Separated,Q-RIN,"110,885,378"
5/25/2026,2026,2026,D3,Separated,Unverified,"142,730"
5/25/2026,2026,2026,D4,Assigned,Q-RIN,"9,394,936"
5/25/2026,2026,2026,D4,Assigned,Unverified,"81,971,461"
5/25/2026,2026,2026,D4,Separated,Q-RIN,"32,961,041"
5/25/2026,2026,2026,D4,Separated,Unverified,"70,474,693"
5/25/2026,2026,2026,D5,Assigned,Q-RIN,"427,533"
5/25/2026,2026,2026,D5,Assigned,Unverified,"831,105"
5/25/2026,2026,2026,D5,Separated,Unverified,"256,501"
5/25/2026,2026,2026,D6,Assigned,Q-RIN,"25,564,180"
5/25/2026,2026,2026,D6,Assigned,Unverified,"520,692,363"
5/25/2026,2026,2026,D6,Separated,Q-RIN,"11,609,632"
5/25/2026,2026,2026,D6,Separated,Unverified,"313,951,607"
6/1/2026,2026,2024,D3,Separated,Unverified,"7,910"
6/1/2026,2026,2024,D4,Separated,Q-RIN,"7,223"
6/1/2026,2026,2024,D4,Separated,Unverified,"10,648,942"
6/1/2026,2026,2024,D5,Separated,Unverified,"1,806"
6/1/2026,2026,2024,D6,Separated,Unverified,"19,000,000"
6/1/2026,2026,2025,D3,Separated,Q-RIN,"3,195,002"
6/1/2026,2026,2025,D4,Assigned,Unverified,"4,089"
6/1/2026,2026,2025,D4,Separated,Q-RIN,"39,068"
6/1/2026,2026,2025,D4,Separated,Unverified,"13,601,572"
6/1/2026,2026,2025,D5,Separated,Q-RIN,"386,863"
6/1/2026,2026,2025,D5,Separated,Unverified,"102,695"
6/1/2026,2026,2025,D6,Separated,Q-RIN,"1,010,057"
6/1/2026,2026,2025,D6,Separated,Unverified,"22,673,358"
6/1/2026,2026,2026,D3,Assigned,Q-RIN,"1,574,903"
6/1/2026,2026,2026,D3,Assigned,Unverified,"1,250,130"
6/1/2026,2026,2026,D3,Separated,Q-RIN,"68,137,931"
6/1/2026,2026,2026,D3,Separated,Unverified,"323,733"
6/1/2026,2026,2026,D4,Assigned,Q-RIN,"26,785,753"
6/1/2026,2026,2026,D4,Assigned,Unverified,"121,100,075"
6/1/2026,2026,2026,D4,Separated,Q-RIN,"58,275,669"
6/1/2026,2026,2026,D4,Separated,Unverified,"151,554,322"
6/1/2026,2026,2026,D5,Assigned,Q-RIN,"311,571"
6/1/2026,2026,2026,D5,Assigned,Unverified,"2,975,693"
6/1/2026,2026,2026,D5,Separated,Unverified,"367,000"
6/1/2026,2026,2026,D6,Assigned,Q-RIN,"20,357,384"
6/1/2026,2026,2026,D6,Assigned,Unverified,"491,359,992"
6/1/2026,2026,2026,D6,Separated,Q-RIN,"22,261,909"
6/1/2026,2026,2026,D6,Separated,Unverified,"231,113,005"
6/8/2026,2026,2024,D3,Separated,Q-RIN,"750,000"
6/8/2026,2026,2024,D4,Assigned,Unverified,"34,002"
6/8/2026,2026,2024,D4,Separated,Q-RIN,"6,760,444"
6/8/2026,2026,2024,D4,Separated,Unverified,"1,619,778"
6/8/2026,2026,2024,D6,Separated,Unverified,"34,979,785"
6/8/2026,2026,2025,D3,Separated,Q-RIN,"1,194,669"
6/8/2026,2026,2025,D4,Separated,Unverified,"35,034,613"
6/8/2026,2026,2025,D6,Separated,Unverified,"23,704,582"
6/8/2026,2026,2026,D3,Assigned,Q-RIN,"674,424"
6/8/2026,2026,2026,D3,Assigned,Unverified,"1,006,896"
6/8/2026,2026,2026,D3,Separated,Q-RIN,"102,136,873"
6/8/2026,2026,2026,D3,Separated,Unverified,"224,444"
6/8/2026,2026,2026,D4,Assigned,Q-RIN,"9,937,980"
6/8/2026,2026,2026,D4,Assigned,Unverified,"145,193,044"
6/8/2026,2026,2026,D4,Separated,Q-RIN,"36,416,429"
6/8/2026,2026,2026,D4,Separated,Unverified,"212,506,848"
6/8/2026,2026,2026,D5,Assigned,Q-RIN,"273,200"
6/8/2026,2026,2026,D5,Assigned,Unverified,"751,876"
6/8/2026,2026,2026,D5,Separated,Q-RIN,"50,983"
6/8/2026,2026,2026,D5,Separated,Unverified,"1,058,202"
6/8/2026,2026,2026,D6,Assigned,Q-RIN,"19,575,484"
6/8/2026,2026,2026,D6,Assigned,Unverified,"518,287,768"
6/8/2026,2026,2026,D6,Separated,Q-RIN,"17,054,900"
6/8/2026,2026,2026,D6,Separated,Unverified,"326,287,624"
6/15/2026,2026,2024,D4,Separated,Unverified,"34,002"
6/15/2026,2026,2024,D6,Separated,Unverified,"10,000,000"
6/15/2026,2026,2025,D3,Separated,Q-RIN,"3,485,688"
6/15/2026,2026,2025,D4,Separated,Unverified,"24,403,599"
6/15/2026,2026,2025,D5,Separated,Unverified,"68,428"
6/15/2026,2026,2025,D6,Separated,Q-RIN,"94,878"
6/15/2026,2026,2025,D6,Separated,Unverified,"32,708,520"
6/15/2026,2026,2026,D3,Assigned,Q-RIN,"1,058,321"
6/15/2026,2026,2026,D3,Assigned,Unverified,"1,191,720"
6/15/2026,2026,2026,D3,Separated,Q-RIN,"111,123,714"
6/15/2026,2026,2026,D3,Separated,Unverified,"569,997"
6/15/2026,2026,2026,D4,Assigned,Q-RIN,"25,478,692"
6/15/2026,2026,2026,D4,Assigned,Unverified,"158,213,244"
6/15/2026,2026,2026,D4,Separated,Q-RIN,"68,573,085"
6/15/2026,2026,2026,D4,Separated,Unverified,"358,522,357"
6/15/2026,2026,2026,D5,Assigned,Q-RIN,"193,257"
6/15/2026,2026,2026,D5,Assigned,Unverified,"710,146"
6/15/2026,2026,2026,D5,Separated,Q-RIN,"4,324,067"
6/15/2026,2026,2026,D5,Separated,Unverified,"684,211"
6/15/2026,2026,2026,D6,Assigned,Q-RIN,"20,813,429"
6/15/2026,2026,2026,D6,Assigned,Unverified,"569,732,669"
6/15/2026,2026,2026,D6,Separated,Q-RIN,"8,452,539"
6/15/2026,2026,2026,D6,Separated,Unverified,"362,432,037"
6/22/2026,2026,2024,D3,Separated,Q-RIN,"750,000"
6/22/2026,2026,2024,D4,Separated,Unverified,"73,053"
6/22/2026,2026,2024,D6,Separated,Unverified,"8,850,000"
6/22/2026,2026,2025,D3,Separated,Q-RIN,"3,464,844"
6/22/2026,2026,2025,D3,Separated,Unverified,"1,914,761"
6/22/2026,2026,2025,D4,Separated,Unverified,"20,699,376"
6/22/2026,2026,2025,D5,Assigned,Unverified,"41,145"
6/22/2026,2026,2025,D5,Separated,Unverified,"39,361"
6/22/2026,2026,2025,D6,Assigned,Unverified,"359,678"
6/22/2026,2026,2025,D6,Separated,Q-RIN,"1,007,286"
6/22/2026,2026,2025,D6,Separated,Unverified,"57,020,574"
6/22/2026,2026,2026,D3,Assigned,Q-RIN,"1,746,190"
6/22/2026,2026,2026,D3,Assigned,Unverified,"1,395,608"
6/22/2026,2026,2026,D3,Separated,Q-RIN,"144,105,565"
6/22/2026,2026,2026,D3,Separated,Unverified,"204,331"
6/22/2026,2026,2026,D4,Assigned,Q-RIN,"7,008,549"
6/22/2026,2026,2026,D4,Assigned,Unverified,"127,108,037"
6/22/2026,2026,2026,D4,Separated,Q-RIN,"57,018,952"
6/22/2026,2026,2026,D4,Separated,Unverified,"388,211,504"
6/22/2026,2026,2026,D5,Assigned,Q-RIN,"234,163"
6/22/2026,2026,2026,D5,Assigned,Unverified,"800,741"
6/22/2026,2026,2026,D5,Separated,Q-RIN,"4,239,085"
6/22/2026,2026,2026,D5,Separated,Unverified,"1,066,868"
6/22/2026,2026,2026,D6,Assigned,Q-RIN,"29,169,744"
6/22/2026,2026,2026,D6,Assigned,Unverified,"557,510,317"
6/22/2026,2026,2026,D6,Separated,Q-RIN,"14,491,354"
6/22/2026,2026,2026,D6,Separated,Unverified,"456,643,971"
6/29/2026,2026,2024,D4,Separated,Q-RIN,"5,000,002"
6/29/2026,2026,2024,D6,Separated,Unverified,"21,381,736"
6/29/2026,2026,2025,D3,Separated,Q-RIN,"18,600,689"
6/29/2026,2026,2025,D4,Separated,Q-RIN,14
6/29/2026,2026,2025,D4,Separated,Unverified,"23,890,244"
6/29/2026,2026,2025,D5,Separated,Unverified,"68,436"
6/29/2026,2026,2025,D6,Assigned,Q-RIN,"8,246"
6/29/2026,2026,2025,D6,Separated,Q-RIN,"2,000,000"
6/29/2026,2026,2025,D6,Separated,Unverified,"31,249,506"
6/29/2026,2026,2026,D3,Assigned,Q-RIN,"1,310,537"
6/29/2026,2026,2026,D3,Assigned,Unverified,"1,290,592"
6/29/2026,2026,2026,D3,Separated,Q-RIN,"119,036,905"
6/29/2026,2026,2026,D3,Separated,Unverified,"329,942"
6/29/2026,2026,2026,D4,Assigned,Q-RIN,"7,979,047"
6/29/2026,2026,2026,D4,Assigned,Unverified,"100,273,649"
6/29/2026,2026,2026,D4,Separated,Q-RIN,"23,560,864"
6/29/2026,2026,2026,D4,Separated,Unverified,"304,225,133"
6/29/2026,2026,2026,D5,Assigned,Q-RIN,"311,678"
6/29/2026,2026,2026,D5,Assigned,Unverified,"524,349"
6/29/2026,2026,2026,D5,Separated,Unverified,"115,000"
6/29/2026,2026,2026,D6,Assigned,Q-RIN,"37,184,211"
6/29/2026,2026,2026,D6,Assigned,Unverified,"459,998,171"
6/29/2026,2026,2026,D6,Separated,Q-RIN,"24,432,798"
6/29/2026,2026,2026,D6,Separated,Unverified,"280,283,699"
7/6/2026,2026,2024,D3,Separated,Q-RIN,"1,030,000"
7/6/2026,2026,2024,D6,Separated,Unverified,"28,500,000"
7/6/2026,2026,2025,D3,Separated,Q-RIN,"4,341,304"
7/6/2026,2026,2025,D4,Assigned,Unverified,"38,370"
7/6/2026,2026,2025,D4,Separated,Unverified,"16,489,989"
7/6/2026,2026,2025,D5,Separated,Unverified,"39,420"
7/6/2026,2026,2025,D6,Separated,Unverified,"36,387,855"
7/6/2026,2026,2026,D3,Assigned,Q-RIN,"3,308,319"
7/6/2026,2026,2026,D3,Assigned,Unverified,"1,841,379"
7/6/2026,2026,2026,D3,Separated,Q-RIN,"141,160,069"
7/6/2026,2026,2026,D3,Separated,Unverified,"143,208"
7/6/2026,2026,2026,D4,Assigned,Q-RIN,"12,107,611"
7/6/2026,2026,2026,D4,Assigned,Unverified,"112,090,391"
7/6/2026,2026,2026,D4,Separated,Q-RIN,"50,886,003"
7/6/2026,2026,2026,D4,Separated,Unverified,"255,818,408"
7/6/2026,2026,2026,D5,Assigned,Q-RIN,"247,296"
7/6/2026,2026,2026,D5,Assigned,Unverified,"3,850,551"
7/6/2026,2026,2026,D5,Separated,Unverified,"427,327"
7/6/2026,2026,2026,D6,Assigned,Q-RIN,"52,270,811"
7/6/2026,2026,2026,D6,Assigned,Unverified,"499,772,017"
7/6/2026,2026,2026,D6,Separated,Q-RIN,"17,699,464"
7/6/2026,2026,2026,D6,Separated,Unverified,"274,900,359"
7/13/2026,2026,2024,D3,Separated,Q-RIN,"3,000,000"
7/13/2026,2026,2024,D4,Separated,Q-RIN,"2,213,688"
7/13/2026,2026,2024,D4,Separated,Unverified,"10,241,795"
7/13/2026,2026,2024,D6,Separated,Unverified,"18,500,000"
7/13/2026,2026,2025,D3,Separated,Q-RIN,"4,857,202"
7/13/2026,2026,2025,D4,Assigned,Unverified,"9,812"
7/13/2026,2026,2025,D4,Separated,Unverified,"14,588,004"
7/13/2026,2026,2025,D5,Assigned,Unverified,"3,014,788"
7/13/2026,2026,2025,D5,Separated,Q-RIN,"29,563"
7/13/2026,2026,2025,D5,Separated,Unverified,"118,428"
7/13/2026,2026,2025,D6,Separated,Q-RIN,"1,506,737"
7/13/2026,2026,2025,D6,Separated,Unverified,"17,561,335"
7/13/2026,2026,2026,D3,Assigned,Q-RIN,"1,113,095"
7/13/2026,2026,2026,D3,Assigned,Unverified,"1,510,758"
7/13/2026,2026,2026,D3,Separated,Q-RIN,"74,775,472"
7/13/2026,2026,2026,D3,Separated,Unverified,"106,064"
7/13/2026,2026,2026,D4,Assigned,Q-RIN,"3,118,448"
7/13/2026,2026,2026,D4,Assigned,Unverified,"107,292,732"
7/13/2026,2026,2026,D4,Separated,Q-RIN,"33,315,024"
7/13/2026,2026,2026,D4,Separated,Unverified,"221,925,683"
7/13/2026,2026,2026,D5,Assigned,Q-RIN,"516,846"
7/13/2026,2026,2026,D5,Assigned,Unverified,"698,290"
7/13/2026,2026,2026,D5,Separated,Q-RIN,"5,120,445"
7/13/2026,2026,2026,D5,Separated,Unverified,"935,205"
7/13/2026,2026,2026,D6,Assigned,Q-RIN,"29,289,066"
7/13/2026,2026,2026,D6,Assigned,Unverified,"538,707,728"
7/13/2026,2026,2026,D6,Separated,Q-RIN,"39,918,527"
7/13/2026,2026,2026,D6,Separated,Unverified,"286,897,511"
7/20/2026,2026,2024,D3,Separated,Q-RIN,"2,578,876"
7/20/2026,2026,2024,D4,Separated,Q-RIN,"6,084,932"
7/20/2026,2026,2024,D4,Separated,Unverified,"12,101,823"
7/20/2026,2026,2024,D6,Separated,Unverified,"36,467,718"
7/20/2026,2026,2025,D3,Separated,Q-RIN,"9,105,919"
7/20/2026,2026,2025,D4,Separated,Unverified,"12,224,464"
7/20/2026,2026,2025,D6,Separated,Q-RIN,"109,764"
7/20/2026,2026,2025,D6,Separated,Unverified,"59,876,664"
7/20/2026,2026,2026,D3,Assigned,Q-RIN,"1,400,605"
7/20/2026,2026,2026,D3,Assigned,Unverified,"1,454,293"
7/20/2026,2026,2026,D3,Separated,Q-RIN,"128,349,293"
7/20/2026,2026,2026,D3,Separated,Unverified,"414,827"
7/20/2026,2026,2026,D4,Assigned,Q-RIN,"7,729,558"
7/20/2026,2026,2026,D4,Assigned,Unverified,"139,803,060"
7/20/2026,2026,2026,D4,Separated,Q-RIN,"29,261,294"
7/20/2026,2026,2026,D4,Separated,Unverified,"192,290,041"
7/20/2026,2026,2026,D5,Assigned,Q-RIN,"67,616"
7/20/2026,2026,2026,D5,Assigned,Unverified,"641,150"
7/20/2026,2026,2026,D5,Separated,Q-RIN,"5,974,883"
7/20/2026,2026,2026,D5,Separated,Unverified,"962,832"
7/20/2026,2026,2026,D6,Assigned,Q-RIN,"24,994,198"
7/20/2026,2026,2026,D6,Assigned,Unverified,"517,815,792"
7/20/2026,2026,2026,D6,Separated,Q-RIN,"10,342,074"
7/20/2026,2026,2026,D6,Separated,Unverified,"221,622,965"
7/27/2026,2026,2024,D3,Separated,Q-RIN,"5,111,124"
7/27/2026,2026,2024,D4,Separated,Q-RIN,"3,871,244"
7/27/2026,2026,2024,D4,Separated,Unverified,"14,654,747"
7/27/2026,2026,2024,D6,Separated,Unverified,"8,600,000"
7/27/2026,2026,2025,D3,Separated,Q-RIN,"4,262,870"
7/27/2026,2026,2025,D4,Separated,Unverified,"31,021,903"
7/27/2026,2026,2025,D6,Separated,Unverified,"10,194,591"
7/27/2026,2026,2026,D3,Assigned,Q-RIN,"102,111"
7/27/2026,2026,2026,D3,Assigned,Unverified,"1,085,224"
7/27/2026,2026,2026,D3,Separated,Q-RIN,"141,854,439"
7/27/2026,2026,2026,D3,Separated,Unverified,"76,003"
7/27/2026,2026,2026,D4,Assigned,Q-RIN,"8,708,532"
7/27/2026,2026,2026,D4,Assigned,Unverified,"86,025,417"
7/27/2026,2026,2026,D4,Separated,Q-RIN,"37,534,401"
7/27/2026,2026,2026,D4,Separated,Unverified,"168,369,129"
7/27/2026,2026,2026,D5,Assigned,Q-RIN,"345,970"
7/27/2026,2026,2026,D5,Assigned,Unverified,"717,928"
7/27/2026,2026,2026,D5,Separated,Q-RIN,"5,675,204"
7/27/2026,2026,2026,D5,Separated,Unverified,"412,649"
7/27/2026,2026,2026,D6,Assigned,Q-RIN,"22,639,917"
7/27/2026,2026,2026,D6,Assigned,Unverified,"535,936,612"
7/27/2026,2026,2026,D6,Separated,Q-RIN,"18,628,752"
7/27/2026,2026,2026,D6,Separated,Unverified,"282,023,389"
8/3/2026,2026,2024,D3,Separated,Q-RIN,"838,284"
8/3/2026,2026,2024,D6,Separated,Unverified,"38,190,042"
8/3/2026,2026,2025,D3,Separated,Q-RIN,"22,289,018"
8/3/2026,2026,2025,D4,Separated,Unverified,"122,742,704"
8/3/2026,2026,2025,D5,Assigned,Unverified,"1,357,056"
8/3/2026,2026,2025,D5,Separated,Unverified,"2,389,756"
8/3/2026,2026,2025,D6,Separated,Q-RIN,"1,772,120"
8/3/2026,2026,2025,D6,Separated,Unverified,"276,182,639"
8/3/2026,2026,2026,D3,Assigned,Q-RIN,"2,538,882"
8/3/2026,2026,2026,D3,Assigned,Unverified,"1,707,287"
8/3/2026,2026,2026,D3,Separated,Q-RIN,"77,251,992"
8/3/2026,2026,2026,D3,Separated,Unverified,"214,565"
8/3/2026,2026,2026,D4,Assigned,Q-RIN,"7,137,396"
8/3/2026,2026,2026,D4,Assigned,Unverified,"127,447,013"
8/3/2026,2026,2026,D4,Separated,Q-RIN,"28,190,187"
8/3/2026,2026,2026,D4,Separated,Unverified,"164,254,641"
8/3/2026,2026,2026,D5,Assigned,Q-RIN,"224,428"
8/3/2026,2026,2026,D5,Assigned,Unverified,"3,101,580"
8/3/2026,2026,2026,D5,Separated,Unverified,"567,022"
8/3/2026,2026,2026,D6,Assigned,Q-RIN,"30,726,158"
8/3/2026,2026,2026,D6,Assigned,Unverified,"520,716,864"
8/3/2026,2026,2026,D6,Separated,Q-RIN,"11,785,697"
8/3/2026,2026,2026,D6,Separated,Unverified,"325,369,816"
8/10/2026,2026,2024,D3,Separated,Q-RIN,"3,598,449"
8/10/2026,2026,2024,D4,Separated,Unverified,"20,228,521"
8/10/2026,2026,2024,D6,Separated,Unverified,"2,243,947"
8/10/2026,2026,2025,D3,Separated,Q-RIN,"2,843,404"
8/10/2026,2026,2025,D3,Separated,Unverified,"152,787"
8/10/2026,2026,2025,D4,Separated,Unverified,"158,066,228"
8/10/2026,2026,2025,D6,Separated,Q-RIN,"920,173"
8/10/2026,2026,2025,D6,Separated,Unverified,"157,485,370"
8/10/2026,2026,2026,D3,Assigned,Q-RIN,"2,153,345"
8/10/2026,2026,2026,D3,Assigned,Unverified,"1,363,661"
8/10/2026,2026,2026,D3,Separated,Q-RIN,"83,028,511"
8/10/2026,2026,2026,D3,Separated,Unverified,"376,665"
8/10/2026,2026,2026,D4,Assigned,Q-RIN,"7,296,903"
8/10/2026,2026,2026,D4,Assigned,Unverified,"170,508,095"
8/10/2026,2026,2026,D4,Separated,Q-RIN,"12,361,130"
8/10/2026,2026,2026,D4,Separated,Unverified,"194,661,366"
8/10/2026,2026,2026,D5,Assigned,Q-RIN,"15,098"
8/10/2026,2026,2026,D5,Assigned,Unverified,"932,928"
8/10/2026,2026,2026,D5,Separated,Unverified,"2,198,119"
8/10/2026,2026,2026,D6,Assigned,Q-RIN,"27,559,357"
8/10/2026,2026,2026,D6,Assigned,Unverified,"513,141,829"
8/10/2026,2026,2026,D6,Separated,Q-RIN,"10,358,062"
8/10/2026,2026,2026,D6,Separated,Unverified,"197,299,476"
8/17/2026,2026,2024,D3,Separated,Q-RIN,"775,248"
8/17/2026,2026,2024,D4,Separated,Q-RIN,"5,501,918"
8/17/2026,2026,2024,D4,Separated,Unverified,"11,792,507"
8/17/2026,2026,2024,D6,Separated,Unverified,"20,267,550"
8/17/2026,2026,2025,D3,Separated,Q-RIN,"6,126,085"
8/17/2026,2026,2025,D4,Assigned,Unverified,"208,352"
8/17/2026,2026,2025,D4,Separated,Unverified,"56,068,073"
8/17/2026,2026,2025,D5,Separated,Unverified,"186,030"
8/17/2026,2026,2025,D6,Separated,Q-RIN,"27,007"
8/17/2026,2026,2025,D6,Separated,Unverified,"60,195,667"
8/17/2026,2026,2026,D3,Assigned,Q-RIN,"1,723,341"
8/17/2026,2026,2026,D3,Assigned,Unverified,"1,365,281"
8/17/2026,2026,2026,D3,Separated,Q-RIN,"153,932,282"
8/17/2026,2026,2026,D3,Separated,Unverified,"327,228"
8/17/2026,2026,2026,D4,Assigned,Q-RIN,"9,635,576"
8/17/2026,2026,2026,D4,Assigned,Unverified,"107,023,767"
8/17/2026,2026,2026,D4,Separated,Q-RIN,"8,078,275"
8/17/2026,2026,2026,D4,Separated,Unverified,"280,758,394"
8/17/2026,2026,2026,D5,Assigned,Q-RIN,"257,596"
8/17/2026,2026,2026,D5,Assigned,Unverified,"815,343"
8/17/2026,2026,2026,D5,Separated,Q-RIN,"3,642,802"
8/17/2026,2026,2026,D5,Separated,Unverified,"825,653"
8/17/2026,2026,2026,D6,Assigned,Q-RIN,"47,475,241"
8/17/2026,2026,2026,D6,Assigned,Unverified,"524,404,740"
8/17/2026,2026,2026,D6,Separated,Q-RIN,"21,929,784"
8/17/2026,2026,2026,D6,Separated,Unverified,"316,248,886"
8/24/2026,2026,2024,D3,Separated,Q-RIN,"1,285,809"
8/24/2026,2026,2024,D4,Separated,Q-RIN,"634,920"
8/24/2026,2026,2024,D4,Separated,Unverified,"47,652,225"
8/24/2026,2026,2024,D5,Separated,Unverified,"1,716,062"
8/24/2026,2026,2024,D6,Separated,Unverified,"2,347,057"
8/24/2026,2026,2025,D3,Separated,Q-RIN,"2,812,909"
8/24/2026,2026,2025,D4,Assigned,Unverified,"10,634"
8/24/2026,2026,2025,D4,Separated,Unverified,"57,142,022"
8/24/2026,2026,2025,D6,Separated,Unverified,"147,051,266"
8/24/2026,2026,2026,D3,Assigned,Q-RIN,"1,797,533"
8/24/2026,2026,2026,D3,Assigned,Unverified,"1,223,843"
8/24/2026,2026,2026,D3,Separated,Q-RIN,"100,185,852"
8/24/2026,2026,2026,D3,Separated,Unverified,"95,477"
8/24/2026,2026,2026,D4,Assigned,Q-RIN,"12,643,746"
8/24/2026,2026,2026,D4,Assigned,Unverified,"82,987,513"
8/24/2026,2026,2026,D4,Separated,Q-RIN,"17,946,176"
8/24/2026,2026,2026,D4,Separated,Unverified,"196,951,716"
8/24/2026,2026,2026,D5,Assigned,Q-RIN,"110,494"
8/24/2026,2026,2026,D5,Assigned,Unverified,"615,357"
8/24/2026,2026,2026,D5,Separated,Q-RIN,"7,130,277"
8/24/2026,2026,2026,D5,Separated,Unverified,"710,099"
8/24/2026,2026,2026,D6,Assigned,Q-RIN,"43,561,328"
8/24/2026,2026,2026,D6,Assigned,Unverified,"521,956,570"
8/24/2026,2026,2026,D6,Separated,Q-RIN,"12,482,771"
8/24/2026,2026,2026,D6,Separated,Unverified,"218,578,935"
