transfer_week,observed_at,period_start,period_end,d_code,rin_year,weekly_vwap_usd_per_rin,transaction_volume_rins,available_at,captured_at,source_url,raw_evidence_id,source_sha256,schema_version
2010-06-28,2010-07-04,2010-06-28,2010-07-04,D6,2010,0.010000,1958637,2026-09-27T20:00:50Z,2026-09-27T20:00:50Z,https://www.epa.gov/fuels-registration-reporting-and-compliance-help/rin-trades-and-price-information,epa_rin/2026-09-27T200050Z,254b72a5f9a878ff80f00798e147e043e73931d20e3808a3b0c7eb1583ffba47,1.1
2010-07-05,2010-07-11,2010-07-05,2010-07-11,D6,2010,0.020000,6138517,2026-09-27T20:00:50Z,2026-09-27T20:00:50Z,https://www.epa.gov/fuels-registration-reporting-and-compliance-help/rin-trades-and-price-information,epa_rin/2026-09-27T200050Z,254b72a5f9a878ff80f00798e147e043e73931d20e3808a3b0c7eb1583ffba47,1.1
2010-07-12,2010-07-18,2010-07-12,2010-07-18,D6,2010,0.020000,15826382,2026-09-27T20:00:50Z,2026-09-27T20:00:50Z,https://www.epa.gov/fuels-registration-reporting-and-compliance-help/rin-trades-and-price-information,epa_rin/2026-09-27T200050Z,254b72a5f9a878ff80f00798e147e043e73931d20e3808a3b0c7eb1583ffba47,1.1
2010-07-19,2010-07-25,2010-07-19,2010-07-25,D6,2010,0.040000,25277607,2026-09-27T20:00:50Z,2026-09-27T20:00:50Z,https://www.epa.gov/fuels-registration-reporting-and-compliance-help/rin-trades-and-price-information,epa_rin/2026-09-27T200050Z,254b72a5f9a878ff80f00798e147e043e73931d20e3808a3b0c7eb1583ffba47,1.1
2010-07-26,2010-08-01,2010-07-26,2010-08-01,D6,2010,0.010000,50224072,2026-09-27T20:00:50Z,2026-09-27T20:00:50Z,https://www.epa.gov/fuels-registration-reporting-and-compliance-help/rin-trades-and-price-information,epa_rin/2026-09-27T200050Z,254b72a5f9a878ff80f00798e147e043e73931d20e3808a3b0c7eb1583ffba47,1.1
2010-08-02,2010-08-08,2010-08-02,2010-08-08,D6,2010,0.030000,70523512,2026-09-27T20:00:50Z,2026-09-27T20:00:50Z,https://www.epa.gov/fuels-registration-reporting-and-compliance-help/rin-trades-and-price-information,epa_rin/2026-09-27T200050Z,254b72a5f9a878ff80f00798e147e043e73931d20e3808a3b0c7eb1583ffba47,1.1
2010-08-09,2010-08-15,2010-08-09,2010-08-15,D6,2010,0.020000,73455889,2026-09-27T20:00:50Z,2026-09-27T20:00:50Z,https://www.epa.gov/fuels-registration-reporting-and-compliance-help/rin-trades-and-price-information,epa_rin/2026-09-27T200050Z,254b72a5f9a878ff80f00798e147e043e73931d20e3808a3b0c7eb1583ffba47,1.1
2010-08-16,2010-08-22,2010-08-16,2010-08-22,D6,2010,0.020000,60731714,2026-09-27T20:00:50Z,2026-09-27T20:00:50Z,https://www.epa.gov/fuels-registration-reporting-and-compliance-help/rin-trades-and-price-information,epa_rin/2026-09-27T200050Z,254b72a5f9a878ff80f00798e147e043e73931d20e3808a3b0c7eb1583ffba47,1.1
2010-08-23,2010-08-29,2010-08-23,2010-08-29,D6,2010,0.010000,83451473,2026-09-27T20:00:50Z,2026-09-27T20:00:50Z,https://www.epa.gov/fuels-registration-reporting-and-compliance-help/rin-trades-and-price-information,epa_rin/2026-09-27T200050Z,254b72a5f9a878ff80f00798e147e043e73931d20e3808a3b0c7eb1583ffba47,1.1
2010-08-30,2010-09-05,2010-08-30,2010-09-05,D6,2010,0.070000,151309031,2026-09-27T20:00:50Z,2026-09-27T20:00:50Z,https://www.epa.gov/fuels-registration-reporting-and-compliance-help/rin-trades-and-price-information,epa_rin/2026-09-27T200050Z,254b72a5f9a878ff80f00798e147e043e73931d20e3808a3b0c7eb1583ffba47,1.1
2010-09-06,2010-09-12,2010-09-06,2010-09-12,D6,2010,0.030000,113847648,2026-09-27T20:00:50Z,2026-09-27T20:00:50Z,https://www.epa.gov/fuels-registration-reporting-and-compliance-help/rin-trades-and-price-information,epa_rin/2026-09-27T200050Z,254b72a5f9a878ff80f00798e147e043e73931d20e3808a3b0c7eb1583ffba47,1.1
2010-09-13,2010-09-19,2010-09-13,2010-09-19,D6,2010,0.020000,115810462,2026-09-27T20:00:50Z,2026-09-27T20:00:50Z,https://www.epa.gov/fuels-registration-reporting-and-compliance-help/rin-trades-and-price-information,epa_rin/2026-09-27T200050Z,254b72a5f9a878ff80f00798e147e043e73931d20e3808a3b0c7eb1583ffba47,1.1
2010-09-20,2010-09-26,2010-09-20,2010-09-26,D6,2010,0.020000,129402737,2026-09-27T20:00:50Z,2026-09-27T20:00:50Z,https://www.epa.gov/fuels-registration-reporting-and-compliance-help/rin-trades-and-price-information,epa_rin/2026-09-27T200050Z,254b72a5f9a878ff80f00798e147e043e73931d20e3808a3b0c7eb1583ffba47,1.1
2010-09-27,2010-10-03,2010-09-27,2010-10-03,D6,2010,0.030000,180550069,2026-09-27T20:00:50Z,2026-09-27T20:00:50Z,https://www.epa.gov/fuels-registration-reporting-and-compliance-help/rin-trades-and-price-information,epa_rin/2026-09-27T200050Z,254b72a5f9a878ff80f00798e147e043e73931d20e3808a3b0c7eb1583ffba47,1.1
2010-10-04,2010-10-10,2010-10-04,2010-10-10,D6,2010,0.020000,120773478,2026-09-27T20:00:50Z,2026-09-27T20:00:50Z,https://www.epa.gov/fuels-registration-reporting-and-compliance-help/rin-trades-and-price-information,epa_rin/2026-09-27T200050Z,254b72a5f9a878ff80f00798e147e043e73931d20e3808a3b0c7eb1583ffba47,1.1
2010-10-11,2010-10-17,2010-10-11,2010-10-17,D6,2010,0.020000,241013812,2026-09-27T20:00:50Z,2026-09-27T20:00:50Z,https://www.epa.gov/fuels-registration-reporting-and-compliance-help/rin-trades-and-price-information,epa_rin/2026-09-27T200050Z,254b72a5f9a878ff80f00798e147e043e73931d20e3808a3b0c7eb1583ffba47,1.1
2010-10-18,2010-10-24,2010-10-18,2010-10-24,D6,2010,0.030000,180761220,2026-09-27T20:00:50Z,2026-09-27T20:00:50Z,https://www.epa.gov/fuels-registration-reporting-and-compliance-help/rin-trades-and-price-information,epa_rin/2026-09-27T200050Z,254b72a5f9a878ff80f00798e147e043e73931d20e3808a3b0c7eb1583ffba47,1.1
2010-10-25,2010-10-31,2010-10-25,2010-10-31,D6,2010,0.030000,241244694,2026-09-27T20:00:50Z,2026-09-27T20:00:50Z,https://www.epa.gov/fuels-registration-reporting-and-compliance-help/rin-trades-and-price-information,epa_rin/2026-09-27T200050Z,254b72a5f9a878ff80f00798e147e043e73931d20e3808a3b0c7eb1583ffba47,1.1
2010-11-01,2010-11-07,2010-11-01,2010-11-07,D6,2010,0.030000,150481052,2026-09-27T20:00:50Z,2026-09-27T20:00:50Z,https://www.epa.gov/fuels-registration-reporting-and-compliance-help/rin-trades-and-price-information,epa_rin/2026-09-27T200050Z,254b72a5f9a878ff80f00798e147e043e73931d20e3808a3b0c7eb1583ffba47,1.1
2010-11-08,2010-11-14,2010-11-08,2010-11-14,D6,2010,0.030000,131226734,2026-09-27T20:00:50Z,2026-09-27T20:00:50Z,https://www.epa.gov/fuels-registration-reporting-and-compliance-help/rin-trades-and-price-information,epa_rin/2026-09-27T200050Z,254b72a5f9a878ff80f00798e147e043e73931d20e3808a3b0c7eb1583ffba47,1.1
2010-11-15,2010-11-21,2010-11-15,2010-11-21,D6,2010,0.030000,177617214,2026-09-27T20:00:50Z,2026-09-27T20:00:50Z,https://www.epa.gov/fuels-registration-reporting-and-compliance-help/rin-trades-and-price-information,epa_rin/2026-09-27T200050Z,254b72a5f9a878ff80f00798e147e043e73931d20e3808a3b0c7eb1583ffba47,1.1
2010-11-22,2010-11-28,2010-11-22,2010-11-28,D6,2010,0.020000,144794727,2026-09-27T20:00:50Z,2026-09-27T20:00:50Z,https://www.epa.gov/fuels-registration-reporting-and-compliance-help/rin-trades-and-price-information,epa_rin/2026-09-27T200050Z,254b72a5f9a878ff80f00798e147e043e73931d20e3808a3b0c7eb1583ffba47,1.1
2010-11-29,2010-12-05,2010-11-29,2010-12-05,D6,2010,0.020000,284947327,2026-09-27T20:00:50Z,2026-09-27T20:00:50Z,https://www.epa.gov/fuels-registration-reporting-and-compliance-help/rin-trades-and-price-information,epa_rin/2026-09-27T200050Z,254b72a5f9a878ff80f00798e147e043e73931d20e3808a3b0c7eb1583ffba47,1.1
2010-12-06,2010-12-12,2010-12-06,2010-12-12,D6,2010,0.040000,142771639,2026-09-27T20:00:50Z,2026-09-27T20:00:50Z,https://www.epa.gov/fuels-registration-reporting-and-compliance-help/rin-trades-and-price-information,epa_rin/2026-09-27T200050Z,254b72a5f9a878ff80f00798e147e043e73931d20e3808a3b0c7eb1583ffba47,1.1
2010-12-13,2010-12-19,2010-12-13,2010-12-19,D6,2010,0.040000,241124642,2026-09-27T20:00:50Z,2026-09-27T20:00:50Z,https://www.epa.gov/fuels-registration-reporting-and-compliance-help/rin-trades-and-price-information,epa_rin/2026-09-27T200050Z,254b72a5f9a878ff80f00798e147e043e73931d20e3808a3b0c7eb1583ffba47,1.1
2010-12-20,2010-12-26,2010-12-20,2010-12-26,D6,2010,0.020000,138657030,2026-09-27T20:00:50Z,2026-09-27T20:00:50Z,https://www.epa.gov/fuels-registration-reporting-and-compliance-help/rin-trades-and-price-information,epa_rin/2026-09-27T200050Z,254b72a5f9a878ff80f00798e147e043e73931d20e3808a3b0c7eb1583ffba47,1.1
2010-12-27,2011-01-02,2010-12-27,2011-01-02,D6,2010,0.220000,181912834,2026-09-27T20:00:50Z,2026-09-27T20:00:50Z,https://www.epa.gov/fuels-registration-reporting-and-compliance-help/rin-trades-and-price-information,epa_rin/2026-09-27T200050Z,254b72a5f9a878ff80f00798e147e043e73931d20e3808a3b0c7eb1583ffba47,1.1
2011-01-03,2011-01-09,2011-01-03,2011-01-09,D6,2010,0.020000,185344892,2026-09-27T20:00:50Z,2026-09-27T20:00:50Z,https://www.epa.gov/fuels-registration-reporting-and-compliance-help/rin-trades-and-price-information,epa_rin/2026-09-27T200050Z,254b72a5f9a878ff80f00798e147e043e73931d20e3808a3b0c7eb1583ffba47,1.1
2011-01-10,2011-01-16,2011-01-10,2011-01-16,D6,2010,0.020000,252123252,2026-09-27T20:00:50Z,2026-09-27T20:00:50Z,https://www.epa.gov/fuels-registration-reporting-and-compliance-help/rin-trades-and-price-information,epa_rin/2026-09-27T200050Z,254b72a5f9a878ff80f00798e147e043e73931d20e3808a3b0c7eb1583ffba47,1.1
2011-01-10,2011-01-16,2011-01-10,2011-01-16,D6,2011,0.020000,17010994,2026-09-27T20:00:50Z,2026-09-27T20:00:50Z,https://www.epa.gov/fuels-registration-reporting-and-compliance-help/rin-trades-and-price-information,epa_rin/2026-09-27T200050Z,254b72a5f9a878ff80f00798e147e043e73931d20e3808a3b0c7eb1583ffba47,1.1
2011-01-17,2011-01-23,2011-01-17,2011-01-23,D6,2010,0.020000,218019161,2026-09-27T20:00:50Z,2026-09-27T20:00:50Z,https://www.epa.gov/fuels-registration-reporting-and-compliance-help/rin-trades-and-price-information,epa_rin/2026-09-27T200050Z,254b72a5f9a878ff80f00798e147e043e73931d20e3808a3b0c7eb1583ffba47,1.1
2011-01-17,2011-01-23,2011-01-17,2011-01-23,D6,2011,0.020000,50061497,2026-09-27T20:00:50Z,2026-09-27T20:00:50Z,https://www.epa.gov/fuels-registration-reporting-and-compliance-help/rin-trades-and-price-information,epa_rin/2026-09-27T200050Z,254b72a5f9a878ff80f00798e147e043e73931d20e3808a3b0c7eb1583ffba47,1.1
2011-01-24,2011-01-30,2011-01-24,2011-01-30,D6,2010,0.010000,288299558,2026-09-27T20:00:50Z,2026-09-27T20:00:50Z,https://www.epa.gov/fuels-registration-reporting-and-compliance-help/rin-trades-and-price-information,epa_rin/2026-09-27T200050Z,254b72a5f9a878ff80f00798e147e043e73931d20e3808a3b0c7eb1583ffba47,1.1
2011-01-24,2011-01-30,2011-01-24,2011-01-30,D6,2011,0.020000,44719011,2026-09-27T20:00:50Z,2026-09-27T20:00:50Z,https://www.epa.gov/fuels-registration-reporting-and-compliance-help/rin-trades-and-price-information,epa_rin/2026-09-27T200050Z,254b72a5f9a878ff80f00798e147e043e73931d20e3808a3b0c7eb1583ffba47,1.1
2011-01-31,2011-02-06,2011-01-31,2011-02-06,D6,2010,0.010000,107698040,2026-09-27T20:00:50Z,2026-09-27T20:00:50Z,https://www.epa.gov/fuels-registration-reporting-and-compliance-help/rin-trades-and-price-information,epa_rin/2026-09-27T200050Z,254b72a5f9a878ff80f00798e147e043e73931d20e3808a3b0c7eb1583ffba47,1.1
2011-01-31,2011-02-06,2011-01-31,2011-02-06,D6,2011,0.030000,93297508,2026-09-27T20:00:50Z,2026-09-27T20:00:50Z,https://www.epa.gov/fuels-registration-reporting-and-compliance-help/rin-trades-and-price-information,epa_rin/2026-09-27T200050Z,254b72a5f9a878ff80f00798e147e043e73931d20e3808a3b0c7eb1583ffba47,1.1
2011-02-07,2011-02-13,2011-02-07,2011-02-13,D6,2010,0.010000,263168191,2026-09-27T20:00:50Z,2026-09-27T20:00:50Z,https://www.epa.gov/fuels-registration-reporting-and-compliance-help/rin-trades-and-price-information,epa_rin/2026-09-27T200050Z,254b72a5f9a878ff80f00798e147e043e73931d20e3808a3b0c7eb1583ffba47,1.1
2011-02-07,2011-02-13,2011-02-07,2011-02-13,D6,2011,0.030000,123854959,2026-09-27T20:00:50Z,2026-09-27T20:00:50Z,https://www.epa.gov/fuels-registration-reporting-and-compliance-help/rin-trades-and-price-information,epa_rin/2026-09-27T200050Z,254b72a5f9a878ff80f00798e147e043e73931d20e3808a3b0c7eb1583ffba47,1.1
2011-02-14,2011-02-20,2011-02-14,2011-02-20,D6,2010,0.010000,72971258,2026-09-27T20:00:50Z,2026-09-27T20:00:50Z,https://www.epa.gov/fuels-registration-reporting-and-compliance-help/rin-trades-and-price-information,epa_rin/2026-09-27T200050Z,254b72a5f9a878ff80f00798e147e043e73931d20e3808a3b0c7eb1583ffba47,1.1
2011-02-14,2011-02-20,2011-02-14,2011-02-20,D6,2011,0.030000,92588719,2026-09-27T20:00:50Z,2026-09-27T20:00:50Z,https://www.epa.gov/fuels-registration-reporting-and-compliance-help/rin-trades-and-price-information,epa_rin/2026-09-27T200050Z,254b72a5f9a878ff80f00798e147e043e73931d20e3808a3b0c7eb1583ffba47,1.1
2011-02-21,2011-02-27,2011-02-21,2011-02-27,D6,2010,0.010000,120179845,2026-09-27T20:00:50Z,2026-09-27T20:00:50Z,https://www.epa.gov/fuels-registration-reporting-and-compliance-help/rin-trades-and-price-information,epa_rin/2026-09-27T200050Z,254b72a5f9a878ff80f00798e147e043e73931d20e3808a3b0c7eb1583ffba47,1.1
2011-02-21,2011-02-27,2011-02-21,2011-02-27,D6,2011,0.020000,120353887,2026-09-27T20:00:50Z,2026-09-27T20:00:50Z,https://www.epa.gov/fuels-registration-reporting-and-compliance-help/rin-trades-and-price-information,epa_rin/2026-09-27T200050Z,254b72a5f9a878ff80f00798e147e043e73931d20e3808a3b0c7eb1583ffba47,1.1
2011-02-28,2011-03-06,2011-02-28,2011-03-06,D6,2010,0.010000,50348254,2026-09-27T20:00:50Z,2026-09-27T20:00:50Z,https://www.epa.gov/fuels-registration-reporting-and-compliance-help/rin-trades-and-price-information,epa_rin/2026-09-27T200050Z,254b72a5f9a878ff80f00798e147e043e73931d20e3808a3b0c7eb1583ffba47,1.1
2011-02-28,2011-03-06,2011-02-28,2011-03-06,D6,2011,0.020000,188578252,2026-09-27T20:00:50Z,2026-09-27T20:00:50Z,https://www.epa.gov/fuels-registration-reporting-and-compliance-help/rin-trades-and-price-information,epa_rin/2026-09-27T200050Z,254b72a5f9a878ff80f00798e147e043e73931d20e3808a3b0c7eb1583ffba47,1.1
2011-03-07,2011-03-13,2011-03-07,2011-03-13,D6,2010,0.010000,24569716,2026-09-27T20:00:50Z,2026-09-27T20:00:50Z,https://www.epa.gov/fuels-registration-reporting-and-compliance-help/rin-trades-and-price-information,epa_rin/2026-09-27T200050Z,254b72a5f9a878ff80f00798e147e043e73931d20e3808a3b0c7eb1583ffba47,1.1
2011-03-07,2011-03-13,2011-03-07,2011-03-13,D6,2011,0.040000,128919720,2026-09-27T20:00:50Z,2026-09-27T20:00:50Z,https://www.epa.gov/fuels-registration-reporting-and-compliance-help/rin-trades-and-price-information,epa_rin/2026-09-27T200050Z,254b72a5f9a878ff80f00798e147e043e73931d20e3808a3b0c7eb1583ffba47,1.1
2011-03-14,2011-03-20,2011-03-14,2011-03-20,D6,2010,0.010000,20902741,2026-09-27T20:00:50Z,2026-09-27T20:00:50Z,https://www.epa.gov/fuels-registration-reporting-and-compliance-help/rin-trades-and-price-information,epa_rin/2026-09-27T200050Z,254b72a5f9a878ff80f00798e147e043e73931d20e3808a3b0c7eb1583ffba47,1.1
2011-03-14,2011-03-20,2011-03-14,2011-03-20,D6,2011,0.030000,145730403,2026-09-27T20:00:50Z,2026-09-27T20:00:50Z,https://www.epa.gov/fuels-registration-reporting-and-compliance-help/rin-trades-and-price-information,epa_rin/2026-09-27T200050Z,254b72a5f9a878ff80f00798e147e043e73931d20e3808a3b0c7eb1583ffba47,1.1
2011-03-21,2011-03-27,2011-03-21,2011-03-27,D6,2010,0.130000,18614662,2026-09-27T20:00:50Z,2026-09-27T20:00:50Z,https://www.epa.gov/fuels-registration-reporting-and-compliance-help/rin-trades-and-price-information,epa_rin/2026-09-27T200050Z,254b72a5f9a878ff80f00798e147e043e73931d20e3808a3b0c7eb1583ffba47,1.1
2011-03-21,2011-03-27,2011-03-21,2011-03-27,D6,2011,0.030000,177689553,2026-09-27T20:00:50Z,2026-09-27T20:00:50Z,https://www.epa.gov/fuels-registration-reporting-and-compliance-help/rin-trades-and-price-information,epa_rin/2026-09-27T200050Z,254b72a5f9a878ff80f00798e147e043e73931d20e3808a3b0c7eb1583ffba47,1.1
2011-03-28,2011-04-03,2011-03-28,2011-04-03,D6,2010,0.010000,40280674,2026-09-27T20:00:50Z,2026-09-27T20:00:50Z,https://www.epa.gov/fuels-registration-reporting-and-compliance-help/rin-trades-and-price-information,epa_rin/2026-09-27T200050Z,254b72a5f9a878ff80f00798e147e043e73931d20e3808a3b0c7eb1583ffba47,1.1
2011-03-28,2011-04-03,2011-03-28,2011-04-03,D6,2011,0.040000,256705087,2026-09-27T20:00:50Z,2026-09-27T20:00:50Z,https://www.epa.gov/fuels-registration-reporting-and-compliance-help/rin-trades-and-price-information,epa_rin/2026-09-27T200050Z,254b72a5f9a878ff80f00798e147e043e73931d20e3808a3b0c7eb1583ffba47,1.1
2011-04-04,2011-04-10,2011-04-04,2011-04-10,D6,2010,0.010000,32922915,2026-09-27T20:00:50Z,2026-09-27T20:00:50Z,https://www.epa.gov/fuels-registration-reporting-and-compliance-help/rin-trades-and-price-information,epa_rin/2026-09-27T200050Z,254b72a5f9a878ff80f00798e147e043e73931d20e3808a3b0c7eb1583ffba47,1.1
2011-04-04,2011-04-10,2011-04-04,2011-04-10,D6,2011,0.040000,209545868,2026-09-27T20:00:50Z,2026-09-27T20:00:50Z,https://www.epa.gov/fuels-registration-reporting-and-compliance-help/rin-trades-and-price-information,epa_rin/2026-09-27T200050Z,254b72a5f9a878ff80f00798e147e043e73931d20e3808a3b0c7eb1583ffba47,1.1
2011-04-11,2011-04-17,2011-04-11,2011-04-17,D6,2010,0.010000,50770246,2026-09-27T20:00:50Z,2026-09-27T20:00:50Z,https://www.epa.gov/fuels-registration-reporting-and-compliance-help/rin-trades-and-price-information,epa_rin/2026-09-27T200050Z,254b72a5f9a878ff80f00798e147e043e73931d20e3808a3b0c7eb1583ffba47,1.1
2011-04-11,2011-04-17,2011-04-11,2011-04-17,D6,2011,0.040000,153368630,2026-09-27T20:00:50Z,2026-09-27T20:00:50Z,https://www.epa.gov/fuels-registration-reporting-and-compliance-help/rin-trades-and-price-information,epa_rin/2026-09-27T200050Z,254b72a5f9a878ff80f00798e147e043e73931d20e3808a3b0c7eb1583ffba47,1.1
2011-04-18,2011-04-24,2011-04-18,2011-04-24,D6,2010,0.010000,39717454,2026-09-27T20:00:50Z,2026-09-27T20:00:50Z,https://www.epa.gov/fuels-registration-reporting-and-compliance-help/rin-trades-and-price-information,epa_rin/2026-09-27T200050Z,254b72a5f9a878ff80f00798e147e043e73931d20e3808a3b0c7eb1583ffba47,1.1
2011-04-18,2011-04-24,2011-04-18,2011-04-24,D6,2011,0.030000,201716235,2026-09-27T20:00:50Z,2026-09-27T20:00:50Z,https://www.epa.gov/fuels-registration-reporting-and-compliance-help/rin-trades-and-price-information,epa_rin/2026-09-27T200050Z,254b72a5f9a878ff80f00798e147e043e73931d20e3808a3b0c7eb1583ffba47,1.1
2011-04-25,2011-05-01,2011-04-25,2011-05-01,D6,2010,0.010000,75802983,2026-09-27T20:00:50Z,2026-09-27T20:00:50Z,https://www.epa.gov/fuels-registration-reporting-and-compliance-help/rin-trades-and-price-information,epa_rin/2026-09-27T200050Z,254b72a5f9a878ff80f00798e147e043e73931d20e3808a3b0c7eb1583ffba47,1.1
2011-04-25,2011-05-01,2011-04-25,2011-05-01,D6,2011,0.040000,267618243,2026-09-27T20:00:50Z,2026-09-27T20:00:50Z,https://www.epa.gov/fuels-registration-reporting-and-compliance-help/rin-trades-and-price-information,epa_rin/2026-09-27T200050Z,254b72a5f9a878ff80f00798e147e043e73931d20e3808a3b0c7eb1583ffba47,1.1
2011-05-02,2011-05-08,2011-05-02,2011-05-08,D6,2010,0.010000,75599754,2026-09-27T20:00:50Z,2026-09-27T20:00:50Z,https://www.epa.gov/fuels-registration-reporting-and-compliance-help/rin-trades-and-price-information,epa_rin/2026-09-27T200050Z,254b72a5f9a878ff80f00798e147e043e73931d20e3808a3b0c7eb1583ffba47,1.1
2011-05-02,2011-05-08,2011-05-02,2011-05-08,D6,2011,0.030000,202901277,2026-09-27T20:00:50Z,2026-09-27T20:00:50Z,https://www.epa.gov/fuels-registration-reporting-and-compliance-help/rin-trades-and-price-information,epa_rin/2026-09-27T200050Z,254b72a5f9a878ff80f00798e147e043e73931d20e3808a3b0c7eb1583ffba47,1.1
2011-05-09,2011-05-15,2011-05-09,2011-05-15,D6,2010,0.010000,31598227,2026-09-27T20:00:50Z,2026-09-27T20:00:50Z,https://www.epa.gov/fuels-registration-reporting-and-compliance-help/rin-trades-and-price-information,epa_rin/2026-09-27T200050Z,254b72a5f9a878ff80f00798e147e043e73931d20e3808a3b0c7eb1583ffba47,1.1
2011-05-09,2011-05-15,2011-05-09,2011-05-15,D6,2011,0.030000,184472743,2026-09-27T20:00:50Z,2026-09-27T20:00:50Z,https://www.epa.gov/fuels-registration-reporting-and-compliance-help/rin-trades-and-price-information,epa_rin/2026-09-27T200050Z,254b72a5f9a878ff80f00798e147e043e73931d20e3808a3b0c7eb1583ffba47,1.1
2011-05-16,2011-05-22,2011-05-16,2011-05-22,D6,2010,0.010000,18325626,2026-09-27T20:00:50Z,2026-09-27T20:00:50Z,https://www.epa.gov/fuels-registration-reporting-and-compliance-help/rin-trades-and-price-information,epa_rin/2026-09-27T200050Z,254b72a5f9a878ff80f00798e147e043e73931d20e3808a3b0c7eb1583ffba47,1.1
2011-05-16,2011-05-22,2011-05-16,2011-05-22,D6,2011,0.020000,226023592,2026-09-27T20:00:50Z,2026-09-27T20:00:50Z,https://www.epa.gov/fuels-registration-reporting-and-compliance-help/rin-trades-and-price-information,epa_rin/2026-09-27T200050Z,254b72a5f9a878ff80f00798e147e043e73931d20e3808a3b0c7eb1583ffba47,1.1
2011-05-23,2011-05-29,2011-05-23,2011-05-29,D6,2010,0.010000,59281473,2026-09-27T20:00:50Z,2026-09-27T20:00:50Z,https://www.epa.gov/fuels-registration-reporting-and-compliance-help/rin-trades-and-price-information,epa_rin/2026-09-27T200050Z,254b72a5f9a878ff80f00798e147e043e73931d20e3808a3b0c7eb1583ffba47,1.1
2011-05-23,2011-05-29,2011-05-23,2011-05-29,D6,2011,0.090000,271220846,2026-09-27T20:00:50Z,2026-09-27T20:00:50Z,https://www.epa.gov/fuels-registration-reporting-and-compliance-help/rin-trades-and-price-information,epa_rin/2026-09-27T200050Z,254b72a5f9a878ff80f00798e147e043e73931d20e3808a3b0c7eb1583ffba47,1.1
2011-05-30,2011-06-05,2011-05-30,2011-06-05,D6,2010,0.010000,20411564,2026-09-27T20:00:50Z,2026-09-27T20:00:50Z,https://www.epa.gov/fuels-registration-reporting-and-compliance-help/rin-trades-and-price-information,epa_rin/2026-09-27T200050Z,254b72a5f9a878ff80f00798e147e043e73931d20e3808a3b0c7eb1583ffba47,1.1
2011-05-30,2011-06-05,2011-05-30,2011-06-05,D6,2011,0.030000,229488916,2026-09-27T20:00:50Z,2026-09-27T20:00:50Z,https://www.epa.gov/fuels-registration-reporting-and-compliance-help/rin-trades-and-price-information,epa_rin/2026-09-27T200050Z,254b72a5f9a878ff80f00798e147e043e73931d20e3808a3b0c7eb1583ffba47,1.1
2011-06-06,2011-06-12,2011-06-06,2011-06-12,D6,2010,0.010000,43064815,2026-09-27T20:00:50Z,2026-09-27T20:00:50Z,https://www.epa.gov/fuels-registration-reporting-and-compliance-help/rin-trades-and-price-information,epa_rin/2026-09-27T200050Z,254b72a5f9a878ff80f00798e147e043e73931d20e3808a3b0c7eb1583ffba47,1.1
2011-06-06,2011-06-12,2011-06-06,2011-06-12,D6,2011,0.030000,250583738,2026-09-27T20:00:50Z,2026-09-27T20:00:50Z,https://www.epa.gov/fuels-registration-reporting-and-compliance-help/rin-trades-and-price-information,epa_rin/2026-09-27T200050Z,254b72a5f9a878ff80f00798e147e043e73931d20e3808a3b0c7eb1583ffba47,1.1
2011-06-13,2011-06-19,2011-06-13,2011-06-19,D6,2010,0.010000,18890985,2026-09-27T20:00:50Z,2026-09-27T20:00:50Z,https://www.epa.gov/fuels-registration-reporting-and-compliance-help/rin-trades-and-price-information,epa_rin/2026-09-27T200050Z,254b72a5f9a878ff80f00798e147e043e73931d20e3808a3b0c7eb1583ffba47,1.1
2011-06-13,2011-06-19,2011-06-13,2011-06-19,D6,2011,0.030000,230926170,2026-09-27T20:00:50Z,2026-09-27T20:00:50Z,https://www.epa.gov/fuels-registration-reporting-and-compliance-help/rin-trades-and-price-information,epa_rin/2026-09-27T200050Z,254b72a5f9a878ff80f00798e147e043e73931d20e3808a3b0c7eb1583ffba47,1.1
2011-06-20,2011-06-26,2011-06-20,2011-06-26,D6,2010,0.010000,10215327,2026-09-27T20:00:50Z,2026-09-27T20:00:50Z,https://www.epa.gov/fuels-registration-reporting-and-compliance-help/rin-trades-and-price-information,epa_rin/2026-09-27T200050Z,254b72a5f9a878ff80f00798e147e043e73931d20e3808a3b0c7eb1583ffba47,1.1
2011-06-20,2011-06-26,2011-06-20,2011-06-26,D6,2011,0.040000,310114114,2026-09-27T20:00:50Z,2026-09-27T20:00:50Z,https://www.epa.gov/fuels-registration-reporting-and-compliance-help/rin-trades-and-price-information,epa_rin/2026-09-27T200050Z,254b72a5f9a878ff80f00798e147e043e73931d20e3808a3b0c7eb1583ffba47,1.1
2011-06-27,2011-07-03,2011-06-27,2011-07-03,D6,2010,0.010000,21337852,2026-09-27T20:00:50Z,2026-09-27T20:00:50Z,https://www.epa.gov/fuels-registration-reporting-and-compliance-help/rin-trades-and-price-information,epa_rin/2026-09-27T200050Z,254b72a5f9a878ff80f00798e147e043e73931d20e3808a3b0c7eb1583ffba47,1.1
2011-06-27,2011-07-03,2011-06-27,2011-07-03,D6,2011,0.030000,396307720,2026-09-27T20:00:50Z,2026-09-27T20:00:50Z,https://www.epa.gov/fuels-registration-reporting-and-compliance-help/rin-trades-and-price-information,epa_rin/2026-09-27T200050Z,254b72a5f9a878ff80f00798e147e043e73931d20e3808a3b0c7eb1583ffba47,1.1
2011-07-04,2011-07-10,2011-07-04,2011-07-10,D6,2010,0.010000,15696808,2026-09-27T20:00:50Z,2026-09-27T20:00:50Z,https://www.epa.gov/fuels-registration-reporting-and-compliance-help/rin-trades-and-price-information,epa_rin/2026-09-27T200050Z,254b72a5f9a878ff80f00798e147e043e73931d20e3808a3b0c7eb1583ffba47,1.1
2011-07-04,2011-07-10,2011-07-04,2011-07-10,D6,2011,0.030000,267506615,2026-09-27T20:00:50Z,2026-09-27T20:00:50Z,https://www.epa.gov/fuels-registration-reporting-and-compliance-help/rin-trades-and-price-information,epa_rin/2026-09-27T200050Z,254b72a5f9a878ff80f00798e147e043e73931d20e3808a3b0c7eb1583ffba47,1.1
2011-07-11,2011-07-17,2011-07-11,2011-07-17,D6,2010,0.010000,4206113,2026-09-27T20:00:50Z,2026-09-27T20:00:50Z,https://www.epa.gov/fuels-registration-reporting-and-compliance-help/rin-trades-and-price-information,epa_rin/2026-09-27T200050Z,254b72a5f9a878ff80f00798e147e043e73931d20e3808a3b0c7eb1583ffba47,1.1
2011-07-11,2011-07-17,2011-07-11,2011-07-17,D6,2011,0.030000,252986196,2026-09-27T20:00:50Z,2026-09-27T20:00:50Z,https://www.epa.gov/fuels-registration-reporting-and-compliance-help/rin-trades-and-price-information,epa_rin/2026-09-27T200050Z,254b72a5f9a878ff80f00798e147e043e73931d20e3808a3b0c7eb1583ffba47,1.1
2011-07-18,2011-07-24,2011-07-18,2011-07-24,D6,2010,0.010000,7465720,2026-09-27T20:00:50Z,2026-09-27T20:00:50Z,https://www.epa.gov/fuels-registration-reporting-and-compliance-help/rin-trades-and-price-information,epa_rin/2026-09-27T200050Z,254b72a5f9a878ff80f00798e147e043e73931d20e3808a3b0c7eb1583ffba47,1.1
2011-07-18,2011-07-24,2011-07-18,2011-07-24,D6,2011,0.040000,299571043,2026-09-27T20:00:50Z,2026-09-27T20:00:50Z,https://www.epa.gov/fuels-registration-reporting-and-compliance-help/rin-trades-and-price-information,epa_rin/2026-09-27T200050Z,254b72a5f9a878ff80f00798e147e043e73931d20e3808a3b0c7eb1583ffba47,1.1
2011-07-25,2011-07-31,2011-07-25,2011-07-31,D6,2010,0.010000,54907739,2026-09-27T20:00:50Z,2026-09-27T20:00:50Z,https://www.epa.gov/fuels-registration-reporting-and-compliance-help/rin-trades-and-price-information,epa_rin/2026-09-27T200050Z,254b72a5f9a878ff80f00798e147e043e73931d20e3808a3b0c7eb1583ffba47,1.1
2011-07-25,2011-07-31,2011-07-25,2011-07-31,D6,2011,0.030000,334783742,2026-09-27T20:00:50Z,2026-09-27T20:00:50Z,https://www.epa.gov/fuels-registration-reporting-and-compliance-help/rin-trades-and-price-information,epa_rin/2026-09-27T200050Z,254b72a5f9a878ff80f00798e147e043e73931d20e3808a3b0c7eb1583ffba47,1.1
2011-08-01,2011-08-07,2011-08-01,2011-08-07,D6,2010,0.010000,17700042,2026-09-27T20:00:50Z,2026-09-27T20:00:50Z,https://www.epa.gov/fuels-registration-reporting-and-compliance-help/rin-trades-and-price-information,epa_rin/2026-09-27T200050Z,254b72a5f9a878ff80f00798e147e043e73931d20e3808a3b0c7eb1583ffba47,1.1
2011-08-01,2011-08-07,2011-08-01,2011-08-07,D6,2011,0.030000,243108906,2026-09-27T20:00:50Z,2026-09-27T20:00:50Z,https://www.epa.gov/fuels-registration-reporting-and-compliance-help/rin-trades-and-price-information,epa_rin/2026-09-27T200050Z,254b72a5f9a878ff80f00798e147e043e73931d20e3808a3b0c7eb1583ffba47,1.1
2011-08-08,2011-08-14,2011-08-08,2011-08-14,D6,2010,0.030000,58887189,2026-09-27T20:00:50Z,2026-09-27T20:00:50Z,https://www.epa.gov/fuels-registration-reporting-and-compliance-help/rin-trades-and-price-information,epa_rin/2026-09-27T200050Z,254b72a5f9a878ff80f00798e147e043e73931d20e3808a3b0c7eb1583ffba47,1.1
2011-08-08,2011-08-14,2011-08-08,2011-08-14,D6,2011,0.030000,279626729,2026-09-27T20:00:50Z,2026-09-27T20:00:50Z,https://www.epa.gov/fuels-registration-reporting-and-compliance-help/rin-trades-and-price-information,epa_rin/2026-09-27T200050Z,254b72a5f9a878ff80f00798e147e043e73931d20e3808a3b0c7eb1583ffba47,1.1
2011-08-15,2011-08-21,2011-08-15,2011-08-21,D6,2010,0.020000,9451148,2026-09-27T20:00:50Z,2026-09-27T20:00:50Z,https://www.epa.gov/fuels-registration-reporting-and-compliance-help/rin-trades-and-price-information,epa_rin/2026-09-27T200050Z,254b72a5f9a878ff80f00798e147e043e73931d20e3808a3b0c7eb1583ffba47,1.1
2011-08-15,2011-08-21,2011-08-15,2011-08-21,D6,2011,0.030000,193606937,2026-09-27T20:00:50Z,2026-09-27T20:00:50Z,https://www.epa.gov/fuels-registration-reporting-and-compliance-help/rin-trades-and-price-information,epa_rin/2026-09-27T200050Z,254b72a5f9a878ff80f00798e147e043e73931d20e3808a3b0c7eb1583ffba47,1.1
2011-08-22,2011-08-28,2011-08-22,2011-08-28,D6,2010,0.010000,11506505,2026-09-27T20:00:50Z,2026-09-27T20:00:50Z,https://www.epa.gov/fuels-registration-reporting-and-compliance-help/rin-trades-and-price-information,epa_rin/2026-09-27T200050Z,254b72a5f9a878ff80f00798e147e043e73931d20e3808a3b0c7eb1583ffba47,1.1
2011-08-22,2011-08-28,2011-08-22,2011-08-28,D6,2011,0.030000,288596112,2026-09-27T20:00:50Z,2026-09-27T20:00:50Z,https://www.epa.gov/fuels-registration-reporting-and-compliance-help/rin-trades-and-price-information,epa_rin/2026-09-27T200050Z,254b72a5f9a878ff80f00798e147e043e73931d20e3808a3b0c7eb1583ffba47,1.1
2011-08-29,2011-09-04,2011-08-29,2011-09-04,D6,2010,0.010000,20226958,2026-09-27T20:00:50Z,2026-09-27T20:00:50Z,https://www.epa.gov/fuels-registration-reporting-and-compliance-help/rin-trades-and-price-information,epa_rin/2026-09-27T200050Z,254b72a5f9a878ff80f00798e147e043e73931d20e3808a3b0c7eb1583ffba47,1.1
2011-08-29,2011-09-04,2011-08-29,2011-09-04,D6,2011,0.030000,368881428,2026-09-27T20:00:50Z,2026-09-27T20:00:50Z,https://www.epa.gov/fuels-registration-reporting-and-compliance-help/rin-trades-and-price-information,epa_rin/2026-09-27T200050Z,254b72a5f9a878ff80f00798e147e043e73931d20e3808a3b0c7eb1583ffba47,1.1
2011-09-05,2011-09-11,2011-09-05,2011-09-11,D6,2010,0.010000,16106301,2026-09-27T20:00:50Z,2026-09-27T20:00:50Z,https://www.epa.gov/fuels-registration-reporting-and-compliance-help/rin-trades-and-price-information,epa_rin/2026-09-27T200050Z,254b72a5f9a878ff80f00798e147e043e73931d20e3808a3b0c7eb1583ffba47,1.1
2011-09-05,2011-09-11,2011-09-05,2011-09-11,D6,2011,0.030000,270475734,2026-09-27T20:00:50Z,2026-09-27T20:00:50Z,https://www.epa.gov/fuels-registration-reporting-and-compliance-help/rin-trades-and-price-information,epa_rin/2026-09-27T200050Z,254b72a5f9a878ff80f00798e147e043e73931d20e3808a3b0c7eb1583ffba47,1.1
2011-09-12,2011-09-18,2011-09-12,2011-09-18,D6,2010,0.010000,26647188,2026-09-27T20:00:50Z,2026-09-27T20:00:50Z,https://www.epa.gov/fuels-registration-reporting-and-compliance-help/rin-trades-and-price-information,epa_rin/2026-09-27T200050Z,254b72a5f9a878ff80f00798e147e043e73931d20e3808a3b0c7eb1583ffba47,1.1
2011-09-12,2011-09-18,2011-09-12,2011-09-18,D6,2011,0.030000,237217026,2026-09-27T20:00:50Z,2026-09-27T20:00:50Z,https://www.epa.gov/fuels-registration-reporting-and-compliance-help/rin-trades-and-price-information,epa_rin/2026-09-27T200050Z,254b72a5f9a878ff80f00798e147e043e73931d20e3808a3b0c7eb1583ffba47,1.1
2011-09-19,2011-09-25,2011-09-19,2011-09-25,D6,2010,0.020000,30610971,2026-09-27T20:00:50Z,2026-09-27T20:00:50Z,https://www.epa.gov/fuels-registration-reporting-and-compliance-help/rin-trades-and-price-information,epa_rin/2026-09-27T200050Z,254b72a5f9a878ff80f00798e147e043e73931d20e3808a3b0c7eb1583ffba47,1.1
2011-09-19,2011-09-25,2011-09-19,2011-09-25,D6,2011,0.030000,288751668,2026-09-27T20:00:50Z,2026-09-27T20:00:50Z,https://www.epa.gov/fuels-registration-reporting-and-compliance-help/rin-trades-and-price-information,epa_rin/2026-09-27T200050Z,254b72a5f9a878ff80f00798e147e043e73931d20e3808a3b0c7eb1583ffba47,1.1
2011-09-26,2011-10-02,2011-09-26,2011-10-02,D6,2010,0.010000,36530345,2026-09-27T20:00:50Z,2026-09-27T20:00:50Z,https://www.epa.gov/fuels-registration-reporting-and-compliance-help/rin-trades-and-price-information,epa_rin/2026-09-27T200050Z,254b72a5f9a878ff80f00798e147e043e73931d20e3808a3b0c7eb1583ffba47,1.1
2011-09-26,2011-10-02,2011-09-26,2011-10-02,D6,2011,0.030000,593257828,2026-09-27T20:00:50Z,2026-09-27T20:00:50Z,https://www.epa.gov/fuels-registration-reporting-and-compliance-help/rin-trades-and-price-information,epa_rin/2026-09-27T200050Z,254b72a5f9a878ff80f00798e147e043e73931d20e3808a3b0c7eb1583ffba47,1.1
2011-10-03,2011-10-09,2011-10-03,2011-10-09,D6,2010,0.010000,28324083,2026-09-27T20:00:50Z,2026-09-27T20:00:50Z,https://www.epa.gov/fuels-registration-reporting-and-compliance-help/rin-trades-and-price-information,epa_rin/2026-09-27T200050Z,254b72a5f9a878ff80f00798e147e043e73931d20e3808a3b0c7eb1583ffba47,1.1
2011-10-03,2011-10-09,2011-10-03,2011-10-09,D6,2011,0.030000,254625500,2026-09-27T20:00:50Z,2026-09-27T20:00:50Z,https://www.epa.gov/fuels-registration-reporting-and-compliance-help/rin-trades-and-price-information,epa_rin/2026-09-27T200050Z,254b72a5f9a878ff80f00798e147e043e73931d20e3808a3b0c7eb1583ffba47,1.1
2011-10-10,2011-10-16,2011-10-10,2011-10-16,D6,2010,0.010000,2869671,2026-09-27T20:00:50Z,2026-09-27T20:00:50Z,https://www.epa.gov/fuels-registration-reporting-and-compliance-help/rin-trades-and-price-information,epa_rin/2026-09-27T200050Z,254b72a5f9a878ff80f00798e147e043e73931d20e3808a3b0c7eb1583ffba47,1.1
2011-10-10,2011-10-16,2011-10-10,2011-10-16,D6,2011,0.030000,222141581,2026-09-27T20:00:50Z,2026-09-27T20:00:50Z,https://www.epa.gov/fuels-registration-reporting-and-compliance-help/rin-trades-and-price-information,epa_rin/2026-09-27T200050Z,254b72a5f9a878ff80f00798e147e043e73931d20e3808a3b0c7eb1583ffba47,1.1
2011-10-17,2011-10-23,2011-10-17,2011-10-23,D6,2011,0.020000,222092780,2026-09-27T20:00:50Z,2026-09-27T20:00:50Z,https://www.epa.gov/fuels-registration-reporting-and-compliance-help/rin-trades-and-price-information,epa_rin/2026-09-27T200050Z,254b72a5f9a878ff80f00798e147e043e73931d20e3808a3b0c7eb1583ffba47,1.1
2011-10-24,2011-10-30,2011-10-24,2011-10-30,D6,2010,0.010000,41700000,2026-09-27T20:00:50Z,2026-09-27T20:00:50Z,https://www.epa.gov/fuels-registration-reporting-and-compliance-help/rin-trades-and-price-information,epa_rin/2026-09-27T200050Z,254b72a5f9a878ff80f00798e147e043e73931d20e3808a3b0c7eb1583ffba47,1.1
2011-10-24,2011-10-30,2011-10-24,2011-10-30,D6,2011,0.030000,269383253,2026-09-27T20:00:50Z,2026-09-27T20:00:50Z,https://www.epa.gov/fuels-registration-reporting-and-compliance-help/rin-trades-and-price-information,epa_rin/2026-09-27T200050Z,254b72a5f9a878ff80f00798e147e043e73931d20e3808a3b0c7eb1583ffba47,1.1
2011-10-31,2011-11-06,2011-10-31,2011-11-06,D6,2010,0.010000,34788290,2026-09-27T20:00:50Z,2026-09-27T20:00:50Z,https://www.epa.gov/fuels-registration-reporting-and-compliance-help/rin-trades-and-price-information,epa_rin/2026-09-27T200050Z,254b72a5f9a878ff80f00798e147e043e73931d20e3808a3b0c7eb1583ffba47,1.1
2011-10-31,2011-11-06,2011-10-31,2011-11-06,D6,2011,0.020000,440339528,2026-09-27T20:00:50Z,2026-09-27T20:00:50Z,https://www.epa.gov/fuels-registration-reporting-and-compliance-help/rin-trades-and-price-information,epa_rin/2026-09-27T200050Z,254b72a5f9a878ff80f00798e147e043e73931d20e3808a3b0c7eb1583ffba47,1.1
2011-11-07,2011-11-13,2011-11-07,2011-11-13,D6,2011,0.020000,245049095,2026-09-27T20:00:50Z,2026-09-27T20:00:50Z,https://www.epa.gov/fuels-registration-reporting-and-compliance-help/rin-trades-and-price-information,epa_rin/2026-09-27T200050Z,254b72a5f9a878ff80f00798e147e043e73931d20e3808a3b0c7eb1583ffba47,1.1
2011-11-14,2011-11-20,2011-11-14,2011-11-20,D6,2011,0.010000,248939119,2026-09-27T20:00:50Z,2026-09-27T20:00:50Z,https://www.epa.gov/fuels-registration-reporting-and-compliance-help/rin-trades-and-price-information,epa_rin/2026-09-27T200050Z,254b72a5f9a878ff80f00798e147e043e73931d20e3808a3b0c7eb1583ffba47,1.1
2011-11-21,2011-11-27,2011-11-21,2011-11-27,D6,2011,0.010000,143618132,2026-09-27T20:00:50Z,2026-09-27T20:00:50Z,https://www.epa.gov/fuels-registration-reporting-and-compliance-help/rin-trades-and-price-information,epa_rin/2026-09-27T200050Z,254b72a5f9a878ff80f00798e147e043e73931d20e3808a3b0c7eb1583ffba47,1.1
2011-11-28,2011-12-04,2011-11-28,2011-12-04,D6,2010,0.010000,51098641,2026-09-27T20:00:50Z,2026-09-27T20:00:50Z,https://www.epa.gov/fuels-registration-reporting-and-compliance-help/rin-trades-and-price-information,epa_rin/2026-09-27T200050Z,254b72a5f9a878ff80f00798e147e043e73931d20e3808a3b0c7eb1583ffba47,1.1
2011-11-28,2011-12-04,2011-11-28,2011-12-04,D6,2011,0.010000,552147921,2026-09-27T20:00:50Z,2026-09-27T20:00:50Z,https://www.epa.gov/fuels-registration-reporting-and-compliance-help/rin-trades-and-price-information,epa_rin/2026-09-27T200050Z,254b72a5f9a878ff80f00798e147e043e73931d20e3808a3b0c7eb1583ffba47,1.1
2011-12-05,2011-12-11,2011-12-05,2011-12-11,D6,2010,0.010000,11695823,2026-09-27T20:00:50Z,2026-09-27T20:00:50Z,https://www.epa.gov/fuels-registration-reporting-and-compliance-help/rin-trades-and-price-information,epa_rin/2026-09-27T200050Z,254b72a5f9a878ff80f00798e147e043e73931d20e3808a3b0c7eb1583ffba47,1.1
2011-12-05,2011-12-11,2011-12-05,2011-12-11,D6,2011,0.010000,427355200,2026-09-27T20:00:50Z,2026-09-27T20:00:50Z,https://www.epa.gov/fuels-registration-reporting-and-compliance-help/rin-trades-and-price-information,epa_rin/2026-09-27T200050Z,254b72a5f9a878ff80f00798e147e043e73931d20e3808a3b0c7eb1583ffba47,1.1
2011-12-12,2011-12-18,2011-12-12,2011-12-18,D6,2010,0.010000,22421907,2026-09-27T20:00:50Z,2026-09-27T20:00:50Z,https://www.epa.gov/fuels-registration-reporting-and-compliance-help/rin-trades-and-price-information,epa_rin/2026-09-27T200050Z,254b72a5f9a878ff80f00798e147e043e73931d20e3808a3b0c7eb1583ffba47,1.1
2011-12-12,2011-12-18,2011-12-12,2011-12-18,D6,2011,0.030000,385077250,2026-09-27T20:00:50Z,2026-09-27T20:00:50Z,https://www.epa.gov/fuels-registration-reporting-and-compliance-help/rin-trades-and-price-information,epa_rin/2026-09-27T200050Z,254b72a5f9a878ff80f00798e147e043e73931d20e3808a3b0c7eb1583ffba47,1.1
2011-12-19,2011-12-25,2011-12-19,2011-12-25,D6,2011,0.030000,248673294,2026-09-27T20:00:50Z,2026-09-27T20:00:50Z,https://www.epa.gov/fuels-registration-reporting-and-compliance-help/rin-trades-and-price-information,epa_rin/2026-09-27T200050Z,254b72a5f9a878ff80f00798e147e043e73931d20e3808a3b0c7eb1583ffba47,1.1
2011-12-26,2012-01-01,2011-12-26,2012-01-01,D6,2010,0.010000,14022144,2026-09-27T20:00:50Z,2026-09-27T20:00:50Z,https://www.epa.gov/fuels-registration-reporting-and-compliance-help/rin-trades-and-price-information,epa_rin/2026-09-27T200050Z,254b72a5f9a878ff80f00798e147e043e73931d20e3808a3b0c7eb1583ffba47,1.1
2011-12-26,2012-01-01,2011-12-26,2012-01-01,D6,2011,0.020000,352277832,2026-09-27T20:00:50Z,2026-09-27T20:00:50Z,https://www.epa.gov/fuels-registration-reporting-and-compliance-help/rin-trades-and-price-information,epa_rin/2026-09-27T200050Z,254b72a5f9a878ff80f00798e147e043e73931d20e3808a3b0c7eb1583ffba47,1.1
2012-01-02,2012-01-08,2012-01-02,2012-01-08,D6,2011,0.010000,272070364,2026-09-27T20:00:50Z,2026-09-27T20:00:50Z,https://www.epa.gov/fuels-registration-reporting-and-compliance-help/rin-trades-and-price-information,epa_rin/2026-09-27T200050Z,254b72a5f9a878ff80f00798e147e043e73931d20e3808a3b0c7eb1583ffba47,1.1
2012-01-02,2012-01-08,2012-01-02,2012-01-08,D6,2012,0.010000,552416,2026-09-27T20:00:50Z,2026-09-27T20:00:50Z,https://www.epa.gov/fuels-registration-reporting-and-compliance-help/rin-trades-and-price-information,epa_rin/2026-09-27T200050Z,254b72a5f9a878ff80f00798e147e043e73931d20e3808a3b0c7eb1583ffba47,1.1
2012-01-09,2012-01-15,2012-01-09,2012-01-15,D6,2010,0.010000,52707478,2026-09-27T20:00:50Z,2026-09-27T20:00:50Z,https://www.epa.gov/fuels-registration-reporting-and-compliance-help/rin-trades-and-price-information,epa_rin/2026-09-27T200050Z,254b72a5f9a878ff80f00798e147e043e73931d20e3808a3b0c7eb1583ffba47,1.1
2012-01-09,2012-01-15,2012-01-09,2012-01-15,D6,2011,0.040000,402083157,2026-09-27T20:00:50Z,2026-09-27T20:00:50Z,https://www.epa.gov/fuels-registration-reporting-and-compliance-help/rin-trades-and-price-information,epa_rin/2026-09-27T200050Z,254b72a5f9a878ff80f00798e147e043e73931d20e3808a3b0c7eb1583ffba47,1.1
2012-01-09,2012-01-15,2012-01-09,2012-01-15,D6,2012,0.010000,2642029,2026-09-27T20:00:50Z,2026-09-27T20:00:50Z,https://www.epa.gov/fuels-registration-reporting-and-compliance-help/rin-trades-and-price-information,epa_rin/2026-09-27T200050Z,254b72a5f9a878ff80f00798e147e043e73931d20e3808a3b0c7eb1583ffba47,1.1
2012-01-16,2012-01-22,2012-01-16,2012-01-22,D6,2010,0.010000,412200,2026-09-27T20:00:50Z,2026-09-27T20:00:50Z,https://www.epa.gov/fuels-registration-reporting-and-compliance-help/rin-trades-and-price-information,epa_rin/2026-09-27T200050Z,254b72a5f9a878ff80f00798e147e043e73931d20e3808a3b0c7eb1583ffba47,1.1
2012-01-16,2012-01-22,2012-01-16,2012-01-22,D6,2011,0.010000,198148359,2026-09-27T20:00:50Z,2026-09-27T20:00:50Z,https://www.epa.gov/fuels-registration-reporting-and-compliance-help/rin-trades-and-price-information,epa_rin/2026-09-27T200050Z,254b72a5f9a878ff80f00798e147e043e73931d20e3808a3b0c7eb1583ffba47,1.1
2012-01-16,2012-01-22,2012-01-16,2012-01-22,D6,2012,0.030000,8080763,2026-09-27T20:00:50Z,2026-09-27T20:00:50Z,https://www.epa.gov/fuels-registration-reporting-and-compliance-help/rin-trades-and-price-information,epa_rin/2026-09-27T200050Z,254b72a5f9a878ff80f00798e147e043e73931d20e3808a3b0c7eb1583ffba47,1.1
2012-01-23,2012-01-29,2012-01-23,2012-01-29,D6,2011,0.010000,276894392,2026-09-27T20:00:50Z,2026-09-27T20:00:50Z,https://www.epa.gov/fuels-registration-reporting-and-compliance-help/rin-trades-and-price-information,epa_rin/2026-09-27T200050Z,254b72a5f9a878ff80f00798e147e043e73931d20e3808a3b0c7eb1583ffba47,1.1
2012-01-23,2012-01-29,2012-01-23,2012-01-29,D6,2012,0.030000,23805750,2026-09-27T20:00:50Z,2026-09-27T20:00:50Z,https://www.epa.gov/fuels-registration-reporting-and-compliance-help/rin-trades-and-price-information,epa_rin/2026-09-27T200050Z,254b72a5f9a878ff80f00798e147e043e73931d20e3808a3b0c7eb1583ffba47,1.1
2012-01-30,2012-02-05,2012-01-30,2012-02-05,D6,2011,0.010000,248770613,2026-09-27T20:00:50Z,2026-09-27T20:00:50Z,https://www.epa.gov/fuels-registration-reporting-and-compliance-help/rin-trades-and-price-information,epa_rin/2026-09-27T200050Z,254b72a5f9a878ff80f00798e147e043e73931d20e3808a3b0c7eb1583ffba47,1.1
2012-01-30,2012-02-05,2012-01-30,2012-02-05,D6,2012,0.020000,57103208,2026-09-27T20:00:50Z,2026-09-27T20:00:50Z,https://www.epa.gov/fuels-registration-reporting-and-compliance-help/rin-trades-and-price-information,epa_rin/2026-09-27T200050Z,254b72a5f9a878ff80f00798e147e043e73931d20e3808a3b0c7eb1583ffba47,1.1
2012-02-06,2012-02-12,2012-02-06,2012-02-12,D6,2011,0.010000,131783379,2026-09-27T20:00:50Z,2026-09-27T20:00:50Z,https://www.epa.gov/fuels-registration-reporting-and-compliance-help/rin-trades-and-price-information,epa_rin/2026-09-27T200050Z,254b72a5f9a878ff80f00798e147e043e73931d20e3808a3b0c7eb1583ffba47,1.1
2012-02-06,2012-02-12,2012-02-06,2012-02-12,D6,2012,0.020000,88795137,2026-09-27T20:00:50Z,2026-09-27T20:00:50Z,https://www.epa.gov/fuels-registration-reporting-and-compliance-help/rin-trades-and-price-information,epa_rin/2026-09-27T200050Z,254b72a5f9a878ff80f00798e147e043e73931d20e3808a3b0c7eb1583ffba47,1.1
2012-02-13,2012-02-19,2012-02-13,2012-02-19,D6,2010,0.010000,10268859,2026-09-27T20:00:50Z,2026-09-27T20:00:50Z,https://www.epa.gov/fuels-registration-reporting-and-compliance-help/rin-trades-and-price-information,epa_rin/2026-09-27T200050Z,254b72a5f9a878ff80f00798e147e043e73931d20e3808a3b0c7eb1583ffba47,1.1
2012-02-13,2012-02-19,2012-02-13,2012-02-19,D6,2011,0.100000,150661271,2026-09-27T20:00:50Z,2026-09-27T20:00:50Z,https://www.epa.gov/fuels-registration-reporting-and-compliance-help/rin-trades-and-price-information,epa_rin/2026-09-27T200050Z,254b72a5f9a878ff80f00798e147e043e73931d20e3808a3b0c7eb1583ffba47,1.1
2012-02-13,2012-02-19,2012-02-13,2012-02-19,D6,2012,1.250000,95307690,2026-09-27T20:00:50Z,2026-09-27T20:00:50Z,https://www.epa.gov/fuels-registration-reporting-and-compliance-help/rin-trades-and-price-information,epa_rin/2026-09-27T200050Z,254b72a5f9a878ff80f00798e147e043e73931d20e3808a3b0c7eb1583ffba47,1.1
2012-02-20,2012-02-26,2012-02-20,2012-02-26,D6,2010,0.030000,139680422,2026-09-27T20:00:50Z,2026-09-27T20:00:50Z,https://www.epa.gov/fuels-registration-reporting-and-compliance-help/rin-trades-and-price-information,epa_rin/2026-09-27T200050Z,254b72a5f9a878ff80f00798e147e043e73931d20e3808a3b0c7eb1583ffba47,1.1
2012-02-20,2012-02-26,2012-02-20,2012-02-26,D6,2011,0.010000,510268063,2026-09-27T20:00:50Z,2026-09-27T20:00:50Z,https://www.epa.gov/fuels-registration-reporting-and-compliance-help/rin-trades-and-price-information,epa_rin/2026-09-27T200050Z,254b72a5f9a878ff80f00798e147e043e73931d20e3808a3b0c7eb1583ffba47,1.1
2012-02-20,2012-02-26,2012-02-20,2012-02-26,D6,2012,0.020000,69320351,2026-09-27T20:00:50Z,2026-09-27T20:00:50Z,https://www.epa.gov/fuels-registration-reporting-and-compliance-help/rin-trades-and-price-information,epa_rin/2026-09-27T200050Z,254b72a5f9a878ff80f00798e147e043e73931d20e3808a3b0c7eb1583ffba47,1.1
2012-02-27,2012-03-04,2012-02-27,2012-03-04,D6,2010,0.010000,23209916,2026-09-27T20:00:50Z,2026-09-27T20:00:50Z,https://www.epa.gov/fuels-registration-reporting-and-compliance-help/rin-trades-and-price-information,epa_rin/2026-09-27T200050Z,254b72a5f9a878ff80f00798e147e043e73931d20e3808a3b0c7eb1583ffba47,1.1
2012-02-27,2012-03-04,2012-02-27,2012-03-04,D6,2011,0.020000,302602260,2026-09-27T20:00:50Z,2026-09-27T20:00:50Z,https://www.epa.gov/fuels-registration-reporting-and-compliance-help/rin-trades-and-price-information,epa_rin/2026-09-27T200050Z,254b72a5f9a878ff80f00798e147e043e73931d20e3808a3b0c7eb1583ffba47,1.1
2012-02-27,2012-03-04,2012-02-27,2012-03-04,D6,2012,0.030000,172768844,2026-09-27T20:00:50Z,2026-09-27T20:00:50Z,https://www.epa.gov/fuels-registration-reporting-and-compliance-help/rin-trades-and-price-information,epa_rin/2026-09-27T200050Z,254b72a5f9a878ff80f00798e147e043e73931d20e3808a3b0c7eb1583ffba47,1.1
2012-03-05,2012-03-11,2012-03-05,2012-03-11,D6,2011,0.010000,70064349,2026-09-27T20:00:50Z,2026-09-27T20:00:50Z,https://www.epa.gov/fuels-registration-reporting-and-compliance-help/rin-trades-and-price-information,epa_rin/2026-09-27T200050Z,254b72a5f9a878ff80f00798e147e043e73931d20e3808a3b0c7eb1583ffba47,1.1
2012-03-05,2012-03-11,2012-03-05,2012-03-11,D6,2012,0.020000,147459733,2026-09-27T20:00:50Z,2026-09-27T20:00:50Z,https://www.epa.gov/fuels-registration-reporting-and-compliance-help/rin-trades-and-price-information,epa_rin/2026-09-27T200050Z,254b72a5f9a878ff80f00798e147e043e73931d20e3808a3b0c7eb1583ffba47,1.1
2012-03-12,2012-03-18,2012-03-12,2012-03-18,D6,2012,0.020000,187943467,2026-09-27T20:00:50Z,2026-09-27T20:00:50Z,https://www.epa.gov/fuels-registration-reporting-and-compliance-help/rin-trades-and-price-information,epa_rin/2026-09-27T200050Z,254b72a5f9a878ff80f00798e147e043e73931d20e3808a3b0c7eb1583ffba47,1.1
2012-03-19,2012-03-25,2012-03-19,2012-03-25,D6,2011,0.010000,10310404,2026-09-27T20:00:50Z,2026-09-27T20:00:50Z,https://www.epa.gov/fuels-registration-reporting-and-compliance-help/rin-trades-and-price-information,epa_rin/2026-09-27T200050Z,254b72a5f9a878ff80f00798e147e043e73931d20e3808a3b0c7eb1583ffba47,1.1
2012-03-19,2012-03-25,2012-03-19,2012-03-25,D6,2012,0.020000,162834705,2026-09-27T20:00:50Z,2026-09-27T20:00:50Z,https://www.epa.gov/fuels-registration-reporting-and-compliance-help/rin-trades-and-price-information,epa_rin/2026-09-27T200050Z,254b72a5f9a878ff80f00798e147e043e73931d20e3808a3b0c7eb1583ffba47,1.1
2012-03-26,2012-04-01,2012-03-26,2012-04-01,D6,2011,0.010000,65931965,2026-09-27T20:00:50Z,2026-09-27T20:00:50Z,https://www.epa.gov/fuels-registration-reporting-and-compliance-help/rin-trades-and-price-information,epa_rin/2026-09-27T200050Z,254b72a5f9a878ff80f00798e147e043e73931d20e3808a3b0c7eb1583ffba47,1.1
2012-03-26,2012-04-01,2012-03-26,2012-04-01,D6,2012,0.020000,218889620,2026-09-27T20:00:50Z,2026-09-27T20:00:50Z,https://www.epa.gov/fuels-registration-reporting-and-compliance-help/rin-trades-and-price-information,epa_rin/2026-09-27T200050Z,254b72a5f9a878ff80f00798e147e043e73931d20e3808a3b0c7eb1583ffba47,1.1
2012-04-02,2012-04-08,2012-04-02,2012-04-08,D6,2012,0.020000,178978177,2026-09-27T20:00:50Z,2026-09-27T20:00:50Z,https://www.epa.gov/fuels-registration-reporting-and-compliance-help/rin-trades-and-price-information,epa_rin/2026-09-27T200050Z,254b72a5f9a878ff80f00798e147e043e73931d20e3808a3b0c7eb1583ffba47,1.1
2012-04-09,2012-04-15,2012-04-09,2012-04-15,D6,2011,0.010000,5870715,2026-09-27T20:00:50Z,2026-09-27T20:00:50Z,https://www.epa.gov/fuels-registration-reporting-and-compliance-help/rin-trades-and-price-information,epa_rin/2026-09-27T200050Z,254b72a5f9a878ff80f00798e147e043e73931d20e3808a3b0c7eb1583ffba47,1.1
2012-04-09,2012-04-15,2012-04-09,2012-04-15,D6,2012,0.020000,169658650,2026-09-27T20:00:50Z,2026-09-27T20:00:50Z,https://www.epa.gov/fuels-registration-reporting-and-compliance-help/rin-trades-and-price-information,epa_rin/2026-09-27T200050Z,254b72a5f9a878ff80f00798e147e043e73931d20e3808a3b0c7eb1583ffba47,1.1
2012-04-16,2012-04-22,2012-04-16,2012-04-22,D6,2012,0.020000,134208230,2026-09-27T20:00:50Z,2026-09-27T20:00:50Z,https://www.epa.gov/fuels-registration-reporting-and-compliance-help/rin-trades-and-price-information,epa_rin/2026-09-27T200050Z,254b72a5f9a878ff80f00798e147e043e73931d20e3808a3b0c7eb1583ffba47,1.1
2012-04-23,2012-04-29,2012-04-23,2012-04-29,D6,2011,0.010000,26992696,2026-09-27T20:00:50Z,2026-09-27T20:00:50Z,https://www.epa.gov/fuels-registration-reporting-and-compliance-help/rin-trades-and-price-information,epa_rin/2026-09-27T200050Z,254b72a5f9a878ff80f00798e147e043e73931d20e3808a3b0c7eb1583ffba47,1.1
2012-04-23,2012-04-29,2012-04-23,2012-04-29,D6,2012,0.020000,222837265,2026-09-27T20:00:50Z,2026-09-27T20:00:50Z,https://www.epa.gov/fuels-registration-reporting-and-compliance-help/rin-trades-and-price-information,epa_rin/2026-09-27T200050Z,254b72a5f9a878ff80f00798e147e043e73931d20e3808a3b0c7eb1583ffba47,1.1
2012-04-30,2012-05-06,2012-04-30,2012-05-06,D6,2011,0.010000,33061445,2026-09-27T20:00:50Z,2026-09-27T20:00:50Z,https://www.epa.gov/fuels-registration-reporting-and-compliance-help/rin-trades-and-price-information,epa_rin/2026-09-27T200050Z,254b72a5f9a878ff80f00798e147e043e73931d20e3808a3b0c7eb1583ffba47,1.1
2012-04-30,2012-05-06,2012-04-30,2012-05-06,D6,2012,0.030000,266535759,2026-09-27T20:00:50Z,2026-09-27T20:00:50Z,https://www.epa.gov/fuels-registration-reporting-and-compliance-help/rin-trades-and-price-information,epa_rin/2026-09-27T200050Z,254b72a5f9a878ff80f00798e147e043e73931d20e3808a3b0c7eb1583ffba47,1.1
2012-05-07,2012-05-13,2012-05-07,2012-05-13,D6,2011,0.010000,13344074,2026-09-27T20:00:50Z,2026-09-27T20:00:50Z,https://www.epa.gov/fuels-registration-reporting-and-compliance-help/rin-trades-and-price-information,epa_rin/2026-09-27T200050Z,254b72a5f9a878ff80f00798e147e043e73931d20e3808a3b0c7eb1583ffba47,1.1
2012-05-07,2012-05-13,2012-05-07,2012-05-13,D6,2012,0.020000,203062242,2026-09-27T20:00:50Z,2026-09-27T20:00:50Z,https://www.epa.gov/fuels-registration-reporting-and-compliance-help/rin-trades-and-price-information,epa_rin/2026-09-27T200050Z,254b72a5f9a878ff80f00798e147e043e73931d20e3808a3b0c7eb1583ffba47,1.1
2012-05-14,2012-05-20,2012-05-14,2012-05-20,D6,2011,0.010000,20238133,2026-09-27T20:00:50Z,2026-09-27T20:00:50Z,https://www.epa.gov/fuels-registration-reporting-and-compliance-help/rin-trades-and-price-information,epa_rin/2026-09-27T200050Z,254b72a5f9a878ff80f00798e147e043e73931d20e3808a3b0c7eb1583ffba47,1.1
2012-05-14,2012-05-20,2012-05-14,2012-05-20,D6,2012,0.070000,153498555,2026-09-27T20:00:50Z,2026-09-27T20:00:50Z,https://www.epa.gov/fuels-registration-reporting-and-compliance-help/rin-trades-and-price-information,epa_rin/2026-09-27T200050Z,254b72a5f9a878ff80f00798e147e043e73931d20e3808a3b0c7eb1583ffba47,1.1
2012-05-21,2012-05-27,2012-05-21,2012-05-27,D6,2011,0.010000,12060865,2026-09-27T20:00:50Z,2026-09-27T20:00:50Z,https://www.epa.gov/fuels-registration-reporting-and-compliance-help/rin-trades-and-price-information,epa_rin/2026-09-27T200050Z,254b72a5f9a878ff80f00798e147e043e73931d20e3808a3b0c7eb1583ffba47,1.1
2012-05-21,2012-05-27,2012-05-21,2012-05-27,D6,2012,0.020000,245774630,2026-09-27T20:00:50Z,2026-09-27T20:00:50Z,https://www.epa.gov/fuels-registration-reporting-and-compliance-help/rin-trades-and-price-information,epa_rin/2026-09-27T200050Z,254b72a5f9a878ff80f00798e147e043e73931d20e3808a3b0c7eb1583ffba47,1.1
2012-05-28,2012-06-03,2012-05-28,2012-06-03,D6,2011,0.030000,39427346,2026-09-27T20:00:50Z,2026-09-27T20:00:50Z,https://www.epa.gov/fuels-registration-reporting-and-compliance-help/rin-trades-and-price-information,epa_rin/2026-09-27T200050Z,254b72a5f9a878ff80f00798e147e043e73931d20e3808a3b0c7eb1583ffba47,1.1
2012-05-28,2012-06-03,2012-05-28,2012-06-03,D6,2012,0.020000,180373393,2026-09-27T20:00:50Z,2026-09-27T20:00:50Z,https://www.epa.gov/fuels-registration-reporting-and-compliance-help/rin-trades-and-price-information,epa_rin/2026-09-27T200050Z,254b72a5f9a878ff80f00798e147e043e73931d20e3808a3b0c7eb1583ffba47,1.1
2012-06-04,2012-06-10,2012-06-04,2012-06-10,D6,2012,0.020000,221294122,2026-09-27T20:00:50Z,2026-09-27T20:00:50Z,https://www.epa.gov/fuels-registration-reporting-and-compliance-help/rin-trades-and-price-information,epa_rin/2026-09-27T200050Z,254b72a5f9a878ff80f00798e147e043e73931d20e3808a3b0c7eb1583ffba47,1.1
2012-06-11,2012-06-17,2012-06-11,2012-06-17,D6,2012,0.020000,154441185,2026-09-27T20:00:50Z,2026-09-27T20:00:50Z,https://www.epa.gov/fuels-registration-reporting-and-compliance-help/rin-trades-and-price-information,epa_rin/2026-09-27T200050Z,254b72a5f9a878ff80f00798e147e043e73931d20e3808a3b0c7eb1583ffba47,1.1
2012-06-18,2012-06-24,2012-06-18,2012-06-24,D6,2012,0.020000,246196821,2026-09-27T20:00:50Z,2026-09-27T20:00:50Z,https://www.epa.gov/fuels-registration-reporting-and-compliance-help/rin-trades-and-price-information,epa_rin/2026-09-27T200050Z,254b72a5f9a878ff80f00798e147e043e73931d20e3808a3b0c7eb1583ffba47,1.1
2012-06-25,2012-07-01,2012-06-25,2012-07-01,D6,2011,0.010000,34391066,2026-09-27T20:00:50Z,2026-09-27T20:00:50Z,https://www.epa.gov/fuels-registration-reporting-and-compliance-help/rin-trades-and-price-information,epa_rin/2026-09-27T200050Z,254b72a5f9a878ff80f00798e147e043e73931d20e3808a3b0c7eb1583ffba47,1.1
2012-06-25,2012-07-01,2012-06-25,2012-07-01,D6,2012,0.020000,483586437,2026-09-27T20:00:50Z,2026-09-27T20:00:50Z,https://www.epa.gov/fuels-registration-reporting-and-compliance-help/rin-trades-and-price-information,epa_rin/2026-09-27T200050Z,254b72a5f9a878ff80f00798e147e043e73931d20e3808a3b0c7eb1583ffba47,1.1
2012-07-02,2012-07-08,2012-07-02,2012-07-08,D6,2011,0.010000,6092992,2026-09-27T20:00:50Z,2026-09-27T20:00:50Z,https://www.epa.gov/fuels-registration-reporting-and-compliance-help/rin-trades-and-price-information,epa_rin/2026-09-27T200050Z,254b72a5f9a878ff80f00798e147e043e73931d20e3808a3b0c7eb1583ffba47,1.1
2012-07-02,2012-07-08,2012-07-02,2012-07-08,D6,2012,0.050000,168995406,2026-09-27T20:00:50Z,2026-09-27T20:00:50Z,https://www.epa.gov/fuels-registration-reporting-and-compliance-help/rin-trades-and-price-information,epa_rin/2026-09-27T200050Z,254b72a5f9a878ff80f00798e147e043e73931d20e3808a3b0c7eb1583ffba47,1.1
2012-07-09,2012-07-15,2012-07-09,2012-07-15,D6,2011,0.010000,15642986,2026-09-27T20:00:50Z,2026-09-27T20:00:50Z,https://www.epa.gov/fuels-registration-reporting-and-compliance-help/rin-trades-and-price-information,epa_rin/2026-09-27T200050Z,254b72a5f9a878ff80f00798e147e043e73931d20e3808a3b0c7eb1583ffba47,1.1
2012-07-09,2012-07-15,2012-07-09,2012-07-15,D6,2012,0.020000,272207402,2026-09-27T20:00:50Z,2026-09-27T20:00:50Z,https://www.epa.gov/fuels-registration-reporting-and-compliance-help/rin-trades-and-price-information,epa_rin/2026-09-27T200050Z,254b72a5f9a878ff80f00798e147e043e73931d20e3808a3b0c7eb1583ffba47,1.1
2012-07-16,2012-07-22,2012-07-16,2012-07-22,D6,2011,0.010000,24528546,2026-09-27T20:00:50Z,2026-09-27T20:00:50Z,https://www.epa.gov/fuels-registration-reporting-and-compliance-help/rin-trades-and-price-information,epa_rin/2026-09-27T200050Z,254b72a5f9a878ff80f00798e147e043e73931d20e3808a3b0c7eb1583ffba47,1.1
2012-07-16,2012-07-22,2012-07-16,2012-07-22,D6,2012,0.030000,247060592,2026-09-27T20:00:50Z,2026-09-27T20:00:50Z,https://www.epa.gov/fuels-registration-reporting-and-compliance-help/rin-trades-and-price-information,epa_rin/2026-09-27T200050Z,254b72a5f9a878ff80f00798e147e043e73931d20e3808a3b0c7eb1583ffba47,1.1
2012-07-23,2012-07-29,2012-07-23,2012-07-29,D6,2011,0.010000,32110652,2026-09-27T20:00:50Z,2026-09-27T20:00:50Z,https://www.epa.gov/fuels-registration-reporting-and-compliance-help/rin-trades-and-price-information,epa_rin/2026-09-27T200050Z,254b72a5f9a878ff80f00798e147e043e73931d20e3808a3b0c7eb1583ffba47,1.1
2012-07-23,2012-07-29,2012-07-23,2012-07-29,D6,2012,0.060000,311090352,2026-09-27T20:00:50Z,2026-09-27T20:00:50Z,https://www.epa.gov/fuels-registration-reporting-and-compliance-help/rin-trades-and-price-information,epa_rin/2026-09-27T200050Z,254b72a5f9a878ff80f00798e147e043e73931d20e3808a3b0c7eb1583ffba47,1.1
2012-07-30,2012-08-05,2012-07-30,2012-08-05,D6,2011,0.050000,158328684,2026-09-27T20:00:50Z,2026-09-27T20:00:50Z,https://www.epa.gov/fuels-registration-reporting-and-compliance-help/rin-trades-and-price-information,epa_rin/2026-09-27T200050Z,254b72a5f9a878ff80f00798e147e043e73931d20e3808a3b0c7eb1583ffba47,1.1
2012-07-30,2012-08-05,2012-07-30,2012-08-05,D6,2012,0.060000,276516340,2026-09-27T20:00:50Z,2026-09-27T20:00:50Z,https://www.epa.gov/fuels-registration-reporting-and-compliance-help/rin-trades-and-price-information,epa_rin/2026-09-27T200050Z,254b72a5f9a878ff80f00798e147e043e73931d20e3808a3b0c7eb1583ffba47,1.1
2012-08-06,2012-08-12,2012-08-06,2012-08-12,D6,2011,0.070000,35341656,2026-09-27T20:00:50Z,2026-09-27T20:00:50Z,https://www.epa.gov/fuels-registration-reporting-and-compliance-help/rin-trades-and-price-information,epa_rin/2026-09-27T200050Z,254b72a5f9a878ff80f00798e147e043e73931d20e3808a3b0c7eb1583ffba47,1.1
2012-08-06,2012-08-12,2012-08-06,2012-08-12,D6,2012,0.040000,229966337,2026-09-27T20:00:50Z,2026-09-27T20:00:50Z,https://www.epa.gov/fuels-registration-reporting-and-compliance-help/rin-trades-and-price-information,epa_rin/2026-09-27T200050Z,254b72a5f9a878ff80f00798e147e043e73931d20e3808a3b0c7eb1583ffba47,1.1
2012-08-13,2012-08-19,2012-08-13,2012-08-19,D6,2011,0.010000,22178286,2026-09-27T20:00:50Z,2026-09-27T20:00:50Z,https://www.epa.gov/fuels-registration-reporting-and-compliance-help/rin-trades-and-price-information,epa_rin/2026-09-27T200050Z,254b72a5f9a878ff80f00798e147e043e73931d20e3808a3b0c7eb1583ffba47,1.1
2012-08-13,2012-08-19,2012-08-13,2012-08-19,D6,2012,0.040000,243370972,2026-09-27T20:00:50Z,2026-09-27T20:00:50Z,https://www.epa.gov/fuels-registration-reporting-and-compliance-help/rin-trades-and-price-information,epa_rin/2026-09-27T200050Z,254b72a5f9a878ff80f00798e147e043e73931d20e3808a3b0c7eb1583ffba47,1.1
2012-08-20,2012-08-26,2012-08-20,2012-08-26,D6,2011,0.040000,22215746,2026-09-27T20:00:50Z,2026-09-27T20:00:50Z,https://www.epa.gov/fuels-registration-reporting-and-compliance-help/rin-trades-and-price-information,epa_rin/2026-09-27T200050Z,254b72a5f9a878ff80f00798e147e043e73931d20e3808a3b0c7eb1583ffba47,1.1
2012-08-20,2012-08-26,2012-08-20,2012-08-26,D6,2012,0.060000,256609305,2026-09-27T20:00:50Z,2026-09-27T20:00:50Z,https://www.epa.gov/fuels-registration-reporting-and-compliance-help/rin-trades-and-price-information,epa_rin/2026-09-27T200050Z,254b72a5f9a878ff80f00798e147e043e73931d20e3808a3b0c7eb1583ffba47,1.1
2012-08-27,2012-09-02,2012-08-27,2012-09-02,D6,2011,0.100000,140135410,2026-09-27T20:00:50Z,2026-09-27T20:00:50Z,https://www.epa.gov/fuels-registration-reporting-and-compliance-help/rin-trades-and-price-information,epa_rin/2026-09-27T200050Z,254b72a5f9a878ff80f00798e147e043e73931d20e3808a3b0c7eb1583ffba47,1.1
2012-08-27,2012-09-02,2012-08-27,2012-09-02,D6,2012,0.060000,374208277,2026-09-27T20:00:50Z,2026-09-27T20:00:50Z,https://www.epa.gov/fuels-registration-reporting-and-compliance-help/rin-trades-and-price-information,epa_rin/2026-09-27T200050Z,254b72a5f9a878ff80f00798e147e043e73931d20e3808a3b0c7eb1583ffba47,1.1
2012-09-03,2012-09-09,2012-09-03,2012-09-09,D6,2011,0.040000,15453978,2026-09-27T20:00:50Z,2026-09-27T20:00:50Z,https://www.epa.gov/fuels-registration-reporting-and-compliance-help/rin-trades-and-price-information,epa_rin/2026-09-27T200050Z,254b72a5f9a878ff80f00798e147e043e73931d20e3808a3b0c7eb1583ffba47,1.1
2012-09-03,2012-09-09,2012-09-03,2012-09-09,D6,2012,0.030000,230001501,2026-09-27T20:00:50Z,2026-09-27T20:00:50Z,https://www.epa.gov/fuels-registration-reporting-and-compliance-help/rin-trades-and-price-information,epa_rin/2026-09-27T200050Z,254b72a5f9a878ff80f00798e147e043e73931d20e3808a3b0c7eb1583ffba47,1.1
2012-09-10,2012-09-16,2012-09-10,2012-09-16,D6,2011,0.280000,23456073,2026-09-27T20:00:50Z,2026-09-27T20:00:50Z,https://www.epa.gov/fuels-registration-reporting-and-compliance-help/rin-trades-and-price-information,epa_rin/2026-09-27T200050Z,254b72a5f9a878ff80f00798e147e043e73931d20e3808a3b0c7eb1583ffba47,1.1
2012-09-10,2012-09-16,2012-09-10,2012-09-16,D6,2012,0.040000,170384409,2026-09-27T20:00:50Z,2026-09-27T20:00:50Z,https://www.epa.gov/fuels-registration-reporting-and-compliance-help/rin-trades-and-price-information,epa_rin/2026-09-27T200050Z,254b72a5f9a878ff80f00798e147e043e73931d20e3808a3b0c7eb1583ffba47,1.1
2012-09-17,2012-09-23,2012-09-17,2012-09-23,D6,2011,0.010000,28250636,2026-09-27T20:00:50Z,2026-09-27T20:00:50Z,https://www.epa.gov/fuels-registration-reporting-and-compliance-help/rin-trades-and-price-information,epa_rin/2026-09-27T200050Z,254b72a5f9a878ff80f00798e147e043e73931d20e3808a3b0c7eb1583ffba47,1.1
2012-09-17,2012-09-23,2012-09-17,2012-09-23,D6,2012,0.040000,201904930,2026-09-27T20:00:50Z,2026-09-27T20:00:50Z,https://www.epa.gov/fuels-registration-reporting-and-compliance-help/rin-trades-and-price-information,epa_rin/2026-09-27T200050Z,254b72a5f9a878ff80f00798e147e043e73931d20e3808a3b0c7eb1583ffba47,1.1
2012-09-24,2012-09-30,2012-09-24,2012-09-30,D6,2011,0.030000,46952525,2026-09-27T20:00:50Z,2026-09-27T20:00:50Z,https://www.epa.gov/fuels-registration-reporting-and-compliance-help/rin-trades-and-price-information,epa_rin/2026-09-27T200050Z,254b72a5f9a878ff80f00798e147e043e73931d20e3808a3b0c7eb1583ffba47,1.1
2012-09-24,2012-09-30,2012-09-24,2012-09-30,D6,2012,0.030000,407538708,2026-09-27T20:00:50Z,2026-09-27T20:00:50Z,https://www.epa.gov/fuels-registration-reporting-and-compliance-help/rin-trades-and-price-information,epa_rin/2026-09-27T200050Z,254b72a5f9a878ff80f00798e147e043e73931d20e3808a3b0c7eb1583ffba47,1.1
2012-10-01,2012-10-07,2012-10-01,2012-10-07,D6,2011,0.090000,48214224,2026-09-27T20:00:50Z,2026-09-27T20:00:50Z,https://www.epa.gov/fuels-registration-reporting-and-compliance-help/rin-trades-and-price-information,epa_rin/2026-09-27T200050Z,254b72a5f9a878ff80f00798e147e043e73931d20e3808a3b0c7eb1583ffba47,1.1
2012-10-01,2012-10-07,2012-10-01,2012-10-07,D6,2012,0.030000,216882271,2026-09-27T20:00:50Z,2026-09-27T20:00:50Z,https://www.epa.gov/fuels-registration-reporting-and-compliance-help/rin-trades-and-price-information,epa_rin/2026-09-27T200050Z,254b72a5f9a878ff80f00798e147e043e73931d20e3808a3b0c7eb1583ffba47,1.1
2012-10-08,2012-10-14,2012-10-08,2012-10-14,D6,2011,0.010000,6763806,2026-09-27T20:00:50Z,2026-09-27T20:00:50Z,https://www.epa.gov/fuels-registration-reporting-and-compliance-help/rin-trades-and-price-information,epa_rin/2026-09-27T200050Z,254b72a5f9a878ff80f00798e147e043e73931d20e3808a3b0c7eb1583ffba47,1.1
2012-10-08,2012-10-14,2012-10-08,2012-10-14,D6,2012,0.030000,177825680,2026-09-27T20:00:50Z,2026-09-27T20:00:50Z,https://www.epa.gov/fuels-registration-reporting-and-compliance-help/rin-trades-and-price-information,epa_rin/2026-09-27T200050Z,254b72a5f9a878ff80f00798e147e043e73931d20e3808a3b0c7eb1583ffba47,1.1
2012-10-15,2012-10-21,2012-10-15,2012-10-21,D6,2011,0.300000,5509503,2026-09-27T20:00:50Z,2026-09-27T20:00:50Z,https://www.epa.gov/fuels-registration-reporting-and-compliance-help/rin-trades-and-price-information,epa_rin/2026-09-27T200050Z,254b72a5f9a878ff80f00798e147e043e73931d20e3808a3b0c7eb1583ffba47,1.1
2012-10-15,2012-10-21,2012-10-15,2012-10-21,D6,2012,0.030000,214920222,2026-09-27T20:00:50Z,2026-09-27T20:00:50Z,https://www.epa.gov/fuels-registration-reporting-and-compliance-help/rin-trades-and-price-information,epa_rin/2026-09-27T200050Z,254b72a5f9a878ff80f00798e147e043e73931d20e3808a3b0c7eb1583ffba47,1.1
2012-10-22,2012-10-28,2012-10-22,2012-10-28,D6,2011,0.390000,27193470,2026-09-27T20:00:50Z,2026-09-27T20:00:50Z,https://www.epa.gov/fuels-registration-reporting-and-compliance-help/rin-trades-and-price-information,epa_rin/2026-09-27T200050Z,254b72a5f9a878ff80f00798e147e043e73931d20e3808a3b0c7eb1583ffba47,1.1
2012-10-22,2012-10-28,2012-10-22,2012-10-28,D6,2012,0.080000,285189897,2026-09-27T20:00:50Z,2026-09-27T20:00:50Z,https://www.epa.gov/fuels-registration-reporting-and-compliance-help/rin-trades-and-price-information,epa_rin/2026-09-27T200050Z,254b72a5f9a878ff80f00798e147e043e73931d20e3808a3b0c7eb1583ffba47,1.1
2012-10-29,2012-11-04,2012-10-29,2012-11-04,D6,2011,0.010000,72502507,2026-09-27T20:00:50Z,2026-09-27T20:00:50Z,https://www.epa.gov/fuels-registration-reporting-and-compliance-help/rin-trades-and-price-information,epa_rin/2026-09-27T200050Z,254b72a5f9a878ff80f00798e147e043e73931d20e3808a3b0c7eb1583ffba47,1.1
2012-10-29,2012-11-04,2012-10-29,2012-11-04,D6,2012,0.070000,308628724,2026-09-27T20:00:50Z,2026-09-27T20:00:50Z,https://www.epa.gov/fuels-registration-reporting-and-compliance-help/rin-trades-and-price-information,epa_rin/2026-09-27T200050Z,254b72a5f9a878ff80f00798e147e043e73931d20e3808a3b0c7eb1583ffba47,1.1
2012-11-05,2012-11-11,2012-11-05,2012-11-11,D6,2011,0.050000,59768425,2026-09-27T20:00:50Z,2026-09-27T20:00:50Z,https://www.epa.gov/fuels-registration-reporting-and-compliance-help/rin-trades-and-price-information,epa_rin/2026-09-27T200050Z,254b72a5f9a878ff80f00798e147e043e73931d20e3808a3b0c7eb1583ffba47,1.1
2012-11-05,2012-11-11,2012-11-05,2012-11-11,D6,2012,0.080000,199169208,2026-09-27T20:00:50Z,2026-09-27T20:00:50Z,https://www.epa.gov/fuels-registration-reporting-and-compliance-help/rin-trades-and-price-information,epa_rin/2026-09-27T200050Z,254b72a5f9a878ff80f00798e147e043e73931d20e3808a3b0c7eb1583ffba47,1.1
2012-11-12,2012-11-18,2012-11-12,2012-11-18,D6,2011,0.250000,26332273,2026-09-27T20:00:50Z,2026-09-27T20:00:50Z,https://www.epa.gov/fuels-registration-reporting-and-compliance-help/rin-trades-and-price-information,epa_rin/2026-09-27T200050Z,254b72a5f9a878ff80f00798e147e043e73931d20e3808a3b0c7eb1583ffba47,1.1
2012-11-12,2012-11-18,2012-11-12,2012-11-18,D6,2012,0.060000,305801855,2026-09-27T20:00:50Z,2026-09-27T20:00:50Z,https://www.epa.gov/fuels-registration-reporting-and-compliance-help/rin-trades-and-price-information,epa_rin/2026-09-27T200050Z,254b72a5f9a878ff80f00798e147e043e73931d20e3808a3b0c7eb1583ffba47,1.1
2012-11-19,2012-11-25,2012-11-19,2012-11-25,D6,2011,0.410000,11670820,2026-09-27T20:00:50Z,2026-09-27T20:00:50Z,https://www.epa.gov/fuels-registration-reporting-and-compliance-help/rin-trades-and-price-information,epa_rin/2026-09-27T200050Z,254b72a5f9a878ff80f00798e147e043e73931d20e3808a3b0c7eb1583ffba47,1.1
2012-11-19,2012-11-25,2012-11-19,2012-11-25,D6,2012,0.040000,132566996,2026-09-27T20:00:50Z,2026-09-27T20:00:50Z,https://www.epa.gov/fuels-registration-reporting-and-compliance-help/rin-trades-and-price-information,epa_rin/2026-09-27T200050Z,254b72a5f9a878ff80f00798e147e043e73931d20e3808a3b0c7eb1583ffba47,1.1
2012-11-26,2012-12-02,2012-11-26,2012-12-02,D6,2011,0.110000,43747687,2026-09-27T20:00:50Z,2026-09-27T20:00:50Z,https://www.epa.gov/fuels-registration-reporting-and-compliance-help/rin-trades-and-price-information,epa_rin/2026-09-27T200050Z,254b72a5f9a878ff80f00798e147e043e73931d20e3808a3b0c7eb1583ffba47,1.1
2012-11-26,2012-12-02,2012-11-26,2012-12-02,D6,2012,0.060000,373184164,2026-09-27T20:00:50Z,2026-09-27T20:00:50Z,https://www.epa.gov/fuels-registration-reporting-and-compliance-help/rin-trades-and-price-information,epa_rin/2026-09-27T200050Z,254b72a5f9a878ff80f00798e147e043e73931d20e3808a3b0c7eb1583ffba47,1.1
2012-12-03,2012-12-09,2012-12-03,2012-12-09,D6,2011,0.030000,10580000,2026-09-27T20:00:50Z,2026-09-27T20:00:50Z,https://www.epa.gov/fuels-registration-reporting-and-compliance-help/rin-trades-and-price-information,epa_rin/2026-09-27T200050Z,254b72a5f9a878ff80f00798e147e043e73931d20e3808a3b0c7eb1583ffba47,1.1
2012-12-03,2012-12-09,2012-12-03,2012-12-09,D6,2012,0.040000,271107118,2026-09-27T20:00:50Z,2026-09-27T20:00:50Z,https://www.epa.gov/fuels-registration-reporting-and-compliance-help/rin-trades-and-price-information,epa_rin/2026-09-27T200050Z,254b72a5f9a878ff80f00798e147e043e73931d20e3808a3b0c7eb1583ffba47,1.1
2012-12-10,2012-12-16,2012-12-10,2012-12-16,D6,2011,0.060000,21473508,2026-09-27T20:00:50Z,2026-09-27T20:00:50Z,https://www.epa.gov/fuels-registration-reporting-and-compliance-help/rin-trades-and-price-information,epa_rin/2026-09-27T200050Z,254b72a5f9a878ff80f00798e147e043e73931d20e3808a3b0c7eb1583ffba47,1.1
2012-12-10,2012-12-16,2012-12-10,2012-12-16,D6,2012,0.040000,258540173,2026-09-27T20:00:50Z,2026-09-27T20:00:50Z,https://www.epa.gov/fuels-registration-reporting-and-compliance-help/rin-trades-and-price-information,epa_rin/2026-09-27T200050Z,254b72a5f9a878ff80f00798e147e043e73931d20e3808a3b0c7eb1583ffba47,1.1
2012-12-17,2012-12-23,2012-12-17,2012-12-23,D6,2011,0.010000,17752905,2026-09-27T20:00:50Z,2026-09-27T20:00:50Z,https://www.epa.gov/fuels-registration-reporting-and-compliance-help/rin-trades-and-price-information,epa_rin/2026-09-27T200050Z,254b72a5f9a878ff80f00798e147e043e73931d20e3808a3b0c7eb1583ffba47,1.1
2012-12-17,2012-12-23,2012-12-17,2012-12-23,D6,2012,0.040000,576520036,2026-09-27T20:00:50Z,2026-09-27T20:00:50Z,https://www.epa.gov/fuels-registration-reporting-and-compliance-help/rin-trades-and-price-information,epa_rin/2026-09-27T200050Z,254b72a5f9a878ff80f00798e147e043e73931d20e3808a3b0c7eb1583ffba47,1.1
2012-12-24,2012-12-30,2012-12-24,2012-12-30,D6,2011,0.010000,57886719,2026-09-27T20:00:50Z,2026-09-27T20:00:50Z,https://www.epa.gov/fuels-registration-reporting-and-compliance-help/rin-trades-and-price-information,epa_rin/2026-09-27T200050Z,254b72a5f9a878ff80f00798e147e043e73931d20e3808a3b0c7eb1583ffba47,1.1
2012-12-24,2012-12-30,2012-12-24,2012-12-30,D6,2012,0.050000,281275110,2026-09-27T20:00:50Z,2026-09-27T20:00:50Z,https://www.epa.gov/fuels-registration-reporting-and-compliance-help/rin-trades-and-price-information,epa_rin/2026-09-27T200050Z,254b72a5f9a878ff80f00798e147e043e73931d20e3808a3b0c7eb1583ffba47,1.1
2012-12-31,2013-01-06,2012-12-31,2013-01-06,D6,2011,0.030000,5032137,2026-09-27T20:00:50Z,2026-09-27T20:00:50Z,https://www.epa.gov/fuels-registration-reporting-and-compliance-help/rin-trades-and-price-information,epa_rin/2026-09-27T200050Z,254b72a5f9a878ff80f00798e147e043e73931d20e3808a3b0c7eb1583ffba47,1.1
2012-12-31,2013-01-06,2012-12-31,2013-01-06,D6,2012,0.050000,267751644,2026-09-27T20:00:50Z,2026-09-27T20:00:50Z,https://www.epa.gov/fuels-registration-reporting-and-compliance-help/rin-trades-and-price-information,epa_rin/2026-09-27T200050Z,254b72a5f9a878ff80f00798e147e043e73931d20e3808a3b0c7eb1583ffba47,1.1
2012-12-31,2013-01-06,2012-12-31,2013-01-06,D6,2013,0.010000,5032360,2026-09-27T20:00:50Z,2026-09-27T20:00:50Z,https://www.epa.gov/fuels-registration-reporting-and-compliance-help/rin-trades-and-price-information,epa_rin/2026-09-27T200050Z,254b72a5f9a878ff80f00798e147e043e73931d20e3808a3b0c7eb1583ffba47,1.1
2013-01-07,2013-01-13,2013-01-07,2013-01-13,D6,2011,0.010000,5117262,2026-09-27T20:00:50Z,2026-09-27T20:00:50Z,https://www.epa.gov/fuels-registration-reporting-and-compliance-help/rin-trades-and-price-information,epa_rin/2026-09-27T200050Z,254b72a5f9a878ff80f00798e147e043e73931d20e3808a3b0c7eb1583ffba47,1.1
2013-01-07,2013-01-13,2013-01-07,2013-01-13,D6,2012,0.050000,293319864,2026-09-27T20:00:50Z,2026-09-27T20:00:50Z,https://www.epa.gov/fuels-registration-reporting-and-compliance-help/rin-trades-and-price-information,epa_rin/2026-09-27T200050Z,254b72a5f9a878ff80f00798e147e043e73931d20e3808a3b0c7eb1583ffba47,1.1
2013-01-07,2013-01-13,2013-01-07,2013-01-13,D6,2013,0.060000,3361343,2026-09-27T20:00:50Z,2026-09-27T20:00:50Z,https://www.epa.gov/fuels-registration-reporting-and-compliance-help/rin-trades-and-price-information,epa_rin/2026-09-27T200050Z,254b72a5f9a878ff80f00798e147e043e73931d20e3808a3b0c7eb1583ffba47,1.1
2013-01-14,2013-01-20,2013-01-14,2013-01-20,D6,2011,0.010000,27866597,2026-09-27T20:00:50Z,2026-09-27T20:00:50Z,https://www.epa.gov/fuels-registration-reporting-and-compliance-help/rin-trades-and-price-information,epa_rin/2026-09-27T200050Z,254b72a5f9a878ff80f00798e147e043e73931d20e3808a3b0c7eb1583ffba47,1.1
2013-01-14,2013-01-20,2013-01-14,2013-01-20,D6,2012,0.070000,320948206,2026-09-27T20:00:50Z,2026-09-27T20:00:50Z,https://www.epa.gov/fuels-registration-reporting-and-compliance-help/rin-trades-and-price-information,epa_rin/2026-09-27T200050Z,254b72a5f9a878ff80f00798e147e043e73931d20e3808a3b0c7eb1583ffba47,1.1
2013-01-14,2013-01-20,2013-01-14,2013-01-20,D6,2013,0.060000,7849597,2026-09-27T20:00:50Z,2026-09-27T20:00:50Z,https://www.epa.gov/fuels-registration-reporting-and-compliance-help/rin-trades-and-price-information,epa_rin/2026-09-27T200050Z,254b72a5f9a878ff80f00798e147e043e73931d20e3808a3b0c7eb1583ffba47,1.1
2013-01-21,2013-01-27,2013-01-21,2013-01-27,D6,2011,0.140000,5198333,2026-09-27T20:00:50Z,2026-09-27T20:00:50Z,https://www.epa.gov/fuels-registration-reporting-and-compliance-help/rin-trades-and-price-information,epa_rin/2026-09-27T200050Z,254b72a5f9a878ff80f00798e147e043e73931d20e3808a3b0c7eb1583ffba47,1.1
2013-01-21,2013-01-27,2013-01-21,2013-01-27,D6,2012,0.080000,316333599,2026-09-27T20:00:50Z,2026-09-27T20:00:50Z,https://www.epa.gov/fuels-registration-reporting-and-compliance-help/rin-trades-and-price-information,epa_rin/2026-09-27T200050Z,254b72a5f9a878ff80f00798e147e043e73931d20e3808a3b0c7eb1583ffba47,1.1
2013-01-21,2013-01-27,2013-01-21,2013-01-27,D6,2013,0.120000,19264425,2026-09-27T20:00:50Z,2026-09-27T20:00:50Z,https://www.epa.gov/fuels-registration-reporting-and-compliance-help/rin-trades-and-price-information,epa_rin/2026-09-27T200050Z,254b72a5f9a878ff80f00798e147e043e73931d20e3808a3b0c7eb1583ffba47,1.1
2013-01-28,2013-02-03,2013-01-28,2013-02-03,D6,2011,0.020000,47797493,2026-09-27T20:00:50Z,2026-09-27T20:00:50Z,https://www.epa.gov/fuels-registration-reporting-and-compliance-help/rin-trades-and-price-information,epa_rin/2026-09-27T200050Z,254b72a5f9a878ff80f00798e147e043e73931d20e3808a3b0c7eb1583ffba47,1.1
2013-01-28,2013-02-03,2013-01-28,2013-02-03,D6,2012,0.130000,375503848,2026-09-27T20:00:50Z,2026-09-27T20:00:50Z,https://www.epa.gov/fuels-registration-reporting-and-compliance-help/rin-trades-and-price-information,epa_rin/2026-09-27T200050Z,254b72a5f9a878ff80f00798e147e043e73931d20e3808a3b0c7eb1583ffba47,1.1
2013-01-28,2013-02-03,2013-01-28,2013-02-03,D6,2013,0.110000,70860959,2026-09-27T20:00:50Z,2026-09-27T20:00:50Z,https://www.epa.gov/fuels-registration-reporting-and-compliance-help/rin-trades-and-price-information,epa_rin/2026-09-27T200050Z,254b72a5f9a878ff80f00798e147e043e73931d20e3808a3b0c7eb1583ffba47,1.1
2013-02-04,2013-02-10,2013-02-04,2013-02-10,D6,2011,0.020000,46350305,2026-09-27T20:00:50Z,2026-09-27T20:00:50Z,https://www.epa.gov/fuels-registration-reporting-and-compliance-help/rin-trades-and-price-information,epa_rin/2026-09-27T200050Z,254b72a5f9a878ff80f00798e147e043e73931d20e3808a3b0c7eb1583ffba47,1.1
2013-02-04,2013-02-10,2013-02-04,2013-02-10,D6,2012,0.120000,289104987,2026-09-27T20:00:50Z,2026-09-27T20:00:50Z,https://www.epa.gov/fuels-registration-reporting-and-compliance-help/rin-trades-and-price-information,epa_rin/2026-09-27T200050Z,254b72a5f9a878ff80f00798e147e043e73931d20e3808a3b0c7eb1583ffba47,1.1
2013-02-04,2013-02-10,2013-02-04,2013-02-10,D6,2013,0.130000,91268783,2026-09-27T20:00:50Z,2026-09-27T20:00:50Z,https://www.epa.gov/fuels-registration-reporting-and-compliance-help/rin-trades-and-price-information,epa_rin/2026-09-27T200050Z,254b72a5f9a878ff80f00798e147e043e73931d20e3808a3b0c7eb1583ffba47,1.1
2013-02-11,2013-02-17,2013-02-11,2013-02-17,D6,2011,0.010000,32680191,2026-09-27T20:00:50Z,2026-09-27T20:00:50Z,https://www.epa.gov/fuels-registration-reporting-and-compliance-help/rin-trades-and-price-information,epa_rin/2026-09-27T200050Z,254b72a5f9a878ff80f00798e147e043e73931d20e3808a3b0c7eb1583ffba47,1.1
2013-02-11,2013-02-17,2013-02-11,2013-02-17,D6,2012,0.120000,207144795,2026-09-27T20:00:50Z,2026-09-27T20:00:50Z,https://www.epa.gov/fuels-registration-reporting-and-compliance-help/rin-trades-and-price-information,epa_rin/2026-09-27T200050Z,254b72a5f9a878ff80f00798e147e043e73931d20e3808a3b0c7eb1583ffba47,1.1
2013-02-11,2013-02-17,2013-02-11,2013-02-17,D6,2013,0.220000,95768335,2026-09-27T20:00:50Z,2026-09-27T20:00:50Z,https://www.epa.gov/fuels-registration-reporting-and-compliance-help/rin-trades-and-price-information,epa_rin/2026-09-27T200050Z,254b72a5f9a878ff80f00798e147e043e73931d20e3808a3b0c7eb1583ffba47,1.1
2013-02-18,2013-02-24,2013-02-18,2013-02-24,D6,2011,0.020000,149643551,2026-09-27T20:00:50Z,2026-09-27T20:00:50Z,https://www.epa.gov/fuels-registration-reporting-and-compliance-help/rin-trades-and-price-information,epa_rin/2026-09-27T200050Z,254b72a5f9a878ff80f00798e147e043e73931d20e3808a3b0c7eb1583ffba47,1.1
2013-02-18,2013-02-24,2013-02-18,2013-02-24,D6,2012,0.100000,545980938,2026-09-27T20:00:50Z,2026-09-27T20:00:50Z,https://www.epa.gov/fuels-registration-reporting-and-compliance-help/rin-trades-and-price-information,epa_rin/2026-09-27T200050Z,254b72a5f9a878ff80f00798e147e043e73931d20e3808a3b0c7eb1583ffba47,1.1
2013-02-18,2013-02-24,2013-02-18,2013-02-24,D6,2013,0.240000,93344981,2026-09-27T20:00:50Z,2026-09-27T20:00:50Z,https://www.epa.gov/fuels-registration-reporting-and-compliance-help/rin-trades-and-price-information,epa_rin/2026-09-27T200050Z,254b72a5f9a878ff80f00798e147e043e73931d20e3808a3b0c7eb1583ffba47,1.1
2013-02-25,2013-03-03,2013-02-25,2013-03-03,D6,2012,0.320000,131936738,2026-09-27T20:00:50Z,2026-09-27T20:00:50Z,https://www.epa.gov/fuels-registration-reporting-and-compliance-help/rin-trades-and-price-information,epa_rin/2026-09-27T200050Z,254b72a5f9a878ff80f00798e147e043e73931d20e3808a3b0c7eb1583ffba47,1.1
2013-02-25,2013-03-03,2013-02-25,2013-03-03,D6,2013,0.240000,168352901,2026-09-27T20:00:50Z,2026-09-27T20:00:50Z,https://www.epa.gov/fuels-registration-reporting-and-compliance-help/rin-trades-and-price-information,epa_rin/2026-09-27T200050Z,254b72a5f9a878ff80f00798e147e043e73931d20e3808a3b0c7eb1583ffba47,1.1
2013-03-04,2013-03-10,2013-03-04,2013-03-10,D6,2012,0.450000,25244902,2026-09-27T20:00:50Z,2026-09-27T20:00:50Z,https://www.epa.gov/fuels-registration-reporting-and-compliance-help/rin-trades-and-price-information,epa_rin/2026-09-27T200050Z,254b72a5f9a878ff80f00798e147e043e73931d20e3808a3b0c7eb1583ffba47,1.1
2013-03-04,2013-03-10,2013-03-04,2013-03-10,D6,2013,0.410000,163891323,2026-09-27T20:00:50Z,2026-09-27T20:00:50Z,https://www.epa.gov/fuels-registration-reporting-and-compliance-help/rin-trades-and-price-information,epa_rin/2026-09-27T200050Z,254b72a5f9a878ff80f00798e147e043e73931d20e3808a3b0c7eb1583ffba47,1.1
2013-03-11,2013-03-17,2013-03-11,2013-03-17,D6,2012,0.490000,25870741,2026-09-27T20:00:50Z,2026-09-27T20:00:50Z,https://www.epa.gov/fuels-registration-reporting-and-compliance-help/rin-trades-and-price-information,epa_rin/2026-09-27T200050Z,254b72a5f9a878ff80f00798e147e043e73931d20e3808a3b0c7eb1583ffba47,1.1
2013-03-11,2013-03-17,2013-03-11,2013-03-17,D6,2013,0.380000,186846386,2026-09-27T20:00:50Z,2026-09-27T20:00:50Z,https://www.epa.gov/fuels-registration-reporting-and-compliance-help/rin-trades-and-price-information,epa_rin/2026-09-27T200050Z,254b72a5f9a878ff80f00798e147e043e73931d20e3808a3b0c7eb1583ffba47,1.1
2013-03-18,2013-03-24,2013-03-18,2013-03-24,D6,2012,0.500000,33082480,2026-09-27T20:00:50Z,2026-09-27T20:00:50Z,https://www.epa.gov/fuels-registration-reporting-and-compliance-help/rin-trades-and-price-information,epa_rin/2026-09-27T200050Z,254b72a5f9a878ff80f00798e147e043e73931d20e3808a3b0c7eb1583ffba47,1.1
2013-03-18,2013-03-24,2013-03-18,2013-03-24,D6,2013,0.450000,177043403,2026-09-27T20:00:50Z,2026-09-27T20:00:50Z,https://www.epa.gov/fuels-registration-reporting-and-compliance-help/rin-trades-and-price-information,epa_rin/2026-09-27T200050Z,254b72a5f9a878ff80f00798e147e043e73931d20e3808a3b0c7eb1583ffba47,1.1
2013-03-25,2013-03-31,2013-03-25,2013-03-31,D6,2012,0.470000,22776704,2026-09-27T20:00:50Z,2026-09-27T20:00:50Z,https://www.epa.gov/fuels-registration-reporting-and-compliance-help/rin-trades-and-price-information,epa_rin/2026-09-27T200050Z,254b72a5f9a878ff80f00798e147e043e73931d20e3808a3b0c7eb1583ffba47,1.1
2013-03-25,2013-03-31,2013-03-25,2013-03-31,D6,2013,0.390000,202743375,2026-09-27T20:00:50Z,2026-09-27T20:00:50Z,https://www.epa.gov/fuels-registration-reporting-and-compliance-help/rin-trades-and-price-information,epa_rin/2026-09-27T200050Z,254b72a5f9a878ff80f00798e147e043e73931d20e3808a3b0c7eb1583ffba47,1.1
2013-04-01,2013-04-07,2013-04-01,2013-04-07,D6,2012,0.450000,10573371,2026-09-27T20:00:50Z,2026-09-27T20:00:50Z,https://www.epa.gov/fuels-registration-reporting-and-compliance-help/rin-trades-and-price-information,epa_rin/2026-09-27T200050Z,254b72a5f9a878ff80f00798e147e043e73931d20e3808a3b0c7eb1583ffba47,1.1
2013-04-01,2013-04-07,2013-04-01,2013-04-07,D6,2013,0.540000,249622135,2026-09-27T20:00:50Z,2026-09-27T20:00:50Z,https://www.epa.gov/fuels-registration-reporting-and-compliance-help/rin-trades-and-price-information,epa_rin/2026-09-27T200050Z,254b72a5f9a878ff80f00798e147e043e73931d20e3808a3b0c7eb1583ffba47,1.1
2013-04-08,2013-04-14,2013-04-08,2013-04-14,D6,2012,0.630000,9203805,2026-09-27T20:00:50Z,2026-09-27T20:00:50Z,https://www.epa.gov/fuels-registration-reporting-and-compliance-help/rin-trades-and-price-information,epa_rin/2026-09-27T200050Z,254b72a5f9a878ff80f00798e147e043e73931d20e3808a3b0c7eb1583ffba47,1.1
2013-04-08,2013-04-14,2013-04-08,2013-04-14,D6,2013,0.500000,182221251,2026-09-27T20:00:50Z,2026-09-27T20:00:50Z,https://www.epa.gov/fuels-registration-reporting-and-compliance-help/rin-trades-and-price-information,epa_rin/2026-09-27T200050Z,254b72a5f9a878ff80f00798e147e043e73931d20e3808a3b0c7eb1583ffba47,1.1
2013-04-15,2013-04-21,2013-04-15,2013-04-21,D6,2012,0.670000,25344689,2026-09-27T20:00:50Z,2026-09-27T20:00:50Z,https://www.epa.gov/fuels-registration-reporting-and-compliance-help/rin-trades-and-price-information,epa_rin/2026-09-27T200050Z,254b72a5f9a878ff80f00798e147e043e73931d20e3808a3b0c7eb1583ffba47,1.1
2013-04-15,2013-04-21,2013-04-15,2013-04-21,D6,2013,0.400000,194293571,2026-09-27T20:00:50Z,2026-09-27T20:00:50Z,https://www.epa.gov/fuels-registration-reporting-and-compliance-help/rin-trades-and-price-information,epa_rin/2026-09-27T200050Z,254b72a5f9a878ff80f00798e147e043e73931d20e3808a3b0c7eb1583ffba47,1.1
2013-04-22,2013-04-28,2013-04-22,2013-04-28,D6,2012,0.590000,50186344,2026-09-27T20:00:50Z,2026-09-27T20:00:50Z,https://www.epa.gov/fuels-registration-reporting-and-compliance-help/rin-trades-and-price-information,epa_rin/2026-09-27T200050Z,254b72a5f9a878ff80f00798e147e043e73931d20e3808a3b0c7eb1583ffba47,1.1
2013-04-22,2013-04-28,2013-04-22,2013-04-28,D6,2013,0.630000,260238729,2026-09-27T20:00:50Z,2026-09-27T20:00:50Z,https://www.epa.gov/fuels-registration-reporting-and-compliance-help/rin-trades-and-price-information,epa_rin/2026-09-27T200050Z,254b72a5f9a878ff80f00798e147e043e73931d20e3808a3b0c7eb1583ffba47,1.1
2013-04-29,2013-05-05,2013-04-29,2013-05-05,D6,2012,0.460000,63004752,2026-09-27T20:00:50Z,2026-09-27T20:00:50Z,https://www.epa.gov/fuels-registration-reporting-and-compliance-help/rin-trades-and-price-information,epa_rin/2026-09-27T200050Z,254b72a5f9a878ff80f00798e147e043e73931d20e3808a3b0c7eb1583ffba47,1.1
2013-04-29,2013-05-05,2013-04-29,2013-05-05,D6,2013,0.450000,260870177,2026-09-27T20:00:50Z,2026-09-27T20:00:50Z,https://www.epa.gov/fuels-registration-reporting-and-compliance-help/rin-trades-and-price-information,epa_rin/2026-09-27T200050Z,254b72a5f9a878ff80f00798e147e043e73931d20e3808a3b0c7eb1583ffba47,1.1
2013-05-06,2013-05-12,2013-05-06,2013-05-12,D6,2012,0.630000,33023338,2026-09-27T20:00:50Z,2026-09-27T20:00:50Z,https://www.epa.gov/fuels-registration-reporting-and-compliance-help/rin-trades-and-price-information,epa_rin/2026-09-27T200050Z,254b72a5f9a878ff80f00798e147e043e73931d20e3808a3b0c7eb1583ffba47,1.1
2013-05-06,2013-05-12,2013-05-06,2013-05-12,D6,2013,0.540000,242853924,2026-09-27T20:00:50Z,2026-09-27T20:00:50Z,https://www.epa.gov/fuels-registration-reporting-and-compliance-help/rin-trades-and-price-information,epa_rin/2026-09-27T200050Z,254b72a5f9a878ff80f00798e147e043e73931d20e3808a3b0c7eb1583ffba47,1.1
2013-05-13,2013-05-19,2013-05-13,2013-05-19,D6,2012,0.720000,7037243,2026-09-27T20:00:50Z,2026-09-27T20:00:50Z,https://www.epa.gov/fuels-registration-reporting-and-compliance-help/rin-trades-and-price-information,epa_rin/2026-09-27T200050Z,254b72a5f9a878ff80f00798e147e043e73931d20e3808a3b0c7eb1583ffba47,1.1
2013-05-13,2013-05-19,2013-05-13,2013-05-19,D6,2013,0.500000,186304388,2026-09-27T20:00:50Z,2026-09-27T20:00:50Z,https://www.epa.gov/fuels-registration-reporting-and-compliance-help/rin-trades-and-price-information,epa_rin/2026-09-27T200050Z,254b72a5f9a878ff80f00798e147e043e73931d20e3808a3b0c7eb1583ffba47,1.1
2013-05-20,2013-05-26,2013-05-20,2013-05-26,D6,2012,0.580000,3091595,2026-09-27T20:00:50Z,2026-09-27T20:00:50Z,https://www.epa.gov/fuels-registration-reporting-and-compliance-help/rin-trades-and-price-information,epa_rin/2026-09-27T200050Z,254b72a5f9a878ff80f00798e147e043e73931d20e3808a3b0c7eb1583ffba47,1.1
2013-05-20,2013-05-26,2013-05-20,2013-05-26,D6,2013,0.730000,255723396,2026-09-27T20:00:50Z,2026-09-27T20:00:50Z,https://www.epa.gov/fuels-registration-reporting-and-compliance-help/rin-trades-and-price-information,epa_rin/2026-09-27T200050Z,254b72a5f9a878ff80f00798e147e043e73931d20e3808a3b0c7eb1583ffba47,1.1
2013-05-27,2013-06-02,2013-05-27,2013-06-02,D6,2012,0.670000,22013513,2026-09-27T20:00:50Z,2026-09-27T20:00:50Z,https://www.epa.gov/fuels-registration-reporting-and-compliance-help/rin-trades-and-price-information,epa_rin/2026-09-27T200050Z,254b72a5f9a878ff80f00798e147e043e73931d20e3808a3b0c7eb1583ffba47,1.1
2013-05-27,2013-06-02,2013-05-27,2013-06-02,D6,2013,0.680000,322065324,2026-09-27T20:00:50Z,2026-09-27T20:00:50Z,https://www.epa.gov/fuels-registration-reporting-and-compliance-help/rin-trades-and-price-information,epa_rin/2026-09-27T200050Z,254b72a5f9a878ff80f00798e147e043e73931d20e3808a3b0c7eb1583ffba47,1.1
2013-06-03,2013-06-09,2013-06-03,2013-06-09,D6,2012,0.700000,19923504,2026-09-27T20:00:50Z,2026-09-27T20:00:50Z,https://www.epa.gov/fuels-registration-reporting-and-compliance-help/rin-trades-and-price-information,epa_rin/2026-09-27T200050Z,254b72a5f9a878ff80f00798e147e043e73931d20e3808a3b0c7eb1583ffba47,1.1
2013-06-03,2013-06-09,2013-06-03,2013-06-09,D6,2013,0.650000,235939221,2026-09-27T20:00:50Z,2026-09-27T20:00:50Z,https://www.epa.gov/fuels-registration-reporting-and-compliance-help/rin-trades-and-price-information,epa_rin/2026-09-27T200050Z,254b72a5f9a878ff80f00798e147e043e73931d20e3808a3b0c7eb1583ffba47,1.1
2013-06-10,2013-06-16,2013-06-10,2013-06-16,D6,2012,0.170000,5507643,2026-09-27T20:00:50Z,2026-09-27T20:00:50Z,https://www.epa.gov/fuels-registration-reporting-and-compliance-help/rin-trades-and-price-information,epa_rin/2026-09-27T200050Z,254b72a5f9a878ff80f00798e147e043e73931d20e3808a3b0c7eb1583ffba47,1.1
2013-06-10,2013-06-16,2013-06-10,2013-06-16,D6,2013,0.670000,249865158,2026-09-27T20:00:50Z,2026-09-27T20:00:50Z,https://www.epa.gov/fuels-registration-reporting-and-compliance-help/rin-trades-and-price-information,epa_rin/2026-09-27T200050Z,254b72a5f9a878ff80f00798e147e043e73931d20e3808a3b0c7eb1583ffba47,1.1
2013-06-17,2013-06-23,2013-06-17,2013-06-23,D6,2012,0.860000,5790989,2026-09-27T20:00:50Z,2026-09-27T20:00:50Z,https://www.epa.gov/fuels-registration-reporting-and-compliance-help/rin-trades-and-price-information,epa_rin/2026-09-27T200050Z,254b72a5f9a878ff80f00798e147e043e73931d20e3808a3b0c7eb1583ffba47,1.1
2013-06-17,2013-06-23,2013-06-17,2013-06-23,D6,2013,0.500000,329664331,2026-09-27T20:00:50Z,2026-09-27T20:00:50Z,https://www.epa.gov/fuels-registration-reporting-and-compliance-help/rin-trades-and-price-information,epa_rin/2026-09-27T200050Z,254b72a5f9a878ff80f00798e147e043e73931d20e3808a3b0c7eb1583ffba47,1.1
2013-06-24,2013-06-30,2013-06-24,2013-06-30,D6,2012,0.730000,86791773,2026-09-27T20:00:50Z,2026-09-27T20:00:50Z,https://www.epa.gov/fuels-registration-reporting-and-compliance-help/rin-trades-and-price-information,epa_rin/2026-09-27T200050Z,254b72a5f9a878ff80f00798e147e043e73931d20e3808a3b0c7eb1583ffba47,1.1
2013-06-24,2013-06-30,2013-06-24,2013-06-30,D6,2013,0.570000,1093102900,2026-09-27T20:00:50Z,2026-09-27T20:00:50Z,https://www.epa.gov/fuels-registration-reporting-and-compliance-help/rin-trades-and-price-information,epa_rin/2026-09-27T200050Z,254b72a5f9a878ff80f00798e147e043e73931d20e3808a3b0c7eb1583ffba47,1.1
2013-07-01,2013-07-07,2013-07-01,2013-07-07,D6,2012,0.720000,13822386,2026-09-27T20:00:50Z,2026-09-27T20:00:50Z,https://www.epa.gov/fuels-registration-reporting-and-compliance-help/rin-trades-and-price-information,epa_rin/2026-09-27T200050Z,254b72a5f9a878ff80f00798e147e043e73931d20e3808a3b0c7eb1583ffba47,1.1
2013-07-01,2013-07-07,2013-07-01,2013-07-07,D6,2013,0.700000,276925156,2026-09-27T20:00:50Z,2026-09-27T20:00:50Z,https://www.epa.gov/fuels-registration-reporting-and-compliance-help/rin-trades-and-price-information,epa_rin/2026-09-27T200050Z,254b72a5f9a878ff80f00798e147e043e73931d20e3808a3b0c7eb1583ffba47,1.1
2013-07-08,2013-07-14,2013-07-08,2013-07-14,D6,2012,0.850000,5480771,2026-09-27T20:00:50Z,2026-09-27T20:00:50Z,https://www.epa.gov/fuels-registration-reporting-and-compliance-help/rin-trades-and-price-information,epa_rin/2026-09-27T200050Z,254b72a5f9a878ff80f00798e147e043e73931d20e3808a3b0c7eb1583ffba47,1.1
2013-07-08,2013-07-14,2013-07-08,2013-07-14,D6,2013,0.610000,252698096,2026-09-27T20:00:50Z,2026-09-27T20:00:50Z,https://www.epa.gov/fuels-registration-reporting-and-compliance-help/rin-trades-and-price-information,epa_rin/2026-09-27T200050Z,254b72a5f9a878ff80f00798e147e043e73931d20e3808a3b0c7eb1583ffba47,1.1
2013-07-15,2013-07-21,2013-07-15,2013-07-21,D6,2012,0.950000,6973504,2026-09-27T20:00:50Z,2026-09-27T20:00:50Z,https://www.epa.gov/fuels-registration-reporting-and-compliance-help/rin-trades-and-price-information,epa_rin/2026-09-27T200050Z,254b72a5f9a878ff80f00798e147e043e73931d20e3808a3b0c7eb1583ffba47,1.1
2013-07-15,2013-07-21,2013-07-15,2013-07-21,D6,2013,0.910000,255403957,2026-09-27T20:00:50Z,2026-09-27T20:00:50Z,https://www.epa.gov/fuels-registration-reporting-and-compliance-help/rin-trades-and-price-information,epa_rin/2026-09-27T200050Z,254b72a5f9a878ff80f00798e147e043e73931d20e3808a3b0c7eb1583ffba47,1.1
2013-07-22,2013-07-28,2013-07-22,2013-07-28,D6,2012,0.710000,28373885,2026-09-27T20:00:50Z,2026-09-27T20:00:50Z,https://www.epa.gov/fuels-registration-reporting-and-compliance-help/rin-trades-and-price-information,epa_rin/2026-09-27T200050Z,254b72a5f9a878ff80f00798e147e043e73931d20e3808a3b0c7eb1583ffba47,1.1
2013-07-22,2013-07-28,2013-07-22,2013-07-28,D6,2013,0.840000,339175809,2026-09-27T20:00:50Z,2026-09-27T20:00:50Z,https://www.epa.gov/fuels-registration-reporting-and-compliance-help/rin-trades-and-price-information,epa_rin/2026-09-27T200050Z,254b72a5f9a878ff80f00798e147e043e73931d20e3808a3b0c7eb1583ffba47,1.1
2013-07-29,2013-08-04,2013-07-29,2013-08-04,D6,2012,1.010000,32322449,2026-09-27T20:00:50Z,2026-09-27T20:00:50Z,https://www.epa.gov/fuels-registration-reporting-and-compliance-help/rin-trades-and-price-information,epa_rin/2026-09-27T200050Z,254b72a5f9a878ff80f00798e147e043e73931d20e3808a3b0c7eb1583ffba47,1.1
2013-07-29,2013-08-04,2013-07-29,2013-08-04,D6,2013,0.830000,317067929,2026-09-27T20:00:50Z,2026-09-27T20:00:50Z,https://www.epa.gov/fuels-registration-reporting-and-compliance-help/rin-trades-and-price-information,epa_rin/2026-09-27T200050Z,254b72a5f9a878ff80f00798e147e043e73931d20e3808a3b0c7eb1583ffba47,1.1
2013-08-05,2013-08-11,2013-08-05,2013-08-11,D6,2012,1.020000,2594375,2026-09-27T20:00:50Z,2026-09-27T20:00:50Z,https://www.epa.gov/fuels-registration-reporting-and-compliance-help/rin-trades-and-price-information,epa_rin/2026-09-27T200050Z,254b72a5f9a878ff80f00798e147e043e73931d20e3808a3b0c7eb1583ffba47,1.1
2013-08-05,2013-08-11,2013-08-05,2013-08-11,D6,2013,1.050000,243277050,2026-09-27T20:00:50Z,2026-09-27T20:00:50Z,https://www.epa.gov/fuels-registration-reporting-and-compliance-help/rin-trades-and-price-information,epa_rin/2026-09-27T200050Z,254b72a5f9a878ff80f00798e147e043e73931d20e3808a3b0c7eb1583ffba47,1.1
2013-08-12,2013-08-18,2013-08-12,2013-08-18,D6,2012,1.060000,6283588,2026-09-27T20:00:50Z,2026-09-27T20:00:50Z,https://www.epa.gov/fuels-registration-reporting-and-compliance-help/rin-trades-and-price-information,epa_rin/2026-09-27T200050Z,254b72a5f9a878ff80f00798e147e043e73931d20e3808a3b0c7eb1583ffba47,1.1
2013-08-12,2013-08-18,2013-08-12,2013-08-18,D6,2013,0.880000,224837659,2026-09-27T20:00:50Z,2026-09-27T20:00:50Z,https://www.epa.gov/fuels-registration-reporting-and-compliance-help/rin-trades-and-price-information,epa_rin/2026-09-27T200050Z,254b72a5f9a878ff80f00798e147e043e73931d20e3808a3b0c7eb1583ffba47,1.1
2013-08-19,2013-08-25,2013-08-19,2013-08-25,D6,2012,1.080000,11399692,2026-09-27T20:00:50Z,2026-09-27T20:00:50Z,https://www.epa.gov/fuels-registration-reporting-and-compliance-help/rin-trades-and-price-information,epa_rin/2026-09-27T200050Z,254b72a5f9a878ff80f00798e147e043e73931d20e3808a3b0c7eb1583ffba47,1.1
2013-08-19,2013-08-25,2013-08-19,2013-08-25,D6,2013,0.910000,227340319,2026-09-27T20:00:50Z,2026-09-27T20:00:50Z,https://www.epa.gov/fuels-registration-reporting-and-compliance-help/rin-trades-and-price-information,epa_rin/2026-09-27T200050Z,254b72a5f9a878ff80f00798e147e043e73931d20e3808a3b0c7eb1583ffba47,1.1
2013-08-26,2013-09-01,2013-08-26,2013-09-01,D6,2012,0.870000,18523803,2026-09-27T20:00:50Z,2026-09-27T20:00:50Z,https://www.epa.gov/fuels-registration-reporting-and-compliance-help/rin-trades-and-price-information,epa_rin/2026-09-27T200050Z,254b72a5f9a878ff80f00798e147e043e73931d20e3808a3b0c7eb1583ffba47,1.1
2013-08-26,2013-09-01,2013-08-26,2013-09-01,D6,2013,0.900000,395797138,2026-09-27T20:00:50Z,2026-09-27T20:00:50Z,https://www.epa.gov/fuels-registration-reporting-and-compliance-help/rin-trades-and-price-information,epa_rin/2026-09-27T200050Z,254b72a5f9a878ff80f00798e147e043e73931d20e3808a3b0c7eb1583ffba47,1.1
2013-09-02,2013-09-08,2013-09-02,2013-09-08,D6,2012,0.700000,5351575,2026-09-27T20:00:50Z,2026-09-27T20:00:50Z,https://www.epa.gov/fuels-registration-reporting-and-compliance-help/rin-trades-and-price-information,epa_rin/2026-09-27T200050Z,254b72a5f9a878ff80f00798e147e043e73931d20e3808a3b0c7eb1583ffba47,1.1
2013-09-02,2013-09-08,2013-09-02,2013-09-08,D6,2013,0.720000,260910814,2026-09-27T20:00:50Z,2026-09-27T20:00:50Z,https://www.epa.gov/fuels-registration-reporting-and-compliance-help/rin-trades-and-price-information,epa_rin/2026-09-27T200050Z,254b72a5f9a878ff80f00798e147e043e73931d20e3808a3b0c7eb1583ffba47,1.1
2013-09-09,2013-09-15,2013-09-09,2013-09-15,D6,2012,0.810000,28308000,2026-09-27T20:00:50Z,2026-09-27T20:00:50Z,https://www.epa.gov/fuels-registration-reporting-and-compliance-help/rin-trades-and-price-information,epa_rin/2026-09-27T200050Z,254b72a5f9a878ff80f00798e147e043e73931d20e3808a3b0c7eb1583ffba47,1.1
2013-09-09,2013-09-15,2013-09-09,2013-09-15,D6,2013,0.790000,328747668,2026-09-27T20:00:50Z,2026-09-27T20:00:50Z,https://www.epa.gov/fuels-registration-reporting-and-compliance-help/rin-trades-and-price-information,epa_rin/2026-09-27T200050Z,254b72a5f9a878ff80f00798e147e043e73931d20e3808a3b0c7eb1583ffba47,1.1
2013-09-16,2013-09-22,2013-09-16,2013-09-22,D6,2012,0.830000,4297500,2026-09-27T20:00:50Z,2026-09-27T20:00:50Z,https://www.epa.gov/fuels-registration-reporting-and-compliance-help/rin-trades-and-price-information,epa_rin/2026-09-27T200050Z,254b72a5f9a878ff80f00798e147e043e73931d20e3808a3b0c7eb1583ffba47,1.1
2013-09-16,2013-09-22,2013-09-16,2013-09-22,D6,2013,0.750000,464911530,2026-09-27T20:00:50Z,2026-09-27T20:00:50Z,https://www.epa.gov/fuels-registration-reporting-and-compliance-help/rin-trades-and-price-information,epa_rin/2026-09-27T200050Z,254b72a5f9a878ff80f00798e147e043e73931d20e3808a3b0c7eb1583ffba47,1.1
2013-09-23,2013-09-29,2013-09-23,2013-09-29,D6,2012,0.650000,60730636,2026-09-27T20:00:50Z,2026-09-27T20:00:50Z,https://www.epa.gov/fuels-registration-reporting-and-compliance-help/rin-trades-and-price-information,epa_rin/2026-09-27T200050Z,254b72a5f9a878ff80f00798e147e043e73931d20e3808a3b0c7eb1583ffba47,1.1
2013-09-23,2013-09-29,2013-09-23,2013-09-29,D6,2013,0.740000,647148476,2026-09-27T20:00:50Z,2026-09-27T20:00:50Z,https://www.epa.gov/fuels-registration-reporting-and-compliance-help/rin-trades-and-price-information,epa_rin/2026-09-27T200050Z,254b72a5f9a878ff80f00798e147e043e73931d20e3808a3b0c7eb1583ffba47,1.1
2013-09-30,2013-10-06,2013-09-30,2013-10-06,D6,2012,0.860000,9500267,2026-09-27T20:00:50Z,2026-09-27T20:00:50Z,https://www.epa.gov/fuels-registration-reporting-and-compliance-help/rin-trades-and-price-information,epa_rin/2026-09-27T200050Z,254b72a5f9a878ff80f00798e147e043e73931d20e3808a3b0c7eb1583ffba47,1.1
2013-09-30,2013-10-06,2013-09-30,2013-10-06,D6,2013,0.700000,544889790,2026-09-27T20:00:50Z,2026-09-27T20:00:50Z,https://www.epa.gov/fuels-registration-reporting-and-compliance-help/rin-trades-and-price-information,epa_rin/2026-09-27T200050Z,254b72a5f9a878ff80f00798e147e043e73931d20e3808a3b0c7eb1583ffba47,1.1
2013-10-07,2013-10-13,2013-10-07,2013-10-13,D6,2012,0.280000,9419443,2026-09-27T20:00:50Z,2026-09-27T20:00:50Z,https://www.epa.gov/fuels-registration-reporting-and-compliance-help/rin-trades-and-price-information,epa_rin/2026-09-27T200050Z,254b72a5f9a878ff80f00798e147e043e73931d20e3808a3b0c7eb1583ffba47,1.1
2013-10-07,2013-10-13,2013-10-07,2013-10-13,D6,2013,0.670000,281770623,2026-09-27T20:00:50Z,2026-09-27T20:00:50Z,https://www.epa.gov/fuels-registration-reporting-and-compliance-help/rin-trades-and-price-information,epa_rin/2026-09-27T200050Z,254b72a5f9a878ff80f00798e147e043e73931d20e3808a3b0c7eb1583ffba47,1.1
2013-10-14,2013-10-20,2013-10-14,2013-10-20,D6,2012,0.830000,3022184,2026-09-27T20:00:50Z,2026-09-27T20:00:50Z,https://www.epa.gov/fuels-registration-reporting-and-compliance-help/rin-trades-and-price-information,epa_rin/2026-09-27T200050Z,254b72a5f9a878ff80f00798e147e043e73931d20e3808a3b0c7eb1583ffba47,1.1
2013-10-14,2013-10-20,2013-10-14,2013-10-20,D6,2013,0.570000,333761915,2026-09-27T20:00:50Z,2026-09-27T20:00:50Z,https://www.epa.gov/fuels-registration-reporting-and-compliance-help/rin-trades-and-price-information,epa_rin/2026-09-27T200050Z,254b72a5f9a878ff80f00798e147e043e73931d20e3808a3b0c7eb1583ffba47,1.1
2013-10-21,2013-10-27,2013-10-21,2013-10-27,D6,2012,0.690000,1633520,2026-09-27T20:00:50Z,2026-09-27T20:00:50Z,https://www.epa.gov/fuels-registration-reporting-and-compliance-help/rin-trades-and-price-information,epa_rin/2026-09-27T200050Z,254b72a5f9a878ff80f00798e147e043e73931d20e3808a3b0c7eb1583ffba47,1.1
2013-10-21,2013-10-27,2013-10-21,2013-10-27,D6,2013,0.610000,322327423,2026-09-27T20:00:50Z,2026-09-27T20:00:50Z,https://www.epa.gov/fuels-registration-reporting-and-compliance-help/rin-trades-and-price-information,epa_rin/2026-09-27T200050Z,254b72a5f9a878ff80f00798e147e043e73931d20e3808a3b0c7eb1583ffba47,1.1
2013-10-28,2013-11-03,2013-10-28,2013-11-03,D6,2012,0.700000,8142737,2026-09-27T20:00:50Z,2026-09-27T20:00:50Z,https://www.epa.gov/fuels-registration-reporting-and-compliance-help/rin-trades-and-price-information,epa_rin/2026-09-27T200050Z,254b72a5f9a878ff80f00798e147e043e73931d20e3808a3b0c7eb1583ffba47,1.1
2013-10-28,2013-11-03,2013-10-28,2013-11-03,D6,2013,0.580000,397553968,2026-09-27T20:00:50Z,2026-09-27T20:00:50Z,https://www.epa.gov/fuels-registration-reporting-and-compliance-help/rin-trades-and-price-information,epa_rin/2026-09-27T200050Z,254b72a5f9a878ff80f00798e147e043e73931d20e3808a3b0c7eb1583ffba47,1.1
2013-11-04,2013-11-10,2013-11-04,2013-11-10,D6,2012,0.110000,3381000,2026-09-27T20:00:50Z,2026-09-27T20:00:50Z,https://www.epa.gov/fuels-registration-reporting-and-compliance-help/rin-trades-and-price-information,epa_rin/2026-09-27T200050Z,254b72a5f9a878ff80f00798e147e043e73931d20e3808a3b0c7eb1583ffba47,1.1
2013-11-04,2013-11-10,2013-11-04,2013-11-10,D6,2013,0.390000,332538631,2026-09-27T20:00:50Z,2026-09-27T20:00:50Z,https://www.epa.gov/fuels-registration-reporting-and-compliance-help/rin-trades-and-price-information,epa_rin/2026-09-27T200050Z,254b72a5f9a878ff80f00798e147e043e73931d20e3808a3b0c7eb1583ffba47,1.1
2013-11-11,2013-11-17,2013-11-11,2013-11-17,D6,2012,1.120000,1159732,2026-09-27T20:00:50Z,2026-09-27T20:00:50Z,https://www.epa.gov/fuels-registration-reporting-and-compliance-help/rin-trades-and-price-information,epa_rin/2026-09-27T200050Z,254b72a5f9a878ff80f00798e147e043e73931d20e3808a3b0c7eb1583ffba47,1.1
2013-11-11,2013-11-17,2013-11-11,2013-11-17,D6,2013,0.580000,258561448,2026-09-27T20:00:50Z,2026-09-27T20:00:50Z,https://www.epa.gov/fuels-registration-reporting-and-compliance-help/rin-trades-and-price-information,epa_rin/2026-09-27T200050Z,254b72a5f9a878ff80f00798e147e043e73931d20e3808a3b0c7eb1583ffba47,1.1
2013-11-18,2013-11-24,2013-11-18,2013-11-24,D6,2012,0.090000,1044100,2026-09-27T20:00:50Z,2026-09-27T20:00:50Z,https://www.epa.gov/fuels-registration-reporting-and-compliance-help/rin-trades-and-price-information,epa_rin/2026-09-27T200050Z,254b72a5f9a878ff80f00798e147e043e73931d20e3808a3b0c7eb1583ffba47,1.1
2013-11-18,2013-11-24,2013-11-18,2013-11-24,D6,2013,0.460000,252742485,2026-09-27T20:00:50Z,2026-09-27T20:00:50Z,https://www.epa.gov/fuels-registration-reporting-and-compliance-help/rin-trades-and-price-information,epa_rin/2026-09-27T200050Z,254b72a5f9a878ff80f00798e147e043e73931d20e3808a3b0c7eb1583ffba47,1.1
2013-11-25,2013-12-01,2013-11-25,2013-12-01,D6,2012,0.950000,6150000,2026-09-27T20:00:50Z,2026-09-27T20:00:50Z,https://www.epa.gov/fuels-registration-reporting-and-compliance-help/rin-trades-and-price-information,epa_rin/2026-09-27T200050Z,254b72a5f9a878ff80f00798e147e043e73931d20e3808a3b0c7eb1583ffba47,1.1
2013-11-25,2013-12-01,2013-11-25,2013-12-01,D6,2013,0.620000,608782799,2026-09-27T20:00:50Z,2026-09-27T20:00:50Z,https://www.epa.gov/fuels-registration-reporting-and-compliance-help/rin-trades-and-price-information,epa_rin/2026-09-27T200050Z,254b72a5f9a878ff80f00798e147e043e73931d20e3808a3b0c7eb1583ffba47,1.1
2013-12-02,2013-12-08,2013-12-02,2013-12-08,D6,2012,0.340000,8389660,2026-09-27T20:00:50Z,2026-09-27T20:00:50Z,https://www.epa.gov/fuels-registration-reporting-and-compliance-help/rin-trades-and-price-information,epa_rin/2026-09-27T200050Z,254b72a5f9a878ff80f00798e147e043e73931d20e3808a3b0c7eb1583ffba47,1.1
2013-12-02,2013-12-08,2013-12-02,2013-12-08,D6,2013,0.560000,333684975,2026-09-27T20:00:50Z,2026-09-27T20:00:50Z,https://www.epa.gov/fuels-registration-reporting-and-compliance-help/rin-trades-and-price-information,epa_rin/2026-09-27T200050Z,254b72a5f9a878ff80f00798e147e043e73931d20e3808a3b0c7eb1583ffba47,1.1
2013-12-09,2013-12-15,2013-12-09,2013-12-15,D6,2012,0.280000,22386000,2026-09-27T20:00:50Z,2026-09-27T20:00:50Z,https://www.epa.gov/fuels-registration-reporting-and-compliance-help/rin-trades-and-price-information,epa_rin/2026-09-27T200050Z,254b72a5f9a878ff80f00798e147e043e73931d20e3808a3b0c7eb1583ffba47,1.1
2013-12-09,2013-12-15,2013-12-09,2013-12-15,D6,2013,0.450000,402419330,2026-09-27T20:00:50Z,2026-09-27T20:00:50Z,https://www.epa.gov/fuels-registration-reporting-and-compliance-help/rin-trades-and-price-information,epa_rin/2026-09-27T200050Z,254b72a5f9a878ff80f00798e147e043e73931d20e3808a3b0c7eb1583ffba47,1.1
2013-12-16,2013-12-22,2013-12-16,2013-12-22,D6,2012,0.580000,33328000,2026-09-27T20:00:50Z,2026-09-27T20:00:50Z,https://www.epa.gov/fuels-registration-reporting-and-compliance-help/rin-trades-and-price-information,epa_rin/2026-09-27T200050Z,254b72a5f9a878ff80f00798e147e043e73931d20e3808a3b0c7eb1583ffba47,1.1
2013-12-16,2013-12-22,2013-12-16,2013-12-22,D6,2013,0.550000,684685807,2026-09-27T20:00:50Z,2026-09-27T20:00:50Z,https://www.epa.gov/fuels-registration-reporting-and-compliance-help/rin-trades-and-price-information,epa_rin/2026-09-27T200050Z,254b72a5f9a878ff80f00798e147e043e73931d20e3808a3b0c7eb1583ffba47,1.1
2013-12-23,2013-12-29,2013-12-23,2013-12-29,D6,2012,0.340000,1000000,2026-09-27T20:00:50Z,2026-09-27T20:00:50Z,https://www.epa.gov/fuels-registration-reporting-and-compliance-help/rin-trades-and-price-information,epa_rin/2026-09-27T200050Z,254b72a5f9a878ff80f00798e147e043e73931d20e3808a3b0c7eb1583ffba47,1.1
2013-12-23,2013-12-29,2013-12-23,2013-12-29,D6,2013,0.470000,340295311,2026-09-27T20:00:50Z,2026-09-27T20:00:50Z,https://www.epa.gov/fuels-registration-reporting-and-compliance-help/rin-trades-and-price-information,epa_rin/2026-09-27T200050Z,254b72a5f9a878ff80f00798e147e043e73931d20e3808a3b0c7eb1583ffba47,1.1
2013-12-30,2014-01-05,2013-12-30,2014-01-05,D6,2012,0.506507,7041467,2026-09-27T20:00:50Z,2026-09-27T20:00:50Z,https://www.epa.gov/fuels-registration-reporting-and-compliance-help/rin-trades-and-price-information,epa_rin/2026-09-27T200050Z,254b72a5f9a878ff80f00798e147e043e73931d20e3808a3b0c7eb1583ffba47,1.1
2013-12-30,2014-01-05,2013-12-30,2014-01-05,D6,2013,0.537290,562315294,2026-09-27T20:00:50Z,2026-09-27T20:00:50Z,https://www.epa.gov/fuels-registration-reporting-and-compliance-help/rin-trades-and-price-information,epa_rin/2026-09-27T200050Z,254b72a5f9a878ff80f00798e147e043e73931d20e3808a3b0c7eb1583ffba47,1.1
2014-01-06,2014-01-12,2014-01-06,2014-01-12,D6,2012,0.510000,500000,2026-09-27T20:00:50Z,2026-09-27T20:00:50Z,https://www.epa.gov/fuels-registration-reporting-and-compliance-help/rin-trades-and-price-information,epa_rin/2026-09-27T200050Z,254b72a5f9a878ff80f00798e147e043e73931d20e3808a3b0c7eb1583ffba47,1.1
2014-01-06,2014-01-12,2014-01-06,2014-01-12,D6,2013,0.330000,214827440,2026-09-27T20:00:50Z,2026-09-27T20:00:50Z,https://www.epa.gov/fuels-registration-reporting-and-compliance-help/rin-trades-and-price-information,epa_rin/2026-09-27T200050Z,254b72a5f9a878ff80f00798e147e043e73931d20e3808a3b0c7eb1583ffba47,1.1
2014-01-06,2014-01-12,2014-01-06,2014-01-12,D6,2014,0.010000,11046119,2026-09-27T20:00:50Z,2026-09-27T20:00:50Z,https://www.epa.gov/fuels-registration-reporting-and-compliance-help/rin-trades-and-price-information,epa_rin/2026-09-27T200050Z,254b72a5f9a878ff80f00798e147e043e73931d20e3808a3b0c7eb1583ffba47,1.1
2014-01-13,2014-01-19,2014-01-13,2014-01-19,D6,2012,0.300000,41921,2026-09-27T20:00:50Z,2026-09-27T20:00:50Z,https://www.epa.gov/fuels-registration-reporting-and-compliance-help/rin-trades-and-price-information,epa_rin/2026-09-27T200050Z,254b72a5f9a878ff80f00798e147e043e73931d20e3808a3b0c7eb1583ffba47,1.1
2014-01-13,2014-01-19,2014-01-13,2014-01-19,D6,2013,0.310000,241666423,2026-09-27T20:00:50Z,2026-09-27T20:00:50Z,https://www.epa.gov/fuels-registration-reporting-and-compliance-help/rin-trades-and-price-information,epa_rin/2026-09-27T200050Z,254b72a5f9a878ff80f00798e147e043e73931d20e3808a3b0c7eb1583ffba47,1.1
2014-01-13,2014-01-19,2014-01-13,2014-01-19,D6,2014,0.250000,29155350,2026-09-27T20:00:50Z,2026-09-27T20:00:50Z,https://www.epa.gov/fuels-registration-reporting-and-compliance-help/rin-trades-and-price-information,epa_rin/2026-09-27T200050Z,254b72a5f9a878ff80f00798e147e043e73931d20e3808a3b0c7eb1583ffba47,1.1
2014-01-20,2014-01-26,2014-01-20,2014-01-26,D6,2012,0.300000,3204215,2026-09-27T20:00:50Z,2026-09-27T20:00:50Z,https://www.epa.gov/fuels-registration-reporting-and-compliance-help/rin-trades-and-price-information,epa_rin/2026-09-27T200050Z,254b72a5f9a878ff80f00798e147e043e73931d20e3808a3b0c7eb1583ffba47,1.1
2014-01-20,2014-01-26,2014-01-20,2014-01-26,D6,2013,0.300000,166741931,2026-09-27T20:00:50Z,2026-09-27T20:00:50Z,https://www.epa.gov/fuels-registration-reporting-and-compliance-help/rin-trades-and-price-information,epa_rin/2026-09-27T200050Z,254b72a5f9a878ff80f00798e147e043e73931d20e3808a3b0c7eb1583ffba47,1.1
2014-01-20,2014-01-26,2014-01-20,2014-01-26,D6,2014,0.380000,46078763,2026-09-27T20:00:50Z,2026-09-27T20:00:50Z,https://www.epa.gov/fuels-registration-reporting-and-compliance-help/rin-trades-and-price-information,epa_rin/2026-09-27T200050Z,254b72a5f9a878ff80f00798e147e043e73931d20e3808a3b0c7eb1583ffba47,1.1
2014-01-27,2014-02-02,2014-01-27,2014-02-02,D6,2012,0.310000,3572019,2026-09-27T20:00:50Z,2026-09-27T20:00:50Z,https://www.epa.gov/fuels-registration-reporting-and-compliance-help/rin-trades-and-price-information,epa_rin/2026-09-27T200050Z,254b72a5f9a878ff80f00798e147e043e73931d20e3808a3b0c7eb1583ffba47,1.1
2014-01-27,2014-02-02,2014-01-27,2014-02-02,D6,2013,0.330000,231649014,2026-09-27T20:00:50Z,2026-09-27T20:00:50Z,https://www.epa.gov/fuels-registration-reporting-and-compliance-help/rin-trades-and-price-information,epa_rin/2026-09-27T200050Z,254b72a5f9a878ff80f00798e147e043e73931d20e3808a3b0c7eb1583ffba47,1.1
2014-01-27,2014-02-02,2014-01-27,2014-02-02,D6,2014,0.400000,87884165,2026-09-27T20:00:50Z,2026-09-27T20:00:50Z,https://www.epa.gov/fuels-registration-reporting-and-compliance-help/rin-trades-and-price-information,epa_rin/2026-09-27T200050Z,254b72a5f9a878ff80f00798e147e043e73931d20e3808a3b0c7eb1583ffba47,1.1
2014-02-03,2014-02-09,2014-02-03,2014-02-09,D6,2012,0.420000,1167961,2026-09-27T20:00:50Z,2026-09-27T20:00:50Z,https://www.epa.gov/fuels-registration-reporting-and-compliance-help/rin-trades-and-price-information,epa_rin/2026-09-27T200050Z,254b72a5f9a878ff80f00798e147e043e73931d20e3808a3b0c7eb1583ffba47,1.1
2014-02-03,2014-02-09,2014-02-03,2014-02-09,D6,2013,0.410000,80869086,2026-09-27T20:00:50Z,2026-09-27T20:00:50Z,https://www.epa.gov/fuels-registration-reporting-and-compliance-help/rin-trades-and-price-information,epa_rin/2026-09-27T200050Z,254b72a5f9a878ff80f00798e147e043e73931d20e3808a3b0c7eb1583ffba47,1.1
2014-02-03,2014-02-09,2014-02-03,2014-02-09,D6,2014,0.360000,128505128,2026-09-27T20:00:50Z,2026-09-27T20:00:50Z,https://www.epa.gov/fuels-registration-reporting-and-compliance-help/rin-trades-and-price-information,epa_rin/2026-09-27T200050Z,254b72a5f9a878ff80f00798e147e043e73931d20e3808a3b0c7eb1583ffba47,1.1
2014-02-10,2014-02-16,2014-02-10,2014-02-16,D6,2012,0.500000,1500000,2026-09-27T20:00:50Z,2026-09-27T20:00:50Z,https://www.epa.gov/fuels-registration-reporting-and-compliance-help/rin-trades-and-price-information,epa_rin/2026-09-27T200050Z,254b72a5f9a878ff80f00798e147e043e73931d20e3808a3b0c7eb1583ffba47,1.1
2014-02-10,2014-02-16,2014-02-10,2014-02-16,D6,2013,0.400000,84720118,2026-09-27T20:00:50Z,2026-09-27T20:00:50Z,https://www.epa.gov/fuels-registration-reporting-and-compliance-help/rin-trades-and-price-information,epa_rin/2026-09-27T200050Z,254b72a5f9a878ff80f00798e147e043e73931d20e3808a3b0c7eb1583ffba47,1.1
2014-02-10,2014-02-16,2014-02-10,2014-02-16,D6,2014,0.400000,203216844,2026-09-27T20:00:50Z,2026-09-27T20:00:50Z,https://www.epa.gov/fuels-registration-reporting-and-compliance-help/rin-trades-and-price-information,epa_rin/2026-09-27T200050Z,254b72a5f9a878ff80f00798e147e043e73931d20e3808a3b0c7eb1583ffba47,1.1
2014-02-17,2014-02-23,2014-02-17,2014-02-23,D6,2012,0.520000,1002245,2026-09-27T20:00:50Z,2026-09-27T20:00:50Z,https://www.epa.gov/fuels-registration-reporting-and-compliance-help/rin-trades-and-price-information,epa_rin/2026-09-27T200050Z,254b72a5f9a878ff80f00798e147e043e73931d20e3808a3b0c7eb1583ffba47,1.1
2014-02-17,2014-02-23,2014-02-17,2014-02-23,D6,2013,0.460000,39665471,2026-09-27T20:00:50Z,2026-09-27T20:00:50Z,https://www.epa.gov/fuels-registration-reporting-and-compliance-help/rin-trades-and-price-information,epa_rin/2026-09-27T200050Z,254b72a5f9a878ff80f00798e147e043e73931d20e3808a3b0c7eb1583ffba47,1.1
2014-02-17,2014-02-23,2014-02-17,2014-02-23,D6,2014,0.440000,149666179,2026-09-27T20:00:50Z,2026-09-27T20:00:50Z,https://www.epa.gov/fuels-registration-reporting-and-compliance-help/rin-trades-and-price-information,epa_rin/2026-09-27T200050Z,254b72a5f9a878ff80f00798e147e043e73931d20e3808a3b0c7eb1583ffba47,1.1
2014-02-24,2014-03-02,2014-02-24,2014-03-02,D6,2012,0.450000,4542956,2026-09-27T20:00:50Z,2026-09-27T20:00:50Z,https://www.epa.gov/fuels-registration-reporting-and-compliance-help/rin-trades-and-price-information,epa_rin/2026-09-27T200050Z,254b72a5f9a878ff80f00798e147e043e73931d20e3808a3b0c7eb1583ffba47,1.1
2014-02-24,2014-03-02,2014-02-24,2014-03-02,D6,2013,0.380000,90504675,2026-09-27T20:00:50Z,2026-09-27T20:00:50Z,https://www.epa.gov/fuels-registration-reporting-and-compliance-help/rin-trades-and-price-information,epa_rin/2026-09-27T200050Z,254b72a5f9a878ff80f00798e147e043e73931d20e3808a3b0c7eb1583ffba47,1.1
2014-02-24,2014-03-02,2014-02-24,2014-03-02,D6,2014,0.480000,208575813,2026-09-27T20:00:50Z,2026-09-27T20:00:50Z,https://www.epa.gov/fuels-registration-reporting-and-compliance-help/rin-trades-and-price-information,epa_rin/2026-09-27T200050Z,254b72a5f9a878ff80f00798e147e043e73931d20e3808a3b0c7eb1583ffba47,1.1
2014-03-03,2014-03-09,2014-03-03,2014-03-09,D6,2013,0.450000,39307673,2026-09-27T20:00:50Z,2026-09-27T20:00:50Z,https://www.epa.gov/fuels-registration-reporting-and-compliance-help/rin-trades-and-price-information,epa_rin/2026-09-27T200050Z,254b72a5f9a878ff80f00798e147e043e73931d20e3808a3b0c7eb1583ffba47,1.1
2014-03-03,2014-03-09,2014-03-03,2014-03-09,D6,2014,0.560000,251871437,2026-09-27T20:00:50Z,2026-09-27T20:00:50Z,https://www.epa.gov/fuels-registration-reporting-and-compliance-help/rin-trades-and-price-information,epa_rin/2026-09-27T200050Z,254b72a5f9a878ff80f00798e147e043e73931d20e3808a3b0c7eb1583ffba47,1.1
2014-03-10,2014-03-16,2014-03-10,2014-03-16,D6,2012,0.290000,1100000,2026-09-27T20:00:50Z,2026-09-27T20:00:50Z,https://www.epa.gov/fuels-registration-reporting-and-compliance-help/rin-trades-and-price-information,epa_rin/2026-09-27T200050Z,254b72a5f9a878ff80f00798e147e043e73931d20e3808a3b0c7eb1583ffba47,1.1
2014-03-10,2014-03-16,2014-03-10,2014-03-16,D6,2013,0.460000,59387991,2026-09-27T20:00:50Z,2026-09-27T20:00:50Z,https://www.epa.gov/fuels-registration-reporting-and-compliance-help/rin-trades-and-price-information,epa_rin/2026-09-27T200050Z,254b72a5f9a878ff80f00798e147e043e73931d20e3808a3b0c7eb1583ffba47,1.1
2014-03-10,2014-03-16,2014-03-10,2014-03-16,D6,2014,0.510000,240514056,2026-09-27T20:00:50Z,2026-09-27T20:00:50Z,https://www.epa.gov/fuels-registration-reporting-and-compliance-help/rin-trades-and-price-information,epa_rin/2026-09-27T200050Z,254b72a5f9a878ff80f00798e147e043e73931d20e3808a3b0c7eb1583ffba47,1.1
2014-03-17,2014-03-23,2014-03-17,2014-03-23,D6,2013,0.440000,69461759,2026-09-27T20:00:50Z,2026-09-27T20:00:50Z,https://www.epa.gov/fuels-registration-reporting-and-compliance-help/rin-trades-and-price-information,epa_rin/2026-09-27T200050Z,254b72a5f9a878ff80f00798e147e043e73931d20e3808a3b0c7eb1583ffba47,1.1
2014-03-17,2014-03-23,2014-03-17,2014-03-23,D6,2014,0.440000,275872653,2026-09-27T20:00:50Z,2026-09-27T20:00:50Z,https://www.epa.gov/fuels-registration-reporting-and-compliance-help/rin-trades-and-price-information,epa_rin/2026-09-27T200050Z,254b72a5f9a878ff80f00798e147e043e73931d20e3808a3b0c7eb1583ffba47,1.1
2014-03-24,2014-03-30,2014-03-24,2014-03-30,D6,2012,0.290000,28900000,2026-09-27T20:00:50Z,2026-09-27T20:00:50Z,https://www.epa.gov/fuels-registration-reporting-and-compliance-help/rin-trades-and-price-information,epa_rin/2026-09-27T200050Z,254b72a5f9a878ff80f00798e147e043e73931d20e3808a3b0c7eb1583ffba47,1.1
2014-03-24,2014-03-30,2014-03-24,2014-03-30,D6,2013,0.400000,158328279,2026-09-27T20:00:50Z,2026-09-27T20:00:50Z,https://www.epa.gov/fuels-registration-reporting-and-compliance-help/rin-trades-and-price-information,epa_rin/2026-09-27T200050Z,254b72a5f9a878ff80f00798e147e043e73931d20e3808a3b0c7eb1583ffba47,1.1
2014-03-24,2014-03-30,2014-03-24,2014-03-30,D6,2014,0.480000,266012648,2026-09-27T20:00:50Z,2026-09-27T20:00:50Z,https://www.epa.gov/fuels-registration-reporting-and-compliance-help/rin-trades-and-price-information,epa_rin/2026-09-27T200050Z,254b72a5f9a878ff80f00798e147e043e73931d20e3808a3b0c7eb1583ffba47,1.1
2014-03-31,2014-04-06,2014-03-31,2014-04-06,D6,2012,0.500000,2725000,2026-09-27T20:00:50Z,2026-09-27T20:00:50Z,https://www.epa.gov/fuels-registration-reporting-and-compliance-help/rin-trades-and-price-information,epa_rin/2026-09-27T200050Z,254b72a5f9a878ff80f00798e147e043e73931d20e3808a3b0c7eb1583ffba47,1.1
2014-03-31,2014-04-06,2014-03-31,2014-04-06,D6,2013,0.350000,62357053,2026-09-27T20:00:50Z,2026-09-27T20:00:50Z,https://www.epa.gov/fuels-registration-reporting-and-compliance-help/rin-trades-and-price-information,epa_rin/2026-09-27T200050Z,254b72a5f9a878ff80f00798e147e043e73931d20e3808a3b0c7eb1583ffba47,1.1
2014-03-31,2014-04-06,2014-03-31,2014-04-06,D6,2014,0.480000,338268624,2026-09-27T20:00:50Z,2026-09-27T20:00:50Z,https://www.epa.gov/fuels-registration-reporting-and-compliance-help/rin-trades-and-price-information,epa_rin/2026-09-27T200050Z,254b72a5f9a878ff80f00798e147e043e73931d20e3808a3b0c7eb1583ffba47,1.1
2014-04-07,2014-04-13,2014-04-07,2014-04-13,D6,2012,0.470000,7945805,2026-09-27T20:00:50Z,2026-09-27T20:00:50Z,https://www.epa.gov/fuels-registration-reporting-and-compliance-help/rin-trades-and-price-information,epa_rin/2026-09-27T200050Z,254b72a5f9a878ff80f00798e147e043e73931d20e3808a3b0c7eb1583ffba47,1.1
2014-04-07,2014-04-13,2014-04-07,2014-04-13,D6,2013,0.500000,160746888,2026-09-27T20:00:50Z,2026-09-27T20:00:50Z,https://www.epa.gov/fuels-registration-reporting-and-compliance-help/rin-trades-and-price-information,epa_rin/2026-09-27T200050Z,254b72a5f9a878ff80f00798e147e043e73931d20e3808a3b0c7eb1583ffba47,1.1
2014-04-07,2014-04-13,2014-04-07,2014-04-13,D6,2014,0.470000,229563918,2026-09-27T20:00:50Z,2026-09-27T20:00:50Z,https://www.epa.gov/fuels-registration-reporting-and-compliance-help/rin-trades-and-price-information,epa_rin/2026-09-27T200050Z,254b72a5f9a878ff80f00798e147e043e73931d20e3808a3b0c7eb1583ffba47,1.1
2014-04-14,2014-04-20,2014-04-14,2014-04-20,D6,2012,0.480000,1059056,2026-09-27T20:00:50Z,2026-09-27T20:00:50Z,https://www.epa.gov/fuels-registration-reporting-and-compliance-help/rin-trades-and-price-information,epa_rin/2026-09-27T200050Z,254b72a5f9a878ff80f00798e147e043e73931d20e3808a3b0c7eb1583ffba47,1.1
2014-04-14,2014-04-20,2014-04-14,2014-04-20,D6,2013,0.510000,27503246,2026-09-27T20:00:50Z,2026-09-27T20:00:50Z,https://www.epa.gov/fuels-registration-reporting-and-compliance-help/rin-trades-and-price-information,epa_rin/2026-09-27T200050Z,254b72a5f9a878ff80f00798e147e043e73931d20e3808a3b0c7eb1583ffba47,1.1
2014-04-14,2014-04-20,2014-04-14,2014-04-20,D6,2014,0.440000,203454935,2026-09-27T20:00:50Z,2026-09-27T20:00:50Z,https://www.epa.gov/fuels-registration-reporting-and-compliance-help/rin-trades-and-price-information,epa_rin/2026-09-27T200050Z,254b72a5f9a878ff80f00798e147e043e73931d20e3808a3b0c7eb1583ffba47,1.1
2014-04-21,2014-04-27,2014-04-21,2014-04-27,D6,2013,0.470000,38073324,2026-09-27T20:00:50Z,2026-09-27T20:00:50Z,https://www.epa.gov/fuels-registration-reporting-and-compliance-help/rin-trades-and-price-information,epa_rin/2026-09-27T200050Z,254b72a5f9a878ff80f00798e147e043e73931d20e3808a3b0c7eb1583ffba47,1.1
2014-04-21,2014-04-27,2014-04-21,2014-04-27,D6,2014,0.400000,186104204,2026-09-27T20:00:50Z,2026-09-27T20:00:50Z,https://www.epa.gov/fuels-registration-reporting-and-compliance-help/rin-trades-and-price-information,epa_rin/2026-09-27T200050Z,254b72a5f9a878ff80f00798e147e043e73931d20e3808a3b0c7eb1583ffba47,1.1
2014-04-28,2014-05-04,2014-04-28,2014-05-04,D6,2012,0.420000,22079754,2026-09-27T20:00:50Z,2026-09-27T20:00:50Z,https://www.epa.gov/fuels-registration-reporting-and-compliance-help/rin-trades-and-price-information,epa_rin/2026-09-27T200050Z,254b72a5f9a878ff80f00798e147e043e73931d20e3808a3b0c7eb1583ffba47,1.1
2014-04-28,2014-05-04,2014-04-28,2014-05-04,D6,2013,0.460000,78011427,2026-09-27T20:00:50Z,2026-09-27T20:00:50Z,https://www.epa.gov/fuels-registration-reporting-and-compliance-help/rin-trades-and-price-information,epa_rin/2026-09-27T200050Z,254b72a5f9a878ff80f00798e147e043e73931d20e3808a3b0c7eb1583ffba47,1.1
2014-04-28,2014-05-04,2014-04-28,2014-05-04,D6,2014,0.460000,293288847,2026-09-27T20:00:50Z,2026-09-27T20:00:50Z,https://www.epa.gov/fuels-registration-reporting-and-compliance-help/rin-trades-and-price-information,epa_rin/2026-09-27T200050Z,254b72a5f9a878ff80f00798e147e043e73931d20e3808a3b0c7eb1583ffba47,1.1
2014-05-05,2014-05-11,2014-05-05,2014-05-11,D6,2012,0.400000,3400000,2026-09-27T20:00:50Z,2026-09-27T20:00:50Z,https://www.epa.gov/fuels-registration-reporting-and-compliance-help/rin-trades-and-price-information,epa_rin/2026-09-27T200050Z,254b72a5f9a878ff80f00798e147e043e73931d20e3808a3b0c7eb1583ffba47,1.1
2014-05-05,2014-05-11,2014-05-05,2014-05-11,D6,2013,0.350000,31685198,2026-09-27T20:00:50Z,2026-09-27T20:00:50Z,https://www.epa.gov/fuels-registration-reporting-and-compliance-help/rin-trades-and-price-information,epa_rin/2026-09-27T200050Z,254b72a5f9a878ff80f00798e147e043e73931d20e3808a3b0c7eb1583ffba47,1.1
2014-05-05,2014-05-11,2014-05-05,2014-05-11,D6,2014,0.410000,287461036,2026-09-27T20:00:50Z,2026-09-27T20:00:50Z,https://www.epa.gov/fuels-registration-reporting-and-compliance-help/rin-trades-and-price-information,epa_rin/2026-09-27T200050Z,254b72a5f9a878ff80f00798e147e043e73931d20e3808a3b0c7eb1583ffba47,1.1
2014-05-12,2014-05-18,2014-05-12,2014-05-18,D6,2012,0.440000,2500000,2026-09-27T20:00:50Z,2026-09-27T20:00:50Z,https://www.epa.gov/fuels-registration-reporting-and-compliance-help/rin-trades-and-price-information,epa_rin/2026-09-27T200050Z,254b72a5f9a878ff80f00798e147e043e73931d20e3808a3b0c7eb1583ffba47,1.1
2014-05-12,2014-05-18,2014-05-12,2014-05-18,D6,2013,0.500000,47952403,2026-09-27T20:00:50Z,2026-09-27T20:00:50Z,https://www.epa.gov/fuels-registration-reporting-and-compliance-help/rin-trades-and-price-information,epa_rin/2026-09-27T200050Z,254b72a5f9a878ff80f00798e147e043e73931d20e3808a3b0c7eb1583ffba47,1.1
2014-05-12,2014-05-18,2014-05-12,2014-05-18,D6,2014,0.450000,269958789,2026-09-27T20:00:50Z,2026-09-27T20:00:50Z,https://www.epa.gov/fuels-registration-reporting-and-compliance-help/rin-trades-and-price-information,epa_rin/2026-09-27T200050Z,254b72a5f9a878ff80f00798e147e043e73931d20e3808a3b0c7eb1583ffba47,1.1
2014-05-19,2014-05-25,2014-05-19,2014-05-25,D6,2012,0.440000,1000000,2026-09-27T20:00:50Z,2026-09-27T20:00:50Z,https://www.epa.gov/fuels-registration-reporting-and-compliance-help/rin-trades-and-price-information,epa_rin/2026-09-27T200050Z,254b72a5f9a878ff80f00798e147e043e73931d20e3808a3b0c7eb1583ffba47,1.1
2014-05-19,2014-05-25,2014-05-19,2014-05-25,D6,2013,0.430000,92150632,2026-09-27T20:00:50Z,2026-09-27T20:00:50Z,https://www.epa.gov/fuels-registration-reporting-and-compliance-help/rin-trades-and-price-information,epa_rin/2026-09-27T200050Z,254b72a5f9a878ff80f00798e147e043e73931d20e3808a3b0c7eb1583ffba47,1.1
2014-05-19,2014-05-25,2014-05-19,2014-05-25,D6,2014,0.540000,195158716,2026-09-27T20:00:50Z,2026-09-27T20:00:50Z,https://www.epa.gov/fuels-registration-reporting-and-compliance-help/rin-trades-and-price-information,epa_rin/2026-09-27T200050Z,254b72a5f9a878ff80f00798e147e043e73931d20e3808a3b0c7eb1583ffba47,1.1
2014-05-26,2014-06-01,2014-05-26,2014-06-01,D6,2012,0.150000,36184706,2026-09-27T20:00:50Z,2026-09-27T20:00:50Z,https://www.epa.gov/fuels-registration-reporting-and-compliance-help/rin-trades-and-price-information,epa_rin/2026-09-27T200050Z,254b72a5f9a878ff80f00798e147e043e73931d20e3808a3b0c7eb1583ffba47,1.1
2014-05-26,2014-06-01,2014-05-26,2014-06-01,D6,2013,0.190000,211384964,2026-09-27T20:00:50Z,2026-09-27T20:00:50Z,https://www.epa.gov/fuels-registration-reporting-and-compliance-help/rin-trades-and-price-information,epa_rin/2026-09-27T200050Z,254b72a5f9a878ff80f00798e147e043e73931d20e3808a3b0c7eb1583ffba47,1.1
2014-05-26,2014-06-01,2014-05-26,2014-06-01,D6,2014,0.460000,315379771,2026-09-27T20:00:50Z,2026-09-27T20:00:50Z,https://www.epa.gov/fuels-registration-reporting-and-compliance-help/rin-trades-and-price-information,epa_rin/2026-09-27T200050Z,254b72a5f9a878ff80f00798e147e043e73931d20e3808a3b0c7eb1583ffba47,1.1
2014-06-02,2014-06-08,2014-06-02,2014-06-08,D6,2012,0.470000,10351278,2026-09-27T20:00:50Z,2026-09-27T20:00:50Z,https://www.epa.gov/fuels-registration-reporting-and-compliance-help/rin-trades-and-price-information,epa_rin/2026-09-27T200050Z,254b72a5f9a878ff80f00798e147e043e73931d20e3808a3b0c7eb1583ffba47,1.1
2014-06-02,2014-06-08,2014-06-02,2014-06-08,D6,2013,0.400000,37424964,2026-09-27T20:00:50Z,2026-09-27T20:00:50Z,https://www.epa.gov/fuels-registration-reporting-and-compliance-help/rin-trades-and-price-information,epa_rin/2026-09-27T200050Z,254b72a5f9a878ff80f00798e147e043e73931d20e3808a3b0c7eb1583ffba47,1.1
2014-06-02,2014-06-08,2014-06-02,2014-06-08,D6,2014,0.440000,320829269,2026-09-27T20:00:50Z,2026-09-27T20:00:50Z,https://www.epa.gov/fuels-registration-reporting-and-compliance-help/rin-trades-and-price-information,epa_rin/2026-09-27T200050Z,254b72a5f9a878ff80f00798e147e043e73931d20e3808a3b0c7eb1583ffba47,1.1
2014-06-09,2014-06-15,2014-06-09,2014-06-15,D6,2013,0.540000,64747094,2026-09-27T20:00:50Z,2026-09-27T20:00:50Z,https://www.epa.gov/fuels-registration-reporting-and-compliance-help/rin-trades-and-price-information,epa_rin/2026-09-27T200050Z,254b72a5f9a878ff80f00798e147e043e73931d20e3808a3b0c7eb1583ffba47,1.1
2014-06-09,2014-06-15,2014-06-09,2014-06-15,D6,2014,0.440000,328397076,2026-09-27T20:00:50Z,2026-09-27T20:00:50Z,https://www.epa.gov/fuels-registration-reporting-and-compliance-help/rin-trades-and-price-information,epa_rin/2026-09-27T200050Z,254b72a5f9a878ff80f00798e147e043e73931d20e3808a3b0c7eb1583ffba47,1.1
2014-06-16,2014-06-22,2014-06-16,2014-06-22,D6,2013,0.570000,56486801,2026-09-27T20:00:50Z,2026-09-27T20:00:50Z,https://www.epa.gov/fuels-registration-reporting-and-compliance-help/rin-trades-and-price-information,epa_rin/2026-09-27T200050Z,254b72a5f9a878ff80f00798e147e043e73931d20e3808a3b0c7eb1583ffba47,1.1
2014-06-16,2014-06-22,2014-06-16,2014-06-22,D6,2014,0.510000,393745831,2026-09-27T20:00:50Z,2026-09-27T20:00:50Z,https://www.epa.gov/fuels-registration-reporting-and-compliance-help/rin-trades-and-price-information,epa_rin/2026-09-27T200050Z,254b72a5f9a878ff80f00798e147e043e73931d20e3808a3b0c7eb1583ffba47,1.1
2014-06-23,2014-06-29,2014-06-23,2014-06-29,D6,2013,0.430000,12200759,2026-09-27T20:00:50Z,2026-09-27T20:00:50Z,https://www.epa.gov/fuels-registration-reporting-and-compliance-help/rin-trades-and-price-information,epa_rin/2026-09-27T200050Z,254b72a5f9a878ff80f00798e147e043e73931d20e3808a3b0c7eb1583ffba47,1.1
2014-06-23,2014-06-29,2014-06-23,2014-06-29,D6,2014,0.470000,455527191,2026-09-27T20:00:50Z,2026-09-27T20:00:50Z,https://www.epa.gov/fuels-registration-reporting-and-compliance-help/rin-trades-and-price-information,epa_rin/2026-09-27T200050Z,254b72a5f9a878ff80f00798e147e043e73931d20e3808a3b0c7eb1583ffba47,1.1
2014-06-30,2014-07-06,2014-06-30,2014-07-06,D6,2013,0.500000,5003003,2026-09-27T20:00:50Z,2026-09-27T20:00:50Z,https://www.epa.gov/fuels-registration-reporting-and-compliance-help/rin-trades-and-price-information,epa_rin/2026-09-27T200050Z,254b72a5f9a878ff80f00798e147e043e73931d20e3808a3b0c7eb1583ffba47,1.1
2014-06-30,2014-07-06,2014-06-30,2014-07-06,D6,2014,0.450000,490577676,2026-09-27T20:00:50Z,2026-09-27T20:00:50Z,https://www.epa.gov/fuels-registration-reporting-and-compliance-help/rin-trades-and-price-information,epa_rin/2026-09-27T200050Z,254b72a5f9a878ff80f00798e147e043e73931d20e3808a3b0c7eb1583ffba47,1.1
2014-07-07,2014-07-13,2014-07-07,2014-07-13,D6,2013,0.450000,16516719,2026-09-27T20:00:50Z,2026-09-27T20:00:50Z,https://www.epa.gov/fuels-registration-reporting-and-compliance-help/rin-trades-and-price-information,epa_rin/2026-09-27T200050Z,254b72a5f9a878ff80f00798e147e043e73931d20e3808a3b0c7eb1583ffba47,1.1
2014-07-07,2014-07-13,2014-07-07,2014-07-13,D6,2014,0.460000,260015815,2026-09-27T20:00:50Z,2026-09-27T20:00:50Z,https://www.epa.gov/fuels-registration-reporting-and-compliance-help/rin-trades-and-price-information,epa_rin/2026-09-27T200050Z,254b72a5f9a878ff80f00798e147e043e73931d20e3808a3b0c7eb1583ffba47,1.1
2014-07-14,2014-07-20,2014-07-14,2014-07-20,D6,2013,0.470000,3723805,2026-09-27T20:00:50Z,2026-09-27T20:00:50Z,https://www.epa.gov/fuels-registration-reporting-and-compliance-help/rin-trades-and-price-information,epa_rin/2026-09-27T200050Z,254b72a5f9a878ff80f00798e147e043e73931d20e3808a3b0c7eb1583ffba47,1.1
2014-07-14,2014-07-20,2014-07-14,2014-07-20,D6,2014,0.500000,315845898,2026-09-27T20:00:50Z,2026-09-27T20:00:50Z,https://www.epa.gov/fuels-registration-reporting-and-compliance-help/rin-trades-and-price-information,epa_rin/2026-09-27T200050Z,254b72a5f9a878ff80f00798e147e043e73931d20e3808a3b0c7eb1583ffba47,1.1
2014-07-21,2014-07-27,2014-07-21,2014-07-27,D6,2012,0.540000,4437713,2026-09-27T20:00:50Z,2026-09-27T20:00:50Z,https://www.epa.gov/fuels-registration-reporting-and-compliance-help/rin-trades-and-price-information,epa_rin/2026-09-27T200050Z,254b72a5f9a878ff80f00798e147e043e73931d20e3808a3b0c7eb1583ffba47,1.1
2014-07-21,2014-07-27,2014-07-21,2014-07-27,D6,2013,0.520000,6358681,2026-09-27T20:00:50Z,2026-09-27T20:00:50Z,https://www.epa.gov/fuels-registration-reporting-and-compliance-help/rin-trades-and-price-information,epa_rin/2026-09-27T200050Z,254b72a5f9a878ff80f00798e147e043e73931d20e3808a3b0c7eb1583ffba47,1.1
2014-07-21,2014-07-27,2014-07-21,2014-07-27,D6,2014,0.470000,259377702,2026-09-27T20:00:50Z,2026-09-27T20:00:50Z,https://www.epa.gov/fuels-registration-reporting-and-compliance-help/rin-trades-and-price-information,epa_rin/2026-09-27T200050Z,254b72a5f9a878ff80f00798e147e043e73931d20e3808a3b0c7eb1583ffba47,1.1
2014-07-28,2014-08-03,2014-07-28,2014-08-03,D6,2013,0.510000,4662489,2026-09-27T20:00:50Z,2026-09-27T20:00:50Z,https://www.epa.gov/fuels-registration-reporting-and-compliance-help/rin-trades-and-price-information,epa_rin/2026-09-27T200050Z,254b72a5f9a878ff80f00798e147e043e73931d20e3808a3b0c7eb1583ffba47,1.1
2014-07-28,2014-08-03,2014-07-28,2014-08-03,D6,2014,0.500000,300627066,2026-09-27T20:00:50Z,2026-09-27T20:00:50Z,https://www.epa.gov/fuels-registration-reporting-and-compliance-help/rin-trades-and-price-information,epa_rin/2026-09-27T200050Z,254b72a5f9a878ff80f00798e147e043e73931d20e3808a3b0c7eb1583ffba47,1.1
2014-08-04,2014-08-10,2014-08-04,2014-08-10,D6,2012,0.380000,3175611,2026-09-27T20:00:50Z,2026-09-27T20:00:50Z,https://www.epa.gov/fuels-registration-reporting-and-compliance-help/rin-trades-and-price-information,epa_rin/2026-09-27T200050Z,254b72a5f9a878ff80f00798e147e043e73931d20e3808a3b0c7eb1583ffba47,1.1
2014-08-04,2014-08-10,2014-08-04,2014-08-10,D6,2013,0.520000,58376290,2026-09-27T20:00:50Z,2026-09-27T20:00:50Z,https://www.epa.gov/fuels-registration-reporting-and-compliance-help/rin-trades-and-price-information,epa_rin/2026-09-27T200050Z,254b72a5f9a878ff80f00798e147e043e73931d20e3808a3b0c7eb1583ffba47,1.1
2014-08-04,2014-08-10,2014-08-04,2014-08-10,D6,2014,0.500000,370988187,2026-09-27T20:00:50Z,2026-09-27T20:00:50Z,https://www.epa.gov/fuels-registration-reporting-and-compliance-help/rin-trades-and-price-information,epa_rin/2026-09-27T200050Z,254b72a5f9a878ff80f00798e147e043e73931d20e3808a3b0c7eb1583ffba47,1.1
2014-08-11,2014-08-17,2014-08-11,2014-08-17,D6,2014,0.500000,232737402,2026-09-27T20:00:50Z,2026-09-27T20:00:50Z,https://www.epa.gov/fuels-registration-reporting-and-compliance-help/rin-trades-and-price-information,epa_rin/2026-09-27T200050Z,254b72a5f9a878ff80f00798e147e043e73931d20e3808a3b0c7eb1583ffba47,1.1
2014-08-18,2014-08-24,2014-08-18,2014-08-24,D6,2013,0.200000,1779366,2026-09-27T20:00:50Z,2026-09-27T20:00:50Z,https://www.epa.gov/fuels-registration-reporting-and-compliance-help/rin-trades-and-price-information,epa_rin/2026-09-27T200050Z,254b72a5f9a878ff80f00798e147e043e73931d20e3808a3b0c7eb1583ffba47,1.1
2014-08-18,2014-08-24,2014-08-18,2014-08-24,D6,2014,0.440000,362461643,2026-09-27T20:00:50Z,2026-09-27T20:00:50Z,https://www.epa.gov/fuels-registration-reporting-and-compliance-help/rin-trades-and-price-information,epa_rin/2026-09-27T200050Z,254b72a5f9a878ff80f00798e147e043e73931d20e3808a3b0c7eb1583ffba47,1.1
2014-08-25,2014-08-31,2014-08-25,2014-08-31,D6,2012,0.500000,145806,2026-09-27T20:00:50Z,2026-09-27T20:00:50Z,https://www.epa.gov/fuels-registration-reporting-and-compliance-help/rin-trades-and-price-information,epa_rin/2026-09-27T200050Z,254b72a5f9a878ff80f00798e147e043e73931d20e3808a3b0c7eb1583ffba47,1.1
2014-08-25,2014-08-31,2014-08-25,2014-08-31,D6,2013,0.520000,1312762,2026-09-27T20:00:50Z,2026-09-27T20:00:50Z,https://www.epa.gov/fuels-registration-reporting-and-compliance-help/rin-trades-and-price-information,epa_rin/2026-09-27T200050Z,254b72a5f9a878ff80f00798e147e043e73931d20e3808a3b0c7eb1583ffba47,1.1
2014-08-25,2014-08-31,2014-08-25,2014-08-31,D6,2014,0.500000,300473729,2026-09-27T20:00:50Z,2026-09-27T20:00:50Z,https://www.epa.gov/fuels-registration-reporting-and-compliance-help/rin-trades-and-price-information,epa_rin/2026-09-27T200050Z,254b72a5f9a878ff80f00798e147e043e73931d20e3808a3b0c7eb1583ffba47,1.1
2014-09-01,2014-09-07,2014-09-01,2014-09-07,D6,2013,0.500000,4275465,2026-09-27T20:00:50Z,2026-09-27T20:00:50Z,https://www.epa.gov/fuels-registration-reporting-and-compliance-help/rin-trades-and-price-information,epa_rin/2026-09-27T200050Z,254b72a5f9a878ff80f00798e147e043e73931d20e3808a3b0c7eb1583ffba47,1.1
2014-09-01,2014-09-07,2014-09-01,2014-09-07,D6,2014,0.510000,227005281,2026-09-27T20:00:50Z,2026-09-27T20:00:50Z,https://www.epa.gov/fuels-registration-reporting-and-compliance-help/rin-trades-and-price-information,epa_rin/2026-09-27T200050Z,254b72a5f9a878ff80f00798e147e043e73931d20e3808a3b0c7eb1583ffba47,1.1
2014-09-08,2014-09-14,2014-09-08,2014-09-14,D6,2013,0.480000,16011396,2026-09-27T20:00:50Z,2026-09-27T20:00:50Z,https://www.epa.gov/fuels-registration-reporting-and-compliance-help/rin-trades-and-price-information,epa_rin/2026-09-27T200050Z,254b72a5f9a878ff80f00798e147e043e73931d20e3808a3b0c7eb1583ffba47,1.1
2014-09-08,2014-09-14,2014-09-08,2014-09-14,D6,2014,0.490000,316627490,2026-09-27T20:00:50Z,2026-09-27T20:00:50Z,https://www.epa.gov/fuels-registration-reporting-and-compliance-help/rin-trades-and-price-information,epa_rin/2026-09-27T200050Z,254b72a5f9a878ff80f00798e147e043e73931d20e3808a3b0c7eb1583ffba47,1.1
2014-09-15,2014-09-21,2014-09-15,2014-09-21,D6,2013,0.510000,2448946,2026-09-27T20:00:50Z,2026-09-27T20:00:50Z,https://www.epa.gov/fuels-registration-reporting-and-compliance-help/rin-trades-and-price-information,epa_rin/2026-09-27T200050Z,254b72a5f9a878ff80f00798e147e043e73931d20e3808a3b0c7eb1583ffba47,1.1
2014-09-15,2014-09-21,2014-09-15,2014-09-21,D6,2014,0.480000,402316568,2026-09-27T20:00:50Z,2026-09-27T20:00:50Z,https://www.epa.gov/fuels-registration-reporting-and-compliance-help/rin-trades-and-price-information,epa_rin/2026-09-27T200050Z,254b72a5f9a878ff80f00798e147e043e73931d20e3808a3b0c7eb1583ffba47,1.1
2014-09-22,2014-09-28,2014-09-22,2014-09-28,D6,2013,0.410000,5726848,2026-09-27T20:00:50Z,2026-09-27T20:00:50Z,https://www.epa.gov/fuels-registration-reporting-and-compliance-help/rin-trades-and-price-information,epa_rin/2026-09-27T200050Z,254b72a5f9a878ff80f00798e147e043e73931d20e3808a3b0c7eb1583ffba47,1.1
2014-09-22,2014-09-28,2014-09-22,2014-09-28,D6,2014,0.480000,420242676,2026-09-27T20:00:50Z,2026-09-27T20:00:50Z,https://www.epa.gov/fuels-registration-reporting-and-compliance-help/rin-trades-and-price-information,epa_rin/2026-09-27T200050Z,254b72a5f9a878ff80f00798e147e043e73931d20e3808a3b0c7eb1583ffba47,1.1
2014-09-29,2014-10-05,2014-09-29,2014-10-05,D6,2012,0.430000,12064,2026-09-27T20:00:50Z,2026-09-27T20:00:50Z,https://www.epa.gov/fuels-registration-reporting-and-compliance-help/rin-trades-and-price-information,epa_rin/2026-09-27T200050Z,254b72a5f9a878ff80f00798e147e043e73931d20e3808a3b0c7eb1583ffba47,1.1
2014-09-29,2014-10-05,2014-09-29,2014-10-05,D6,2013,0.470000,3695638,2026-09-27T20:00:50Z,2026-09-27T20:00:50Z,https://www.epa.gov/fuels-registration-reporting-and-compliance-help/rin-trades-and-price-information,epa_rin/2026-09-27T200050Z,254b72a5f9a878ff80f00798e147e043e73931d20e3808a3b0c7eb1583ffba47,1.1
2014-09-29,2014-10-05,2014-09-29,2014-10-05,D6,2014,0.520000,581667493,2026-09-27T20:00:50Z,2026-09-27T20:00:50Z,https://www.epa.gov/fuels-registration-reporting-and-compliance-help/rin-trades-and-price-information,epa_rin/2026-09-27T200050Z,254b72a5f9a878ff80f00798e147e043e73931d20e3808a3b0c7eb1583ffba47,1.1
2014-10-06,2014-10-12,2014-10-06,2014-10-12,D6,2012,0.450000,400000,2026-09-27T20:00:50Z,2026-09-27T20:00:50Z,https://www.epa.gov/fuels-registration-reporting-and-compliance-help/rin-trades-and-price-information,epa_rin/2026-09-27T200050Z,254b72a5f9a878ff80f00798e147e043e73931d20e3808a3b0c7eb1583ffba47,1.1
2014-10-06,2014-10-12,2014-10-06,2014-10-12,D6,2013,0.450000,13002076,2026-09-27T20:00:50Z,2026-09-27T20:00:50Z,https://www.epa.gov/fuels-registration-reporting-and-compliance-help/rin-trades-and-price-information,epa_rin/2026-09-27T200050Z,254b72a5f9a878ff80f00798e147e043e73931d20e3808a3b0c7eb1583ffba47,1.1
2014-10-06,2014-10-12,2014-10-06,2014-10-12,D6,2014,0.460000,334909859,2026-09-27T20:00:50Z,2026-09-27T20:00:50Z,https://www.epa.gov/fuels-registration-reporting-and-compliance-help/rin-trades-and-price-information,epa_rin/2026-09-27T200050Z,254b72a5f9a878ff80f00798e147e043e73931d20e3808a3b0c7eb1583ffba47,1.1
2014-10-13,2014-10-19,2014-10-13,2014-10-19,D6,2013,0.480000,7000000,2026-09-27T20:00:50Z,2026-09-27T20:00:50Z,https://www.epa.gov/fuels-registration-reporting-and-compliance-help/rin-trades-and-price-information,epa_rin/2026-09-27T200050Z,254b72a5f9a878ff80f00798e147e043e73931d20e3808a3b0c7eb1583ffba47,1.1
2014-10-13,2014-10-19,2014-10-13,2014-10-19,D6,2014,0.460000,294278262,2026-09-27T20:00:50Z,2026-09-27T20:00:50Z,https://www.epa.gov/fuels-registration-reporting-and-compliance-help/rin-trades-and-price-information,epa_rin/2026-09-27T200050Z,254b72a5f9a878ff80f00798e147e043e73931d20e3808a3b0c7eb1583ffba47,1.1
2014-10-20,2014-10-26,2014-10-20,2014-10-26,D6,2012,0.370000,19775170,2026-09-27T20:00:50Z,2026-09-27T20:00:50Z,https://www.epa.gov/fuels-registration-reporting-and-compliance-help/rin-trades-and-price-information,epa_rin/2026-09-27T200050Z,254b72a5f9a878ff80f00798e147e043e73931d20e3808a3b0c7eb1583ffba47,1.1
2014-10-20,2014-10-26,2014-10-20,2014-10-26,D6,2013,0.640000,91123755,2026-09-27T20:00:50Z,2026-09-27T20:00:50Z,https://www.epa.gov/fuels-registration-reporting-and-compliance-help/rin-trades-and-price-information,epa_rin/2026-09-27T200050Z,254b72a5f9a878ff80f00798e147e043e73931d20e3808a3b0c7eb1583ffba47,1.1
2014-10-20,2014-10-26,2014-10-20,2014-10-26,D6,2014,0.440000,317643605,2026-09-27T20:00:50Z,2026-09-27T20:00:50Z,https://www.epa.gov/fuels-registration-reporting-and-compliance-help/rin-trades-and-price-information,epa_rin/2026-09-27T200050Z,254b72a5f9a878ff80f00798e147e043e73931d20e3808a3b0c7eb1583ffba47,1.1
2014-10-27,2014-11-02,2014-10-27,2014-11-02,D6,2013,0.420000,20614868,2026-09-27T20:00:50Z,2026-09-27T20:00:50Z,https://www.epa.gov/fuels-registration-reporting-and-compliance-help/rin-trades-and-price-information,epa_rin/2026-09-27T200050Z,254b72a5f9a878ff80f00798e147e043e73931d20e3808a3b0c7eb1583ffba47,1.1
2014-10-27,2014-11-02,2014-10-27,2014-11-02,D6,2014,0.410000,503380753,2026-09-27T20:00:50Z,2026-09-27T20:00:50Z,https://www.epa.gov/fuels-registration-reporting-and-compliance-help/rin-trades-and-price-information,epa_rin/2026-09-27T200050Z,254b72a5f9a878ff80f00798e147e043e73931d20e3808a3b0c7eb1583ffba47,1.1
2014-11-03,2014-11-09,2014-11-03,2014-11-09,D6,2012,0.010000,3820324,2026-09-27T20:00:50Z,2026-09-27T20:00:50Z,https://www.epa.gov/fuels-registration-reporting-and-compliance-help/rin-trades-and-price-information,epa_rin/2026-09-27T200050Z,254b72a5f9a878ff80f00798e147e043e73931d20e3808a3b0c7eb1583ffba47,1.1
2014-11-03,2014-11-09,2014-11-03,2014-11-09,D6,2013,0.380000,13889664,2026-09-27T20:00:50Z,2026-09-27T20:00:50Z,https://www.epa.gov/fuels-registration-reporting-and-compliance-help/rin-trades-and-price-information,epa_rin/2026-09-27T200050Z,254b72a5f9a878ff80f00798e147e043e73931d20e3808a3b0c7eb1583ffba47,1.1
2014-11-03,2014-11-09,2014-11-03,2014-11-09,D6,2014,0.480000,290837687,2026-09-27T20:00:50Z,2026-09-27T20:00:50Z,https://www.epa.gov/fuels-registration-reporting-and-compliance-help/rin-trades-and-price-information,epa_rin/2026-09-27T200050Z,254b72a5f9a878ff80f00798e147e043e73931d20e3808a3b0c7eb1583ffba47,1.1
2014-11-10,2014-11-16,2014-11-10,2014-11-16,D6,2013,0.460000,4022663,2026-09-27T20:00:50Z,2026-09-27T20:00:50Z,https://www.epa.gov/fuels-registration-reporting-and-compliance-help/rin-trades-and-price-information,epa_rin/2026-09-27T200050Z,254b72a5f9a878ff80f00798e147e043e73931d20e3808a3b0c7eb1583ffba47,1.1
2014-11-10,2014-11-16,2014-11-10,2014-11-16,D6,2014,0.420000,311976891,2026-09-27T20:00:50Z,2026-09-27T20:00:50Z,https://www.epa.gov/fuels-registration-reporting-and-compliance-help/rin-trades-and-price-information,epa_rin/2026-09-27T200050Z,254b72a5f9a878ff80f00798e147e043e73931d20e3808a3b0c7eb1583ffba47,1.1
2014-11-17,2014-11-23,2014-11-17,2014-11-23,D6,2013,0.470000,13090007,2026-09-27T20:00:50Z,2026-09-27T20:00:50Z,https://www.epa.gov/fuels-registration-reporting-and-compliance-help/rin-trades-and-price-information,epa_rin/2026-09-27T200050Z,254b72a5f9a878ff80f00798e147e043e73931d20e3808a3b0c7eb1583ffba47,1.1
2014-11-17,2014-11-23,2014-11-17,2014-11-23,D6,2014,0.460000,498605241,2026-09-27T20:00:50Z,2026-09-27T20:00:50Z,https://www.epa.gov/fuels-registration-reporting-and-compliance-help/rin-trades-and-price-information,epa_rin/2026-09-27T200050Z,254b72a5f9a878ff80f00798e147e043e73931d20e3808a3b0c7eb1583ffba47,1.1
2014-11-24,2014-11-30,2014-11-24,2014-11-30,D6,2013,0.480000,7442601,2026-09-27T20:00:50Z,2026-09-27T20:00:50Z,https://www.epa.gov/fuels-registration-reporting-and-compliance-help/rin-trades-and-price-information,epa_rin/2026-09-27T200050Z,254b72a5f9a878ff80f00798e147e043e73931d20e3808a3b0c7eb1583ffba47,1.1
2014-11-24,2014-11-30,2014-11-24,2014-11-30,D6,2014,0.490000,270129215,2026-09-27T20:00:50Z,2026-09-27T20:00:50Z,https://www.epa.gov/fuels-registration-reporting-and-compliance-help/rin-trades-and-price-information,epa_rin/2026-09-27T200050Z,254b72a5f9a878ff80f00798e147e043e73931d20e3808a3b0c7eb1583ffba47,1.1
2014-12-01,2014-12-07,2014-12-01,2014-12-07,D6,2013,0.260000,4518482,2026-09-27T20:00:50Z,2026-09-27T20:00:50Z,https://www.epa.gov/fuels-registration-reporting-and-compliance-help/rin-trades-and-price-information,epa_rin/2026-09-27T200050Z,254b72a5f9a878ff80f00798e147e043e73931d20e3808a3b0c7eb1583ffba47,1.1
2014-12-01,2014-12-07,2014-12-01,2014-12-07,D6,2014,0.490000,304426880,2026-09-27T20:00:50Z,2026-09-27T20:00:50Z,https://www.epa.gov/fuels-registration-reporting-and-compliance-help/rin-trades-and-price-information,epa_rin/2026-09-27T200050Z,254b72a5f9a878ff80f00798e147e043e73931d20e3808a3b0c7eb1583ffba47,1.1
2014-12-08,2014-12-14,2014-12-08,2014-12-14,D6,2012,0.500000,1282371,2026-09-27T20:00:50Z,2026-09-27T20:00:50Z,https://www.epa.gov/fuels-registration-reporting-and-compliance-help/rin-trades-and-price-information,epa_rin/2026-09-27T200050Z,254b72a5f9a878ff80f00798e147e043e73931d20e3808a3b0c7eb1583ffba47,1.1
2014-12-08,2014-12-14,2014-12-08,2014-12-14,D6,2013,0.250000,2866678,2026-09-27T20:00:50Z,2026-09-27T20:00:50Z,https://www.epa.gov/fuels-registration-reporting-and-compliance-help/rin-trades-and-price-information,epa_rin/2026-09-27T200050Z,254b72a5f9a878ff80f00798e147e043e73931d20e3808a3b0c7eb1583ffba47,1.1
2014-12-08,2014-12-14,2014-12-08,2014-12-14,D6,2014,0.470000,476433059,2026-09-27T20:00:50Z,2026-09-27T20:00:50Z,https://www.epa.gov/fuels-registration-reporting-and-compliance-help/rin-trades-and-price-information,epa_rin/2026-09-27T200050Z,254b72a5f9a878ff80f00798e147e043e73931d20e3808a3b0c7eb1583ffba47,1.1
2014-12-15,2014-12-21,2014-12-15,2014-12-21,D6,2013,0.560000,9689221,2026-09-27T20:00:50Z,2026-09-27T20:00:50Z,https://www.epa.gov/fuels-registration-reporting-and-compliance-help/rin-trades-and-price-information,epa_rin/2026-09-27T200050Z,254b72a5f9a878ff80f00798e147e043e73931d20e3808a3b0c7eb1583ffba47,1.1
2014-12-15,2014-12-21,2014-12-15,2014-12-21,D6,2014,0.520000,831394407,2026-09-27T20:00:50Z,2026-09-27T20:00:50Z,https://www.epa.gov/fuels-registration-reporting-and-compliance-help/rin-trades-and-price-information,epa_rin/2026-09-27T200050Z,254b72a5f9a878ff80f00798e147e043e73931d20e3808a3b0c7eb1583ffba47,1.1
2014-12-22,2014-12-28,2014-12-22,2014-12-28,D6,2013,0.620000,114990,2026-09-27T20:00:50Z,2026-09-27T20:00:50Z,https://www.epa.gov/fuels-registration-reporting-and-compliance-help/rin-trades-and-price-information,epa_rin/2026-09-27T200050Z,254b72a5f9a878ff80f00798e147e043e73931d20e3808a3b0c7eb1583ffba47,1.1
2014-12-22,2014-12-28,2014-12-22,2014-12-28,D6,2014,0.510000,395898187,2026-09-27T20:00:50Z,2026-09-27T20:00:50Z,https://www.epa.gov/fuels-registration-reporting-and-compliance-help/rin-trades-and-price-information,epa_rin/2026-09-27T200050Z,254b72a5f9a878ff80f00798e147e043e73931d20e3808a3b0c7eb1583ffba47,1.1
2014-12-29,2015-01-04,2014-12-29,2015-01-04,D6,2013,0.470000,1950000,2026-09-27T20:00:50Z,2026-09-27T20:00:50Z,https://www.epa.gov/fuels-registration-reporting-and-compliance-help/rin-trades-and-price-information,epa_rin/2026-09-27T200050Z,254b72a5f9a878ff80f00798e147e043e73931d20e3808a3b0c7eb1583ffba47,1.1
2014-12-29,2015-01-04,2014-12-29,2015-01-04,D6,2014,0.523726,735501559,2026-09-27T20:00:50Z,2026-09-27T20:00:50Z,https://www.epa.gov/fuels-registration-reporting-and-compliance-help/rin-trades-and-price-information,epa_rin/2026-09-27T200050Z,254b72a5f9a878ff80f00798e147e043e73931d20e3808a3b0c7eb1583ffba47,1.1
2015-01-05,2015-01-11,2015-01-05,2015-01-11,D6,2013,0.830000,1003674,2026-09-27T20:00:50Z,2026-09-27T20:00:50Z,https://www.epa.gov/fuels-registration-reporting-and-compliance-help/rin-trades-and-price-information,epa_rin/2026-09-27T200050Z,254b72a5f9a878ff80f00798e147e043e73931d20e3808a3b0c7eb1583ffba47,1.1
2015-01-05,2015-01-11,2015-01-05,2015-01-11,D6,2014,0.640000,291963720,2026-09-27T20:00:50Z,2026-09-27T20:00:50Z,https://www.epa.gov/fuels-registration-reporting-and-compliance-help/rin-trades-and-price-information,epa_rin/2026-09-27T200050Z,254b72a5f9a878ff80f00798e147e043e73931d20e3808a3b0c7eb1583ffba47,1.1
2015-01-05,2015-01-11,2015-01-05,2015-01-11,D6,2015,0.090000,7227399,2026-09-27T20:00:50Z,2026-09-27T20:00:50Z,https://www.epa.gov/fuels-registration-reporting-and-compliance-help/rin-trades-and-price-information,epa_rin/2026-09-27T200050Z,254b72a5f9a878ff80f00798e147e043e73931d20e3808a3b0c7eb1583ffba47,1.1
2015-01-12,2015-01-18,2015-01-12,2015-01-18,D6,2013,0.780000,551779,2026-09-27T20:00:50Z,2026-09-27T20:00:50Z,https://www.epa.gov/fuels-registration-reporting-and-compliance-help/rin-trades-and-price-information,epa_rin/2026-09-27T200050Z,254b72a5f9a878ff80f00798e147e043e73931d20e3808a3b0c7eb1583ffba47,1.1
2015-01-12,2015-01-18,2015-01-12,2015-01-18,D6,2014,0.640000,412100829,2026-09-27T20:00:50Z,2026-09-27T20:00:50Z,https://www.epa.gov/fuels-registration-reporting-and-compliance-help/rin-trades-and-price-information,epa_rin/2026-09-27T200050Z,254b72a5f9a878ff80f00798e147e043e73931d20e3808a3b0c7eb1583ffba47,1.1
2015-01-12,2015-01-18,2015-01-12,2015-01-18,D6,2015,0.770000,27361745,2026-09-27T20:00:50Z,2026-09-27T20:00:50Z,https://www.epa.gov/fuels-registration-reporting-and-compliance-help/rin-trades-and-price-information,epa_rin/2026-09-27T200050Z,254b72a5f9a878ff80f00798e147e043e73931d20e3808a3b0c7eb1583ffba47,1.1
2015-01-19,2015-01-25,2015-01-19,2015-01-25,D6,2013,0.610000,2120940,2026-09-27T20:00:50Z,2026-09-27T20:00:50Z,https://www.epa.gov/fuels-registration-reporting-and-compliance-help/rin-trades-and-price-information,epa_rin/2026-09-27T200050Z,254b72a5f9a878ff80f00798e147e043e73931d20e3808a3b0c7eb1583ffba47,1.1
2015-01-19,2015-01-25,2015-01-19,2015-01-25,D6,2014,0.700000,205363300,2026-09-27T20:00:50Z,2026-09-27T20:00:50Z,https://www.epa.gov/fuels-registration-reporting-and-compliance-help/rin-trades-and-price-information,epa_rin/2026-09-27T200050Z,254b72a5f9a878ff80f00798e147e043e73931d20e3808a3b0c7eb1583ffba47,1.1
2015-01-19,2015-01-25,2015-01-19,2015-01-25,D6,2015,0.750000,31167339,2026-09-27T20:00:50Z,2026-09-27T20:00:50Z,https://www.epa.gov/fuels-registration-reporting-and-compliance-help/rin-trades-and-price-information,epa_rin/2026-09-27T200050Z,254b72a5f9a878ff80f00798e147e043e73931d20e3808a3b0c7eb1583ffba47,1.1
2015-01-26,2015-02-01,2015-01-26,2015-02-01,D6,2013,0.620000,10846641,2026-09-27T20:00:50Z,2026-09-27T20:00:50Z,https://www.epa.gov/fuels-registration-reporting-and-compliance-help/rin-trades-and-price-information,epa_rin/2026-09-27T200050Z,254b72a5f9a878ff80f00798e147e043e73931d20e3808a3b0c7eb1583ffba47,1.1
2015-01-26,2015-02-01,2015-01-26,2015-02-01,D6,2014,0.580000,353538236,2026-09-27T20:00:50Z,2026-09-27T20:00:50Z,https://www.epa.gov/fuels-registration-reporting-and-compliance-help/rin-trades-and-price-information,epa_rin/2026-09-27T200050Z,254b72a5f9a878ff80f00798e147e043e73931d20e3808a3b0c7eb1583ffba47,1.1
2015-01-26,2015-02-01,2015-01-26,2015-02-01,D6,2015,0.720000,78341441,2026-09-27T20:00:50Z,2026-09-27T20:00:50Z,https://www.epa.gov/fuels-registration-reporting-and-compliance-help/rin-trades-and-price-information,epa_rin/2026-09-27T200050Z,254b72a5f9a878ff80f00798e147e043e73931d20e3808a3b0c7eb1583ffba47,1.1
2015-02-02,2015-02-08,2015-02-02,2015-02-08,D6,2013,0.640000,125600,2026-09-27T20:00:50Z,2026-09-27T20:00:50Z,https://www.epa.gov/fuels-registration-reporting-and-compliance-help/rin-trades-and-price-information,epa_rin/2026-09-27T200050Z,254b72a5f9a878ff80f00798e147e043e73931d20e3808a3b0c7eb1583ffba47,1.1
2015-02-02,2015-02-08,2015-02-02,2015-02-08,D6,2014,0.530000,93291143,2026-09-27T20:00:50Z,2026-09-27T20:00:50Z,https://www.epa.gov/fuels-registration-reporting-and-compliance-help/rin-trades-and-price-information,epa_rin/2026-09-27T200050Z,254b72a5f9a878ff80f00798e147e043e73931d20e3808a3b0c7eb1583ffba47,1.1
2015-02-02,2015-02-08,2015-02-02,2015-02-08,D6,2015,0.680000,125045836,2026-09-27T20:00:50Z,2026-09-27T20:00:50Z,https://www.epa.gov/fuels-registration-reporting-and-compliance-help/rin-trades-and-price-information,epa_rin/2026-09-27T200050Z,254b72a5f9a878ff80f00798e147e043e73931d20e3808a3b0c7eb1583ffba47,1.1
2015-02-09,2015-02-15,2015-02-09,2015-02-15,D6,2013,0.710000,3125729,2026-09-27T20:00:50Z,2026-09-27T20:00:50Z,https://www.epa.gov/fuels-registration-reporting-and-compliance-help/rin-trades-and-price-information,epa_rin/2026-09-27T200050Z,254b72a5f9a878ff80f00798e147e043e73931d20e3808a3b0c7eb1583ffba47,1.1
2015-02-09,2015-02-15,2015-02-09,2015-02-15,D6,2014,0.410000,125888630,2026-09-27T20:00:50Z,2026-09-27T20:00:50Z,https://www.epa.gov/fuels-registration-reporting-and-compliance-help/rin-trades-and-price-information,epa_rin/2026-09-27T200050Z,254b72a5f9a878ff80f00798e147e043e73931d20e3808a3b0c7eb1583ffba47,1.1
2015-02-09,2015-02-15,2015-02-09,2015-02-15,D6,2015,0.690000,167757085,2026-09-27T20:00:50Z,2026-09-27T20:00:50Z,https://www.epa.gov/fuels-registration-reporting-and-compliance-help/rin-trades-and-price-information,epa_rin/2026-09-27T200050Z,254b72a5f9a878ff80f00798e147e043e73931d20e3808a3b0c7eb1583ffba47,1.1
2015-02-16,2015-02-22,2015-02-16,2015-02-22,D6,2013,0.610000,65767,2026-09-27T20:00:50Z,2026-09-27T20:00:50Z,https://www.epa.gov/fuels-registration-reporting-and-compliance-help/rin-trades-and-price-information,epa_rin/2026-09-27T200050Z,254b72a5f9a878ff80f00798e147e043e73931d20e3808a3b0c7eb1583ffba47,1.1
2015-02-16,2015-02-22,2015-02-16,2015-02-22,D6,2014,0.670000,45362179,2026-09-27T20:00:50Z,2026-09-27T20:00:50Z,https://www.epa.gov/fuels-registration-reporting-and-compliance-help/rin-trades-and-price-information,epa_rin/2026-09-27T200050Z,254b72a5f9a878ff80f00798e147e043e73931d20e3808a3b0c7eb1583ffba47,1.1
2015-02-16,2015-02-22,2015-02-16,2015-02-22,D6,2015,0.790000,139946986,2026-09-27T20:00:50Z,2026-09-27T20:00:50Z,https://www.epa.gov/fuels-registration-reporting-and-compliance-help/rin-trades-and-price-information,epa_rin/2026-09-27T200050Z,254b72a5f9a878ff80f00798e147e043e73931d20e3808a3b0c7eb1583ffba47,1.1
2015-02-23,2015-03-01,2015-02-23,2015-03-01,D6,2013,0.670000,2147820,2026-09-27T20:00:50Z,2026-09-27T20:00:50Z,https://www.epa.gov/fuels-registration-reporting-and-compliance-help/rin-trades-and-price-information,epa_rin/2026-09-27T200050Z,254b72a5f9a878ff80f00798e147e043e73931d20e3808a3b0c7eb1583ffba47,1.1
2015-02-23,2015-03-01,2015-02-23,2015-03-01,D6,2014,0.690000,110475007,2026-09-27T20:00:50Z,2026-09-27T20:00:50Z,https://www.epa.gov/fuels-registration-reporting-and-compliance-help/rin-trades-and-price-information,epa_rin/2026-09-27T200050Z,254b72a5f9a878ff80f00798e147e043e73931d20e3808a3b0c7eb1583ffba47,1.1
2015-02-23,2015-03-01,2015-02-23,2015-03-01,D6,2015,0.810000,224134050,2026-09-27T20:00:50Z,2026-09-27T20:00:50Z,https://www.epa.gov/fuels-registration-reporting-and-compliance-help/rin-trades-and-price-information,epa_rin/2026-09-27T200050Z,254b72a5f9a878ff80f00798e147e043e73931d20e3808a3b0c7eb1583ffba47,1.1
2015-03-02,2015-03-08,2015-03-02,2015-03-08,D6,2013,0.720000,49000000,2026-09-27T20:00:50Z,2026-09-27T20:00:50Z,https://www.epa.gov/fuels-registration-reporting-and-compliance-help/rin-trades-and-price-information,epa_rin/2026-09-27T200050Z,254b72a5f9a878ff80f00798e147e043e73931d20e3808a3b0c7eb1583ffba47,1.1
2015-03-02,2015-03-08,2015-03-02,2015-03-08,D6,2014,0.640000,53245482,2026-09-27T20:00:50Z,2026-09-27T20:00:50Z,https://www.epa.gov/fuels-registration-reporting-and-compliance-help/rin-trades-and-price-information,epa_rin/2026-09-27T200050Z,254b72a5f9a878ff80f00798e147e043e73931d20e3808a3b0c7eb1583ffba47,1.1
2015-03-02,2015-03-08,2015-03-02,2015-03-08,D6,2015,0.680000,246209614,2026-09-27T20:00:50Z,2026-09-27T20:00:50Z,https://www.epa.gov/fuels-registration-reporting-and-compliance-help/rin-trades-and-price-information,epa_rin/2026-09-27T200050Z,254b72a5f9a878ff80f00798e147e043e73931d20e3808a3b0c7eb1583ffba47,1.1
2015-03-09,2015-03-15,2015-03-09,2015-03-15,D6,2013,0.700000,1051759,2026-09-27T20:00:50Z,2026-09-27T20:00:50Z,https://www.epa.gov/fuels-registration-reporting-and-compliance-help/rin-trades-and-price-information,epa_rin/2026-09-27T200050Z,254b72a5f9a878ff80f00798e147e043e73931d20e3808a3b0c7eb1583ffba47,1.1
2015-03-09,2015-03-15,2015-03-09,2015-03-15,D6,2014,0.690000,59059420,2026-09-27T20:00:50Z,2026-09-27T20:00:50Z,https://www.epa.gov/fuels-registration-reporting-and-compliance-help/rin-trades-and-price-information,epa_rin/2026-09-27T200050Z,254b72a5f9a878ff80f00798e147e043e73931d20e3808a3b0c7eb1583ffba47,1.1
2015-03-09,2015-03-15,2015-03-09,2015-03-15,D6,2015,0.670000,142088901,2026-09-27T20:00:50Z,2026-09-27T20:00:50Z,https://www.epa.gov/fuels-registration-reporting-and-compliance-help/rin-trades-and-price-information,epa_rin/2026-09-27T200050Z,254b72a5f9a878ff80f00798e147e043e73931d20e3808a3b0c7eb1583ffba47,1.1
2015-03-16,2015-03-22,2015-03-16,2015-03-22,D6,2012,0.770000,182087,2026-09-27T20:00:50Z,2026-09-27T20:00:50Z,https://www.epa.gov/fuels-registration-reporting-and-compliance-help/rin-trades-and-price-information,epa_rin/2026-09-27T200050Z,254b72a5f9a878ff80f00798e147e043e73931d20e3808a3b0c7eb1583ffba47,1.1
2015-03-16,2015-03-22,2015-03-16,2015-03-22,D6,2014,0.600000,135147977,2026-09-27T20:00:50Z,2026-09-27T20:00:50Z,https://www.epa.gov/fuels-registration-reporting-and-compliance-help/rin-trades-and-price-information,epa_rin/2026-09-27T200050Z,254b72a5f9a878ff80f00798e147e043e73931d20e3808a3b0c7eb1583ffba47,1.1
2015-03-16,2015-03-22,2015-03-16,2015-03-22,D6,2015,0.650000,407047314,2026-09-27T20:00:50Z,2026-09-27T20:00:50Z,https://www.epa.gov/fuels-registration-reporting-and-compliance-help/rin-trades-and-price-information,epa_rin/2026-09-27T200050Z,254b72a5f9a878ff80f00798e147e043e73931d20e3808a3b0c7eb1583ffba47,1.1
2015-03-23,2015-03-29,2015-03-23,2015-03-29,D6,2013,0.670000,9982198,2026-09-27T20:00:50Z,2026-09-27T20:00:50Z,https://www.epa.gov/fuels-registration-reporting-and-compliance-help/rin-trades-and-price-information,epa_rin/2026-09-27T200050Z,254b72a5f9a878ff80f00798e147e043e73931d20e3808a3b0c7eb1583ffba47,1.1
2015-03-23,2015-03-29,2015-03-23,2015-03-29,D6,2014,0.680000,141660506,2026-09-27T20:00:50Z,2026-09-27T20:00:50Z,https://www.epa.gov/fuels-registration-reporting-and-compliance-help/rin-trades-and-price-information,epa_rin/2026-09-27T200050Z,254b72a5f9a878ff80f00798e147e043e73931d20e3808a3b0c7eb1583ffba47,1.1
2015-03-23,2015-03-29,2015-03-23,2015-03-29,D6,2015,0.680000,273681340,2026-09-27T20:00:50Z,2026-09-27T20:00:50Z,https://www.epa.gov/fuels-registration-reporting-and-compliance-help/rin-trades-and-price-information,epa_rin/2026-09-27T200050Z,254b72a5f9a878ff80f00798e147e043e73931d20e3808a3b0c7eb1583ffba47,1.1
2015-03-30,2015-04-05,2015-03-30,2015-04-05,D6,2013,0.700000,1000000,2026-09-27T20:00:50Z,2026-09-27T20:00:50Z,https://www.epa.gov/fuels-registration-reporting-and-compliance-help/rin-trades-and-price-information,epa_rin/2026-09-27T200050Z,254b72a5f9a878ff80f00798e147e043e73931d20e3808a3b0c7eb1583ffba47,1.1
2015-03-30,2015-04-05,2015-03-30,2015-04-05,D6,2014,0.690000,267280078,2026-09-27T20:00:50Z,2026-09-27T20:00:50Z,https://www.epa.gov/fuels-registration-reporting-and-compliance-help/rin-trades-and-price-information,epa_rin/2026-09-27T200050Z,254b72a5f9a878ff80f00798e147e043e73931d20e3808a3b0c7eb1583ffba47,1.1
2015-03-30,2015-04-05,2015-03-30,2015-04-05,D6,2015,0.670000,327159486,2026-09-27T20:00:50Z,2026-09-27T20:00:50Z,https://www.epa.gov/fuels-registration-reporting-and-compliance-help/rin-trades-and-price-information,epa_rin/2026-09-27T200050Z,254b72a5f9a878ff80f00798e147e043e73931d20e3808a3b0c7eb1583ffba47,1.1
2015-04-06,2015-04-12,2015-04-06,2015-04-12,D6,2013,0.680000,800000,2026-09-27T20:00:50Z,2026-09-27T20:00:50Z,https://www.epa.gov/fuels-registration-reporting-and-compliance-help/rin-trades-and-price-information,epa_rin/2026-09-27T200050Z,254b72a5f9a878ff80f00798e147e043e73931d20e3808a3b0c7eb1583ffba47,1.1
2015-04-06,2015-04-12,2015-04-06,2015-04-12,D6,2014,0.720000,2467983,2026-09-27T20:00:50Z,2026-09-27T20:00:50Z,https://www.epa.gov/fuels-registration-reporting-and-compliance-help/rin-trades-and-price-information,epa_rin/2026-09-27T200050Z,254b72a5f9a878ff80f00798e147e043e73931d20e3808a3b0c7eb1583ffba47,1.1
2015-04-06,2015-04-12,2015-04-06,2015-04-12,D6,2015,0.659972,186864604,2026-09-27T20:00:50Z,2026-09-27T20:00:50Z,https://www.epa.gov/fuels-registration-reporting-and-compliance-help/rin-trades-and-price-information,epa_rin/2026-09-27T200050Z,254b72a5f9a878ff80f00798e147e043e73931d20e3808a3b0c7eb1583ffba47,1.1
2015-04-13,2015-04-19,2015-04-13,2015-04-19,D6,2013,0.690000,1317949,2026-09-27T20:00:50Z,2026-09-27T20:00:50Z,https://www.epa.gov/fuels-registration-reporting-and-compliance-help/rin-trades-and-price-information,epa_rin/2026-09-27T200050Z,254b72a5f9a878ff80f00798e147e043e73931d20e3808a3b0c7eb1583ffba47,1.1
2015-04-13,2015-04-19,2015-04-13,2015-04-19,D6,2014,0.690000,7424986,2026-09-27T20:00:50Z,2026-09-27T20:00:50Z,https://www.epa.gov/fuels-registration-reporting-and-compliance-help/rin-trades-and-price-information,epa_rin/2026-09-27T200050Z,254b72a5f9a878ff80f00798e147e043e73931d20e3808a3b0c7eb1583ffba47,1.1
2015-04-13,2015-04-19,2015-04-13,2015-04-19,D6,2015,0.640019,229437441,2026-09-27T20:00:50Z,2026-09-27T20:00:50Z,https://www.epa.gov/fuels-registration-reporting-and-compliance-help/rin-trades-and-price-information,epa_rin/2026-09-27T200050Z,254b72a5f9a878ff80f00798e147e043e73931d20e3808a3b0c7eb1583ffba47,1.1
2015-04-20,2015-04-26,2015-04-20,2015-04-26,D6,2014,0.620000,9097613,2026-09-27T20:00:50Z,2026-09-27T20:00:50Z,https://www.epa.gov/fuels-registration-reporting-and-compliance-help/rin-trades-and-price-information,epa_rin/2026-09-27T200050Z,254b72a5f9a878ff80f00798e147e043e73931d20e3808a3b0c7eb1583ffba47,1.1
2015-04-20,2015-04-26,2015-04-20,2015-04-26,D6,2015,0.670000,212248231,2026-09-27T20:00:50Z,2026-09-27T20:00:50Z,https://www.epa.gov/fuels-registration-reporting-and-compliance-help/rin-trades-and-price-information,epa_rin/2026-09-27T200050Z,254b72a5f9a878ff80f00798e147e043e73931d20e3808a3b0c7eb1583ffba47,1.1
2015-04-27,2015-05-03,2015-04-27,2015-05-03,D6,2013,0.690000,317949,2026-09-27T20:00:50Z,2026-09-27T20:00:50Z,https://www.epa.gov/fuels-registration-reporting-and-compliance-help/rin-trades-and-price-information,epa_rin/2026-09-27T200050Z,254b72a5f9a878ff80f00798e147e043e73931d20e3808a3b0c7eb1583ffba47,1.1
2015-04-27,2015-05-03,2015-04-27,2015-05-03,D6,2014,0.700000,73144256,2026-09-27T20:00:50Z,2026-09-27T20:00:50Z,https://www.epa.gov/fuels-registration-reporting-and-compliance-help/rin-trades-and-price-information,epa_rin/2026-09-27T200050Z,254b72a5f9a878ff80f00798e147e043e73931d20e3808a3b0c7eb1583ffba47,1.1
2015-04-27,2015-05-03,2015-04-27,2015-05-03,D6,2015,0.700000,358332156,2026-09-27T20:00:50Z,2026-09-27T20:00:50Z,https://www.epa.gov/fuels-registration-reporting-and-compliance-help/rin-trades-and-price-information,epa_rin/2026-09-27T200050Z,254b72a5f9a878ff80f00798e147e043e73931d20e3808a3b0c7eb1583ffba47,1.1
2015-05-04,2015-05-10,2015-05-04,2015-05-10,D6,2014,0.750000,39448297,2026-09-27T20:00:50Z,2026-09-27T20:00:50Z,https://www.epa.gov/fuels-registration-reporting-and-compliance-help/rin-trades-and-price-information,epa_rin/2026-09-27T200050Z,254b72a5f9a878ff80f00798e147e043e73931d20e3808a3b0c7eb1583ffba47,1.1
2015-05-04,2015-05-10,2015-05-04,2015-05-10,D6,2015,0.690000,219638294,2026-09-27T20:00:50Z,2026-09-27T20:00:50Z,https://www.epa.gov/fuels-registration-reporting-and-compliance-help/rin-trades-and-price-information,epa_rin/2026-09-27T200050Z,254b72a5f9a878ff80f00798e147e043e73931d20e3808a3b0c7eb1583ffba47,1.1
2015-05-11,2015-05-17,2015-05-11,2015-05-17,D6,2013,0.720000,3000000,2026-09-27T20:00:50Z,2026-09-27T20:00:50Z,https://www.epa.gov/fuels-registration-reporting-and-compliance-help/rin-trades-and-price-information,epa_rin/2026-09-27T200050Z,254b72a5f9a878ff80f00798e147e043e73931d20e3808a3b0c7eb1583ffba47,1.1
2015-05-11,2015-05-17,2015-05-11,2015-05-17,D6,2014,0.740000,11083223,2026-09-27T20:00:50Z,2026-09-27T20:00:50Z,https://www.epa.gov/fuels-registration-reporting-and-compliance-help/rin-trades-and-price-information,epa_rin/2026-09-27T200050Z,254b72a5f9a878ff80f00798e147e043e73931d20e3808a3b0c7eb1583ffba47,1.1
2015-05-11,2015-05-17,2015-05-11,2015-05-17,D6,2015,0.700000,275005771,2026-09-27T20:00:50Z,2026-09-27T20:00:50Z,https://www.epa.gov/fuels-registration-reporting-and-compliance-help/rin-trades-and-price-information,epa_rin/2026-09-27T200050Z,254b72a5f9a878ff80f00798e147e043e73931d20e3808a3b0c7eb1583ffba47,1.1
2015-05-18,2015-05-24,2015-05-18,2015-05-24,D6,2014,0.680000,56450828,2026-09-27T20:00:50Z,2026-09-27T20:00:50Z,https://www.epa.gov/fuels-registration-reporting-and-compliance-help/rin-trades-and-price-information,epa_rin/2026-09-27T200050Z,254b72a5f9a878ff80f00798e147e043e73931d20e3808a3b0c7eb1583ffba47,1.1
2015-05-18,2015-05-24,2015-05-18,2015-05-24,D6,2015,0.700000,243750476,2026-09-27T20:00:50Z,2026-09-27T20:00:50Z,https://www.epa.gov/fuels-registration-reporting-and-compliance-help/rin-trades-and-price-information,epa_rin/2026-09-27T200050Z,254b72a5f9a878ff80f00798e147e043e73931d20e3808a3b0c7eb1583ffba47,1.1
2015-05-25,2015-05-31,2015-05-25,2015-05-31,D6,2013,0.690000,9067,2026-09-27T20:00:50Z,2026-09-27T20:00:50Z,https://www.epa.gov/fuels-registration-reporting-and-compliance-help/rin-trades-and-price-information,epa_rin/2026-09-27T200050Z,254b72a5f9a878ff80f00798e147e043e73931d20e3808a3b0c7eb1583ffba47,1.1
2015-05-25,2015-05-31,2015-05-25,2015-05-31,D6,2014,0.740000,8884049,2026-09-27T20:00:50Z,2026-09-27T20:00:50Z,https://www.epa.gov/fuels-registration-reporting-and-compliance-help/rin-trades-and-price-information,epa_rin/2026-09-27T200050Z,254b72a5f9a878ff80f00798e147e043e73931d20e3808a3b0c7eb1583ffba47,1.1
2015-05-25,2015-05-31,2015-05-25,2015-05-31,D6,2015,0.700000,260538563,2026-09-27T20:00:50Z,2026-09-27T20:00:50Z,https://www.epa.gov/fuels-registration-reporting-and-compliance-help/rin-trades-and-price-information,epa_rin/2026-09-27T200050Z,254b72a5f9a878ff80f00798e147e043e73931d20e3808a3b0c7eb1583ffba47,1.1
2015-06-01,2015-06-07,2015-06-01,2015-06-07,D6,2014,0.650000,29238148,2026-09-27T20:00:50Z,2026-09-27T20:00:50Z,https://www.epa.gov/fuels-registration-reporting-and-compliance-help/rin-trades-and-price-information,epa_rin/2026-09-27T200050Z,254b72a5f9a878ff80f00798e147e043e73931d20e3808a3b0c7eb1583ffba47,1.1
2015-06-01,2015-06-07,2015-06-01,2015-06-07,D6,2015,0.616785,264378525,2026-09-27T20:00:50Z,2026-09-27T20:00:50Z,https://www.epa.gov/fuels-registration-reporting-and-compliance-help/rin-trades-and-price-information,epa_rin/2026-09-27T200050Z,254b72a5f9a878ff80f00798e147e043e73931d20e3808a3b0c7eb1583ffba47,1.1
2015-06-08,2015-06-14,2015-06-08,2015-06-14,D6,2013,0.390000,8173453,2026-09-27T20:00:50Z,2026-09-27T20:00:50Z,https://www.epa.gov/fuels-registration-reporting-and-compliance-help/rin-trades-and-price-information,epa_rin/2026-09-27T200050Z,254b72a5f9a878ff80f00798e147e043e73931d20e3808a3b0c7eb1583ffba47,1.1
2015-06-08,2015-06-14,2015-06-08,2015-06-14,D6,2014,0.540000,9315309,2026-09-27T20:00:50Z,2026-09-27T20:00:50Z,https://www.epa.gov/fuels-registration-reporting-and-compliance-help/rin-trades-and-price-information,epa_rin/2026-09-27T200050Z,254b72a5f9a878ff80f00798e147e043e73931d20e3808a3b0c7eb1583ffba47,1.1
2015-06-08,2015-06-14,2015-06-08,2015-06-14,D6,2015,0.630000,301355354,2026-09-27T20:00:50Z,2026-09-27T20:00:50Z,https://www.epa.gov/fuels-registration-reporting-and-compliance-help/rin-trades-and-price-information,epa_rin/2026-09-27T200050Z,254b72a5f9a878ff80f00798e147e043e73931d20e3808a3b0c7eb1583ffba47,1.1
2015-06-15,2015-06-21,2015-06-15,2015-06-21,D6,2013,0.400000,6142395,2026-09-27T20:00:50Z,2026-09-27T20:00:50Z,https://www.epa.gov/fuels-registration-reporting-and-compliance-help/rin-trades-and-price-information,epa_rin/2026-09-27T200050Z,254b72a5f9a878ff80f00798e147e043e73931d20e3808a3b0c7eb1583ffba47,1.1
2015-06-15,2015-06-21,2015-06-15,2015-06-21,D6,2014,0.550000,16523752,2026-09-27T20:00:50Z,2026-09-27T20:00:50Z,https://www.epa.gov/fuels-registration-reporting-and-compliance-help/rin-trades-and-price-information,epa_rin/2026-09-27T200050Z,254b72a5f9a878ff80f00798e147e043e73931d20e3808a3b0c7eb1583ffba47,1.1
2015-06-15,2015-06-21,2015-06-15,2015-06-21,D6,2015,0.590443,451309775,2026-09-27T20:00:50Z,2026-09-27T20:00:50Z,https://www.epa.gov/fuels-registration-reporting-and-compliance-help/rin-trades-and-price-information,epa_rin/2026-09-27T200050Z,254b72a5f9a878ff80f00798e147e043e73931d20e3808a3b0c7eb1583ffba47,1.1
2015-06-22,2015-06-28,2015-06-22,2015-06-28,D6,2013,0.400000,1633453,2026-09-27T20:00:50Z,2026-09-27T20:00:50Z,https://www.epa.gov/fuels-registration-reporting-and-compliance-help/rin-trades-and-price-information,epa_rin/2026-09-27T200050Z,254b72a5f9a878ff80f00798e147e043e73931d20e3808a3b0c7eb1583ffba47,1.1
2015-06-22,2015-06-28,2015-06-22,2015-06-28,D6,2014,0.650000,76283363,2026-09-27T20:00:50Z,2026-09-27T20:00:50Z,https://www.epa.gov/fuels-registration-reporting-and-compliance-help/rin-trades-and-price-information,epa_rin/2026-09-27T200050Z,254b72a5f9a878ff80f00798e147e043e73931d20e3808a3b0c7eb1583ffba47,1.1
2015-06-22,2015-06-28,2015-06-22,2015-06-28,D6,2015,0.600696,404277554,2026-09-27T20:00:50Z,2026-09-27T20:00:50Z,https://www.epa.gov/fuels-registration-reporting-and-compliance-help/rin-trades-and-price-information,epa_rin/2026-09-27T200050Z,254b72a5f9a878ff80f00798e147e043e73931d20e3808a3b0c7eb1583ffba47,1.1
2015-06-29,2015-07-05,2015-06-29,2015-07-05,D6,2013,0.690000,50079576,2026-09-27T20:00:50Z,2026-09-27T20:00:50Z,https://www.epa.gov/fuels-registration-reporting-and-compliance-help/rin-trades-and-price-information,epa_rin/2026-09-27T200050Z,254b72a5f9a878ff80f00798e147e043e73931d20e3808a3b0c7eb1583ffba47,1.1
2015-06-29,2015-07-05,2015-06-29,2015-07-05,D6,2014,0.560000,163682153,2026-09-27T20:00:50Z,2026-09-27T20:00:50Z,https://www.epa.gov/fuels-registration-reporting-and-compliance-help/rin-trades-and-price-information,epa_rin/2026-09-27T200050Z,254b72a5f9a878ff80f00798e147e043e73931d20e3808a3b0c7eb1583ffba47,1.1
2015-06-29,2015-07-05,2015-06-29,2015-07-05,D6,2015,0.591064,563756360,2026-09-27T20:00:50Z,2026-09-27T20:00:50Z,https://www.epa.gov/fuels-registration-reporting-and-compliance-help/rin-trades-and-price-information,epa_rin/2026-09-27T200050Z,254b72a5f9a878ff80f00798e147e043e73931d20e3808a3b0c7eb1583ffba47,1.1
2015-07-06,2015-07-12,2015-07-06,2015-07-12,D6,2012,0.460000,3315312,2026-09-27T20:00:50Z,2026-09-27T20:00:50Z,https://www.epa.gov/fuels-registration-reporting-and-compliance-help/rin-trades-and-price-information,epa_rin/2026-09-27T200050Z,254b72a5f9a878ff80f00798e147e043e73931d20e3808a3b0c7eb1583ffba47,1.1
2015-07-06,2015-07-12,2015-07-06,2015-07-12,D6,2013,0.450000,1300000,2026-09-27T20:00:50Z,2026-09-27T20:00:50Z,https://www.epa.gov/fuels-registration-reporting-and-compliance-help/rin-trades-and-price-information,epa_rin/2026-09-27T200050Z,254b72a5f9a878ff80f00798e147e043e73931d20e3808a3b0c7eb1583ffba47,1.1
2015-07-06,2015-07-12,2015-07-06,2015-07-12,D6,2014,0.450000,9252472,2026-09-27T20:00:50Z,2026-09-27T20:00:50Z,https://www.epa.gov/fuels-registration-reporting-and-compliance-help/rin-trades-and-price-information,epa_rin/2026-09-27T200050Z,254b72a5f9a878ff80f00798e147e043e73931d20e3808a3b0c7eb1583ffba47,1.1
2015-07-06,2015-07-12,2015-07-06,2015-07-12,D6,2015,0.520938,301299387,2026-09-27T20:00:50Z,2026-09-27T20:00:50Z,https://www.epa.gov/fuels-registration-reporting-and-compliance-help/rin-trades-and-price-information,epa_rin/2026-09-27T200050Z,254b72a5f9a878ff80f00798e147e043e73931d20e3808a3b0c7eb1583ffba47,1.1
2015-07-13,2015-07-19,2015-07-13,2015-07-19,D6,2014,0.470000,8876385,2026-09-27T20:00:50Z,2026-09-27T20:00:50Z,https://www.epa.gov/fuels-registration-reporting-and-compliance-help/rin-trades-and-price-information,epa_rin/2026-09-27T200050Z,254b72a5f9a878ff80f00798e147e043e73931d20e3808a3b0c7eb1583ffba47,1.1
2015-07-13,2015-07-19,2015-07-13,2015-07-19,D6,2015,0.504223,278998012,2026-09-27T20:00:50Z,2026-09-27T20:00:50Z,https://www.epa.gov/fuels-registration-reporting-and-compliance-help/rin-trades-and-price-information,epa_rin/2026-09-27T200050Z,254b72a5f9a878ff80f00798e147e043e73931d20e3808a3b0c7eb1583ffba47,1.1
2015-07-20,2015-07-26,2015-07-20,2015-07-26,D6,2014,0.500000,72821695,2026-09-27T20:00:50Z,2026-09-27T20:00:50Z,https://www.epa.gov/fuels-registration-reporting-and-compliance-help/rin-trades-and-price-information,epa_rin/2026-09-27T200050Z,254b72a5f9a878ff80f00798e147e043e73931d20e3808a3b0c7eb1583ffba47,1.1
2015-07-20,2015-07-26,2015-07-20,2015-07-26,D6,2015,0.530000,276389424,2026-09-27T20:00:50Z,2026-09-27T20:00:50Z,https://www.epa.gov/fuels-registration-reporting-and-compliance-help/rin-trades-and-price-information,epa_rin/2026-09-27T200050Z,254b72a5f9a878ff80f00798e147e043e73931d20e3808a3b0c7eb1583ffba47,1.1
2015-07-27,2015-08-02,2015-07-27,2015-08-02,D6,2013,0.410000,9488035,2026-09-27T20:00:50Z,2026-09-27T20:00:50Z,https://www.epa.gov/fuels-registration-reporting-and-compliance-help/rin-trades-and-price-information,epa_rin/2026-09-27T200050Z,254b72a5f9a878ff80f00798e147e043e73931d20e3808a3b0c7eb1583ffba47,1.1
2015-07-27,2015-08-02,2015-07-27,2015-08-02,D6,2014,0.400000,127742477,2026-09-27T20:00:50Z,2026-09-27T20:00:50Z,https://www.epa.gov/fuels-registration-reporting-and-compliance-help/rin-trades-and-price-information,epa_rin/2026-09-27T200050Z,254b72a5f9a878ff80f00798e147e043e73931d20e3808a3b0c7eb1583ffba47,1.1
2015-07-27,2015-08-02,2015-07-27,2015-08-02,D6,2015,0.441648,360500954,2026-09-27T20:00:50Z,2026-09-27T20:00:50Z,https://www.epa.gov/fuels-registration-reporting-and-compliance-help/rin-trades-and-price-information,epa_rin/2026-09-27T200050Z,254b72a5f9a878ff80f00798e147e043e73931d20e3808a3b0c7eb1583ffba47,1.1
2015-08-03,2015-08-09,2015-08-03,2015-08-09,D6,2014,0.440000,9387721,2026-09-27T20:00:50Z,2026-09-27T20:00:50Z,https://www.epa.gov/fuels-registration-reporting-and-compliance-help/rin-trades-and-price-information,epa_rin/2026-09-27T200050Z,254b72a5f9a878ff80f00798e147e043e73931d20e3808a3b0c7eb1583ffba47,1.1
2015-08-03,2015-08-09,2015-08-03,2015-08-09,D6,2015,0.449980,297577585,2026-09-27T20:00:50Z,2026-09-27T20:00:50Z,https://www.epa.gov/fuels-registration-reporting-and-compliance-help/rin-trades-and-price-information,epa_rin/2026-09-27T200050Z,254b72a5f9a878ff80f00798e147e043e73931d20e3808a3b0c7eb1583ffba47,1.1
2015-08-10,2015-08-16,2015-08-10,2015-08-16,D6,2014,0.430000,19464742,2026-09-27T20:00:50Z,2026-09-27T20:00:50Z,https://www.epa.gov/fuels-registration-reporting-and-compliance-help/rin-trades-and-price-information,epa_rin/2026-09-27T200050Z,254b72a5f9a878ff80f00798e147e043e73931d20e3808a3b0c7eb1583ffba47,1.1
2015-08-10,2015-08-16,2015-08-10,2015-08-16,D6,2015,0.437253,231766622,2026-09-27T20:00:50Z,2026-09-27T20:00:50Z,https://www.epa.gov/fuels-registration-reporting-and-compliance-help/rin-trades-and-price-information,epa_rin/2026-09-27T200050Z,254b72a5f9a878ff80f00798e147e043e73931d20e3808a3b0c7eb1583ffba47,1.1
2015-08-17,2015-08-23,2015-08-17,2015-08-23,D6,2013,0.410000,20834190,2026-09-27T20:00:50Z,2026-09-27T20:00:50Z,https://www.epa.gov/fuels-registration-reporting-and-compliance-help/rin-trades-and-price-information,epa_rin/2026-09-27T200050Z,254b72a5f9a878ff80f00798e147e043e73931d20e3808a3b0c7eb1583ffba47,1.1
2015-08-17,2015-08-23,2015-08-17,2015-08-23,D6,2014,0.410000,13648798,2026-09-27T20:00:50Z,2026-09-27T20:00:50Z,https://www.epa.gov/fuels-registration-reporting-and-compliance-help/rin-trades-and-price-information,epa_rin/2026-09-27T200050Z,254b72a5f9a878ff80f00798e147e043e73931d20e3808a3b0c7eb1583ffba47,1.1
2015-08-17,2015-08-23,2015-08-17,2015-08-23,D6,2015,0.470371,252710101,2026-09-27T20:00:50Z,2026-09-27T20:00:50Z,https://www.epa.gov/fuels-registration-reporting-and-compliance-help/rin-trades-and-price-information,epa_rin/2026-09-27T200050Z,254b72a5f9a878ff80f00798e147e043e73931d20e3808a3b0c7eb1583ffba47,1.1
2015-08-24,2015-08-30,2015-08-24,2015-08-30,D6,2013,0.380000,725000,2026-09-27T20:00:50Z,2026-09-27T20:00:50Z,https://www.epa.gov/fuels-registration-reporting-and-compliance-help/rin-trades-and-price-information,epa_rin/2026-09-27T200050Z,254b72a5f9a878ff80f00798e147e043e73931d20e3808a3b0c7eb1583ffba47,1.1
2015-08-24,2015-08-30,2015-08-24,2015-08-30,D6,2014,0.400000,4394865,2026-09-27T20:00:50Z,2026-09-27T20:00:50Z,https://www.epa.gov/fuels-registration-reporting-and-compliance-help/rin-trades-and-price-information,epa_rin/2026-09-27T200050Z,254b72a5f9a878ff80f00798e147e043e73931d20e3808a3b0c7eb1583ffba47,1.1
2015-08-24,2015-08-30,2015-08-24,2015-08-30,D6,2015,0.454084,319856704,2026-09-27T20:00:50Z,2026-09-27T20:00:50Z,https://www.epa.gov/fuels-registration-reporting-and-compliance-help/rin-trades-and-price-information,epa_rin/2026-09-27T200050Z,254b72a5f9a878ff80f00798e147e043e73931d20e3808a3b0c7eb1583ffba47,1.1
2015-08-31,2015-09-06,2015-08-31,2015-09-06,D6,2013,0.470000,2000000,2026-09-27T20:00:50Z,2026-09-27T20:00:50Z,https://www.epa.gov/fuels-registration-reporting-and-compliance-help/rin-trades-and-price-information,epa_rin/2026-09-27T200050Z,254b72a5f9a878ff80f00798e147e043e73931d20e3808a3b0c7eb1583ffba47,1.1
2015-08-31,2015-09-06,2015-08-31,2015-09-06,D6,2014,0.400000,1555046,2026-09-27T20:00:50Z,2026-09-27T20:00:50Z,https://www.epa.gov/fuels-registration-reporting-and-compliance-help/rin-trades-and-price-information,epa_rin/2026-09-27T200050Z,254b72a5f9a878ff80f00798e147e043e73931d20e3808a3b0c7eb1583ffba47,1.1
2015-08-31,2015-09-06,2015-08-31,2015-09-06,D6,2015,0.430000,382359871,2026-09-27T20:00:50Z,2026-09-27T20:00:50Z,https://www.epa.gov/fuels-registration-reporting-and-compliance-help/rin-trades-and-price-information,epa_rin/2026-09-27T200050Z,254b72a5f9a878ff80f00798e147e043e73931d20e3808a3b0c7eb1583ffba47,1.1
2015-09-07,2015-09-13,2015-09-07,2015-09-13,D6,2014,0.400000,540611,2026-09-27T20:00:50Z,2026-09-27T20:00:50Z,https://www.epa.gov/fuels-registration-reporting-and-compliance-help/rin-trades-and-price-information,epa_rin/2026-09-27T200050Z,254b72a5f9a878ff80f00798e147e043e73931d20e3808a3b0c7eb1583ffba47,1.1
2015-09-07,2015-09-13,2015-09-07,2015-09-13,D6,2015,0.510000,278201609,2026-09-27T20:00:50Z,2026-09-27T20:00:50Z,https://www.epa.gov/fuels-registration-reporting-and-compliance-help/rin-trades-and-price-information,epa_rin/2026-09-27T200050Z,254b72a5f9a878ff80f00798e147e043e73931d20e3808a3b0c7eb1583ffba47,1.1
2015-09-14,2015-09-20,2015-09-14,2015-09-20,D6,2013,0.400000,1000000,2026-09-27T20:00:50Z,2026-09-27T20:00:50Z,https://www.epa.gov/fuels-registration-reporting-and-compliance-help/rin-trades-and-price-information,epa_rin/2026-09-27T200050Z,254b72a5f9a878ff80f00798e147e043e73931d20e3808a3b0c7eb1583ffba47,1.1
2015-09-14,2015-09-20,2015-09-14,2015-09-20,D6,2014,0.530000,28385962,2026-09-27T20:00:50Z,2026-09-27T20:00:50Z,https://www.epa.gov/fuels-registration-reporting-and-compliance-help/rin-trades-and-price-information,epa_rin/2026-09-27T200050Z,254b72a5f9a878ff80f00798e147e043e73931d20e3808a3b0c7eb1583ffba47,1.1
2015-09-14,2015-09-20,2015-09-14,2015-09-20,D6,2015,0.442044,335047274,2026-09-27T20:00:50Z,2026-09-27T20:00:50Z,https://www.epa.gov/fuels-registration-reporting-and-compliance-help/rin-trades-and-price-information,epa_rin/2026-09-27T200050Z,254b72a5f9a878ff80f00798e147e043e73931d20e3808a3b0c7eb1583ffba47,1.1
2015-09-21,2015-09-27,2015-09-21,2015-09-27,D6,2014,0.500000,28427710,2026-09-27T20:00:50Z,2026-09-27T20:00:50Z,https://www.epa.gov/fuels-registration-reporting-and-compliance-help/rin-trades-and-price-information,epa_rin/2026-09-27T200050Z,254b72a5f9a878ff80f00798e147e043e73931d20e3808a3b0c7eb1583ffba47,1.1
2015-09-21,2015-09-27,2015-09-21,2015-09-27,D6,2015,0.461275,379022988,2026-09-27T20:00:50Z,2026-09-27T20:00:50Z,https://www.epa.gov/fuels-registration-reporting-and-compliance-help/rin-trades-and-price-information,epa_rin/2026-09-27T200050Z,254b72a5f9a878ff80f00798e147e043e73931d20e3808a3b0c7eb1583ffba47,1.1
2015-09-28,2015-10-04,2015-09-28,2015-10-04,D6,2013,0.360000,3697038,2026-09-27T20:00:50Z,2026-09-27T20:00:50Z,https://www.epa.gov/fuels-registration-reporting-and-compliance-help/rin-trades-and-price-information,epa_rin/2026-09-27T200050Z,254b72a5f9a878ff80f00798e147e043e73931d20e3808a3b0c7eb1583ffba47,1.1
2015-09-28,2015-10-04,2015-09-28,2015-10-04,D6,2014,0.370000,142265376,2026-09-27T20:00:50Z,2026-09-27T20:00:50Z,https://www.epa.gov/fuels-registration-reporting-and-compliance-help/rin-trades-and-price-information,epa_rin/2026-09-27T200050Z,254b72a5f9a878ff80f00798e147e043e73931d20e3808a3b0c7eb1583ffba47,1.1
2015-09-28,2015-10-04,2015-09-28,2015-10-04,D6,2015,0.489486,554823385,2026-09-27T20:00:50Z,2026-09-27T20:00:50Z,https://www.epa.gov/fuels-registration-reporting-and-compliance-help/rin-trades-and-price-information,epa_rin/2026-09-27T200050Z,254b72a5f9a878ff80f00798e147e043e73931d20e3808a3b0c7eb1583ffba47,1.1
2015-10-05,2015-10-11,2015-10-05,2015-10-11,D6,2014,0.350000,45914116,2026-09-27T20:00:50Z,2026-09-27T20:00:50Z,https://www.epa.gov/fuels-registration-reporting-and-compliance-help/rin-trades-and-price-information,epa_rin/2026-09-27T200050Z,254b72a5f9a878ff80f00798e147e043e73931d20e3808a3b0c7eb1583ffba47,1.1
2015-10-05,2015-10-11,2015-10-05,2015-10-11,D6,2015,0.434576,370703414,2026-09-27T20:00:50Z,2026-09-27T20:00:50Z,https://www.epa.gov/fuels-registration-reporting-and-compliance-help/rin-trades-and-price-information,epa_rin/2026-09-27T200050Z,254b72a5f9a878ff80f00798e147e043e73931d20e3808a3b0c7eb1583ffba47,1.1
2015-10-12,2015-10-18,2015-10-12,2015-10-18,D6,2014,0.350000,196332,2026-09-27T20:00:50Z,2026-09-27T20:00:50Z,https://www.epa.gov/fuels-registration-reporting-and-compliance-help/rin-trades-and-price-information,epa_rin/2026-09-27T200050Z,254b72a5f9a878ff80f00798e147e043e73931d20e3808a3b0c7eb1583ffba47,1.1
2015-10-12,2015-10-18,2015-10-12,2015-10-18,D6,2015,0.391190,248078469,2026-09-27T20:00:50Z,2026-09-27T20:00:50Z,https://www.epa.gov/fuels-registration-reporting-and-compliance-help/rin-trades-and-price-information,epa_rin/2026-09-27T200050Z,254b72a5f9a878ff80f00798e147e043e73931d20e3808a3b0c7eb1583ffba47,1.1
2015-10-19,2015-10-25,2015-10-19,2015-10-25,D6,2014,0.550000,2371186,2026-09-27T20:00:50Z,2026-09-27T20:00:50Z,https://www.epa.gov/fuels-registration-reporting-and-compliance-help/rin-trades-and-price-information,epa_rin/2026-09-27T200050Z,254b72a5f9a878ff80f00798e147e043e73931d20e3808a3b0c7eb1583ffba47,1.1
2015-10-19,2015-10-25,2015-10-19,2015-10-25,D6,2015,0.380871,313060014,2026-09-27T20:00:50Z,2026-09-27T20:00:50Z,https://www.epa.gov/fuels-registration-reporting-and-compliance-help/rin-trades-and-price-information,epa_rin/2026-09-27T200050Z,254b72a5f9a878ff80f00798e147e043e73931d20e3808a3b0c7eb1583ffba47,1.1
2015-10-26,2015-11-01,2015-10-26,2015-11-01,D6,2012,0.370000,912182,2026-09-27T20:00:50Z,2026-09-27T20:00:50Z,https://www.epa.gov/fuels-registration-reporting-and-compliance-help/rin-trades-and-price-information,epa_rin/2026-09-27T200050Z,254b72a5f9a878ff80f00798e147e043e73931d20e3808a3b0c7eb1583ffba47,1.1
2015-10-26,2015-11-01,2015-10-26,2015-11-01,D6,2014,0.360000,16079479,2026-09-27T20:00:50Z,2026-09-27T20:00:50Z,https://www.epa.gov/fuels-registration-reporting-and-compliance-help/rin-trades-and-price-information,epa_rin/2026-09-27T200050Z,254b72a5f9a878ff80f00798e147e043e73931d20e3808a3b0c7eb1583ffba47,1.1
2015-10-26,2015-11-01,2015-10-26,2015-11-01,D6,2015,0.391533,286522335,2026-09-27T20:00:50Z,2026-09-27T20:00:50Z,https://www.epa.gov/fuels-registration-reporting-and-compliance-help/rin-trades-and-price-information,epa_rin/2026-09-27T200050Z,254b72a5f9a878ff80f00798e147e043e73931d20e3808a3b0c7eb1583ffba47,1.1
2015-11-02,2015-11-08,2015-11-02,2015-11-08,D6,2013,0.400000,16245,2026-09-27T20:00:50Z,2026-09-27T20:00:50Z,https://www.epa.gov/fuels-registration-reporting-and-compliance-help/rin-trades-and-price-information,epa_rin/2026-09-27T200050Z,254b72a5f9a878ff80f00798e147e043e73931d20e3808a3b0c7eb1583ffba47,1.1
2015-11-02,2015-11-08,2015-11-02,2015-11-08,D6,2014,0.460000,11000600,2026-09-27T20:00:50Z,2026-09-27T20:00:50Z,https://www.epa.gov/fuels-registration-reporting-and-compliance-help/rin-trades-and-price-information,epa_rin/2026-09-27T200050Z,254b72a5f9a878ff80f00798e147e043e73931d20e3808a3b0c7eb1583ffba47,1.1
2015-11-02,2015-11-08,2015-11-02,2015-11-08,D6,2015,0.400000,278353740,2026-09-27T20:00:50Z,2026-09-27T20:00:50Z,https://www.epa.gov/fuels-registration-reporting-and-compliance-help/rin-trades-and-price-information,epa_rin/2026-09-27T200050Z,254b72a5f9a878ff80f00798e147e043e73931d20e3808a3b0c7eb1583ffba47,1.1
2015-11-09,2015-11-15,2015-11-09,2015-11-15,D6,2014,0.420000,4560638,2026-09-27T20:00:50Z,2026-09-27T20:00:50Z,https://www.epa.gov/fuels-registration-reporting-and-compliance-help/rin-trades-and-price-information,epa_rin/2026-09-27T200050Z,254b72a5f9a878ff80f00798e147e043e73931d20e3808a3b0c7eb1583ffba47,1.1
2015-11-09,2015-11-15,2015-11-09,2015-11-15,D6,2015,0.460000,292007892,2026-09-27T20:00:50Z,2026-09-27T20:00:50Z,https://www.epa.gov/fuels-registration-reporting-and-compliance-help/rin-trades-and-price-information,epa_rin/2026-09-27T200050Z,254b72a5f9a878ff80f00798e147e043e73931d20e3808a3b0c7eb1583ffba47,1.1
2015-11-16,2015-11-22,2015-11-16,2015-11-22,D6,2013,0.440000,5199391,2026-09-27T20:00:50Z,2026-09-27T20:00:50Z,https://www.epa.gov/fuels-registration-reporting-and-compliance-help/rin-trades-and-price-information,epa_rin/2026-09-27T200050Z,254b72a5f9a878ff80f00798e147e043e73931d20e3808a3b0c7eb1583ffba47,1.1
2015-11-16,2015-11-22,2015-11-16,2015-11-22,D6,2014,0.580000,41100052,2026-09-27T20:00:50Z,2026-09-27T20:00:50Z,https://www.epa.gov/fuels-registration-reporting-and-compliance-help/rin-trades-and-price-information,epa_rin/2026-09-27T200050Z,254b72a5f9a878ff80f00798e147e043e73931d20e3808a3b0c7eb1583ffba47,1.1
2015-11-16,2015-11-22,2015-11-16,2015-11-22,D6,2015,0.454384,302111699,2026-09-27T20:00:50Z,2026-09-27T20:00:50Z,https://www.epa.gov/fuels-registration-reporting-and-compliance-help/rin-trades-and-price-information,epa_rin/2026-09-27T200050Z,254b72a5f9a878ff80f00798e147e043e73931d20e3808a3b0c7eb1583ffba47,1.1
2015-11-23,2015-11-29,2015-11-23,2015-11-29,D6,2013,0.700000,4553911,2026-09-27T20:00:50Z,2026-09-27T20:00:50Z,https://www.epa.gov/fuels-registration-reporting-and-compliance-help/rin-trades-and-price-information,epa_rin/2026-09-27T200050Z,254b72a5f9a878ff80f00798e147e043e73931d20e3808a3b0c7eb1583ffba47,1.1
2015-11-23,2015-11-29,2015-11-23,2015-11-29,D6,2014,0.470000,2559227,2026-09-27T20:00:50Z,2026-09-27T20:00:50Z,https://www.epa.gov/fuels-registration-reporting-and-compliance-help/rin-trades-and-price-information,epa_rin/2026-09-27T200050Z,254b72a5f9a878ff80f00798e147e043e73931d20e3808a3b0c7eb1583ffba47,1.1
2015-11-23,2015-11-29,2015-11-23,2015-11-29,D6,2015,0.527400,384651826,2026-09-27T20:00:50Z,2026-09-27T20:00:50Z,https://www.epa.gov/fuels-registration-reporting-and-compliance-help/rin-trades-and-price-information,epa_rin/2026-09-27T200050Z,254b72a5f9a878ff80f00798e147e043e73931d20e3808a3b0c7eb1583ffba47,1.1
2015-11-30,2015-12-06,2015-11-30,2015-12-06,D6,2013,0.380000,8500000,2026-09-27T20:00:50Z,2026-09-27T20:00:50Z,https://www.epa.gov/fuels-registration-reporting-and-compliance-help/rin-trades-and-price-information,epa_rin/2026-09-27T200050Z,254b72a5f9a878ff80f00798e147e043e73931d20e3808a3b0c7eb1583ffba47,1.1
2015-11-30,2015-12-06,2015-11-30,2015-12-06,D6,2014,0.680000,178820774,2026-09-27T20:00:50Z,2026-09-27T20:00:50Z,https://www.epa.gov/fuels-registration-reporting-and-compliance-help/rin-trades-and-price-information,epa_rin/2026-09-27T200050Z,254b72a5f9a878ff80f00798e147e043e73931d20e3808a3b0c7eb1583ffba47,1.1
2015-11-30,2015-12-06,2015-11-30,2015-12-06,D6,2015,0.483274,405112770,2026-09-27T20:00:50Z,2026-09-27T20:00:50Z,https://www.epa.gov/fuels-registration-reporting-and-compliance-help/rin-trades-and-price-information,epa_rin/2026-09-27T200050Z,254b72a5f9a878ff80f00798e147e043e73931d20e3808a3b0c7eb1583ffba47,1.1
2015-12-07,2015-12-13,2015-12-07,2015-12-13,D6,2013,0.730000,58600,2026-09-27T20:00:50Z,2026-09-27T20:00:50Z,https://www.epa.gov/fuels-registration-reporting-and-compliance-help/rin-trades-and-price-information,epa_rin/2026-09-27T200050Z,254b72a5f9a878ff80f00798e147e043e73931d20e3808a3b0c7eb1583ffba47,1.1
2015-12-07,2015-12-13,2015-12-07,2015-12-13,D6,2014,0.740000,1711519,2026-09-27T20:00:50Z,2026-09-27T20:00:50Z,https://www.epa.gov/fuels-registration-reporting-and-compliance-help/rin-trades-and-price-information,epa_rin/2026-09-27T200050Z,254b72a5f9a878ff80f00798e147e043e73931d20e3808a3b0c7eb1583ffba47,1.1
2015-12-07,2015-12-13,2015-12-07,2015-12-13,D6,2015,0.500000,400635763,2026-09-27T20:00:50Z,2026-09-27T20:00:50Z,https://www.epa.gov/fuels-registration-reporting-and-compliance-help/rin-trades-and-price-information,epa_rin/2026-09-27T200050Z,254b72a5f9a878ff80f00798e147e043e73931d20e3808a3b0c7eb1583ffba47,1.1
2015-12-14,2015-12-20,2015-12-14,2015-12-20,D6,2013,0.720000,1559000,2026-09-27T20:00:50Z,2026-09-27T20:00:50Z,https://www.epa.gov/fuels-registration-reporting-and-compliance-help/rin-trades-and-price-information,epa_rin/2026-09-27T200050Z,254b72a5f9a878ff80f00798e147e043e73931d20e3808a3b0c7eb1583ffba47,1.1
2015-12-14,2015-12-20,2015-12-14,2015-12-20,D6,2014,0.630000,18987586,2026-09-27T20:00:50Z,2026-09-27T20:00:50Z,https://www.epa.gov/fuels-registration-reporting-and-compliance-help/rin-trades-and-price-information,epa_rin/2026-09-27T200050Z,254b72a5f9a878ff80f00798e147e043e73931d20e3808a3b0c7eb1583ffba47,1.1
2015-12-14,2015-12-20,2015-12-14,2015-12-20,D6,2015,0.509788,638311911,2026-09-27T20:00:50Z,2026-09-27T20:00:50Z,https://www.epa.gov/fuels-registration-reporting-and-compliance-help/rin-trades-and-price-information,epa_rin/2026-09-27T200050Z,254b72a5f9a878ff80f00798e147e043e73931d20e3808a3b0c7eb1583ffba47,1.1
2015-12-21,2015-12-27,2015-12-21,2015-12-27,D6,2013,0.710000,1500000,2026-09-27T20:00:50Z,2026-09-27T20:00:50Z,https://www.epa.gov/fuels-registration-reporting-and-compliance-help/rin-trades-and-price-information,epa_rin/2026-09-27T200050Z,254b72a5f9a878ff80f00798e147e043e73931d20e3808a3b0c7eb1583ffba47,1.1
2015-12-21,2015-12-27,2015-12-21,2015-12-27,D6,2014,0.540000,3605266,2026-09-27T20:00:50Z,2026-09-27T20:00:50Z,https://www.epa.gov/fuels-registration-reporting-and-compliance-help/rin-trades-and-price-information,epa_rin/2026-09-27T200050Z,254b72a5f9a878ff80f00798e147e043e73931d20e3808a3b0c7eb1583ffba47,1.1
2015-12-21,2015-12-27,2015-12-21,2015-12-27,D6,2015,0.520000,381182035,2026-09-27T20:00:50Z,2026-09-27T20:00:50Z,https://www.epa.gov/fuels-registration-reporting-and-compliance-help/rin-trades-and-price-information,epa_rin/2026-09-27T200050Z,254b72a5f9a878ff80f00798e147e043e73931d20e3808a3b0c7eb1583ffba47,1.1
2015-12-28,2016-01-03,2015-12-28,2016-01-03,D6,2013,0.420000,3999999,2026-09-27T20:00:50Z,2026-09-27T20:00:50Z,https://www.epa.gov/fuels-registration-reporting-and-compliance-help/rin-trades-and-price-information,epa_rin/2026-09-27T200050Z,254b72a5f9a878ff80f00798e147e043e73931d20e3808a3b0c7eb1583ffba47,1.1
2015-12-28,2016-01-03,2015-12-28,2016-01-03,D6,2014,0.620000,26048630,2026-09-27T20:00:50Z,2026-09-27T20:00:50Z,https://www.epa.gov/fuels-registration-reporting-and-compliance-help/rin-trades-and-price-information,epa_rin/2026-09-27T200050Z,254b72a5f9a878ff80f00798e147e043e73931d20e3808a3b0c7eb1583ffba47,1.1
2015-12-28,2016-01-03,2015-12-28,2016-01-03,D6,2015,0.567872,803194905,2026-09-27T20:00:50Z,2026-09-27T20:00:50Z,https://www.epa.gov/fuels-registration-reporting-and-compliance-help/rin-trades-and-price-information,epa_rin/2026-09-27T200050Z,254b72a5f9a878ff80f00798e147e043e73931d20e3808a3b0c7eb1583ffba47,1.1
2016-01-04,2016-01-10,2016-01-04,2016-01-10,D6,2013,0.710000,500000,2026-09-27T20:00:50Z,2026-09-27T20:00:50Z,https://www.epa.gov/fuels-registration-reporting-and-compliance-help/rin-trades-and-price-information,epa_rin/2026-09-27T200050Z,254b72a5f9a878ff80f00798e147e043e73931d20e3808a3b0c7eb1583ffba47,1.1
2016-01-04,2016-01-10,2016-01-04,2016-01-10,D6,2014,0.710000,14642923,2026-09-27T20:00:50Z,2026-09-27T20:00:50Z,https://www.epa.gov/fuels-registration-reporting-and-compliance-help/rin-trades-and-price-information,epa_rin/2026-09-27T200050Z,254b72a5f9a878ff80f00798e147e043e73931d20e3808a3b0c7eb1583ffba47,1.1
2016-01-04,2016-01-10,2016-01-04,2016-01-10,D6,2015,0.660000,223783893,2026-09-27T20:00:50Z,2026-09-27T20:00:50Z,https://www.epa.gov/fuels-registration-reporting-and-compliance-help/rin-trades-and-price-information,epa_rin/2026-09-27T200050Z,254b72a5f9a878ff80f00798e147e043e73931d20e3808a3b0c7eb1583ffba47,1.1
2016-01-04,2016-01-10,2016-01-04,2016-01-10,D6,2016,0.700000,13368608,2026-09-27T20:00:50Z,2026-09-27T20:00:50Z,https://www.epa.gov/fuels-registration-reporting-and-compliance-help/rin-trades-and-price-information,epa_rin/2026-09-27T200050Z,254b72a5f9a878ff80f00798e147e043e73931d20e3808a3b0c7eb1583ffba47,1.1
2016-01-11,2016-01-17,2016-01-11,2016-01-17,D6,2013,0.530000,2500000,2026-09-27T20:00:50Z,2026-09-27T20:00:50Z,https://www.epa.gov/fuels-registration-reporting-and-compliance-help/rin-trades-and-price-information,epa_rin/2026-09-27T200050Z,254b72a5f9a878ff80f00798e147e043e73931d20e3808a3b0c7eb1583ffba47,1.1
2016-01-11,2016-01-17,2016-01-11,2016-01-17,D6,2014,0.690000,2422294,2026-09-27T20:00:50Z,2026-09-27T20:00:50Z,https://www.epa.gov/fuels-registration-reporting-and-compliance-help/rin-trades-and-price-information,epa_rin/2026-09-27T200050Z,254b72a5f9a878ff80f00798e147e043e73931d20e3808a3b0c7eb1583ffba47,1.1
2016-01-11,2016-01-17,2016-01-11,2016-01-17,D6,2015,0.670000,178458965,2026-09-27T20:00:50Z,2026-09-27T20:00:50Z,https://www.epa.gov/fuels-registration-reporting-and-compliance-help/rin-trades-and-price-information,epa_rin/2026-09-27T200050Z,254b72a5f9a878ff80f00798e147e043e73931d20e3808a3b0c7eb1583ffba47,1.1
2016-01-11,2016-01-17,2016-01-11,2016-01-17,D6,2016,0.710000,50456102,2026-09-27T20:00:50Z,2026-09-27T20:00:50Z,https://www.epa.gov/fuels-registration-reporting-and-compliance-help/rin-trades-and-price-information,epa_rin/2026-09-27T200050Z,254b72a5f9a878ff80f00798e147e043e73931d20e3808a3b0c7eb1583ffba47,1.1
2016-01-18,2016-01-24,2016-01-18,2016-01-24,D6,2014,0.440000,12582698,2026-09-27T20:00:50Z,2026-09-27T20:00:50Z,https://www.epa.gov/fuels-registration-reporting-and-compliance-help/rin-trades-and-price-information,epa_rin/2026-09-27T200050Z,254b72a5f9a878ff80f00798e147e043e73931d20e3808a3b0c7eb1583ffba47,1.1
2016-01-18,2016-01-24,2016-01-18,2016-01-24,D6,2015,0.580000,178957609,2026-09-27T20:00:50Z,2026-09-27T20:00:50Z,https://www.epa.gov/fuels-registration-reporting-and-compliance-help/rin-trades-and-price-information,epa_rin/2026-09-27T200050Z,254b72a5f9a878ff80f00798e147e043e73931d20e3808a3b0c7eb1583ffba47,1.1
2016-01-18,2016-01-24,2016-01-18,2016-01-24,D6,2016,0.700000,81995878,2026-09-27T20:00:50Z,2026-09-27T20:00:50Z,https://www.epa.gov/fuels-registration-reporting-and-compliance-help/rin-trades-and-price-information,epa_rin/2026-09-27T200050Z,254b72a5f9a878ff80f00798e147e043e73931d20e3808a3b0c7eb1583ffba47,1.1
2016-01-25,2016-01-31,2016-01-25,2016-01-31,D6,2013,0.010000,4323,2026-09-27T20:00:50Z,2026-09-27T20:00:50Z,https://www.epa.gov/fuels-registration-reporting-and-compliance-help/rin-trades-and-price-information,epa_rin/2026-09-27T200050Z,254b72a5f9a878ff80f00798e147e043e73931d20e3808a3b0c7eb1583ffba47,1.1
2016-01-25,2016-01-31,2016-01-25,2016-01-31,D6,2014,0.470000,70734475,2026-09-27T20:00:50Z,2026-09-27T20:00:50Z,https://www.epa.gov/fuels-registration-reporting-and-compliance-help/rin-trades-and-price-information,epa_rin/2026-09-27T200050Z,254b72a5f9a878ff80f00798e147e043e73931d20e3808a3b0c7eb1583ffba47,1.1
2016-01-25,2016-01-31,2016-01-25,2016-01-31,D6,2015,0.643340,209205547,2026-09-27T20:00:50Z,2026-09-27T20:00:50Z,https://www.epa.gov/fuels-registration-reporting-and-compliance-help/rin-trades-and-price-information,epa_rin/2026-09-27T200050Z,254b72a5f9a878ff80f00798e147e043e73931d20e3808a3b0c7eb1583ffba47,1.1
2016-01-25,2016-01-31,2016-01-25,2016-01-31,D6,2016,0.670000,109034211,2026-09-27T20:00:50Z,2026-09-27T20:00:50Z,https://www.epa.gov/fuels-registration-reporting-and-compliance-help/rin-trades-and-price-information,epa_rin/2026-09-27T200050Z,254b72a5f9a878ff80f00798e147e043e73931d20e3808a3b0c7eb1583ffba47,1.1
2016-02-01,2016-02-07,2016-02-01,2016-02-07,D6,2013,0.690000,2886484,2026-09-27T20:00:50Z,2026-09-27T20:00:50Z,https://www.epa.gov/fuels-registration-reporting-and-compliance-help/rin-trades-and-price-information,epa_rin/2026-09-27T200050Z,254b72a5f9a878ff80f00798e147e043e73931d20e3808a3b0c7eb1583ffba47,1.1
2016-02-01,2016-02-07,2016-02-01,2016-02-07,D6,2014,0.690000,3867446,2026-09-27T20:00:50Z,2026-09-27T20:00:50Z,https://www.epa.gov/fuels-registration-reporting-and-compliance-help/rin-trades-and-price-information,epa_rin/2026-09-27T200050Z,254b72a5f9a878ff80f00798e147e043e73931d20e3808a3b0c7eb1583ffba47,1.1
2016-02-01,2016-02-07,2016-02-01,2016-02-07,D6,2015,0.662238,134101444,2026-09-27T20:00:50Z,2026-09-27T20:00:50Z,https://www.epa.gov/fuels-registration-reporting-and-compliance-help/rin-trades-and-price-information,epa_rin/2026-09-27T200050Z,254b72a5f9a878ff80f00798e147e043e73931d20e3808a3b0c7eb1583ffba47,1.1
2016-02-01,2016-02-07,2016-02-01,2016-02-07,D6,2016,0.650000,118169796,2026-09-27T20:00:50Z,2026-09-27T20:00:50Z,https://www.epa.gov/fuels-registration-reporting-and-compliance-help/rin-trades-and-price-information,epa_rin/2026-09-27T200050Z,254b72a5f9a878ff80f00798e147e043e73931d20e3808a3b0c7eb1583ffba47,1.1
2016-02-08,2016-02-14,2016-02-08,2016-02-14,D6,2012,0.500000,930,2026-09-27T20:00:50Z,2026-09-27T20:00:50Z,https://www.epa.gov/fuels-registration-reporting-and-compliance-help/rin-trades-and-price-information,epa_rin/2026-09-27T200050Z,254b72a5f9a878ff80f00798e147e043e73931d20e3808a3b0c7eb1583ffba47,1.1
2016-02-08,2016-02-14,2016-02-08,2016-02-14,D6,2013,0.710000,7248178,2026-09-27T20:00:50Z,2026-09-27T20:00:50Z,https://www.epa.gov/fuels-registration-reporting-and-compliance-help/rin-trades-and-price-information,epa_rin/2026-09-27T200050Z,254b72a5f9a878ff80f00798e147e043e73931d20e3808a3b0c7eb1583ffba47,1.1
2016-02-08,2016-02-14,2016-02-08,2016-02-14,D6,2014,0.710000,82841766,2026-09-27T20:00:50Z,2026-09-27T20:00:50Z,https://www.epa.gov/fuels-registration-reporting-and-compliance-help/rin-trades-and-price-information,epa_rin/2026-09-27T200050Z,254b72a5f9a878ff80f00798e147e043e73931d20e3808a3b0c7eb1583ffba47,1.1
2016-02-08,2016-02-14,2016-02-08,2016-02-14,D6,2015,0.690000,72795436,2026-09-27T20:00:50Z,2026-09-27T20:00:50Z,https://www.epa.gov/fuels-registration-reporting-and-compliance-help/rin-trades-and-price-information,epa_rin/2026-09-27T200050Z,254b72a5f9a878ff80f00798e147e043e73931d20e3808a3b0c7eb1583ffba47,1.1
2016-02-08,2016-02-14,2016-02-08,2016-02-14,D6,2016,0.670000,157003089,2026-09-27T20:00:50Z,2026-09-27T20:00:50Z,https://www.epa.gov/fuels-registration-reporting-and-compliance-help/rin-trades-and-price-information,epa_rin/2026-09-27T200050Z,254b72a5f9a878ff80f00798e147e043e73931d20e3808a3b0c7eb1583ffba47,1.1
2016-02-15,2016-02-21,2016-02-15,2016-02-21,D6,2014,0.710000,1810796,2026-09-27T20:00:50Z,2026-09-27T20:00:50Z,https://www.epa.gov/fuels-registration-reporting-and-compliance-help/rin-trades-and-price-information,epa_rin/2026-09-27T200050Z,254b72a5f9a878ff80f00798e147e043e73931d20e3808a3b0c7eb1583ffba47,1.1
2016-02-15,2016-02-21,2016-02-15,2016-02-21,D6,2015,0.690000,154760770,2026-09-27T20:00:50Z,2026-09-27T20:00:50Z,https://www.epa.gov/fuels-registration-reporting-and-compliance-help/rin-trades-and-price-information,epa_rin/2026-09-27T200050Z,254b72a5f9a878ff80f00798e147e043e73931d20e3808a3b0c7eb1583ffba47,1.1
2016-02-15,2016-02-21,2016-02-15,2016-02-21,D6,2016,0.680000,151002490,2026-09-27T20:00:50Z,2026-09-27T20:00:50Z,https://www.epa.gov/fuels-registration-reporting-and-compliance-help/rin-trades-and-price-information,epa_rin/2026-09-27T200050Z,254b72a5f9a878ff80f00798e147e043e73931d20e3808a3b0c7eb1583ffba47,1.1
2016-02-22,2016-02-28,2016-02-22,2016-02-28,D6,2013,0.760000,1052878,2026-09-27T20:00:50Z,2026-09-27T20:00:50Z,https://www.epa.gov/fuels-registration-reporting-and-compliance-help/rin-trades-and-price-information,epa_rin/2026-09-27T200050Z,254b72a5f9a878ff80f00798e147e043e73931d20e3808a3b0c7eb1583ffba47,1.1
2016-02-22,2016-02-28,2016-02-22,2016-02-28,D6,2014,0.420000,6333353,2026-09-27T20:00:50Z,2026-09-27T20:00:50Z,https://www.epa.gov/fuels-registration-reporting-and-compliance-help/rin-trades-and-price-information,epa_rin/2026-09-27T200050Z,254b72a5f9a878ff80f00798e147e043e73931d20e3808a3b0c7eb1583ffba47,1.1
2016-02-22,2016-02-28,2016-02-22,2016-02-28,D6,2015,0.630000,149695021,2026-09-27T20:00:50Z,2026-09-27T20:00:50Z,https://www.epa.gov/fuels-registration-reporting-and-compliance-help/rin-trades-and-price-information,epa_rin/2026-09-27T200050Z,254b72a5f9a878ff80f00798e147e043e73931d20e3808a3b0c7eb1583ffba47,1.1
2016-02-22,2016-02-28,2016-02-22,2016-02-28,D6,2016,0.740000,163756552,2026-09-27T20:00:50Z,2026-09-27T20:00:50Z,https://www.epa.gov/fuels-registration-reporting-and-compliance-help/rin-trades-and-price-information,epa_rin/2026-09-27T200050Z,254b72a5f9a878ff80f00798e147e043e73931d20e3808a3b0c7eb1583ffba47,1.1
2016-02-29,2016-03-06,2016-02-29,2016-03-06,D6,2013,0.670000,1020460,2026-09-27T20:00:50Z,2026-09-27T20:00:50Z,https://www.epa.gov/fuels-registration-reporting-and-compliance-help/rin-trades-and-price-information,epa_rin/2026-09-27T200050Z,254b72a5f9a878ff80f00798e147e043e73931d20e3808a3b0c7eb1583ffba47,1.1
2016-02-29,2016-03-06,2016-02-29,2016-03-06,D6,2014,0.690000,11598750,2026-09-27T20:00:50Z,2026-09-27T20:00:50Z,https://www.epa.gov/fuels-registration-reporting-and-compliance-help/rin-trades-and-price-information,epa_rin/2026-09-27T200050Z,254b72a5f9a878ff80f00798e147e043e73931d20e3808a3b0c7eb1583ffba47,1.1
2016-02-29,2016-03-06,2016-02-29,2016-03-06,D6,2015,0.690000,98189768,2026-09-27T20:00:50Z,2026-09-27T20:00:50Z,https://www.epa.gov/fuels-registration-reporting-and-compliance-help/rin-trades-and-price-information,epa_rin/2026-09-27T200050Z,254b72a5f9a878ff80f00798e147e043e73931d20e3808a3b0c7eb1583ffba47,1.1
2016-02-29,2016-03-06,2016-02-29,2016-03-06,D6,2016,0.650000,239121228,2026-09-27T20:00:50Z,2026-09-27T20:00:50Z,https://www.epa.gov/fuels-registration-reporting-and-compliance-help/rin-trades-and-price-information,epa_rin/2026-09-27T200050Z,254b72a5f9a878ff80f00798e147e043e73931d20e3808a3b0c7eb1583ffba47,1.1
2016-03-07,2016-03-13,2016-03-07,2016-03-13,D6,2014,0.720000,3444924,2026-09-27T20:00:50Z,2026-09-27T20:00:50Z,https://www.epa.gov/fuels-registration-reporting-and-compliance-help/rin-trades-and-price-information,epa_rin/2026-09-27T200050Z,254b72a5f9a878ff80f00798e147e043e73931d20e3808a3b0c7eb1583ffba47,1.1
2016-03-07,2016-03-13,2016-03-07,2016-03-13,D6,2015,0.450100,58631486,2026-09-27T20:00:50Z,2026-09-27T20:00:50Z,https://www.epa.gov/fuels-registration-reporting-and-compliance-help/rin-trades-and-price-information,epa_rin/2026-09-27T200050Z,254b72a5f9a878ff80f00798e147e043e73931d20e3808a3b0c7eb1583ffba47,1.1
2016-03-07,2016-03-13,2016-03-07,2016-03-13,D6,2016,0.708902,222723063,2026-09-27T20:00:50Z,2026-09-27T20:00:50Z,https://www.epa.gov/fuels-registration-reporting-and-compliance-help/rin-trades-and-price-information,epa_rin/2026-09-27T200050Z,254b72a5f9a878ff80f00798e147e043e73931d20e3808a3b0c7eb1583ffba47,1.1
2016-03-14,2016-03-20,2016-03-14,2016-03-20,D6,2013,0.640000,52609,2026-09-27T20:00:50Z,2026-09-27T20:00:50Z,https://www.epa.gov/fuels-registration-reporting-and-compliance-help/rin-trades-and-price-information,epa_rin/2026-09-27T200050Z,254b72a5f9a878ff80f00798e147e043e73931d20e3808a3b0c7eb1583ffba47,1.1
2016-03-14,2016-03-20,2016-03-14,2016-03-20,D6,2014,0.660000,8335095,2026-09-27T20:00:50Z,2026-09-27T20:00:50Z,https://www.epa.gov/fuels-registration-reporting-and-compliance-help/rin-trades-and-price-information,epa_rin/2026-09-27T200050Z,254b72a5f9a878ff80f00798e147e043e73931d20e3808a3b0c7eb1583ffba47,1.1
2016-03-14,2016-03-20,2016-03-14,2016-03-20,D6,2015,0.660006,88984245,2026-09-27T20:00:50Z,2026-09-27T20:00:50Z,https://www.epa.gov/fuels-registration-reporting-and-compliance-help/rin-trades-and-price-information,epa_rin/2026-09-27T200050Z,254b72a5f9a878ff80f00798e147e043e73931d20e3808a3b0c7eb1583ffba47,1.1
2016-03-14,2016-03-20,2016-03-14,2016-03-20,D6,2016,0.640000,333009219,2026-09-27T20:00:50Z,2026-09-27T20:00:50Z,https://www.epa.gov/fuels-registration-reporting-and-compliance-help/rin-trades-and-price-information,epa_rin/2026-09-27T200050Z,254b72a5f9a878ff80f00798e147e043e73931d20e3808a3b0c7eb1583ffba47,1.1
2016-03-21,2016-03-27,2016-03-21,2016-03-27,D6,2014,0.730000,2104378,2026-09-27T20:00:50Z,2026-09-27T20:00:50Z,https://www.epa.gov/fuels-registration-reporting-and-compliance-help/rin-trades-and-price-information,epa_rin/2026-09-27T200050Z,254b72a5f9a878ff80f00798e147e043e73931d20e3808a3b0c7eb1583ffba47,1.1
2016-03-21,2016-03-27,2016-03-21,2016-03-27,D6,2015,0.711310,82046376,2026-09-27T20:00:50Z,2026-09-27T20:00:50Z,https://www.epa.gov/fuels-registration-reporting-and-compliance-help/rin-trades-and-price-information,epa_rin/2026-09-27T200050Z,254b72a5f9a878ff80f00798e147e043e73931d20e3808a3b0c7eb1583ffba47,1.1
2016-03-21,2016-03-27,2016-03-21,2016-03-27,D6,2016,0.749470,192602443,2026-09-27T20:00:50Z,2026-09-27T20:00:50Z,https://www.epa.gov/fuels-registration-reporting-and-compliance-help/rin-trades-and-price-information,epa_rin/2026-09-27T200050Z,254b72a5f9a878ff80f00798e147e043e73931d20e3808a3b0c7eb1583ffba47,1.1
2016-03-28,2016-04-03,2016-03-28,2016-04-03,D6,2014,0.700000,16054853,2026-09-27T20:00:50Z,2026-09-27T20:00:50Z,https://www.epa.gov/fuels-registration-reporting-and-compliance-help/rin-trades-and-price-information,epa_rin/2026-09-27T200050Z,254b72a5f9a878ff80f00798e147e043e73931d20e3808a3b0c7eb1583ffba47,1.1
2016-03-28,2016-04-03,2016-03-28,2016-04-03,D6,2015,0.555158,189392269,2026-09-27T20:00:50Z,2026-09-27T20:00:50Z,https://www.epa.gov/fuels-registration-reporting-and-compliance-help/rin-trades-and-price-information,epa_rin/2026-09-27T200050Z,254b72a5f9a878ff80f00798e147e043e73931d20e3808a3b0c7eb1583ffba47,1.1
2016-03-28,2016-04-03,2016-03-28,2016-04-03,D6,2016,0.670000,425242329,2026-09-27T20:00:50Z,2026-09-27T20:00:50Z,https://www.epa.gov/fuels-registration-reporting-and-compliance-help/rin-trades-and-price-information,epa_rin/2026-09-27T200050Z,254b72a5f9a878ff80f00798e147e043e73931d20e3808a3b0c7eb1583ffba47,1.1
2016-04-04,2016-04-10,2016-04-04,2016-04-10,D6,2013,0.720000,506335,2026-09-27T20:00:50Z,2026-09-27T20:00:50Z,https://www.epa.gov/fuels-registration-reporting-and-compliance-help/rin-trades-and-price-information,epa_rin/2026-09-27T200050Z,254b72a5f9a878ff80f00798e147e043e73931d20e3808a3b0c7eb1583ffba47,1.1
2016-04-04,2016-04-10,2016-04-04,2016-04-10,D6,2014,0.460000,57627294,2026-09-27T20:00:50Z,2026-09-27T20:00:50Z,https://www.epa.gov/fuels-registration-reporting-and-compliance-help/rin-trades-and-price-information,epa_rin/2026-09-27T200050Z,254b72a5f9a878ff80f00798e147e043e73931d20e3808a3b0c7eb1583ffba47,1.1
2016-04-04,2016-04-10,2016-04-04,2016-04-10,D6,2015,0.650768,45575158,2026-09-27T20:00:50Z,2026-09-27T20:00:50Z,https://www.epa.gov/fuels-registration-reporting-and-compliance-help/rin-trades-and-price-information,epa_rin/2026-09-27T200050Z,254b72a5f9a878ff80f00798e147e043e73931d20e3808a3b0c7eb1583ffba47,1.1
2016-04-04,2016-04-10,2016-04-04,2016-04-10,D6,2016,0.670000,239274048,2026-09-27T20:00:50Z,2026-09-27T20:00:50Z,https://www.epa.gov/fuels-registration-reporting-and-compliance-help/rin-trades-and-price-information,epa_rin/2026-09-27T200050Z,254b72a5f9a878ff80f00798e147e043e73931d20e3808a3b0c7eb1583ffba47,1.1
2016-04-11,2016-04-17,2016-04-11,2016-04-17,D6,2014,0.690000,6731,2026-09-27T20:00:50Z,2026-09-27T20:00:50Z,https://www.epa.gov/fuels-registration-reporting-and-compliance-help/rin-trades-and-price-information,epa_rin/2026-09-27T200050Z,254b72a5f9a878ff80f00798e147e043e73931d20e3808a3b0c7eb1583ffba47,1.1
2016-04-11,2016-04-17,2016-04-11,2016-04-17,D6,2015,0.480000,59117745,2026-09-27T20:00:50Z,2026-09-27T20:00:50Z,https://www.epa.gov/fuels-registration-reporting-and-compliance-help/rin-trades-and-price-information,epa_rin/2026-09-27T200050Z,254b72a5f9a878ff80f00798e147e043e73931d20e3808a3b0c7eb1583ffba47,1.1
2016-04-11,2016-04-17,2016-04-11,2016-04-17,D6,2016,0.611827,350465381,2026-09-27T20:00:50Z,2026-09-27T20:00:50Z,https://www.epa.gov/fuels-registration-reporting-and-compliance-help/rin-trades-and-price-information,epa_rin/2026-09-27T200050Z,254b72a5f9a878ff80f00798e147e043e73931d20e3808a3b0c7eb1583ffba47,1.1
2016-04-18,2016-04-24,2016-04-18,2016-04-24,D6,2014,0.680000,2800515,2026-09-27T20:00:50Z,2026-09-27T20:00:50Z,https://www.epa.gov/fuels-registration-reporting-and-compliance-help/rin-trades-and-price-information,epa_rin/2026-09-27T200050Z,254b72a5f9a878ff80f00798e147e043e73931d20e3808a3b0c7eb1583ffba47,1.1
2016-04-18,2016-04-24,2016-04-18,2016-04-24,D6,2015,0.710000,20465820,2026-09-27T20:00:50Z,2026-09-27T20:00:50Z,https://www.epa.gov/fuels-registration-reporting-and-compliance-help/rin-trades-and-price-information,epa_rin/2026-09-27T200050Z,254b72a5f9a878ff80f00798e147e043e73931d20e3808a3b0c7eb1583ffba47,1.1
2016-04-18,2016-04-24,2016-04-18,2016-04-24,D6,2016,0.710000,235133236,2026-09-27T20:00:50Z,2026-09-27T20:00:50Z,https://www.epa.gov/fuels-registration-reporting-and-compliance-help/rin-trades-and-price-information,epa_rin/2026-09-27T200050Z,254b72a5f9a878ff80f00798e147e043e73931d20e3808a3b0c7eb1583ffba47,1.1
2016-04-25,2016-05-01,2016-04-25,2016-05-01,D6,2013,0.720000,1056915,2026-09-27T20:00:50Z,2026-09-27T20:00:50Z,https://www.epa.gov/fuels-registration-reporting-and-compliance-help/rin-trades-and-price-information,epa_rin/2026-09-27T200050Z,254b72a5f9a878ff80f00798e147e043e73931d20e3808a3b0c7eb1583ffba47,1.1
2016-04-25,2016-05-01,2016-04-25,2016-05-01,D6,2014,0.730000,35664437,2026-09-27T20:00:50Z,2026-09-27T20:00:50Z,https://www.epa.gov/fuels-registration-reporting-and-compliance-help/rin-trades-and-price-information,epa_rin/2026-09-27T200050Z,254b72a5f9a878ff80f00798e147e043e73931d20e3808a3b0c7eb1583ffba47,1.1
2016-04-25,2016-05-01,2016-04-25,2016-05-01,D6,2015,0.730000,45858908,2026-09-27T20:00:50Z,2026-09-27T20:00:50Z,https://www.epa.gov/fuels-registration-reporting-and-compliance-help/rin-trades-and-price-information,epa_rin/2026-09-27T200050Z,254b72a5f9a878ff80f00798e147e043e73931d20e3808a3b0c7eb1583ffba47,1.1
2016-04-25,2016-05-01,2016-04-25,2016-05-01,D6,2016,0.720000,310763804,2026-09-27T20:00:50Z,2026-09-27T20:00:50Z,https://www.epa.gov/fuels-registration-reporting-and-compliance-help/rin-trades-and-price-information,epa_rin/2026-09-27T200050Z,254b72a5f9a878ff80f00798e147e043e73931d20e3808a3b0c7eb1583ffba47,1.1
2016-05-02,2016-05-08,2016-05-02,2016-05-08,D6,2014,0.750000,2044822,2026-09-27T20:00:50Z,2026-09-27T20:00:50Z,https://www.epa.gov/fuels-registration-reporting-and-compliance-help/rin-trades-and-price-information,epa_rin/2026-09-27T200050Z,254b72a5f9a878ff80f00798e147e043e73931d20e3808a3b0c7eb1583ffba47,1.1
2016-05-02,2016-05-08,2016-05-02,2016-05-08,D6,2015,0.730000,35736728,2026-09-27T20:00:50Z,2026-09-27T20:00:50Z,https://www.epa.gov/fuels-registration-reporting-and-compliance-help/rin-trades-and-price-information,epa_rin/2026-09-27T200050Z,254b72a5f9a878ff80f00798e147e043e73931d20e3808a3b0c7eb1583ffba47,1.1
2016-05-02,2016-05-08,2016-05-02,2016-05-08,D6,2016,0.720000,238036745,2026-09-27T20:00:50Z,2026-09-27T20:00:50Z,https://www.epa.gov/fuels-registration-reporting-and-compliance-help/rin-trades-and-price-information,epa_rin/2026-09-27T200050Z,254b72a5f9a878ff80f00798e147e043e73931d20e3808a3b0c7eb1583ffba47,1.1
2016-05-09,2016-05-15,2016-05-09,2016-05-15,D6,2013,0.730000,53911,2026-09-27T20:00:50Z,2026-09-27T20:00:50Z,https://www.epa.gov/fuels-registration-reporting-and-compliance-help/rin-trades-and-price-information,epa_rin/2026-09-27T200050Z,254b72a5f9a878ff80f00798e147e043e73931d20e3808a3b0c7eb1583ffba47,1.1
2016-05-09,2016-05-15,2016-05-09,2016-05-15,D6,2014,0.730000,20302100,2026-09-27T20:00:50Z,2026-09-27T20:00:50Z,https://www.epa.gov/fuels-registration-reporting-and-compliance-help/rin-trades-and-price-information,epa_rin/2026-09-27T200050Z,254b72a5f9a878ff80f00798e147e043e73931d20e3808a3b0c7eb1583ffba47,1.1
2016-05-09,2016-05-15,2016-05-09,2016-05-15,D6,2015,0.730453,44117275,2026-09-27T20:00:50Z,2026-09-27T20:00:50Z,https://www.epa.gov/fuels-registration-reporting-and-compliance-help/rin-trades-and-price-information,epa_rin/2026-09-27T200050Z,254b72a5f9a878ff80f00798e147e043e73931d20e3808a3b0c7eb1583ffba47,1.1
2016-05-09,2016-05-15,2016-05-09,2016-05-15,D6,2016,0.719881,256498376,2026-09-27T20:00:50Z,2026-09-27T20:00:50Z,https://www.epa.gov/fuels-registration-reporting-and-compliance-help/rin-trades-and-price-information,epa_rin/2026-09-27T200050Z,254b72a5f9a878ff80f00798e147e043e73931d20e3808a3b0c7eb1583ffba47,1.1
2016-05-16,2016-05-22,2016-05-16,2016-05-22,D6,2013,0.720000,8198457,2026-09-27T20:00:50Z,2026-09-27T20:00:50Z,https://www.epa.gov/fuels-registration-reporting-and-compliance-help/rin-trades-and-price-information,epa_rin/2026-09-27T200050Z,254b72a5f9a878ff80f00798e147e043e73931d20e3808a3b0c7eb1583ffba47,1.1
2016-05-16,2016-05-22,2016-05-16,2016-05-22,D6,2014,0.750000,13735579,2026-09-27T20:00:50Z,2026-09-27T20:00:50Z,https://www.epa.gov/fuels-registration-reporting-and-compliance-help/rin-trades-and-price-information,epa_rin/2026-09-27T200050Z,254b72a5f9a878ff80f00798e147e043e73931d20e3808a3b0c7eb1583ffba47,1.1
2016-05-16,2016-05-22,2016-05-16,2016-05-22,D6,2015,0.570000,63413112,2026-09-27T20:00:50Z,2026-09-27T20:00:50Z,https://www.epa.gov/fuels-registration-reporting-and-compliance-help/rin-trades-and-price-information,epa_rin/2026-09-27T200050Z,254b72a5f9a878ff80f00798e147e043e73931d20e3808a3b0c7eb1583ffba47,1.1
2016-05-16,2016-05-22,2016-05-16,2016-05-22,D6,2016,0.640000,272255254,2026-09-27T20:00:50Z,2026-09-27T20:00:50Z,https://www.epa.gov/fuels-registration-reporting-and-compliance-help/rin-trades-and-price-information,epa_rin/2026-09-27T200050Z,254b72a5f9a878ff80f00798e147e043e73931d20e3808a3b0c7eb1583ffba47,1.1
2016-05-23,2016-05-29,2016-05-23,2016-05-29,D6,2014,0.660000,7501276,2026-09-27T20:00:50Z,2026-09-27T20:00:50Z,https://www.epa.gov/fuels-registration-reporting-and-compliance-help/rin-trades-and-price-information,epa_rin/2026-09-27T200050Z,254b72a5f9a878ff80f00798e147e043e73931d20e3808a3b0c7eb1583ffba47,1.1
2016-05-23,2016-05-29,2016-05-23,2016-05-29,D6,2015,0.710000,9974953,2026-09-27T20:00:50Z,2026-09-27T20:00:50Z,https://www.epa.gov/fuels-registration-reporting-and-compliance-help/rin-trades-and-price-information,epa_rin/2026-09-27T200050Z,254b72a5f9a878ff80f00798e147e043e73931d20e3808a3b0c7eb1583ffba47,1.1
2016-05-23,2016-05-29,2016-05-23,2016-05-29,D6,2016,0.750000,231374986,2026-09-27T20:00:50Z,2026-09-27T20:00:50Z,https://www.epa.gov/fuels-registration-reporting-and-compliance-help/rin-trades-and-price-information,epa_rin/2026-09-27T200050Z,254b72a5f9a878ff80f00798e147e043e73931d20e3808a3b0c7eb1583ffba47,1.1
2016-05-30,2016-06-05,2016-05-30,2016-06-05,D6,2014,0.750000,24822284,2026-09-27T20:00:50Z,2026-09-27T20:00:50Z,https://www.epa.gov/fuels-registration-reporting-and-compliance-help/rin-trades-and-price-information,epa_rin/2026-09-27T200050Z,254b72a5f9a878ff80f00798e147e043e73931d20e3808a3b0c7eb1583ffba47,1.1
2016-05-30,2016-06-05,2016-05-30,2016-06-05,D6,2015,0.730000,34682186,2026-09-27T20:00:50Z,2026-09-27T20:00:50Z,https://www.epa.gov/fuels-registration-reporting-and-compliance-help/rin-trades-and-price-information,epa_rin/2026-09-27T200050Z,254b72a5f9a878ff80f00798e147e043e73931d20e3808a3b0c7eb1583ffba47,1.1
2016-05-30,2016-06-05,2016-05-30,2016-06-05,D6,2016,0.748444,328098314,2026-09-27T20:00:50Z,2026-09-27T20:00:50Z,https://www.epa.gov/fuels-registration-reporting-and-compliance-help/rin-trades-and-price-information,epa_rin/2026-09-27T200050Z,254b72a5f9a878ff80f00798e147e043e73931d20e3808a3b0c7eb1583ffba47,1.1
2016-06-06,2016-06-12,2016-06-06,2016-06-12,D6,2014,0.750000,74766376,2026-09-27T20:00:50Z,2026-09-27T20:00:50Z,https://www.epa.gov/fuels-registration-reporting-and-compliance-help/rin-trades-and-price-information,epa_rin/2026-09-27T200050Z,254b72a5f9a878ff80f00798e147e043e73931d20e3808a3b0c7eb1583ffba47,1.1
2016-06-06,2016-06-12,2016-06-06,2016-06-12,D6,2015,0.720069,25900131,2026-09-27T20:00:50Z,2026-09-27T20:00:50Z,https://www.epa.gov/fuels-registration-reporting-and-compliance-help/rin-trades-and-price-information,epa_rin/2026-09-27T200050Z,254b72a5f9a878ff80f00798e147e043e73931d20e3808a3b0c7eb1583ffba47,1.1
2016-06-06,2016-06-12,2016-06-06,2016-06-12,D6,2016,0.730000,257435086,2026-09-27T20:00:50Z,2026-09-27T20:00:50Z,https://www.epa.gov/fuels-registration-reporting-and-compliance-help/rin-trades-and-price-information,epa_rin/2026-09-27T200050Z,254b72a5f9a878ff80f00798e147e043e73931d20e3808a3b0c7eb1583ffba47,1.1
2016-06-13,2016-06-19,2016-06-13,2016-06-19,D6,2014,0.780000,54668722,2026-09-27T20:00:50Z,2026-09-27T20:00:50Z,https://www.epa.gov/fuels-registration-reporting-and-compliance-help/rin-trades-and-price-information,epa_rin/2026-09-27T200050Z,254b72a5f9a878ff80f00798e147e043e73931d20e3808a3b0c7eb1583ffba47,1.1
2016-06-13,2016-06-19,2016-06-13,2016-06-19,D6,2015,0.750000,26746989,2026-09-27T20:00:50Z,2026-09-27T20:00:50Z,https://www.epa.gov/fuels-registration-reporting-and-compliance-help/rin-trades-and-price-information,epa_rin/2026-09-27T200050Z,254b72a5f9a878ff80f00798e147e043e73931d20e3808a3b0c7eb1583ffba47,1.1
2016-06-13,2016-06-19,2016-06-13,2016-06-19,D6,2016,0.748931,366436120,2026-09-27T20:00:50Z,2026-09-27T20:00:50Z,https://www.epa.gov/fuels-registration-reporting-and-compliance-help/rin-trades-and-price-information,epa_rin/2026-09-27T200050Z,254b72a5f9a878ff80f00798e147e043e73931d20e3808a3b0c7eb1583ffba47,1.1
2016-06-20,2016-06-26,2016-06-20,2016-06-26,D6,2014,0.270000,10878079,2026-09-27T20:00:50Z,2026-09-27T20:00:50Z,https://www.epa.gov/fuels-registration-reporting-and-compliance-help/rin-trades-and-price-information,epa_rin/2026-09-27T200050Z,254b72a5f9a878ff80f00798e147e043e73931d20e3808a3b0c7eb1583ffba47,1.1
2016-06-20,2016-06-26,2016-06-20,2016-06-26,D6,2015,0.770000,42723482,2026-09-27T20:00:50Z,2026-09-27T20:00:50Z,https://www.epa.gov/fuels-registration-reporting-and-compliance-help/rin-trades-and-price-information,epa_rin/2026-09-27T200050Z,254b72a5f9a878ff80f00798e147e043e73931d20e3808a3b0c7eb1583ffba47,1.1
2016-06-20,2016-06-26,2016-06-20,2016-06-26,D6,2016,0.729622,399418580,2026-09-27T20:00:50Z,2026-09-27T20:00:50Z,https://www.epa.gov/fuels-registration-reporting-and-compliance-help/rin-trades-and-price-information,epa_rin/2026-09-27T200050Z,254b72a5f9a878ff80f00798e147e043e73931d20e3808a3b0c7eb1583ffba47,1.1
2016-06-27,2016-07-03,2016-06-27,2016-07-03,D6,2013,0.810000,376,2026-09-27T20:00:50Z,2026-09-27T20:00:50Z,https://www.epa.gov/fuels-registration-reporting-and-compliance-help/rin-trades-and-price-information,epa_rin/2026-09-27T200050Z,254b72a5f9a878ff80f00798e147e043e73931d20e3808a3b0c7eb1583ffba47,1.1
2016-06-27,2016-07-03,2016-06-27,2016-07-03,D6,2014,0.540000,38178607,2026-09-27T20:00:50Z,2026-09-27T20:00:50Z,https://www.epa.gov/fuels-registration-reporting-and-compliance-help/rin-trades-and-price-information,epa_rin/2026-09-27T200050Z,254b72a5f9a878ff80f00798e147e043e73931d20e3808a3b0c7eb1583ffba47,1.1
2016-06-27,2016-07-03,2016-06-27,2016-07-03,D6,2015,0.611053,113969901,2026-09-27T20:00:50Z,2026-09-27T20:00:50Z,https://www.epa.gov/fuels-registration-reporting-and-compliance-help/rin-trades-and-price-information,epa_rin/2026-09-27T200050Z,254b72a5f9a878ff80f00798e147e043e73931d20e3808a3b0c7eb1583ffba47,1.1
2016-06-27,2016-07-03,2016-06-27,2016-07-03,D6,2016,0.720000,627137861,2026-09-27T20:00:50Z,2026-09-27T20:00:50Z,https://www.epa.gov/fuels-registration-reporting-and-compliance-help/rin-trades-and-price-information,epa_rin/2026-09-27T200050Z,254b72a5f9a878ff80f00798e147e043e73931d20e3808a3b0c7eb1583ffba47,1.1
2016-07-04,2016-07-10,2016-07-04,2016-07-10,D6,2014,0.730000,57384254,2026-09-27T20:00:50Z,2026-09-27T20:00:50Z,https://www.epa.gov/fuels-registration-reporting-and-compliance-help/rin-trades-and-price-information,epa_rin/2026-09-27T200050Z,254b72a5f9a878ff80f00798e147e043e73931d20e3808a3b0c7eb1583ffba47,1.1
2016-07-04,2016-07-10,2016-07-04,2016-07-10,D6,2015,0.770000,3851581,2026-09-27T20:00:50Z,2026-09-27T20:00:50Z,https://www.epa.gov/fuels-registration-reporting-and-compliance-help/rin-trades-and-price-information,epa_rin/2026-09-27T200050Z,254b72a5f9a878ff80f00798e147e043e73931d20e3808a3b0c7eb1583ffba47,1.1
2016-07-04,2016-07-10,2016-07-04,2016-07-10,D6,2016,0.760052,167370153,2026-09-27T20:00:50Z,2026-09-27T20:00:50Z,https://www.epa.gov/fuels-registration-reporting-and-compliance-help/rin-trades-and-price-information,epa_rin/2026-09-27T200050Z,254b72a5f9a878ff80f00798e147e043e73931d20e3808a3b0c7eb1583ffba47,1.1
2016-07-11,2016-07-17,2016-07-11,2016-07-17,D6,2013,0.860000,2539443,2026-09-27T20:00:50Z,2026-09-27T20:00:50Z,https://www.epa.gov/fuels-registration-reporting-and-compliance-help/rin-trades-and-price-information,epa_rin/2026-09-27T200050Z,254b72a5f9a878ff80f00798e147e043e73931d20e3808a3b0c7eb1583ffba47,1.1
2016-07-11,2016-07-17,2016-07-11,2016-07-17,D6,2014,0.780000,40000000,2026-09-27T20:00:50Z,2026-09-27T20:00:50Z,https://www.epa.gov/fuels-registration-reporting-and-compliance-help/rin-trades-and-price-information,epa_rin/2026-09-27T200050Z,254b72a5f9a878ff80f00798e147e043e73931d20e3808a3b0c7eb1583ffba47,1.1
2016-07-11,2016-07-17,2016-07-11,2016-07-17,D6,2015,0.840000,101416736,2026-09-27T20:00:50Z,2026-09-27T20:00:50Z,https://www.epa.gov/fuels-registration-reporting-and-compliance-help/rin-trades-and-price-information,epa_rin/2026-09-27T200050Z,254b72a5f9a878ff80f00798e147e043e73931d20e3808a3b0c7eb1583ffba47,1.1
2016-07-11,2016-07-17,2016-07-11,2016-07-17,D6,2016,0.816266,292977659,2026-09-27T20:00:50Z,2026-09-27T20:00:50Z,https://www.epa.gov/fuels-registration-reporting-and-compliance-help/rin-trades-and-price-information,epa_rin/2026-09-27T200050Z,254b72a5f9a878ff80f00798e147e043e73931d20e3808a3b0c7eb1583ffba47,1.1
2016-07-18,2016-07-24,2016-07-18,2016-07-24,D6,2013,0.940000,20032977,2026-09-27T20:00:50Z,2026-09-27T20:00:50Z,https://www.epa.gov/fuels-registration-reporting-and-compliance-help/rin-trades-and-price-information,epa_rin/2026-09-27T200050Z,254b72a5f9a878ff80f00798e147e043e73931d20e3808a3b0c7eb1583ffba47,1.1
2016-07-18,2016-07-24,2016-07-18,2016-07-24,D6,2014,0.960000,90337512,2026-09-27T20:00:50Z,2026-09-27T20:00:50Z,https://www.epa.gov/fuels-registration-reporting-and-compliance-help/rin-trades-and-price-information,epa_rin/2026-09-27T200050Z,254b72a5f9a878ff80f00798e147e043e73931d20e3808a3b0c7eb1583ffba47,1.1
2016-07-18,2016-07-24,2016-07-18,2016-07-24,D6,2015,0.850000,26792028,2026-09-27T20:00:50Z,2026-09-27T20:00:50Z,https://www.epa.gov/fuels-registration-reporting-and-compliance-help/rin-trades-and-price-information,epa_rin/2026-09-27T200050Z,254b72a5f9a878ff80f00798e147e043e73931d20e3808a3b0c7eb1583ffba47,1.1
2016-07-18,2016-07-24,2016-07-18,2016-07-24,D6,2016,0.837011,278151956,2026-09-27T20:00:50Z,2026-09-27T20:00:50Z,https://www.epa.gov/fuels-registration-reporting-and-compliance-help/rin-trades-and-price-information,epa_rin/2026-09-27T200050Z,254b72a5f9a878ff80f00798e147e043e73931d20e3808a3b0c7eb1583ffba47,1.1
2016-07-25,2016-07-31,2016-07-25,2016-07-31,D6,2013,0.730000,18321974,2026-09-27T20:00:50Z,2026-09-27T20:00:50Z,https://www.epa.gov/fuels-registration-reporting-and-compliance-help/rin-trades-and-price-information,epa_rin/2026-09-27T200050Z,254b72a5f9a878ff80f00798e147e043e73931d20e3808a3b0c7eb1583ffba47,1.1
2016-07-25,2016-07-31,2016-07-25,2016-07-31,D6,2014,0.960000,529519505,2026-09-27T20:00:50Z,2026-09-27T20:00:50Z,https://www.epa.gov/fuels-registration-reporting-and-compliance-help/rin-trades-and-price-information,epa_rin/2026-09-27T200050Z,254b72a5f9a878ff80f00798e147e043e73931d20e3808a3b0c7eb1583ffba47,1.1
2016-07-25,2016-07-31,2016-07-25,2016-07-31,D6,2015,0.850000,37283133,2026-09-27T20:00:50Z,2026-09-27T20:00:50Z,https://www.epa.gov/fuels-registration-reporting-and-compliance-help/rin-trades-and-price-information,epa_rin/2026-09-27T200050Z,254b72a5f9a878ff80f00798e147e043e73931d20e3808a3b0c7eb1583ffba47,1.1
2016-07-25,2016-07-31,2016-07-25,2016-07-31,D6,2016,0.839746,369095089,2026-09-27T20:00:50Z,2026-09-27T20:00:50Z,https://www.epa.gov/fuels-registration-reporting-and-compliance-help/rin-trades-and-price-information,epa_rin/2026-09-27T200050Z,254b72a5f9a878ff80f00798e147e043e73931d20e3808a3b0c7eb1583ffba47,1.1
2016-08-01,2016-08-07,2016-08-01,2016-08-07,D6,2014,0.840000,22270747,2026-09-27T20:00:50Z,2026-09-27T20:00:50Z,https://www.epa.gov/fuels-registration-reporting-and-compliance-help/rin-trades-and-price-information,epa_rin/2026-09-27T200050Z,254b72a5f9a878ff80f00798e147e043e73931d20e3808a3b0c7eb1583ffba47,1.1
2016-08-01,2016-08-07,2016-08-01,2016-08-07,D6,2015,0.800000,32794932,2026-09-27T20:00:50Z,2026-09-27T20:00:50Z,https://www.epa.gov/fuels-registration-reporting-and-compliance-help/rin-trades-and-price-information,epa_rin/2026-09-27T200050Z,254b72a5f9a878ff80f00798e147e043e73931d20e3808a3b0c7eb1583ffba47,1.1
2016-08-01,2016-08-07,2016-08-01,2016-08-07,D6,2016,0.840000,219969520,2026-09-27T20:00:50Z,2026-09-27T20:00:50Z,https://www.epa.gov/fuels-registration-reporting-and-compliance-help/rin-trades-and-price-information,epa_rin/2026-09-27T200050Z,254b72a5f9a878ff80f00798e147e043e73931d20e3808a3b0c7eb1583ffba47,1.1
2016-08-08,2016-08-14,2016-08-08,2016-08-14,D6,2015,0.910000,7896466,2026-09-27T20:00:50Z,2026-09-27T20:00:50Z,https://www.epa.gov/fuels-registration-reporting-and-compliance-help/rin-trades-and-price-information,epa_rin/2026-09-27T200050Z,254b72a5f9a878ff80f00798e147e043e73931d20e3808a3b0c7eb1583ffba47,1.1
2016-08-08,2016-08-14,2016-08-08,2016-08-14,D6,2016,0.869431,230188837,2026-09-27T20:00:50Z,2026-09-27T20:00:50Z,https://www.epa.gov/fuels-registration-reporting-and-compliance-help/rin-trades-and-price-information,epa_rin/2026-09-27T200050Z,254b72a5f9a878ff80f00798e147e043e73931d20e3808a3b0c7eb1583ffba47,1.1
2016-08-15,2016-08-21,2016-08-15,2016-08-21,D6,2015,0.840000,21111620,2026-09-27T20:00:50Z,2026-09-27T20:00:50Z,https://www.epa.gov/fuels-registration-reporting-and-compliance-help/rin-trades-and-price-information,epa_rin/2026-09-27T200050Z,254b72a5f9a878ff80f00798e147e043e73931d20e3808a3b0c7eb1583ffba47,1.1
2016-08-15,2016-08-21,2016-08-15,2016-08-21,D6,2016,0.854231,294782994,2026-09-27T20:00:50Z,2026-09-27T20:00:50Z,https://www.epa.gov/fuels-registration-reporting-and-compliance-help/rin-trades-and-price-information,epa_rin/2026-09-27T200050Z,254b72a5f9a878ff80f00798e147e043e73931d20e3808a3b0c7eb1583ffba47,1.1
2016-08-22,2016-08-28,2016-08-22,2016-08-28,D6,2014,0.810000,7546210,2026-09-27T20:00:50Z,2026-09-27T20:00:50Z,https://www.epa.gov/fuels-registration-reporting-and-compliance-help/rin-trades-and-price-information,epa_rin/2026-09-27T200050Z,254b72a5f9a878ff80f00798e147e043e73931d20e3808a3b0c7eb1583ffba47,1.1
2016-08-22,2016-08-28,2016-08-22,2016-08-28,D6,2015,0.830000,8118172,2026-09-27T20:00:50Z,2026-09-27T20:00:50Z,https://www.epa.gov/fuels-registration-reporting-and-compliance-help/rin-trades-and-price-information,epa_rin/2026-09-27T200050Z,254b72a5f9a878ff80f00798e147e043e73931d20e3808a3b0c7eb1583ffba47,1.1
2016-08-22,2016-08-28,2016-08-22,2016-08-28,D6,2016,0.859599,258544770,2026-09-27T20:00:50Z,2026-09-27T20:00:50Z,https://www.epa.gov/fuels-registration-reporting-and-compliance-help/rin-trades-and-price-information,epa_rin/2026-09-27T200050Z,254b72a5f9a878ff80f00798e147e043e73931d20e3808a3b0c7eb1583ffba47,1.1
2016-08-29,2016-09-04,2016-08-29,2016-09-04,D6,2015,0.920000,4225132,2026-09-27T20:00:50Z,2026-09-27T20:00:50Z,https://www.epa.gov/fuels-registration-reporting-and-compliance-help/rin-trades-and-price-information,epa_rin/2026-09-27T200050Z,254b72a5f9a878ff80f00798e147e043e73931d20e3808a3b0c7eb1583ffba47,1.1
2016-08-29,2016-09-04,2016-08-29,2016-09-04,D6,2016,0.818513,369460249,2026-09-27T20:00:50Z,2026-09-27T20:00:50Z,https://www.epa.gov/fuels-registration-reporting-and-compliance-help/rin-trades-and-price-information,epa_rin/2026-09-27T200050Z,254b72a5f9a878ff80f00798e147e043e73931d20e3808a3b0c7eb1583ffba47,1.1
2016-09-05,2016-09-11,2016-09-05,2016-09-11,D6,2015,0.790000,1590289,2026-09-27T20:00:50Z,2026-09-27T20:00:50Z,https://www.epa.gov/fuels-registration-reporting-and-compliance-help/rin-trades-and-price-information,epa_rin/2026-09-27T200050Z,254b72a5f9a878ff80f00798e147e043e73931d20e3808a3b0c7eb1583ffba47,1.1
2016-09-05,2016-09-11,2016-09-05,2016-09-11,D6,2016,0.828885,210090704,2026-09-27T20:00:50Z,2026-09-27T20:00:50Z,https://www.epa.gov/fuels-registration-reporting-and-compliance-help/rin-trades-and-price-information,epa_rin/2026-09-27T200050Z,254b72a5f9a878ff80f00798e147e043e73931d20e3808a3b0c7eb1583ffba47,1.1
2016-09-12,2016-09-18,2016-09-12,2016-09-18,D6,2014,0.970000,3786,2026-09-27T20:00:50Z,2026-09-27T20:00:50Z,https://www.epa.gov/fuels-registration-reporting-and-compliance-help/rin-trades-and-price-information,epa_rin/2026-09-27T200050Z,254b72a5f9a878ff80f00798e147e043e73931d20e3808a3b0c7eb1583ffba47,1.1
2016-09-12,2016-09-18,2016-09-12,2016-09-18,D6,2015,0.840000,19158488,2026-09-27T20:00:50Z,2026-09-27T20:00:50Z,https://www.epa.gov/fuels-registration-reporting-and-compliance-help/rin-trades-and-price-information,epa_rin/2026-09-27T200050Z,254b72a5f9a878ff80f00798e147e043e73931d20e3808a3b0c7eb1583ffba47,1.1
2016-09-12,2016-09-18,2016-09-12,2016-09-18,D6,2016,0.836734,400943830,2026-09-27T20:00:50Z,2026-09-27T20:00:50Z,https://www.epa.gov/fuels-registration-reporting-and-compliance-help/rin-trades-and-price-information,epa_rin/2026-09-27T200050Z,254b72a5f9a878ff80f00798e147e043e73931d20e3808a3b0c7eb1583ffba47,1.1
2016-09-19,2016-09-25,2016-09-19,2016-09-25,D6,2015,0.860000,13136223,2026-09-27T20:00:50Z,2026-09-27T20:00:50Z,https://www.epa.gov/fuels-registration-reporting-and-compliance-help/rin-trades-and-price-information,epa_rin/2026-09-27T200050Z,254b72a5f9a878ff80f00798e147e043e73931d20e3808a3b0c7eb1583ffba47,1.1
2016-09-19,2016-09-25,2016-09-19,2016-09-25,D6,2016,0.826214,450130696,2026-09-27T20:00:50Z,2026-09-27T20:00:50Z,https://www.epa.gov/fuels-registration-reporting-and-compliance-help/rin-trades-and-price-information,epa_rin/2026-09-27T200050Z,254b72a5f9a878ff80f00798e147e043e73931d20e3808a3b0c7eb1583ffba47,1.1
2016-09-26,2016-10-02,2016-09-26,2016-10-02,D6,2014,0.770000,944716,2026-09-27T20:00:50Z,2026-09-27T20:00:50Z,https://www.epa.gov/fuels-registration-reporting-and-compliance-help/rin-trades-and-price-information,epa_rin/2026-09-27T200050Z,254b72a5f9a878ff80f00798e147e043e73931d20e3808a3b0c7eb1583ffba47,1.1
2016-09-26,2016-10-02,2016-09-26,2016-10-02,D6,2015,0.810000,6849982,2026-09-27T20:00:50Z,2026-09-27T20:00:50Z,https://www.epa.gov/fuels-registration-reporting-and-compliance-help/rin-trades-and-price-information,epa_rin/2026-09-27T200050Z,254b72a5f9a878ff80f00798e147e043e73931d20e3808a3b0c7eb1583ffba47,1.1
2016-09-26,2016-10-02,2016-09-26,2016-10-02,D6,2016,0.792556,624734697,2026-09-27T20:00:50Z,2026-09-27T20:00:50Z,https://www.epa.gov/fuels-registration-reporting-and-compliance-help/rin-trades-and-price-information,epa_rin/2026-09-27T200050Z,254b72a5f9a878ff80f00798e147e043e73931d20e3808a3b0c7eb1583ffba47,1.1
2016-10-03,2016-10-09,2016-10-03,2016-10-09,D6,2015,0.770000,96259152,2026-09-27T20:00:50Z,2026-09-27T20:00:50Z,https://www.epa.gov/fuels-registration-reporting-and-compliance-help/rin-trades-and-price-information,epa_rin/2026-09-27T200050Z,254b72a5f9a878ff80f00798e147e043e73931d20e3808a3b0c7eb1583ffba47,1.1
2016-10-03,2016-10-09,2016-10-03,2016-10-09,D6,2016,0.871199,243266544,2026-09-27T20:00:50Z,2026-09-27T20:00:50Z,https://www.epa.gov/fuels-registration-reporting-and-compliance-help/rin-trades-and-price-information,epa_rin/2026-09-27T200050Z,254b72a5f9a878ff80f00798e147e043e73931d20e3808a3b0c7eb1583ffba47,1.1
2016-10-10,2016-10-16,2016-10-10,2016-10-16,D6,2015,0.900007,73561863,2026-09-27T20:00:50Z,2026-09-27T20:00:50Z,https://www.epa.gov/fuels-registration-reporting-and-compliance-help/rin-trades-and-price-information,epa_rin/2026-09-27T200050Z,254b72a5f9a878ff80f00798e147e043e73931d20e3808a3b0c7eb1583ffba47,1.1
2016-10-10,2016-10-16,2016-10-10,2016-10-16,D6,2016,0.854282,275468985,2026-09-27T20:00:50Z,2026-09-27T20:00:50Z,https://www.epa.gov/fuels-registration-reporting-and-compliance-help/rin-trades-and-price-information,epa_rin/2026-09-27T200050Z,254b72a5f9a878ff80f00798e147e043e73931d20e3808a3b0c7eb1583ffba47,1.1
2016-10-17,2016-10-23,2016-10-17,2016-10-23,D6,2014,0.880000,26260,2026-09-27T20:00:50Z,2026-09-27T20:00:50Z,https://www.epa.gov/fuels-registration-reporting-and-compliance-help/rin-trades-and-price-information,epa_rin/2026-09-27T200050Z,254b72a5f9a878ff80f00798e147e043e73931d20e3808a3b0c7eb1583ffba47,1.1
2016-10-17,2016-10-23,2016-10-17,2016-10-23,D6,2015,0.770203,37882628,2026-09-27T20:00:50Z,2026-09-27T20:00:50Z,https://www.epa.gov/fuels-registration-reporting-and-compliance-help/rin-trades-and-price-information,epa_rin/2026-09-27T200050Z,254b72a5f9a878ff80f00798e147e043e73931d20e3808a3b0c7eb1583ffba47,1.1
2016-10-17,2016-10-23,2016-10-17,2016-10-23,D6,2016,0.880617,356243400,2026-09-27T20:00:50Z,2026-09-27T20:00:50Z,https://www.epa.gov/fuels-registration-reporting-and-compliance-help/rin-trades-and-price-information,epa_rin/2026-09-27T200050Z,254b72a5f9a878ff80f00798e147e043e73931d20e3808a3b0c7eb1583ffba47,1.1
2016-10-24,2016-10-30,2016-10-24,2016-10-30,D6,2014,0.020000,1569969,2026-09-27T20:00:50Z,2026-09-27T20:00:50Z,https://www.epa.gov/fuels-registration-reporting-and-compliance-help/rin-trades-and-price-information,epa_rin/2026-09-27T200050Z,254b72a5f9a878ff80f00798e147e043e73931d20e3808a3b0c7eb1583ffba47,1.1
2016-10-24,2016-10-30,2016-10-24,2016-10-30,D6,2015,0.730045,142646612,2026-09-27T20:00:50Z,2026-09-27T20:00:50Z,https://www.epa.gov/fuels-registration-reporting-and-compliance-help/rin-trades-and-price-information,epa_rin/2026-09-27T200050Z,254b72a5f9a878ff80f00798e147e043e73931d20e3808a3b0c7eb1583ffba47,1.1
2016-10-24,2016-10-30,2016-10-24,2016-10-30,D6,2016,0.840016,310429760,2026-09-27T20:00:50Z,2026-09-27T20:00:50Z,https://www.epa.gov/fuels-registration-reporting-and-compliance-help/rin-trades-and-price-information,epa_rin/2026-09-27T200050Z,254b72a5f9a878ff80f00798e147e043e73931d20e3808a3b0c7eb1583ffba47,1.1
2016-10-31,2016-11-06,2016-10-31,2016-11-06,D6,2014,0.930000,51706,2026-09-27T20:00:50Z,2026-09-27T20:00:50Z,https://www.epa.gov/fuels-registration-reporting-and-compliance-help/rin-trades-and-price-information,epa_rin/2026-09-27T200050Z,254b72a5f9a878ff80f00798e147e043e73931d20e3808a3b0c7eb1583ffba47,1.1
2016-10-31,2016-11-06,2016-10-31,2016-11-06,D6,2015,0.790000,44082100,2026-09-27T20:00:50Z,2026-09-27T20:00:50Z,https://www.epa.gov/fuels-registration-reporting-and-compliance-help/rin-trades-and-price-information,epa_rin/2026-09-27T200050Z,254b72a5f9a878ff80f00798e147e043e73931d20e3808a3b0c7eb1583ffba47,1.1
2016-10-31,2016-11-06,2016-10-31,2016-11-06,D6,2016,0.826367,369504822,2026-09-27T20:00:50Z,2026-09-27T20:00:50Z,https://www.epa.gov/fuels-registration-reporting-and-compliance-help/rin-trades-and-price-information,epa_rin/2026-09-27T200050Z,254b72a5f9a878ff80f00798e147e043e73931d20e3808a3b0c7eb1583ffba47,1.1
2016-11-07,2016-11-13,2016-11-07,2016-11-13,D6,2015,0.776626,78925351,2026-09-27T20:00:50Z,2026-09-27T20:00:50Z,https://www.epa.gov/fuels-registration-reporting-and-compliance-help/rin-trades-and-price-information,epa_rin/2026-09-27T200050Z,254b72a5f9a878ff80f00798e147e043e73931d20e3808a3b0c7eb1583ffba47,1.1
2016-11-07,2016-11-13,2016-11-07,2016-11-13,D6,2016,0.852027,344651544,2026-09-27T20:00:50Z,2026-09-27T20:00:50Z,https://www.epa.gov/fuels-registration-reporting-and-compliance-help/rin-trades-and-price-information,epa_rin/2026-09-27T200050Z,254b72a5f9a878ff80f00798e147e043e73931d20e3808a3b0c7eb1583ffba47,1.1
2016-11-14,2016-11-20,2016-11-14,2016-11-20,D6,2014,0.820000,35052373,2026-09-27T20:00:50Z,2026-09-27T20:00:50Z,https://www.epa.gov/fuels-registration-reporting-and-compliance-help/rin-trades-and-price-information,epa_rin/2026-09-27T200050Z,254b72a5f9a878ff80f00798e147e043e73931d20e3808a3b0c7eb1583ffba47,1.1
2016-11-14,2016-11-20,2016-11-14,2016-11-20,D6,2015,0.870000,487082174,2026-09-27T20:00:50Z,2026-09-27T20:00:50Z,https://www.epa.gov/fuels-registration-reporting-and-compliance-help/rin-trades-and-price-information,epa_rin/2026-09-27T200050Z,254b72a5f9a878ff80f00798e147e043e73931d20e3808a3b0c7eb1583ffba47,1.1
2016-11-14,2016-11-20,2016-11-14,2016-11-20,D6,2016,0.810736,554285861,2026-09-27T20:00:50Z,2026-09-27T20:00:50Z,https://www.epa.gov/fuels-registration-reporting-and-compliance-help/rin-trades-and-price-information,epa_rin/2026-09-27T200050Z,254b72a5f9a878ff80f00798e147e043e73931d20e3808a3b0c7eb1583ffba47,1.1
2016-11-21,2016-11-27,2016-11-21,2016-11-27,D6,2014,0.830000,11614393,2026-09-27T20:00:50Z,2026-09-27T20:00:50Z,https://www.epa.gov/fuels-registration-reporting-and-compliance-help/rin-trades-and-price-information,epa_rin/2026-09-27T200050Z,254b72a5f9a878ff80f00798e147e043e73931d20e3808a3b0c7eb1583ffba47,1.1
2016-11-21,2016-11-27,2016-11-21,2016-11-27,D6,2015,0.850000,116598787,2026-09-27T20:00:50Z,2026-09-27T20:00:50Z,https://www.epa.gov/fuels-registration-reporting-and-compliance-help/rin-trades-and-price-information,epa_rin/2026-09-27T200050Z,254b72a5f9a878ff80f00798e147e043e73931d20e3808a3b0c7eb1583ffba47,1.1
2016-11-21,2016-11-27,2016-11-21,2016-11-27,D6,2016,0.850064,335340322,2026-09-27T20:00:50Z,2026-09-27T20:00:50Z,https://www.epa.gov/fuels-registration-reporting-and-compliance-help/rin-trades-and-price-information,epa_rin/2026-09-27T200050Z,254b72a5f9a878ff80f00798e147e043e73931d20e3808a3b0c7eb1583ffba47,1.1
2016-11-28,2016-12-04,2016-11-28,2016-12-04,D6,2014,0.840000,6943504,2026-09-27T20:00:50Z,2026-09-27T20:00:50Z,https://www.epa.gov/fuels-registration-reporting-and-compliance-help/rin-trades-and-price-information,epa_rin/2026-09-27T200050Z,254b72a5f9a878ff80f00798e147e043e73931d20e3808a3b0c7eb1583ffba47,1.1
2016-11-28,2016-12-04,2016-11-28,2016-12-04,D6,2015,0.910033,141431607,2026-09-27T20:00:50Z,2026-09-27T20:00:50Z,https://www.epa.gov/fuels-registration-reporting-and-compliance-help/rin-trades-and-price-information,epa_rin/2026-09-27T200050Z,254b72a5f9a878ff80f00798e147e043e73931d20e3808a3b0c7eb1583ffba47,1.1
2016-11-28,2016-12-04,2016-11-28,2016-12-04,D6,2016,0.846750,571363443,2026-09-27T20:00:50Z,2026-09-27T20:00:50Z,https://www.epa.gov/fuels-registration-reporting-and-compliance-help/rin-trades-and-price-information,epa_rin/2026-09-27T200050Z,254b72a5f9a878ff80f00798e147e043e73931d20e3808a3b0c7eb1583ffba47,1.1
2016-12-05,2016-12-11,2016-12-05,2016-12-11,D6,2015,0.959992,2727081,2026-09-27T20:00:50Z,2026-09-27T20:00:50Z,https://www.epa.gov/fuels-registration-reporting-and-compliance-help/rin-trades-and-price-information,epa_rin/2026-09-27T200050Z,254b72a5f9a878ff80f00798e147e043e73931d20e3808a3b0c7eb1583ffba47,1.1
2016-12-05,2016-12-11,2016-12-05,2016-12-11,D6,2016,0.851858,434902136,2026-09-27T20:00:50Z,2026-09-27T20:00:50Z,https://www.epa.gov/fuels-registration-reporting-and-compliance-help/rin-trades-and-price-information,epa_rin/2026-09-27T200050Z,254b72a5f9a878ff80f00798e147e043e73931d20e3808a3b0c7eb1583ffba47,1.1
2016-12-12,2016-12-18,2016-12-12,2016-12-18,D6,2015,0.960000,5550000,2026-09-27T20:00:50Z,2026-09-27T20:00:50Z,https://www.epa.gov/fuels-registration-reporting-and-compliance-help/rin-trades-and-price-information,epa_rin/2026-09-27T200050Z,254b72a5f9a878ff80f00798e147e043e73931d20e3808a3b0c7eb1583ffba47,1.1
2016-12-12,2016-12-18,2016-12-12,2016-12-18,D6,2016,0.896613,617779271,2026-09-27T20:00:50Z,2026-09-27T20:00:50Z,https://www.epa.gov/fuels-registration-reporting-and-compliance-help/rin-trades-and-price-information,epa_rin/2026-09-27T200050Z,254b72a5f9a878ff80f00798e147e043e73931d20e3808a3b0c7eb1583ffba47,1.1
2016-12-19,2016-12-25,2016-12-19,2016-12-25,D6,2015,0.950000,16111741,2026-09-27T20:00:50Z,2026-09-27T20:00:50Z,https://www.epa.gov/fuels-registration-reporting-and-compliance-help/rin-trades-and-price-information,epa_rin/2026-09-27T200050Z,254b72a5f9a878ff80f00798e147e043e73931d20e3808a3b0c7eb1583ffba47,1.1
2016-12-19,2016-12-25,2016-12-19,2016-12-25,D6,2016,0.897286,487520588,2026-09-27T20:00:50Z,2026-09-27T20:00:50Z,https://www.epa.gov/fuels-registration-reporting-and-compliance-help/rin-trades-and-price-information,epa_rin/2026-09-27T200050Z,254b72a5f9a878ff80f00798e147e043e73931d20e3808a3b0c7eb1583ffba47,1.1
2016-12-26,2017-01-01,2016-12-26,2017-01-01,D6,2015,0.900000,14326441,2026-09-27T20:00:50Z,2026-09-27T20:00:50Z,https://www.epa.gov/fuels-registration-reporting-and-compliance-help/rin-trades-and-price-information,epa_rin/2026-09-27T200050Z,254b72a5f9a878ff80f00798e147e043e73931d20e3808a3b0c7eb1583ffba47,1.1
2016-12-26,2017-01-01,2016-12-26,2017-01-01,D6,2016,0.869517,682484018,2026-09-27T20:00:50Z,2026-09-27T20:00:50Z,https://www.epa.gov/fuels-registration-reporting-and-compliance-help/rin-trades-and-price-information,epa_rin/2026-09-27T200050Z,254b72a5f9a878ff80f00798e147e043e73931d20e3808a3b0c7eb1583ffba47,1.1
2017-01-02,2017-01-08,2017-01-02,2017-01-08,D6,2015,0.830000,19659,2026-09-27T20:00:50Z,2026-09-27T20:00:50Z,https://www.epa.gov/fuels-registration-reporting-and-compliance-help/rin-trades-and-price-information,epa_rin/2026-09-27T200050Z,254b72a5f9a878ff80f00798e147e043e73931d20e3808a3b0c7eb1583ffba47,1.1
2017-01-02,2017-01-08,2017-01-02,2017-01-08,D6,2016,0.870189,211528396,2026-09-27T20:00:50Z,2026-09-27T20:00:50Z,https://www.epa.gov/fuels-registration-reporting-and-compliance-help/rin-trades-and-price-information,epa_rin/2026-09-27T200050Z,254b72a5f9a878ff80f00798e147e043e73931d20e3808a3b0c7eb1583ffba47,1.1
2017-01-02,2017-01-08,2017-01-02,2017-01-08,D6,2017,0.660000,12671690,2026-09-27T20:00:50Z,2026-09-27T20:00:50Z,https://www.epa.gov/fuels-registration-reporting-and-compliance-help/rin-trades-and-price-information,epa_rin/2026-09-27T200050Z,254b72a5f9a878ff80f00798e147e043e73931d20e3808a3b0c7eb1583ffba47,1.1
2017-01-09,2017-01-15,2017-01-09,2017-01-15,D6,2015,0.750000,2338112,2026-09-27T20:00:50Z,2026-09-27T20:00:50Z,https://www.epa.gov/fuels-registration-reporting-and-compliance-help/rin-trades-and-price-information,epa_rin/2026-09-27T200050Z,254b72a5f9a878ff80f00798e147e043e73931d20e3808a3b0c7eb1583ffba47,1.1
2017-01-09,2017-01-15,2017-01-09,2017-01-15,D6,2016,0.881087,294847246,2026-09-27T20:00:50Z,2026-09-27T20:00:50Z,https://www.epa.gov/fuels-registration-reporting-and-compliance-help/rin-trades-and-price-information,epa_rin/2026-09-27T200050Z,254b72a5f9a878ff80f00798e147e043e73931d20e3808a3b0c7eb1583ffba47,1.1
2017-01-09,2017-01-15,2017-01-09,2017-01-15,D6,2017,0.670000,30104384,2026-09-27T20:00:50Z,2026-09-27T20:00:50Z,https://www.epa.gov/fuels-registration-reporting-and-compliance-help/rin-trades-and-price-information,epa_rin/2026-09-27T200050Z,254b72a5f9a878ff80f00798e147e043e73931d20e3808a3b0c7eb1583ffba47,1.1
2017-01-16,2017-01-22,2017-01-16,2017-01-22,D6,2015,0.680000,2108011,2026-09-27T20:00:50Z,2026-09-27T20:00:50Z,https://www.epa.gov/fuels-registration-reporting-and-compliance-help/rin-trades-and-price-information,epa_rin/2026-09-27T200050Z,254b72a5f9a878ff80f00798e147e043e73931d20e3808a3b0c7eb1583ffba47,1.1
2017-01-16,2017-01-22,2017-01-16,2017-01-22,D6,2016,0.771655,219079719,2026-09-27T20:00:50Z,2026-09-27T20:00:50Z,https://www.epa.gov/fuels-registration-reporting-and-compliance-help/rin-trades-and-price-information,epa_rin/2026-09-27T200050Z,254b72a5f9a878ff80f00798e147e043e73931d20e3808a3b0c7eb1583ffba47,1.1
2017-01-16,2017-01-22,2017-01-16,2017-01-22,D6,2017,0.890000,56021539,2026-09-27T20:00:50Z,2026-09-27T20:00:50Z,https://www.epa.gov/fuels-registration-reporting-and-compliance-help/rin-trades-and-price-information,epa_rin/2026-09-27T200050Z,254b72a5f9a878ff80f00798e147e043e73931d20e3808a3b0c7eb1583ffba47,1.1
2017-01-23,2017-01-29,2017-01-23,2017-01-29,D6,2015,0.760000,16507604,2026-09-27T20:00:50Z,2026-09-27T20:00:50Z,https://www.epa.gov/fuels-registration-reporting-and-compliance-help/rin-trades-and-price-information,epa_rin/2026-09-27T200050Z,254b72a5f9a878ff80f00798e147e043e73931d20e3808a3b0c7eb1583ffba47,1.1
2017-01-23,2017-01-29,2017-01-23,2017-01-29,D6,2016,0.819635,192020685,2026-09-27T20:00:50Z,2026-09-27T20:00:50Z,https://www.epa.gov/fuels-registration-reporting-and-compliance-help/rin-trades-and-price-information,epa_rin/2026-09-27T200050Z,254b72a5f9a878ff80f00798e147e043e73931d20e3808a3b0c7eb1583ffba47,1.1
2017-01-23,2017-01-29,2017-01-23,2017-01-29,D6,2017,0.870000,95018781,2026-09-27T20:00:50Z,2026-09-27T20:00:50Z,https://www.epa.gov/fuels-registration-reporting-and-compliance-help/rin-trades-and-price-information,epa_rin/2026-09-27T200050Z,254b72a5f9a878ff80f00798e147e043e73931d20e3808a3b0c7eb1583ffba47,1.1
2017-01-30,2017-02-05,2017-01-30,2017-02-05,D6,2015,0.691664,4057073,2026-09-27T20:00:50Z,2026-09-27T20:00:50Z,https://www.epa.gov/fuels-registration-reporting-and-compliance-help/rin-trades-and-price-information,epa_rin/2026-09-27T200050Z,254b72a5f9a878ff80f00798e147e043e73931d20e3808a3b0c7eb1583ffba47,1.1
2017-01-30,2017-02-05,2017-01-30,2017-02-05,D6,2016,0.740444,213826836,2026-09-27T20:00:50Z,2026-09-27T20:00:50Z,https://www.epa.gov/fuels-registration-reporting-and-compliance-help/rin-trades-and-price-information,epa_rin/2026-09-27T200050Z,254b72a5f9a878ff80f00798e147e043e73931d20e3808a3b0c7eb1583ffba47,1.1
2017-01-30,2017-02-05,2017-01-30,2017-02-05,D6,2017,0.680000,127055833,2026-09-27T20:00:50Z,2026-09-27T20:00:50Z,https://www.epa.gov/fuels-registration-reporting-and-compliance-help/rin-trades-and-price-information,epa_rin/2026-09-27T200050Z,254b72a5f9a878ff80f00798e147e043e73931d20e3808a3b0c7eb1583ffba47,1.1
2017-02-06,2017-02-12,2017-02-06,2017-02-12,D6,2015,0.713363,5467960,2026-09-27T20:00:50Z,2026-09-27T20:00:50Z,https://www.epa.gov/fuels-registration-reporting-and-compliance-help/rin-trades-and-price-information,epa_rin/2026-09-27T200050Z,254b72a5f9a878ff80f00798e147e043e73931d20e3808a3b0c7eb1583ffba47,1.1
2017-02-06,2017-02-12,2017-02-06,2017-02-12,D6,2016,0.710000,69183382,2026-09-27T20:00:50Z,2026-09-27T20:00:50Z,https://www.epa.gov/fuels-registration-reporting-and-compliance-help/rin-trades-and-price-information,epa_rin/2026-09-27T200050Z,254b72a5f9a878ff80f00798e147e043e73931d20e3808a3b0c7eb1583ffba47,1.1
2017-02-06,2017-02-12,2017-02-06,2017-02-12,D6,2017,0.650000,155340228,2026-09-27T20:00:50Z,2026-09-27T20:00:50Z,https://www.epa.gov/fuels-registration-reporting-and-compliance-help/rin-trades-and-price-information,epa_rin/2026-09-27T200050Z,254b72a5f9a878ff80f00798e147e043e73931d20e3808a3b0c7eb1583ffba47,1.1
2017-02-13,2017-02-19,2017-02-13,2017-02-19,D6,2015,0.560000,3769820,2026-09-27T20:00:50Z,2026-09-27T20:00:50Z,https://www.epa.gov/fuels-registration-reporting-and-compliance-help/rin-trades-and-price-information,epa_rin/2026-09-27T200050Z,254b72a5f9a878ff80f00798e147e043e73931d20e3808a3b0c7eb1583ffba47,1.1
2017-02-13,2017-02-19,2017-02-13,2017-02-19,D6,2016,0.649518,40839202,2026-09-27T20:00:50Z,2026-09-27T20:00:50Z,https://www.epa.gov/fuels-registration-reporting-and-compliance-help/rin-trades-and-price-information,epa_rin/2026-09-27T200050Z,254b72a5f9a878ff80f00798e147e043e73931d20e3808a3b0c7eb1583ffba47,1.1
2017-02-13,2017-02-19,2017-02-13,2017-02-19,D6,2017,0.630000,137786991,2026-09-27T20:00:50Z,2026-09-27T20:00:50Z,https://www.epa.gov/fuels-registration-reporting-and-compliance-help/rin-trades-and-price-information,epa_rin/2026-09-27T200050Z,254b72a5f9a878ff80f00798e147e043e73931d20e3808a3b0c7eb1583ffba47,1.1
2017-02-20,2017-02-26,2017-02-20,2017-02-26,D6,2016,0.606379,81281219,2026-09-27T20:00:50Z,2026-09-27T20:00:50Z,https://www.epa.gov/fuels-registration-reporting-and-compliance-help/rin-trades-and-price-information,epa_rin/2026-09-27T200050Z,254b72a5f9a878ff80f00798e147e043e73931d20e3808a3b0c7eb1583ffba47,1.1
2017-02-20,2017-02-26,2017-02-20,2017-02-26,D6,2017,0.599422,190196888,2026-09-27T20:00:50Z,2026-09-27T20:00:50Z,https://www.epa.gov/fuels-registration-reporting-and-compliance-help/rin-trades-and-price-information,epa_rin/2026-09-27T200050Z,254b72a5f9a878ff80f00798e147e043e73931d20e3808a3b0c7eb1583ffba47,1.1
2017-02-27,2017-03-05,2017-02-27,2017-03-05,D6,2015,0.480000,4919485,2026-09-27T20:00:50Z,2026-09-27T20:00:50Z,https://www.epa.gov/fuels-registration-reporting-and-compliance-help/rin-trades-and-price-information,epa_rin/2026-09-27T200050Z,254b72a5f9a878ff80f00798e147e043e73931d20e3808a3b0c7eb1583ffba47,1.1
2017-02-27,2017-03-05,2017-02-27,2017-03-05,D6,2016,0.649729,128856917,2026-09-27T20:00:50Z,2026-09-27T20:00:50Z,https://www.epa.gov/fuels-registration-reporting-and-compliance-help/rin-trades-and-price-information,epa_rin/2026-09-27T200050Z,254b72a5f9a878ff80f00798e147e043e73931d20e3808a3b0c7eb1583ffba47,1.1
2017-02-27,2017-03-05,2017-02-27,2017-03-05,D6,2017,0.580000,236018093,2026-09-27T20:00:50Z,2026-09-27T20:00:50Z,https://www.epa.gov/fuels-registration-reporting-and-compliance-help/rin-trades-and-price-information,epa_rin/2026-09-27T200050Z,254b72a5f9a878ff80f00798e147e043e73931d20e3808a3b0c7eb1583ffba47,1.1
2017-03-06,2017-03-12,2017-03-06,2017-03-12,D6,2015,0.458260,3551420,2026-09-27T20:00:50Z,2026-09-27T20:00:50Z,https://www.epa.gov/fuels-registration-reporting-and-compliance-help/rin-trades-and-price-information,epa_rin/2026-09-27T200050Z,254b72a5f9a878ff80f00798e147e043e73931d20e3808a3b0c7eb1583ffba47,1.1
2017-03-06,2017-03-12,2017-03-06,2017-03-12,D6,2016,0.481186,127715710,2026-09-27T20:00:50Z,2026-09-27T20:00:50Z,https://www.epa.gov/fuels-registration-reporting-and-compliance-help/rin-trades-and-price-information,epa_rin/2026-09-27T200050Z,254b72a5f9a878ff80f00798e147e043e73931d20e3808a3b0c7eb1583ffba47,1.1
2017-03-06,2017-03-12,2017-03-06,2017-03-12,D6,2017,0.580000,204445266,2026-09-27T20:00:50Z,2026-09-27T20:00:50Z,https://www.epa.gov/fuels-registration-reporting-and-compliance-help/rin-trades-and-price-information,epa_rin/2026-09-27T200050Z,254b72a5f9a878ff80f00798e147e043e73931d20e3808a3b0c7eb1583ffba47,1.1
2017-03-13,2017-03-19,2017-03-13,2017-03-19,D6,2015,0.340906,682297,2026-09-27T20:00:50Z,2026-09-27T20:00:50Z,https://www.epa.gov/fuels-registration-reporting-and-compliance-help/rin-trades-and-price-information,epa_rin/2026-09-27T200050Z,254b72a5f9a878ff80f00798e147e043e73931d20e3808a3b0c7eb1583ffba47,1.1
2017-03-13,2017-03-19,2017-03-13,2017-03-19,D6,2016,0.510020,134916059,2026-09-27T20:00:50Z,2026-09-27T20:00:50Z,https://www.epa.gov/fuels-registration-reporting-and-compliance-help/rin-trades-and-price-information,epa_rin/2026-09-27T200050Z,254b72a5f9a878ff80f00798e147e043e73931d20e3808a3b0c7eb1583ffba47,1.1
2017-03-13,2017-03-19,2017-03-13,2017-03-19,D6,2017,0.600000,327745018,2026-09-27T20:00:50Z,2026-09-27T20:00:50Z,https://www.epa.gov/fuels-registration-reporting-and-compliance-help/rin-trades-and-price-information,epa_rin/2026-09-27T200050Z,254b72a5f9a878ff80f00798e147e043e73931d20e3808a3b0c7eb1583ffba47,1.1
2017-03-20,2017-03-26,2017-03-20,2017-03-26,D6,2015,0.521874,20616350,2026-09-27T20:00:50Z,2026-09-27T20:00:50Z,https://www.epa.gov/fuels-registration-reporting-and-compliance-help/rin-trades-and-price-information,epa_rin/2026-09-27T200050Z,254b72a5f9a878ff80f00798e147e043e73931d20e3808a3b0c7eb1583ffba47,1.1
2017-03-20,2017-03-26,2017-03-20,2017-03-26,D6,2016,0.631225,90669165,2026-09-27T20:00:50Z,2026-09-27T20:00:50Z,https://www.epa.gov/fuels-registration-reporting-and-compliance-help/rin-trades-and-price-information,epa_rin/2026-09-27T200050Z,254b72a5f9a878ff80f00798e147e043e73931d20e3808a3b0c7eb1583ffba47,1.1
2017-03-20,2017-03-26,2017-03-20,2017-03-26,D6,2017,0.536428,383748447,2026-09-27T20:00:50Z,2026-09-27T20:00:50Z,https://www.epa.gov/fuels-registration-reporting-and-compliance-help/rin-trades-and-price-information,epa_rin/2026-09-27T200050Z,254b72a5f9a878ff80f00798e147e043e73931d20e3808a3b0c7eb1583ffba47,1.1
2017-03-27,2017-04-02,2017-03-27,2017-04-02,D6,2015,0.549930,19928265,2026-09-27T20:00:50Z,2026-09-27T20:00:50Z,https://www.epa.gov/fuels-registration-reporting-and-compliance-help/rin-trades-and-price-information,epa_rin/2026-09-27T200050Z,254b72a5f9a878ff80f00798e147e043e73931d20e3808a3b0c7eb1583ffba47,1.1
2017-03-27,2017-04-02,2017-03-27,2017-04-02,D6,2016,0.630200,684810338,2026-09-27T20:00:50Z,2026-09-27T20:00:50Z,https://www.epa.gov/fuels-registration-reporting-and-compliance-help/rin-trades-and-price-information,epa_rin/2026-09-27T200050Z,254b72a5f9a878ff80f00798e147e043e73931d20e3808a3b0c7eb1583ffba47,1.1
2017-03-27,2017-04-02,2017-03-27,2017-04-02,D6,2017,0.560000,368979162,2026-09-27T20:00:50Z,2026-09-27T20:00:50Z,https://www.epa.gov/fuels-registration-reporting-and-compliance-help/rin-trades-and-price-information,epa_rin/2026-09-27T200050Z,254b72a5f9a878ff80f00798e147e043e73931d20e3808a3b0c7eb1583ffba47,1.1
2017-04-03,2017-04-09,2017-04-03,2017-04-09,D6,2016,0.582207,25577155,2026-09-27T20:00:50Z,2026-09-27T20:00:50Z,https://www.epa.gov/fuels-registration-reporting-and-compliance-help/rin-trades-and-price-information,epa_rin/2026-09-27T200050Z,254b72a5f9a878ff80f00798e147e043e73931d20e3808a3b0c7eb1583ffba47,1.1
2017-04-03,2017-04-09,2017-04-03,2017-04-09,D6,2017,0.559706,214835045,2026-09-27T20:00:50Z,2026-09-27T20:00:50Z,https://www.epa.gov/fuels-registration-reporting-and-compliance-help/rin-trades-and-price-information,epa_rin/2026-09-27T200050Z,254b72a5f9a878ff80f00798e147e043e73931d20e3808a3b0c7eb1583ffba47,1.1
2017-04-10,2017-04-16,2017-04-10,2017-04-16,D6,2016,0.500000,3936633,2026-09-27T20:00:50Z,2026-09-27T20:00:50Z,https://www.epa.gov/fuels-registration-reporting-and-compliance-help/rin-trades-and-price-information,epa_rin/2026-09-27T200050Z,254b72a5f9a878ff80f00798e147e043e73931d20e3808a3b0c7eb1583ffba47,1.1
2017-04-10,2017-04-16,2017-04-10,2017-04-16,D6,2017,0.630000,246478505,2026-09-27T20:00:50Z,2026-09-27T20:00:50Z,https://www.epa.gov/fuels-registration-reporting-and-compliance-help/rin-trades-and-price-information,epa_rin/2026-09-27T200050Z,254b72a5f9a878ff80f00798e147e043e73931d20e3808a3b0c7eb1583ffba47,1.1
2017-04-17,2017-04-23,2017-04-17,2017-04-23,D6,2016,0.470000,40049684,2026-09-27T20:00:50Z,2026-09-27T20:00:50Z,https://www.epa.gov/fuels-registration-reporting-and-compliance-help/rin-trades-and-price-information,epa_rin/2026-09-27T200050Z,254b72a5f9a878ff80f00798e147e043e73931d20e3808a3b0c7eb1583ffba47,1.1
2017-04-17,2017-04-23,2017-04-17,2017-04-23,D6,2017,0.530000,258278980,2026-09-27T20:00:50Z,2026-09-27T20:00:50Z,https://www.epa.gov/fuels-registration-reporting-and-compliance-help/rin-trades-and-price-information,epa_rin/2026-09-27T200050Z,254b72a5f9a878ff80f00798e147e043e73931d20e3808a3b0c7eb1583ffba47,1.1
2017-04-24,2017-04-30,2017-04-24,2017-04-30,D6,2016,0.469930,48710189,2026-09-27T20:00:50Z,2026-09-27T20:00:50Z,https://www.epa.gov/fuels-registration-reporting-and-compliance-help/rin-trades-and-price-information,epa_rin/2026-09-27T200050Z,254b72a5f9a878ff80f00798e147e043e73931d20e3808a3b0c7eb1583ffba47,1.1
2017-04-24,2017-04-30,2017-04-24,2017-04-30,D6,2017,0.499347,339421806,2026-09-27T20:00:50Z,2026-09-27T20:00:50Z,https://www.epa.gov/fuels-registration-reporting-and-compliance-help/rin-trades-and-price-information,epa_rin/2026-09-27T200050Z,254b72a5f9a878ff80f00798e147e043e73931d20e3808a3b0c7eb1583ffba47,1.1
2017-05-01,2017-05-07,2017-05-01,2017-05-07,D6,2016,0.780000,13432516,2026-09-27T20:00:50Z,2026-09-27T20:00:50Z,https://www.epa.gov/fuels-registration-reporting-and-compliance-help/rin-trades-and-price-information,epa_rin/2026-09-27T200050Z,254b72a5f9a878ff80f00798e147e043e73931d20e3808a3b0c7eb1583ffba47,1.1
2017-05-01,2017-05-07,2017-05-01,2017-05-07,D6,2017,0.570000,185741765,2026-09-27T20:00:50Z,2026-09-27T20:00:50Z,https://www.epa.gov/fuels-registration-reporting-and-compliance-help/rin-trades-and-price-information,epa_rin/2026-09-27T200050Z,254b72a5f9a878ff80f00798e147e043e73931d20e3808a3b0c7eb1583ffba47,1.1
2017-05-08,2017-05-14,2017-05-08,2017-05-14,D6,2016,0.540000,15428363,2026-09-27T20:00:50Z,2026-09-27T20:00:50Z,https://www.epa.gov/fuels-registration-reporting-and-compliance-help/rin-trades-and-price-information,epa_rin/2026-09-27T200050Z,254b72a5f9a878ff80f00798e147e043e73931d20e3808a3b0c7eb1583ffba47,1.1
2017-05-08,2017-05-14,2017-05-08,2017-05-14,D6,2017,0.569874,266762451,2026-09-27T20:00:50Z,2026-09-27T20:00:50Z,https://www.epa.gov/fuels-registration-reporting-and-compliance-help/rin-trades-and-price-information,epa_rin/2026-09-27T200050Z,254b72a5f9a878ff80f00798e147e043e73931d20e3808a3b0c7eb1583ffba47,1.1
2017-05-15,2017-05-21,2017-05-15,2017-05-21,D6,2016,0.430000,30654547,2026-09-27T20:00:50Z,2026-09-27T20:00:50Z,https://www.epa.gov/fuels-registration-reporting-and-compliance-help/rin-trades-and-price-information,epa_rin/2026-09-27T200050Z,254b72a5f9a878ff80f00798e147e043e73931d20e3808a3b0c7eb1583ffba47,1.1
2017-05-15,2017-05-21,2017-05-15,2017-05-21,D6,2017,0.526843,257193867,2026-09-27T20:00:50Z,2026-09-27T20:00:50Z,https://www.epa.gov/fuels-registration-reporting-and-compliance-help/rin-trades-and-price-information,epa_rin/2026-09-27T200050Z,254b72a5f9a878ff80f00798e147e043e73931d20e3808a3b0c7eb1583ffba47,1.1
2017-05-22,2017-05-28,2017-05-22,2017-05-28,D6,2016,0.330000,26496953,2026-09-27T20:00:50Z,2026-09-27T20:00:50Z,https://www.epa.gov/fuels-registration-reporting-and-compliance-help/rin-trades-and-price-information,epa_rin/2026-09-27T200050Z,254b72a5f9a878ff80f00798e147e043e73931d20e3808a3b0c7eb1583ffba47,1.1
2017-05-22,2017-05-28,2017-05-22,2017-05-28,D6,2017,0.560017,253262074,2026-09-27T20:00:50Z,2026-09-27T20:00:50Z,https://www.epa.gov/fuels-registration-reporting-and-compliance-help/rin-trades-and-price-information,epa_rin/2026-09-27T200050Z,254b72a5f9a878ff80f00798e147e043e73931d20e3808a3b0c7eb1583ffba47,1.1
2017-05-29,2017-06-04,2017-05-29,2017-06-04,D6,2016,0.590000,17521576,2026-09-27T20:00:50Z,2026-09-27T20:00:50Z,https://www.epa.gov/fuels-registration-reporting-and-compliance-help/rin-trades-and-price-information,epa_rin/2026-09-27T200050Z,254b72a5f9a878ff80f00798e147e043e73931d20e3808a3b0c7eb1583ffba47,1.1
2017-05-29,2017-06-04,2017-05-29,2017-06-04,D6,2017,0.590000,326269890,2026-09-27T20:00:50Z,2026-09-27T20:00:50Z,https://www.epa.gov/fuels-registration-reporting-and-compliance-help/rin-trades-and-price-information,epa_rin/2026-09-27T200050Z,254b72a5f9a878ff80f00798e147e043e73931d20e3808a3b0c7eb1583ffba47,1.1
2017-06-05,2017-06-11,2017-06-05,2017-06-11,D6,2016,0.503073,19282159,2026-09-27T20:00:50Z,2026-09-27T20:00:50Z,https://www.epa.gov/fuels-registration-reporting-and-compliance-help/rin-trades-and-price-information,epa_rin/2026-09-27T200050Z,254b72a5f9a878ff80f00798e147e043e73931d20e3808a3b0c7eb1583ffba47,1.1
2017-06-05,2017-06-11,2017-06-05,2017-06-11,D6,2017,0.620000,424666474,2026-09-27T20:00:50Z,2026-09-27T20:00:50Z,https://www.epa.gov/fuels-registration-reporting-and-compliance-help/rin-trades-and-price-information,epa_rin/2026-09-27T200050Z,254b72a5f9a878ff80f00798e147e043e73931d20e3808a3b0c7eb1583ffba47,1.1
2017-06-12,2017-06-18,2017-06-12,2017-06-18,D6,2016,0.500000,53024607,2026-09-27T20:00:50Z,2026-09-27T20:00:50Z,https://www.epa.gov/fuels-registration-reporting-and-compliance-help/rin-trades-and-price-information,epa_rin/2026-09-27T200050Z,254b72a5f9a878ff80f00798e147e043e73931d20e3808a3b0c7eb1583ffba47,1.1
2017-06-12,2017-06-18,2017-06-12,2017-06-18,D6,2017,0.628832,405012925,2026-09-27T20:00:50Z,2026-09-27T20:00:50Z,https://www.epa.gov/fuels-registration-reporting-and-compliance-help/rin-trades-and-price-information,epa_rin/2026-09-27T200050Z,254b72a5f9a878ff80f00798e147e043e73931d20e3808a3b0c7eb1583ffba47,1.1
2017-06-19,2017-06-25,2017-06-19,2017-06-25,D6,2016,0.570000,8832551,2026-09-27T20:00:50Z,2026-09-27T20:00:50Z,https://www.epa.gov/fuels-registration-reporting-and-compliance-help/rin-trades-and-price-information,epa_rin/2026-09-27T200050Z,254b72a5f9a878ff80f00798e147e043e73931d20e3808a3b0c7eb1583ffba47,1.1
2017-06-19,2017-06-25,2017-06-19,2017-06-25,D6,2017,0.629821,537709141,2026-09-27T20:00:50Z,2026-09-27T20:00:50Z,https://www.epa.gov/fuels-registration-reporting-and-compliance-help/rin-trades-and-price-information,epa_rin/2026-09-27T200050Z,254b72a5f9a878ff80f00798e147e043e73931d20e3808a3b0c7eb1583ffba47,1.1
2017-06-26,2017-07-02,2017-06-26,2017-07-02,D6,2016,0.640000,10380758,2026-09-27T20:00:50Z,2026-09-27T20:00:50Z,https://www.epa.gov/fuels-registration-reporting-and-compliance-help/rin-trades-and-price-information,epa_rin/2026-09-27T200050Z,254b72a5f9a878ff80f00798e147e043e73931d20e3808a3b0c7eb1583ffba47,1.1
2017-06-26,2017-07-02,2017-06-26,2017-07-02,D6,2017,0.660058,575828856,2026-09-27T20:00:50Z,2026-09-27T20:00:50Z,https://www.epa.gov/fuels-registration-reporting-and-compliance-help/rin-trades-and-price-information,epa_rin/2026-09-27T200050Z,254b72a5f9a878ff80f00798e147e043e73931d20e3808a3b0c7eb1583ffba47,1.1
2017-07-03,2017-07-09,2017-07-03,2017-07-09,D6,2016,0.730000,3907887,2026-09-27T20:00:50Z,2026-09-27T20:00:50Z,https://www.epa.gov/fuels-registration-reporting-and-compliance-help/rin-trades-and-price-information,epa_rin/2026-09-27T200050Z,254b72a5f9a878ff80f00798e147e043e73931d20e3808a3b0c7eb1583ffba47,1.1
2017-07-03,2017-07-09,2017-07-03,2017-07-09,D6,2017,0.690000,267928722,2026-09-27T20:00:50Z,2026-09-27T20:00:50Z,https://www.epa.gov/fuels-registration-reporting-and-compliance-help/rin-trades-and-price-information,epa_rin/2026-09-27T200050Z,254b72a5f9a878ff80f00798e147e043e73931d20e3808a3b0c7eb1583ffba47,1.1
2017-07-10,2017-07-16,2017-07-10,2017-07-16,D6,2016,0.560184,18414213,2026-09-27T20:00:50Z,2026-09-27T20:00:50Z,https://www.epa.gov/fuels-registration-reporting-and-compliance-help/rin-trades-and-price-information,epa_rin/2026-09-27T200050Z,254b72a5f9a878ff80f00798e147e043e73931d20e3808a3b0c7eb1583ffba47,1.1
2017-07-10,2017-07-16,2017-07-10,2017-07-16,D6,2017,0.680032,327681894,2026-09-27T20:00:50Z,2026-09-27T20:00:50Z,https://www.epa.gov/fuels-registration-reporting-and-compliance-help/rin-trades-and-price-information,epa_rin/2026-09-27T200050Z,254b72a5f9a878ff80f00798e147e043e73931d20e3808a3b0c7eb1583ffba47,1.1
2017-07-17,2017-07-23,2017-07-17,2017-07-23,D6,2016,0.660000,21532232,2026-09-27T20:00:50Z,2026-09-27T20:00:50Z,https://www.epa.gov/fuels-registration-reporting-and-compliance-help/rin-trades-and-price-information,epa_rin/2026-09-27T200050Z,254b72a5f9a878ff80f00798e147e043e73931d20e3808a3b0c7eb1583ffba47,1.1
2017-07-17,2017-07-23,2017-07-17,2017-07-23,D6,2017,0.620712,440949296,2026-09-27T20:00:50Z,2026-09-27T20:00:50Z,https://www.epa.gov/fuels-registration-reporting-and-compliance-help/rin-trades-and-price-information,epa_rin/2026-09-27T200050Z,254b72a5f9a878ff80f00798e147e043e73931d20e3808a3b0c7eb1583ffba47,1.1
2017-07-24,2017-07-30,2017-07-24,2017-07-30,D6,2016,0.720000,39601674,2026-09-27T20:00:50Z,2026-09-27T20:00:50Z,https://www.epa.gov/fuels-registration-reporting-and-compliance-help/rin-trades-and-price-information,epa_rin/2026-09-27T200050Z,254b72a5f9a878ff80f00798e147e043e73931d20e3808a3b0c7eb1583ffba47,1.1
2017-07-24,2017-07-30,2017-07-24,2017-07-30,D6,2017,0.698689,289881622,2026-09-27T20:00:50Z,2026-09-27T20:00:50Z,https://www.epa.gov/fuels-registration-reporting-and-compliance-help/rin-trades-and-price-information,epa_rin/2026-09-27T200050Z,254b72a5f9a878ff80f00798e147e043e73931d20e3808a3b0c7eb1583ffba47,1.1
2017-07-31,2017-08-06,2017-07-31,2017-08-06,D6,2016,0.570000,10321895,2026-09-27T20:00:50Z,2026-09-27T20:00:50Z,https://www.epa.gov/fuels-registration-reporting-and-compliance-help/rin-trades-and-price-information,epa_rin/2026-09-27T200050Z,254b72a5f9a878ff80f00798e147e043e73931d20e3808a3b0c7eb1583ffba47,1.1
2017-07-31,2017-08-06,2017-07-31,2017-08-06,D6,2017,0.750402,273905180,2026-09-27T20:00:50Z,2026-09-27T20:00:50Z,https://www.epa.gov/fuels-registration-reporting-and-compliance-help/rin-trades-and-price-information,epa_rin/2026-09-27T200050Z,254b72a5f9a878ff80f00798e147e043e73931d20e3808a3b0c7eb1583ffba47,1.1
2017-08-07,2017-08-13,2017-08-07,2017-08-13,D6,2016,0.780000,2516818,2026-09-27T20:00:50Z,2026-09-27T20:00:50Z,https://www.epa.gov/fuels-registration-reporting-and-compliance-help/rin-trades-and-price-information,epa_rin/2026-09-27T200050Z,254b72a5f9a878ff80f00798e147e043e73931d20e3808a3b0c7eb1583ffba47,1.1
2017-08-07,2017-08-13,2017-08-07,2017-08-13,D6,2017,0.700117,325257927,2026-09-27T20:00:50Z,2026-09-27T20:00:50Z,https://www.epa.gov/fuels-registration-reporting-and-compliance-help/rin-trades-and-price-information,epa_rin/2026-09-27T200050Z,254b72a5f9a878ff80f00798e147e043e73931d20e3808a3b0c7eb1583ffba47,1.1
2017-08-14,2017-08-20,2017-08-14,2017-08-20,D6,2016,0.540000,10473406,2026-09-27T20:00:50Z,2026-09-27T20:00:50Z,https://www.epa.gov/fuels-registration-reporting-and-compliance-help/rin-trades-and-price-information,epa_rin/2026-09-27T200050Z,254b72a5f9a878ff80f00798e147e043e73931d20e3808a3b0c7eb1583ffba47,1.1
2017-08-14,2017-08-20,2017-08-14,2017-08-20,D6,2017,0.780140,437073670,2026-09-27T20:00:50Z,2026-09-27T20:00:50Z,https://www.epa.gov/fuels-registration-reporting-and-compliance-help/rin-trades-and-price-information,epa_rin/2026-09-27T200050Z,254b72a5f9a878ff80f00798e147e043e73931d20e3808a3b0c7eb1583ffba47,1.1
2017-08-21,2017-08-27,2017-08-21,2017-08-27,D6,2016,0.880000,4950000,2026-09-27T20:00:50Z,2026-09-27T20:00:50Z,https://www.epa.gov/fuels-registration-reporting-and-compliance-help/rin-trades-and-price-information,epa_rin/2026-09-27T200050Z,254b72a5f9a878ff80f00798e147e043e73931d20e3808a3b0c7eb1583ffba47,1.1
2017-08-21,2017-08-27,2017-08-21,2017-08-27,D6,2017,0.779934,469908731,2026-09-27T20:00:50Z,2026-09-27T20:00:50Z,https://www.epa.gov/fuels-registration-reporting-and-compliance-help/rin-trades-and-price-information,epa_rin/2026-09-27T200050Z,254b72a5f9a878ff80f00798e147e043e73931d20e3808a3b0c7eb1583ffba47,1.1
2017-08-28,2017-09-03,2017-08-28,2017-09-03,D6,2016,0.900000,183112,2026-09-27T20:00:50Z,2026-09-27T20:00:50Z,https://www.epa.gov/fuels-registration-reporting-and-compliance-help/rin-trades-and-price-information,epa_rin/2026-09-27T200050Z,254b72a5f9a878ff80f00798e147e043e73931d20e3808a3b0c7eb1583ffba47,1.1
2017-08-28,2017-09-03,2017-08-28,2017-09-03,D6,2017,0.781145,350586972,2026-09-27T20:00:50Z,2026-09-27T20:00:50Z,https://www.epa.gov/fuels-registration-reporting-and-compliance-help/rin-trades-and-price-information,epa_rin/2026-09-27T200050Z,254b72a5f9a878ff80f00798e147e043e73931d20e3808a3b0c7eb1583ffba47,1.1
2017-09-04,2017-09-10,2017-09-04,2017-09-10,D6,2016,0.900000,3223348,2026-09-27T20:00:50Z,2026-09-27T20:00:50Z,https://www.epa.gov/fuels-registration-reporting-and-compliance-help/rin-trades-and-price-information,epa_rin/2026-09-27T200050Z,254b72a5f9a878ff80f00798e147e043e73931d20e3808a3b0c7eb1583ffba47,1.1
2017-09-04,2017-09-10,2017-09-04,2017-09-10,D6,2017,0.770000,332943646,2026-09-27T20:00:50Z,2026-09-27T20:00:50Z,https://www.epa.gov/fuels-registration-reporting-and-compliance-help/rin-trades-and-price-information,epa_rin/2026-09-27T200050Z,254b72a5f9a878ff80f00798e147e043e73931d20e3808a3b0c7eb1583ffba47,1.1
2017-09-11,2017-09-17,2017-09-11,2017-09-17,D6,2016,0.880000,4134634,2026-09-27T20:00:50Z,2026-09-27T20:00:50Z,https://www.epa.gov/fuels-registration-reporting-and-compliance-help/rin-trades-and-price-information,epa_rin/2026-09-27T200050Z,254b72a5f9a878ff80f00798e147e043e73931d20e3808a3b0c7eb1583ffba47,1.1
2017-09-11,2017-09-17,2017-09-11,2017-09-17,D6,2017,0.790000,440316499,2026-09-27T20:00:50Z,2026-09-27T20:00:50Z,https://www.epa.gov/fuels-registration-reporting-and-compliance-help/rin-trades-and-price-information,epa_rin/2026-09-27T200050Z,254b72a5f9a878ff80f00798e147e043e73931d20e3808a3b0c7eb1583ffba47,1.1
2017-09-18,2017-09-24,2017-09-18,2017-09-24,D6,2016,0.770000,5722038,2026-09-27T20:00:50Z,2026-09-27T20:00:50Z,https://www.epa.gov/fuels-registration-reporting-and-compliance-help/rin-trades-and-price-information,epa_rin/2026-09-27T200050Z,254b72a5f9a878ff80f00798e147e043e73931d20e3808a3b0c7eb1583ffba47,1.1
2017-09-18,2017-09-24,2017-09-18,2017-09-24,D6,2017,0.780000,469084950,2026-09-27T20:00:50Z,2026-09-27T20:00:50Z,https://www.epa.gov/fuels-registration-reporting-and-compliance-help/rin-trades-and-price-information,epa_rin/2026-09-27T200050Z,254b72a5f9a878ff80f00798e147e043e73931d20e3808a3b0c7eb1583ffba47,1.1
2017-09-25,2017-10-01,2017-09-25,2017-10-01,D6,2016,0.800000,2342771,2026-09-27T20:00:50Z,2026-09-27T20:00:50Z,https://www.epa.gov/fuels-registration-reporting-and-compliance-help/rin-trades-and-price-information,epa_rin/2026-09-27T200050Z,254b72a5f9a878ff80f00798e147e043e73931d20e3808a3b0c7eb1583ffba47,1.1
2017-09-25,2017-10-01,2017-09-25,2017-10-01,D6,2017,0.770014,448677885,2026-09-27T20:00:50Z,2026-09-27T20:00:50Z,https://www.epa.gov/fuels-registration-reporting-and-compliance-help/rin-trades-and-price-information,epa_rin/2026-09-27T200050Z,254b72a5f9a878ff80f00798e147e043e73931d20e3808a3b0c7eb1583ffba47,1.1
2017-10-02,2017-10-08,2017-10-02,2017-10-08,D6,2016,0.800000,2523281,2026-09-27T20:00:50Z,2026-09-27T20:00:50Z,https://www.epa.gov/fuels-registration-reporting-and-compliance-help/rin-trades-and-price-information,epa_rin/2026-09-27T200050Z,254b72a5f9a878ff80f00798e147e043e73931d20e3808a3b0c7eb1583ffba47,1.1
2017-10-02,2017-10-08,2017-10-02,2017-10-08,D6,2017,0.770000,314054183,2026-09-27T20:00:50Z,2026-09-27T20:00:50Z,https://www.epa.gov/fuels-registration-reporting-and-compliance-help/rin-trades-and-price-information,epa_rin/2026-09-27T200050Z,254b72a5f9a878ff80f00798e147e043e73931d20e3808a3b0c7eb1583ffba47,1.1
2017-10-09,2017-10-15,2017-10-09,2017-10-15,D6,2016,0.630000,201601,2026-09-27T20:00:50Z,2026-09-27T20:00:50Z,https://www.epa.gov/fuels-registration-reporting-and-compliance-help/rin-trades-and-price-information,epa_rin/2026-09-27T200050Z,254b72a5f9a878ff80f00798e147e043e73931d20e3808a3b0c7eb1583ffba47,1.1
2017-10-09,2017-10-15,2017-10-09,2017-10-15,D6,2017,0.830000,388557057,2026-09-27T20:00:50Z,2026-09-27T20:00:50Z,https://www.epa.gov/fuels-registration-reporting-and-compliance-help/rin-trades-and-price-information,epa_rin/2026-09-27T200050Z,254b72a5f9a878ff80f00798e147e043e73931d20e3808a3b0c7eb1583ffba47,1.1
2017-10-16,2017-10-22,2017-10-16,2017-10-22,D6,2016,0.740000,1269053,2026-09-27T20:00:50Z,2026-09-27T20:00:50Z,https://www.epa.gov/fuels-registration-reporting-and-compliance-help/rin-trades-and-price-information,epa_rin/2026-09-27T200050Z,254b72a5f9a878ff80f00798e147e043e73931d20e3808a3b0c7eb1583ffba47,1.1
2017-10-16,2017-10-22,2017-10-16,2017-10-22,D6,2017,0.770182,577161365,2026-09-27T20:00:50Z,2026-09-27T20:00:50Z,https://www.epa.gov/fuels-registration-reporting-and-compliance-help/rin-trades-and-price-information,epa_rin/2026-09-27T200050Z,254b72a5f9a878ff80f00798e147e043e73931d20e3808a3b0c7eb1583ffba47,1.1
2017-10-23,2017-10-29,2017-10-23,2017-10-29,D6,2016,0.850000,7009140,2026-09-27T20:00:50Z,2026-09-27T20:00:50Z,https://www.epa.gov/fuels-registration-reporting-and-compliance-help/rin-trades-and-price-information,epa_rin/2026-09-27T200050Z,254b72a5f9a878ff80f00798e147e043e73931d20e3808a3b0c7eb1583ffba47,1.1
2017-10-23,2017-10-29,2017-10-23,2017-10-29,D6,2017,0.790000,425992586,2026-09-27T20:00:50Z,2026-09-27T20:00:50Z,https://www.epa.gov/fuels-registration-reporting-and-compliance-help/rin-trades-and-price-information,epa_rin/2026-09-27T200050Z,254b72a5f9a878ff80f00798e147e043e73931d20e3808a3b0c7eb1583ffba47,1.1
2017-10-30,2017-11-05,2017-10-30,2017-11-05,D6,2016,0.640000,8766367,2026-09-27T20:00:50Z,2026-09-27T20:00:50Z,https://www.epa.gov/fuels-registration-reporting-and-compliance-help/rin-trades-and-price-information,epa_rin/2026-09-27T200050Z,254b72a5f9a878ff80f00798e147e043e73931d20e3808a3b0c7eb1583ffba47,1.1
2017-10-30,2017-11-05,2017-10-30,2017-11-05,D6,2017,0.830000,309718183,2026-09-27T20:00:50Z,2026-09-27T20:00:50Z,https://www.epa.gov/fuels-registration-reporting-and-compliance-help/rin-trades-and-price-information,epa_rin/2026-09-27T200050Z,254b72a5f9a878ff80f00798e147e043e73931d20e3808a3b0c7eb1583ffba47,1.1
2017-11-06,2017-11-12,2017-11-06,2017-11-12,D6,2016,0.950000,2750063,2026-09-27T20:00:50Z,2026-09-27T20:00:50Z,https://www.epa.gov/fuels-registration-reporting-and-compliance-help/rin-trades-and-price-information,epa_rin/2026-09-27T200050Z,254b72a5f9a878ff80f00798e147e043e73931d20e3808a3b0c7eb1583ffba47,1.1
2017-11-06,2017-11-12,2017-11-06,2017-11-12,D6,2017,0.870000,305970054,2026-09-27T20:00:50Z,2026-09-27T20:00:50Z,https://www.epa.gov/fuels-registration-reporting-and-compliance-help/rin-trades-and-price-information,epa_rin/2026-09-27T200050Z,254b72a5f9a878ff80f00798e147e043e73931d20e3808a3b0c7eb1583ffba47,1.1
2017-11-13,2017-11-19,2017-11-13,2017-11-19,D6,2016,0.940000,18932734,2026-09-27T20:00:50Z,2026-09-27T20:00:50Z,https://www.epa.gov/fuels-registration-reporting-and-compliance-help/rin-trades-and-price-information,epa_rin/2026-09-27T200050Z,254b72a5f9a878ff80f00798e147e043e73931d20e3808a3b0c7eb1583ffba47,1.1
2017-11-13,2017-11-19,2017-11-13,2017-11-19,D6,2017,0.870012,553130534,2026-09-27T20:00:50Z,2026-09-27T20:00:50Z,https://www.epa.gov/fuels-registration-reporting-and-compliance-help/rin-trades-and-price-information,epa_rin/2026-09-27T200050Z,254b72a5f9a878ff80f00798e147e043e73931d20e3808a3b0c7eb1583ffba47,1.1
2017-11-20,2017-11-26,2017-11-20,2017-11-26,D6,2016,0.930000,900000,2026-09-27T20:00:50Z,2026-09-27T20:00:50Z,https://www.epa.gov/fuels-registration-reporting-and-compliance-help/rin-trades-and-price-information,epa_rin/2026-09-27T200050Z,254b72a5f9a878ff80f00798e147e043e73931d20e3808a3b0c7eb1583ffba47,1.1
2017-11-20,2017-11-26,2017-11-20,2017-11-26,D6,2017,0.862198,250687478,2026-09-27T20:00:50Z,2026-09-27T20:00:50Z,https://www.epa.gov/fuels-registration-reporting-and-compliance-help/rin-trades-and-price-information,epa_rin/2026-09-27T200050Z,254b72a5f9a878ff80f00798e147e043e73931d20e3808a3b0c7eb1583ffba47,1.1
2017-11-27,2017-12-03,2017-11-27,2017-12-03,D6,2016,0.950000,50351918,2026-09-27T20:00:50Z,2026-09-27T20:00:50Z,https://www.epa.gov/fuels-registration-reporting-and-compliance-help/rin-trades-and-price-information,epa_rin/2026-09-27T200050Z,254b72a5f9a878ff80f00798e147e043e73931d20e3808a3b0c7eb1583ffba47,1.1
2017-11-27,2017-12-03,2017-11-27,2017-12-03,D6,2017,0.810000,507325049,2026-09-27T20:00:50Z,2026-09-27T20:00:50Z,https://www.epa.gov/fuels-registration-reporting-and-compliance-help/rin-trades-and-price-information,epa_rin/2026-09-27T200050Z,254b72a5f9a878ff80f00798e147e043e73931d20e3808a3b0c7eb1583ffba47,1.1
2017-12-04,2017-12-10,2017-12-04,2017-12-10,D6,2016,0.878724,28921308,2026-09-27T20:00:50Z,2026-09-27T20:00:50Z,https://www.epa.gov/fuels-registration-reporting-and-compliance-help/rin-trades-and-price-information,epa_rin/2026-09-27T200050Z,254b72a5f9a878ff80f00798e147e043e73931d20e3808a3b0c7eb1583ffba47,1.1
2017-12-04,2017-12-10,2017-12-04,2017-12-10,D6,2017,0.811171,563380199,2026-09-27T20:00:50Z,2026-09-27T20:00:50Z,https://www.epa.gov/fuels-registration-reporting-and-compliance-help/rin-trades-and-price-information,epa_rin/2026-09-27T200050Z,254b72a5f9a878ff80f00798e147e043e73931d20e3808a3b0c7eb1583ffba47,1.1
2017-12-11,2017-12-17,2017-12-11,2017-12-17,D6,2016,0.880000,46878902,2026-09-27T20:00:50Z,2026-09-27T20:00:50Z,https://www.epa.gov/fuels-registration-reporting-and-compliance-help/rin-trades-and-price-information,epa_rin/2026-09-27T200050Z,254b72a5f9a878ff80f00798e147e043e73931d20e3808a3b0c7eb1583ffba47,1.1
2017-12-11,2017-12-17,2017-12-11,2017-12-17,D6,2017,0.820626,907002138,2026-09-27T20:00:50Z,2026-09-27T20:00:50Z,https://www.epa.gov/fuels-registration-reporting-and-compliance-help/rin-trades-and-price-information,epa_rin/2026-09-27T200050Z,254b72a5f9a878ff80f00798e147e043e73931d20e3808a3b0c7eb1583ffba47,1.1
2017-12-18,2017-12-24,2017-12-18,2017-12-24,D6,2016,0.840025,46167301,2026-09-27T20:00:50Z,2026-09-27T20:00:50Z,https://www.epa.gov/fuels-registration-reporting-and-compliance-help/rin-trades-and-price-information,epa_rin/2026-09-27T200050Z,254b72a5f9a878ff80f00798e147e043e73931d20e3808a3b0c7eb1583ffba47,1.1
2017-12-18,2017-12-24,2017-12-18,2017-12-24,D6,2017,0.749962,585590535,2026-09-27T20:00:50Z,2026-09-27T20:00:50Z,https://www.epa.gov/fuels-registration-reporting-and-compliance-help/rin-trades-and-price-information,epa_rin/2026-09-27T200050Z,254b72a5f9a878ff80f00798e147e043e73931d20e3808a3b0c7eb1583ffba47,1.1
2017-12-25,2017-12-31,2017-12-25,2017-12-31,D6,2016,0.764487,18030338,2026-09-27T20:00:50Z,2026-09-27T20:00:50Z,https://www.epa.gov/fuels-registration-reporting-and-compliance-help/rin-trades-and-price-information,epa_rin/2026-09-27T200050Z,254b72a5f9a878ff80f00798e147e043e73931d20e3808a3b0c7eb1583ffba47,1.1
2017-12-25,2017-12-31,2017-12-25,2017-12-31,D6,2017,0.790515,653354644,2026-09-27T20:00:50Z,2026-09-27T20:00:50Z,https://www.epa.gov/fuels-registration-reporting-and-compliance-help/rin-trades-and-price-information,epa_rin/2026-09-27T200050Z,254b72a5f9a878ff80f00798e147e043e73931d20e3808a3b0c7eb1583ffba47,1.1
2018-01-01,2018-01-07,2018-01-01,2018-01-07,D6,2016,0.700000,1883176,2026-09-27T20:00:50Z,2026-09-27T20:00:50Z,https://www.epa.gov/fuels-registration-reporting-and-compliance-help/rin-trades-and-price-information,epa_rin/2026-09-27T200050Z,254b72a5f9a878ff80f00798e147e043e73931d20e3808a3b0c7eb1583ffba47,1.1
2018-01-01,2018-01-07,2018-01-01,2018-01-07,D6,2017,0.750000,240916832,2026-09-27T20:00:50Z,2026-09-27T20:00:50Z,https://www.epa.gov/fuels-registration-reporting-and-compliance-help/rin-trades-and-price-information,epa_rin/2026-09-27T200050Z,254b72a5f9a878ff80f00798e147e043e73931d20e3808a3b0c7eb1583ffba47,1.1
2018-01-01,2018-01-07,2018-01-01,2018-01-07,D6,2018,0.010000,16569478,2026-09-27T20:00:50Z,2026-09-27T20:00:50Z,https://www.epa.gov/fuels-registration-reporting-and-compliance-help/rin-trades-and-price-information,epa_rin/2026-09-27T200050Z,254b72a5f9a878ff80f00798e147e043e73931d20e3808a3b0c7eb1583ffba47,1.1
2018-01-08,2018-01-14,2018-01-08,2018-01-14,D6,2016,0.620739,23343155,2026-09-27T20:00:50Z,2026-09-27T20:00:50Z,https://www.epa.gov/fuels-registration-reporting-and-compliance-help/rin-trades-and-price-information,epa_rin/2026-09-27T200050Z,254b72a5f9a878ff80f00798e147e043e73931d20e3808a3b0c7eb1583ffba47,1.1
2018-01-08,2018-01-14,2018-01-08,2018-01-14,D6,2017,0.750000,232788146,2026-09-27T20:00:50Z,2026-09-27T20:00:50Z,https://www.epa.gov/fuels-registration-reporting-and-compliance-help/rin-trades-and-price-information,epa_rin/2026-09-27T200050Z,254b72a5f9a878ff80f00798e147e043e73931d20e3808a3b0c7eb1583ffba47,1.1
2018-01-08,2018-01-14,2018-01-08,2018-01-14,D6,2018,1.520000,55007933,2026-09-27T20:00:50Z,2026-09-27T20:00:50Z,https://www.epa.gov/fuels-registration-reporting-and-compliance-help/rin-trades-and-price-information,epa_rin/2026-09-27T200050Z,254b72a5f9a878ff80f00798e147e043e73931d20e3808a3b0c7eb1583ffba47,1.1
2018-01-15,2018-01-21,2018-01-15,2018-01-21,D6,2016,0.662314,6034479,2026-09-27T20:00:50Z,2026-09-27T20:00:50Z,https://www.epa.gov/fuels-registration-reporting-and-compliance-help/rin-trades-and-price-information,epa_rin/2026-09-27T200050Z,254b72a5f9a878ff80f00798e147e043e73931d20e3808a3b0c7eb1583ffba47,1.1
2018-01-15,2018-01-21,2018-01-15,2018-01-21,D6,2017,0.740116,395148802,2026-09-27T20:00:50Z,2026-09-27T20:00:50Z,https://www.epa.gov/fuels-registration-reporting-and-compliance-help/rin-trades-and-price-information,epa_rin/2026-09-27T200050Z,254b72a5f9a878ff80f00798e147e043e73931d20e3808a3b0c7eb1583ffba47,1.1
2018-01-15,2018-01-21,2018-01-15,2018-01-21,D6,2018,0.700000,67380816,2026-09-27T20:00:50Z,2026-09-27T20:00:50Z,https://www.epa.gov/fuels-registration-reporting-and-compliance-help/rin-trades-and-price-information,epa_rin/2026-09-27T200050Z,254b72a5f9a878ff80f00798e147e043e73931d20e3808a3b0c7eb1583ffba47,1.1
2018-01-22,2018-01-28,2018-01-22,2018-01-28,D6,2016,0.649997,30438342,2026-09-27T20:00:50Z,2026-09-27T20:00:50Z,https://www.epa.gov/fuels-registration-reporting-and-compliance-help/rin-trades-and-price-information,epa_rin/2026-09-27T200050Z,254b72a5f9a878ff80f00798e147e043e73931d20e3808a3b0c7eb1583ffba47,1.1
2018-01-22,2018-01-28,2018-01-22,2018-01-28,D6,2017,0.730066,276668945,2026-09-27T20:00:50Z,2026-09-27T20:00:50Z,https://www.epa.gov/fuels-registration-reporting-and-compliance-help/rin-trades-and-price-information,epa_rin/2026-09-27T200050Z,254b72a5f9a878ff80f00798e147e043e73931d20e3808a3b0c7eb1583ffba47,1.1
2018-01-22,2018-01-28,2018-01-22,2018-01-28,D6,2018,0.710000,68404384,2026-09-27T20:00:50Z,2026-09-27T20:00:50Z,https://www.epa.gov/fuels-registration-reporting-and-compliance-help/rin-trades-and-price-information,epa_rin/2026-09-27T200050Z,254b72a5f9a878ff80f00798e147e043e73931d20e3808a3b0c7eb1583ffba47,1.1
2018-01-29,2018-02-04,2018-01-29,2018-02-04,D6,2016,0.689980,17963469,2026-09-27T20:00:50Z,2026-09-27T20:00:50Z,https://www.epa.gov/fuels-registration-reporting-and-compliance-help/rin-trades-and-price-information,epa_rin/2026-09-27T200050Z,254b72a5f9a878ff80f00798e147e043e73931d20e3808a3b0c7eb1583ffba47,1.1
2018-01-29,2018-02-04,2018-01-29,2018-02-04,D6,2017,0.750617,373623268,2026-09-27T20:00:50Z,2026-09-27T20:00:50Z,https://www.epa.gov/fuels-registration-reporting-and-compliance-help/rin-trades-and-price-information,epa_rin/2026-09-27T200050Z,254b72a5f9a878ff80f00798e147e043e73931d20e3808a3b0c7eb1583ffba47,1.1
2018-01-29,2018-02-04,2018-01-29,2018-02-04,D6,2018,0.680000,91976437,2026-09-27T20:00:50Z,2026-09-27T20:00:50Z,https://www.epa.gov/fuels-registration-reporting-and-compliance-help/rin-trades-and-price-information,epa_rin/2026-09-27T200050Z,254b72a5f9a878ff80f00798e147e043e73931d20e3808a3b0c7eb1583ffba47,1.1
2018-02-05,2018-02-11,2018-02-05,2018-02-11,D6,2016,0.620000,28042461,2026-09-27T20:00:50Z,2026-09-27T20:00:50Z,https://www.epa.gov/fuels-registration-reporting-and-compliance-help/rin-trades-and-price-information,epa_rin/2026-09-27T200050Z,254b72a5f9a878ff80f00798e147e043e73931d20e3808a3b0c7eb1583ffba47,1.1
2018-02-05,2018-02-11,2018-02-05,2018-02-11,D6,2017,0.675391,154505004,2026-09-27T20:00:50Z,2026-09-27T20:00:50Z,https://www.epa.gov/fuels-registration-reporting-and-compliance-help/rin-trades-and-price-information,epa_rin/2026-09-27T200050Z,254b72a5f9a878ff80f00798e147e043e73931d20e3808a3b0c7eb1583ffba47,1.1
2018-02-05,2018-02-11,2018-02-05,2018-02-11,D6,2018,0.700000,135501142,2026-09-27T20:00:50Z,2026-09-27T20:00:50Z,https://www.epa.gov/fuels-registration-reporting-and-compliance-help/rin-trades-and-price-information,epa_rin/2026-09-27T200050Z,254b72a5f9a878ff80f00798e147e043e73931d20e3808a3b0c7eb1583ffba47,1.1
2018-02-12,2018-02-18,2018-02-12,2018-02-18,D6,2016,0.620000,38288196,2026-09-27T20:00:50Z,2026-09-27T20:00:50Z,https://www.epa.gov/fuels-registration-reporting-and-compliance-help/rin-trades-and-price-information,epa_rin/2026-09-27T200050Z,254b72a5f9a878ff80f00798e147e043e73931d20e3808a3b0c7eb1583ffba47,1.1
2018-02-12,2018-02-18,2018-02-12,2018-02-18,D6,2017,0.710000,133881939,2026-09-27T20:00:50Z,2026-09-27T20:00:50Z,https://www.epa.gov/fuels-registration-reporting-and-compliance-help/rin-trades-and-price-information,epa_rin/2026-09-27T200050Z,254b72a5f9a878ff80f00798e147e043e73931d20e3808a3b0c7eb1583ffba47,1.1
2018-02-12,2018-02-18,2018-02-12,2018-02-18,D6,2018,0.690000,199166057,2026-09-27T20:00:50Z,2026-09-27T20:00:50Z,https://www.epa.gov/fuels-registration-reporting-and-compliance-help/rin-trades-and-price-information,epa_rin/2026-09-27T200050Z,254b72a5f9a878ff80f00798e147e043e73931d20e3808a3b0c7eb1583ffba47,1.1
2018-02-19,2018-02-25,2018-02-19,2018-02-25,D6,2016,0.649991,25030450,2026-09-27T20:00:50Z,2026-09-27T20:00:50Z,https://www.epa.gov/fuels-registration-reporting-and-compliance-help/rin-trades-and-price-information,epa_rin/2026-09-27T200050Z,254b72a5f9a878ff80f00798e147e043e73931d20e3808a3b0c7eb1583ffba47,1.1
2018-02-19,2018-02-25,2018-02-19,2018-02-25,D6,2017,0.689962,140779886,2026-09-27T20:00:50Z,2026-09-27T20:00:50Z,https://www.epa.gov/fuels-registration-reporting-and-compliance-help/rin-trades-and-price-information,epa_rin/2026-09-27T200050Z,254b72a5f9a878ff80f00798e147e043e73931d20e3808a3b0c7eb1583ffba47,1.1
2018-02-19,2018-02-25,2018-02-19,2018-02-25,D6,2018,0.680000,186565967,2026-09-27T20:00:50Z,2026-09-27T20:00:50Z,https://www.epa.gov/fuels-registration-reporting-and-compliance-help/rin-trades-and-price-information,epa_rin/2026-09-27T200050Z,254b72a5f9a878ff80f00798e147e043e73931d20e3808a3b0c7eb1583ffba47,1.1
2018-02-26,2018-03-04,2018-02-26,2018-03-04,D6,2016,0.620000,8673438,2026-09-27T20:00:50Z,2026-09-27T20:00:50Z,https://www.epa.gov/fuels-registration-reporting-and-compliance-help/rin-trades-and-price-information,epa_rin/2026-09-27T200050Z,254b72a5f9a878ff80f00798e147e043e73931d20e3808a3b0c7eb1583ffba47,1.1
2018-02-26,2018-03-04,2018-02-26,2018-03-04,D6,2017,0.709121,125147481,2026-09-27T20:00:50Z,2026-09-27T20:00:50Z,https://www.epa.gov/fuels-registration-reporting-and-compliance-help/rin-trades-and-price-information,epa_rin/2026-09-27T200050Z,254b72a5f9a878ff80f00798e147e043e73931d20e3808a3b0c7eb1583ffba47,1.1
2018-02-26,2018-03-04,2018-02-26,2018-03-04,D6,2018,0.670000,220384438,2026-09-27T20:00:50Z,2026-09-27T20:00:50Z,https://www.epa.gov/fuels-registration-reporting-and-compliance-help/rin-trades-and-price-information,epa_rin/2026-09-27T200050Z,254b72a5f9a878ff80f00798e147e043e73931d20e3808a3b0c7eb1583ffba47,1.1
2018-03-05,2018-03-11,2018-03-05,2018-03-11,D6,2016,0.610000,1271192,2026-09-27T20:00:50Z,2026-09-27T20:00:50Z,https://www.epa.gov/fuels-registration-reporting-and-compliance-help/rin-trades-and-price-information,epa_rin/2026-09-27T200050Z,254b72a5f9a878ff80f00798e147e043e73931d20e3808a3b0c7eb1583ffba47,1.1
2018-03-05,2018-03-11,2018-03-05,2018-03-11,D6,2017,0.660014,114174661,2026-09-27T20:00:50Z,2026-09-27T20:00:50Z,https://www.epa.gov/fuels-registration-reporting-and-compliance-help/rin-trades-and-price-information,epa_rin/2026-09-27T200050Z,254b72a5f9a878ff80f00798e147e043e73931d20e3808a3b0c7eb1583ffba47,1.1
2018-03-05,2018-03-11,2018-03-05,2018-03-11,D6,2018,0.730000,232460852,2026-09-27T20:00:50Z,2026-09-27T20:00:50Z,https://www.epa.gov/fuels-registration-reporting-and-compliance-help/rin-trades-and-price-information,epa_rin/2026-09-27T200050Z,254b72a5f9a878ff80f00798e147e043e73931d20e3808a3b0c7eb1583ffba47,1.1
2018-03-12,2018-03-18,2018-03-12,2018-03-18,D6,2016,0.390000,17812925,2026-09-27T20:00:50Z,2026-09-27T20:00:50Z,https://www.epa.gov/fuels-registration-reporting-and-compliance-help/rin-trades-and-price-information,epa_rin/2026-09-27T200050Z,254b72a5f9a878ff80f00798e147e043e73931d20e3808a3b0c7eb1583ffba47,1.1
2018-03-12,2018-03-18,2018-03-12,2018-03-18,D6,2017,0.608785,116714049,2026-09-27T20:00:50Z,2026-09-27T20:00:50Z,https://www.epa.gov/fuels-registration-reporting-and-compliance-help/rin-trades-and-price-information,epa_rin/2026-09-27T200050Z,254b72a5f9a878ff80f00798e147e043e73931d20e3808a3b0c7eb1583ffba47,1.1
2018-03-12,2018-03-18,2018-03-12,2018-03-18,D6,2018,0.640000,314415614,2026-09-27T20:00:50Z,2026-09-27T20:00:50Z,https://www.epa.gov/fuels-registration-reporting-and-compliance-help/rin-trades-and-price-information,epa_rin/2026-09-27T200050Z,254b72a5f9a878ff80f00798e147e043e73931d20e3808a3b0c7eb1583ffba47,1.1
2018-03-19,2018-03-25,2018-03-19,2018-03-25,D6,2016,0.360000,107907762,2026-09-27T20:00:50Z,2026-09-27T20:00:50Z,https://www.epa.gov/fuels-registration-reporting-and-compliance-help/rin-trades-and-price-information,epa_rin/2026-09-27T200050Z,254b72a5f9a878ff80f00798e147e043e73931d20e3808a3b0c7eb1583ffba47,1.1
2018-03-19,2018-03-25,2018-03-19,2018-03-25,D6,2017,0.560589,113180272,2026-09-27T20:00:50Z,2026-09-27T20:00:50Z,https://www.epa.gov/fuels-registration-reporting-and-compliance-help/rin-trades-and-price-information,epa_rin/2026-09-27T200050Z,254b72a5f9a878ff80f00798e147e043e73931d20e3808a3b0c7eb1583ffba47,1.1
2018-03-19,2018-03-25,2018-03-19,2018-03-25,D6,2018,0.670000,307299148,2026-09-27T20:00:50Z,2026-09-27T20:00:50Z,https://www.epa.gov/fuels-registration-reporting-and-compliance-help/rin-trades-and-price-information,epa_rin/2026-09-27T200050Z,254b72a5f9a878ff80f00798e147e043e73931d20e3808a3b0c7eb1583ffba47,1.1
2018-03-26,2018-04-01,2018-03-26,2018-04-01,D6,2016,0.300000,178377162,2026-09-27T20:00:50Z,2026-09-27T20:00:50Z,https://www.epa.gov/fuels-registration-reporting-and-compliance-help/rin-trades-and-price-information,epa_rin/2026-09-27T200050Z,254b72a5f9a878ff80f00798e147e043e73931d20e3808a3b0c7eb1583ffba47,1.1
2018-03-26,2018-04-01,2018-03-26,2018-04-01,D6,2017,0.590253,706807225,2026-09-27T20:00:50Z,2026-09-27T20:00:50Z,https://www.epa.gov/fuels-registration-reporting-and-compliance-help/rin-trades-and-price-information,epa_rin/2026-09-27T200050Z,254b72a5f9a878ff80f00798e147e043e73931d20e3808a3b0c7eb1583ffba47,1.1
2018-03-26,2018-04-01,2018-03-26,2018-04-01,D6,2018,0.610000,410959638,2026-09-27T20:00:50Z,2026-09-27T20:00:50Z,https://www.epa.gov/fuels-registration-reporting-and-compliance-help/rin-trades-and-price-information,epa_rin/2026-09-27T200050Z,254b72a5f9a878ff80f00798e147e043e73931d20e3808a3b0c7eb1583ffba47,1.1
2018-04-02,2018-04-08,2018-04-02,2018-04-08,D6,2017,0.441632,18711616,2026-09-27T20:00:50Z,2026-09-27T20:00:50Z,https://www.epa.gov/fuels-registration-reporting-and-compliance-help/rin-trades-and-price-information,epa_rin/2026-09-27T200050Z,254b72a5f9a878ff80f00798e147e043e73931d20e3808a3b0c7eb1583ffba47,1.1
2018-04-02,2018-04-08,2018-04-02,2018-04-08,D6,2018,0.590000,223067914,2026-09-27T20:00:50Z,2026-09-27T20:00:50Z,https://www.epa.gov/fuels-registration-reporting-and-compliance-help/rin-trades-and-price-information,epa_rin/2026-09-27T200050Z,254b72a5f9a878ff80f00798e147e043e73931d20e3808a3b0c7eb1583ffba47,1.1
2018-04-09,2018-04-15,2018-04-09,2018-04-15,D6,2017,0.379397,62487787,2026-09-27T20:00:50Z,2026-09-27T20:00:50Z,https://www.epa.gov/fuels-registration-reporting-and-compliance-help/rin-trades-and-price-information,epa_rin/2026-09-27T200050Z,254b72a5f9a878ff80f00798e147e043e73931d20e3808a3b0c7eb1583ffba47,1.1
2018-04-09,2018-04-15,2018-04-09,2018-04-15,D6,2018,0.549752,221463699,2026-09-27T20:00:50Z,2026-09-27T20:00:50Z,https://www.epa.gov/fuels-registration-reporting-and-compliance-help/rin-trades-and-price-information,epa_rin/2026-09-27T200050Z,254b72a5f9a878ff80f00798e147e043e73931d20e3808a3b0c7eb1583ffba47,1.1
2018-04-16,2018-04-22,2018-04-16,2018-04-22,D6,2017,0.342115,47873793,2026-09-27T20:00:50Z,2026-09-27T20:00:50Z,https://www.epa.gov/fuels-registration-reporting-and-compliance-help/rin-trades-and-price-information,epa_rin/2026-09-27T200050Z,254b72a5f9a878ff80f00798e147e043e73931d20e3808a3b0c7eb1583ffba47,1.1
2018-04-16,2018-04-22,2018-04-16,2018-04-22,D6,2018,0.559976,289611866,2026-09-27T20:00:50Z,2026-09-27T20:00:50Z,https://www.epa.gov/fuels-registration-reporting-and-compliance-help/rin-trades-and-price-information,epa_rin/2026-09-27T200050Z,254b72a5f9a878ff80f00798e147e043e73931d20e3808a3b0c7eb1583ffba47,1.1
2018-04-23,2018-04-29,2018-04-23,2018-04-29,D6,2017,0.340000,99097785,2026-09-27T20:00:50Z,2026-09-27T20:00:50Z,https://www.epa.gov/fuels-registration-reporting-and-compliance-help/rin-trades-and-price-information,epa_rin/2026-09-27T200050Z,254b72a5f9a878ff80f00798e147e043e73931d20e3808a3b0c7eb1583ffba47,1.1
2018-04-23,2018-04-29,2018-04-23,2018-04-29,D6,2018,0.510000,315942138,2026-09-27T20:00:50Z,2026-09-27T20:00:50Z,https://www.epa.gov/fuels-registration-reporting-and-compliance-help/rin-trades-and-price-information,epa_rin/2026-09-27T200050Z,254b72a5f9a878ff80f00798e147e043e73931d20e3808a3b0c7eb1583ffba47,1.1
2018-04-30,2018-05-06,2018-04-30,2018-05-06,D6,2017,0.310000,44836862,2026-09-27T20:00:50Z,2026-09-27T20:00:50Z,https://www.epa.gov/fuels-registration-reporting-and-compliance-help/rin-trades-and-price-information,epa_rin/2026-09-27T200050Z,254b72a5f9a878ff80f00798e147e043e73931d20e3808a3b0c7eb1583ffba47,1.1
2018-04-30,2018-05-06,2018-04-30,2018-05-06,D6,2018,0.459987,288073556,2026-09-27T20:00:50Z,2026-09-27T20:00:50Z,https://www.epa.gov/fuels-registration-reporting-and-compliance-help/rin-trades-and-price-information,epa_rin/2026-09-27T200050Z,254b72a5f9a878ff80f00798e147e043e73931d20e3808a3b0c7eb1583ffba47,1.1
2018-05-07,2018-05-13,2018-05-07,2018-05-13,D6,2017,0.300000,95988462,2026-09-27T20:00:50Z,2026-09-27T20:00:50Z,https://www.epa.gov/fuels-registration-reporting-and-compliance-help/rin-trades-and-price-information,epa_rin/2026-09-27T200050Z,254b72a5f9a878ff80f00798e147e043e73931d20e3808a3b0c7eb1583ffba47,1.1
2018-05-07,2018-05-13,2018-05-07,2018-05-13,D6,2018,0.499967,210427534,2026-09-27T20:00:50Z,2026-09-27T20:00:50Z,https://www.epa.gov/fuels-registration-reporting-and-compliance-help/rin-trades-and-price-information,epa_rin/2026-09-27T200050Z,254b72a5f9a878ff80f00798e147e043e73931d20e3808a3b0c7eb1583ffba47,1.1
2018-05-14,2018-05-20,2018-05-14,2018-05-20,D6,2017,0.370000,23803206,2026-09-27T20:00:50Z,2026-09-27T20:00:50Z,https://www.epa.gov/fuels-registration-reporting-and-compliance-help/rin-trades-and-price-information,epa_rin/2026-09-27T200050Z,254b72a5f9a878ff80f00798e147e043e73931d20e3808a3b0c7eb1583ffba47,1.1
2018-05-14,2018-05-20,2018-05-14,2018-05-20,D6,2018,0.459983,332933686,2026-09-27T20:00:50Z,2026-09-27T20:00:50Z,https://www.epa.gov/fuels-registration-reporting-and-compliance-help/rin-trades-and-price-information,epa_rin/2026-09-27T200050Z,254b72a5f9a878ff80f00798e147e043e73931d20e3808a3b0c7eb1583ffba47,1.1
2018-05-21,2018-05-27,2018-05-21,2018-05-27,D6,2017,0.350000,104875454,2026-09-27T20:00:50Z,2026-09-27T20:00:50Z,https://www.epa.gov/fuels-registration-reporting-and-compliance-help/rin-trades-and-price-information,epa_rin/2026-09-27T200050Z,254b72a5f9a878ff80f00798e147e043e73931d20e3808a3b0c7eb1583ffba47,1.1
2018-05-21,2018-05-27,2018-05-21,2018-05-27,D6,2018,0.430000,283904409,2026-09-27T20:00:50Z,2026-09-27T20:00:50Z,https://www.epa.gov/fuels-registration-reporting-and-compliance-help/rin-trades-and-price-information,epa_rin/2026-09-27T200050Z,254b72a5f9a878ff80f00798e147e043e73931d20e3808a3b0c7eb1583ffba47,1.1
2018-05-28,2018-06-03,2018-05-28,2018-06-03,D6,2017,0.289673,114984295,2026-09-27T20:00:50Z,2026-09-27T20:00:50Z,https://www.epa.gov/fuels-registration-reporting-and-compliance-help/rin-trades-and-price-information,epa_rin/2026-09-27T200050Z,254b72a5f9a878ff80f00798e147e043e73931d20e3808a3b0c7eb1583ffba47,1.1
2018-05-28,2018-06-03,2018-05-28,2018-06-03,D6,2018,0.379934,318225531,2026-09-27T20:00:50Z,2026-09-27T20:00:50Z,https://www.epa.gov/fuels-registration-reporting-and-compliance-help/rin-trades-and-price-information,epa_rin/2026-09-27T200050Z,254b72a5f9a878ff80f00798e147e043e73931d20e3808a3b0c7eb1583ffba47,1.1
2018-06-04,2018-06-10,2018-06-04,2018-06-10,D6,2017,0.260000,79730458,2026-09-27T20:00:50Z,2026-09-27T20:00:50Z,https://www.epa.gov/fuels-registration-reporting-and-compliance-help/rin-trades-and-price-information,epa_rin/2026-09-27T200050Z,254b72a5f9a878ff80f00798e147e043e73931d20e3808a3b0c7eb1583ffba47,1.1
2018-06-04,2018-06-10,2018-06-04,2018-06-10,D6,2018,0.490000,312921246,2026-09-27T20:00:50Z,2026-09-27T20:00:50Z,https://www.epa.gov/fuels-registration-reporting-and-compliance-help/rin-trades-and-price-information,epa_rin/2026-09-27T200050Z,254b72a5f9a878ff80f00798e147e043e73931d20e3808a3b0c7eb1583ffba47,1.1
2018-06-11,2018-06-17,2018-06-11,2018-06-17,D6,2017,0.270000,94836819,2026-09-27T20:00:50Z,2026-09-27T20:00:50Z,https://www.epa.gov/fuels-registration-reporting-and-compliance-help/rin-trades-and-price-information,epa_rin/2026-09-27T200050Z,254b72a5f9a878ff80f00798e147e043e73931d20e3808a3b0c7eb1583ffba47,1.1
2018-06-11,2018-06-17,2018-06-11,2018-06-17,D6,2018,0.410000,488311217,2026-09-27T20:00:50Z,2026-09-27T20:00:50Z,https://www.epa.gov/fuels-registration-reporting-and-compliance-help/rin-trades-and-price-information,epa_rin/2026-09-27T200050Z,254b72a5f9a878ff80f00798e147e043e73931d20e3808a3b0c7eb1583ffba47,1.1
2018-06-18,2018-06-24,2018-06-18,2018-06-24,D6,2017,0.409768,44506952,2026-09-27T20:00:50Z,2026-09-27T20:00:50Z,https://www.epa.gov/fuels-registration-reporting-and-compliance-help/rin-trades-and-price-information,epa_rin/2026-09-27T200050Z,254b72a5f9a878ff80f00798e147e043e73931d20e3808a3b0c7eb1583ffba47,1.1
2018-06-18,2018-06-24,2018-06-18,2018-06-24,D6,2018,0.440000,432498333,2026-09-27T20:00:50Z,2026-09-27T20:00:50Z,https://www.epa.gov/fuels-registration-reporting-and-compliance-help/rin-trades-and-price-information,epa_rin/2026-09-27T200050Z,254b72a5f9a878ff80f00798e147e043e73931d20e3808a3b0c7eb1583ffba47,1.1
2018-06-25,2018-07-01,2018-06-25,2018-07-01,D6,2017,0.300202,90351519,2026-09-27T20:00:50Z,2026-09-27T20:00:50Z,https://www.epa.gov/fuels-registration-reporting-and-compliance-help/rin-trades-and-price-information,epa_rin/2026-09-27T200050Z,254b72a5f9a878ff80f00798e147e043e73931d20e3808a3b0c7eb1583ffba47,1.1
2018-06-25,2018-07-01,2018-06-25,2018-07-01,D6,2018,0.470000,555497539,2026-09-27T20:00:50Z,2026-09-27T20:00:50Z,https://www.epa.gov/fuels-registration-reporting-and-compliance-help/rin-trades-and-price-information,epa_rin/2026-09-27T200050Z,254b72a5f9a878ff80f00798e147e043e73931d20e3808a3b0c7eb1583ffba47,1.1
2018-07-02,2018-07-08,2018-07-02,2018-07-08,D6,2017,0.239988,36528800,2026-09-27T20:00:50Z,2026-09-27T20:00:50Z,https://www.epa.gov/fuels-registration-reporting-and-compliance-help/rin-trades-and-price-information,epa_rin/2026-09-27T200050Z,254b72a5f9a878ff80f00798e147e043e73931d20e3808a3b0c7eb1583ffba47,1.1
2018-07-02,2018-07-08,2018-07-02,2018-07-08,D6,2018,0.440000,218358621,2026-09-27T20:00:50Z,2026-09-27T20:00:50Z,https://www.epa.gov/fuels-registration-reporting-and-compliance-help/rin-trades-and-price-information,epa_rin/2026-09-27T200050Z,254b72a5f9a878ff80f00798e147e043e73931d20e3808a3b0c7eb1583ffba47,1.1
2018-07-09,2018-07-15,2018-07-09,2018-07-15,D6,2017,0.260000,47377451,2026-09-27T20:00:50Z,2026-09-27T20:00:50Z,https://www.epa.gov/fuels-registration-reporting-and-compliance-help/rin-trades-and-price-information,epa_rin/2026-09-27T200050Z,254b72a5f9a878ff80f00798e147e043e73931d20e3808a3b0c7eb1583ffba47,1.1
2018-07-09,2018-07-15,2018-07-09,2018-07-15,D6,2018,0.330000,354733121,2026-09-27T20:00:50Z,2026-09-27T20:00:50Z,https://www.epa.gov/fuels-registration-reporting-and-compliance-help/rin-trades-and-price-information,epa_rin/2026-09-27T200050Z,254b72a5f9a878ff80f00798e147e043e73931d20e3808a3b0c7eb1583ffba47,1.1
2018-07-16,2018-07-22,2018-07-16,2018-07-22,D6,2017,0.230000,59872519,2026-09-27T20:00:50Z,2026-09-27T20:00:50Z,https://www.epa.gov/fuels-registration-reporting-and-compliance-help/rin-trades-and-price-information,epa_rin/2026-09-27T200050Z,254b72a5f9a878ff80f00798e147e043e73931d20e3808a3b0c7eb1583ffba47,1.1
2018-07-16,2018-07-22,2018-07-16,2018-07-22,D6,2018,0.320000,342499303,2026-09-27T20:00:50Z,2026-09-27T20:00:50Z,https://www.epa.gov/fuels-registration-reporting-and-compliance-help/rin-trades-and-price-information,epa_rin/2026-09-27T200050Z,254b72a5f9a878ff80f00798e147e043e73931d20e3808a3b0c7eb1583ffba47,1.1
2018-07-23,2018-07-29,2018-07-23,2018-07-29,D6,2017,0.210000,92039054,2026-09-27T20:00:50Z,2026-09-27T20:00:50Z,https://www.epa.gov/fuels-registration-reporting-and-compliance-help/rin-trades-and-price-information,epa_rin/2026-09-27T200050Z,254b72a5f9a878ff80f00798e147e043e73931d20e3808a3b0c7eb1583ffba47,1.1
2018-07-23,2018-07-29,2018-07-23,2018-07-29,D6,2018,0.299987,354744796,2026-09-27T20:00:50Z,2026-09-27T20:00:50Z,https://www.epa.gov/fuels-registration-reporting-and-compliance-help/rin-trades-and-price-information,epa_rin/2026-09-27T200050Z,254b72a5f9a878ff80f00798e147e043e73931d20e3808a3b0c7eb1583ffba47,1.1
2018-07-30,2018-08-05,2018-07-30,2018-08-05,D6,2017,0.220471,28797558,2026-09-27T20:00:50Z,2026-09-27T20:00:50Z,https://www.epa.gov/fuels-registration-reporting-and-compliance-help/rin-trades-and-price-information,epa_rin/2026-09-27T200050Z,254b72a5f9a878ff80f00798e147e043e73931d20e3808a3b0c7eb1583ffba47,1.1
2018-07-30,2018-08-05,2018-07-30,2018-08-05,D6,2018,0.280000,283661342,2026-09-27T20:00:50Z,2026-09-27T20:00:50Z,https://www.epa.gov/fuels-registration-reporting-and-compliance-help/rin-trades-and-price-information,epa_rin/2026-09-27T200050Z,254b72a5f9a878ff80f00798e147e043e73931d20e3808a3b0c7eb1583ffba47,1.1
2018-08-06,2018-08-12,2018-08-06,2018-08-12,D6,2017,0.170000,13508439,2026-09-27T20:00:50Z,2026-09-27T20:00:50Z,https://www.epa.gov/fuels-registration-reporting-and-compliance-help/rin-trades-and-price-information,epa_rin/2026-09-27T200050Z,254b72a5f9a878ff80f00798e147e043e73931d20e3808a3b0c7eb1583ffba47,1.1
2018-08-06,2018-08-12,2018-08-06,2018-08-12,D6,2018,0.290000,235968580,2026-09-27T20:00:50Z,2026-09-27T20:00:50Z,https://www.epa.gov/fuels-registration-reporting-and-compliance-help/rin-trades-and-price-information,epa_rin/2026-09-27T200050Z,254b72a5f9a878ff80f00798e147e043e73931d20e3808a3b0c7eb1583ffba47,1.1
2018-08-13,2018-08-19,2018-08-13,2018-08-19,D6,2017,0.240000,39053285,2026-09-27T20:00:50Z,2026-09-27T20:00:50Z,https://www.epa.gov/fuels-registration-reporting-and-compliance-help/rin-trades-and-price-information,epa_rin/2026-09-27T200050Z,254b72a5f9a878ff80f00798e147e043e73931d20e3808a3b0c7eb1583ffba47,1.1
2018-08-13,2018-08-19,2018-08-13,2018-08-19,D6,2018,0.280000,325516482,2026-09-27T20:00:50Z,2026-09-27T20:00:50Z,https://www.epa.gov/fuels-registration-reporting-and-compliance-help/rin-trades-and-price-information,epa_rin/2026-09-27T200050Z,254b72a5f9a878ff80f00798e147e043e73931d20e3808a3b0c7eb1583ffba47,1.1
2018-08-20,2018-08-26,2018-08-20,2018-08-26,D6,2017,0.189993,35386867,2026-09-27T20:00:50Z,2026-09-27T20:00:50Z,https://www.epa.gov/fuels-registration-reporting-and-compliance-help/rin-trades-and-price-information,epa_rin/2026-09-27T200050Z,254b72a5f9a878ff80f00798e147e043e73931d20e3808a3b0c7eb1583ffba47,1.1
2018-08-20,2018-08-26,2018-08-20,2018-08-26,D6,2018,0.270000,235865208,2026-09-27T20:00:50Z,2026-09-27T20:00:50Z,https://www.epa.gov/fuels-registration-reporting-and-compliance-help/rin-trades-and-price-information,epa_rin/2026-09-27T200050Z,254b72a5f9a878ff80f00798e147e043e73931d20e3808a3b0c7eb1583ffba47,1.1
2018-08-27,2018-09-02,2018-08-27,2018-09-02,D6,2017,0.200000,14500000,2026-09-27T20:00:50Z,2026-09-27T20:00:50Z,https://www.epa.gov/fuels-registration-reporting-and-compliance-help/rin-trades-and-price-information,epa_rin/2026-09-27T200050Z,254b72a5f9a878ff80f00798e147e043e73931d20e3808a3b0c7eb1583ffba47,1.1
2018-08-27,2018-09-02,2018-08-27,2018-09-02,D6,2018,0.230017,291669545,2026-09-27T20:00:50Z,2026-09-27T20:00:50Z,https://www.epa.gov/fuels-registration-reporting-and-compliance-help/rin-trades-and-price-information,epa_rin/2026-09-27T200050Z,254b72a5f9a878ff80f00798e147e043e73931d20e3808a3b0c7eb1583ffba47,1.1
2018-09-03,2018-09-09,2018-09-03,2018-09-09,D6,2017,0.189946,68673223,2026-09-27T20:00:50Z,2026-09-27T20:00:50Z,https://www.epa.gov/fuels-registration-reporting-and-compliance-help/rin-trades-and-price-information,epa_rin/2026-09-27T200050Z,254b72a5f9a878ff80f00798e147e043e73931d20e3808a3b0c7eb1583ffba47,1.1
2018-09-03,2018-09-09,2018-09-03,2018-09-09,D6,2018,0.280000,279506420,2026-09-27T20:00:50Z,2026-09-27T20:00:50Z,https://www.epa.gov/fuels-registration-reporting-and-compliance-help/rin-trades-and-price-information,epa_rin/2026-09-27T200050Z,254b72a5f9a878ff80f00798e147e043e73931d20e3808a3b0c7eb1583ffba47,1.1
2018-09-10,2018-09-16,2018-09-10,2018-09-16,D6,2017,0.150000,74088001,2026-09-27T20:00:50Z,2026-09-27T20:00:50Z,https://www.epa.gov/fuels-registration-reporting-and-compliance-help/rin-trades-and-price-information,epa_rin/2026-09-27T200050Z,254b72a5f9a878ff80f00798e147e043e73931d20e3808a3b0c7eb1583ffba47,1.1
2018-09-10,2018-09-16,2018-09-10,2018-09-16,D6,2018,0.280000,464600828,2026-09-27T20:00:50Z,2026-09-27T20:00:50Z,https://www.epa.gov/fuels-registration-reporting-and-compliance-help/rin-trades-and-price-information,epa_rin/2026-09-27T200050Z,254b72a5f9a878ff80f00798e147e043e73931d20e3808a3b0c7eb1583ffba47,1.1
2018-09-17,2018-09-23,2018-09-17,2018-09-23,D6,2017,0.180000,113006452,2026-09-27T20:00:50Z,2026-09-27T20:00:50Z,https://www.epa.gov/fuels-registration-reporting-and-compliance-help/rin-trades-and-price-information,epa_rin/2026-09-27T200050Z,254b72a5f9a878ff80f00798e147e043e73931d20e3808a3b0c7eb1583ffba47,1.1
2018-09-17,2018-09-23,2018-09-17,2018-09-23,D6,2018,0.280000,427000470,2026-09-27T20:00:50Z,2026-09-27T20:00:50Z,https://www.epa.gov/fuels-registration-reporting-and-compliance-help/rin-trades-and-price-information,epa_rin/2026-09-27T200050Z,254b72a5f9a878ff80f00798e147e043e73931d20e3808a3b0c7eb1583ffba47,1.1
2018-09-24,2018-09-30,2018-09-24,2018-09-30,D6,2017,0.200000,47966374,2026-09-27T20:00:50Z,2026-09-27T20:00:50Z,https://www.epa.gov/fuels-registration-reporting-and-compliance-help/rin-trades-and-price-information,epa_rin/2026-09-27T200050Z,254b72a5f9a878ff80f00798e147e043e73931d20e3808a3b0c7eb1583ffba47,1.1
2018-09-24,2018-09-30,2018-09-24,2018-09-30,D6,2018,0.250000,483388019,2026-09-27T20:00:50Z,2026-09-27T20:00:50Z,https://www.epa.gov/fuels-registration-reporting-and-compliance-help/rin-trades-and-price-information,epa_rin/2026-09-27T200050Z,254b72a5f9a878ff80f00798e147e043e73931d20e3808a3b0c7eb1583ffba47,1.1
2018-10-01,2018-10-07,2018-10-01,2018-10-07,D6,2017,0.150000,44643116,2026-09-27T20:00:50Z,2026-09-27T20:00:50Z,https://www.epa.gov/fuels-registration-reporting-and-compliance-help/rin-trades-and-price-information,epa_rin/2026-09-27T200050Z,254b72a5f9a878ff80f00798e147e043e73931d20e3808a3b0c7eb1583ffba47,1.1
2018-10-01,2018-10-07,2018-10-01,2018-10-07,D6,2018,0.310000,329791987,2026-09-27T20:00:50Z,2026-09-27T20:00:50Z,https://www.epa.gov/fuels-registration-reporting-and-compliance-help/rin-trades-and-price-information,epa_rin/2026-09-27T200050Z,254b72a5f9a878ff80f00798e147e043e73931d20e3808a3b0c7eb1583ffba47,1.1
2018-10-08,2018-10-14,2018-10-08,2018-10-14,D6,2017,0.200000,46771047,2026-09-27T20:00:50Z,2026-09-27T20:00:50Z,https://www.epa.gov/fuels-registration-reporting-and-compliance-help/rin-trades-and-price-information,epa_rin/2026-09-27T200050Z,254b72a5f9a878ff80f00798e147e043e73931d20e3808a3b0c7eb1583ffba47,1.1
2018-10-08,2018-10-14,2018-10-08,2018-10-14,D6,2018,0.270000,242445365,2026-09-27T20:00:50Z,2026-09-27T20:00:50Z,https://www.epa.gov/fuels-registration-reporting-and-compliance-help/rin-trades-and-price-information,epa_rin/2026-09-27T200050Z,254b72a5f9a878ff80f00798e147e043e73931d20e3808a3b0c7eb1583ffba47,1.1
2018-10-15,2018-10-21,2018-10-15,2018-10-21,D6,2017,0.160000,109818270,2026-09-27T20:00:50Z,2026-09-27T20:00:50Z,https://www.epa.gov/fuels-registration-reporting-and-compliance-help/rin-trades-and-price-information,epa_rin/2026-09-27T200050Z,254b72a5f9a878ff80f00798e147e043e73931d20e3808a3b0c7eb1583ffba47,1.1
2018-10-15,2018-10-21,2018-10-15,2018-10-21,D6,2018,0.220000,362155886,2026-09-27T20:00:50Z,2026-09-27T20:00:50Z,https://www.epa.gov/fuels-registration-reporting-and-compliance-help/rin-trades-and-price-information,epa_rin/2026-09-27T200050Z,254b72a5f9a878ff80f00798e147e043e73931d20e3808a3b0c7eb1583ffba47,1.1
2018-10-22,2018-10-28,2018-10-22,2018-10-28,D6,2017,0.150064,26200574,2026-09-27T20:00:50Z,2026-09-27T20:00:50Z,https://www.epa.gov/fuels-registration-reporting-and-compliance-help/rin-trades-and-price-information,epa_rin/2026-09-27T200050Z,254b72a5f9a878ff80f00798e147e043e73931d20e3808a3b0c7eb1583ffba47,1.1
2018-10-22,2018-10-28,2018-10-22,2018-10-28,D6,2018,0.200000,455485362,2026-09-27T20:00:50Z,2026-09-27T20:00:50Z,https://www.epa.gov/fuels-registration-reporting-and-compliance-help/rin-trades-and-price-information,epa_rin/2026-09-27T200050Z,254b72a5f9a878ff80f00798e147e043e73931d20e3808a3b0c7eb1583ffba47,1.1
2018-10-29,2018-11-04,2018-10-29,2018-11-04,D6,2017,0.130000,2061618,2026-09-27T20:00:50Z,2026-09-27T20:00:50Z,https://www.epa.gov/fuels-registration-reporting-and-compliance-help/rin-trades-and-price-information,epa_rin/2026-09-27T200050Z,254b72a5f9a878ff80f00798e147e043e73931d20e3808a3b0c7eb1583ffba47,1.1
2018-10-29,2018-11-04,2018-10-29,2018-11-04,D6,2018,0.240000,260099679,2026-09-27T20:00:50Z,2026-09-27T20:00:50Z,https://www.epa.gov/fuels-registration-reporting-and-compliance-help/rin-trades-and-price-information,epa_rin/2026-09-27T200050Z,254b72a5f9a878ff80f00798e147e043e73931d20e3808a3b0c7eb1583ffba47,1.1
2018-11-05,2018-11-11,2018-11-05,2018-11-11,D6,2017,0.070000,21736250,2026-09-27T20:00:50Z,2026-09-27T20:00:50Z,https://www.epa.gov/fuels-registration-reporting-and-compliance-help/rin-trades-and-price-information,epa_rin/2026-09-27T200050Z,254b72a5f9a878ff80f00798e147e043e73931d20e3808a3b0c7eb1583ffba47,1.1
2018-11-05,2018-11-11,2018-11-05,2018-11-11,D6,2018,0.160000,279806869,2026-09-27T20:00:50Z,2026-09-27T20:00:50Z,https://www.epa.gov/fuels-registration-reporting-and-compliance-help/rin-trades-and-price-information,epa_rin/2026-09-27T200050Z,254b72a5f9a878ff80f00798e147e043e73931d20e3808a3b0c7eb1583ffba47,1.1
2018-11-12,2018-11-18,2018-11-12,2018-11-18,D6,2017,0.150000,18025010,2026-09-27T20:00:50Z,2026-09-27T20:00:50Z,https://www.epa.gov/fuels-registration-reporting-and-compliance-help/rin-trades-and-price-information,epa_rin/2026-09-27T200050Z,254b72a5f9a878ff80f00798e147e043e73931d20e3808a3b0c7eb1583ffba47,1.1
2018-11-12,2018-11-18,2018-11-12,2018-11-18,D6,2018,0.260000,574876805,2026-09-27T20:00:50Z,2026-09-27T20:00:50Z,https://www.epa.gov/fuels-registration-reporting-and-compliance-help/rin-trades-and-price-information,epa_rin/2026-09-27T200050Z,254b72a5f9a878ff80f00798e147e043e73931d20e3808a3b0c7eb1583ffba47,1.1
2018-11-19,2018-11-25,2018-11-19,2018-11-25,D6,2017,0.080000,1608521,2026-09-27T20:00:50Z,2026-09-27T20:00:50Z,https://www.epa.gov/fuels-registration-reporting-and-compliance-help/rin-trades-and-price-information,epa_rin/2026-09-27T200050Z,254b72a5f9a878ff80f00798e147e043e73931d20e3808a3b0c7eb1583ffba47,1.1
2018-11-19,2018-11-25,2018-11-19,2018-11-25,D6,2018,0.190021,286108393,2026-09-27T20:00:50Z,2026-09-27T20:00:50Z,https://www.epa.gov/fuels-registration-reporting-and-compliance-help/rin-trades-and-price-information,epa_rin/2026-09-27T200050Z,254b72a5f9a878ff80f00798e147e043e73931d20e3808a3b0c7eb1583ffba47,1.1
2018-11-26,2018-12-02,2018-11-26,2018-12-02,D6,2017,0.080000,5387752,2026-09-27T20:00:50Z,2026-09-27T20:00:50Z,https://www.epa.gov/fuels-registration-reporting-and-compliance-help/rin-trades-and-price-information,epa_rin/2026-09-27T200050Z,254b72a5f9a878ff80f00798e147e043e73931d20e3808a3b0c7eb1583ffba47,1.1
2018-11-26,2018-12-02,2018-11-26,2018-12-02,D6,2018,0.150000,441300955,2026-09-27T20:00:50Z,2026-09-27T20:00:50Z,https://www.epa.gov/fuels-registration-reporting-and-compliance-help/rin-trades-and-price-information,epa_rin/2026-09-27T200050Z,254b72a5f9a878ff80f00798e147e043e73931d20e3808a3b0c7eb1583ffba47,1.1
2018-12-03,2018-12-09,2018-12-03,2018-12-09,D6,2017,0.110000,14043220,2026-09-27T20:00:50Z,2026-09-27T20:00:50Z,https://www.epa.gov/fuels-registration-reporting-and-compliance-help/rin-trades-and-price-information,epa_rin/2026-09-27T200050Z,254b72a5f9a878ff80f00798e147e043e73931d20e3808a3b0c7eb1583ffba47,1.1
2018-12-03,2018-12-09,2018-12-03,2018-12-09,D6,2018,0.160000,419832945,2026-09-27T20:00:50Z,2026-09-27T20:00:50Z,https://www.epa.gov/fuels-registration-reporting-and-compliance-help/rin-trades-and-price-information,epa_rin/2026-09-27T200050Z,254b72a5f9a878ff80f00798e147e043e73931d20e3808a3b0c7eb1583ffba47,1.1
2018-12-10,2018-12-16,2018-12-10,2018-12-16,D6,2017,0.100000,43375099,2026-09-27T20:00:50Z,2026-09-27T20:00:50Z,https://www.epa.gov/fuels-registration-reporting-and-compliance-help/rin-trades-and-price-information,epa_rin/2026-09-27T200050Z,254b72a5f9a878ff80f00798e147e043e73931d20e3808a3b0c7eb1583ffba47,1.1
2018-12-10,2018-12-16,2018-12-10,2018-12-16,D6,2018,0.170001,661551260,2026-09-27T20:00:50Z,2026-09-27T20:00:50Z,https://www.epa.gov/fuels-registration-reporting-and-compliance-help/rin-trades-and-price-information,epa_rin/2026-09-27T200050Z,254b72a5f9a878ff80f00798e147e043e73931d20e3808a3b0c7eb1583ffba47,1.1
2018-12-17,2018-12-23,2018-12-17,2018-12-23,D6,2017,0.190000,42150179,2026-09-27T20:00:50Z,2026-09-27T20:00:50Z,https://www.epa.gov/fuels-registration-reporting-and-compliance-help/rin-trades-and-price-information,epa_rin/2026-09-27T200050Z,254b72a5f9a878ff80f00798e147e043e73931d20e3808a3b0c7eb1583ffba47,1.1
2018-12-17,2018-12-23,2018-12-17,2018-12-23,D6,2018,0.250000,661158325,2026-09-27T20:00:50Z,2026-09-27T20:00:50Z,https://www.epa.gov/fuels-registration-reporting-and-compliance-help/rin-trades-and-price-information,epa_rin/2026-09-27T200050Z,254b72a5f9a878ff80f00798e147e043e73931d20e3808a3b0c7eb1583ffba47,1.1
2018-12-24,2018-12-30,2018-12-24,2018-12-30,D6,2017,0.180000,39882932,2026-09-27T20:00:50Z,2026-09-27T20:00:50Z,https://www.epa.gov/fuels-registration-reporting-and-compliance-help/rin-trades-and-price-information,epa_rin/2026-09-27T200050Z,254b72a5f9a878ff80f00798e147e043e73931d20e3808a3b0c7eb1583ffba47,1.1
2018-12-24,2018-12-30,2018-12-24,2018-12-30,D6,2018,0.239873,445184574,2026-09-27T20:00:50Z,2026-09-27T20:00:50Z,https://www.epa.gov/fuels-registration-reporting-and-compliance-help/rin-trades-and-price-information,epa_rin/2026-09-27T200050Z,254b72a5f9a878ff80f00798e147e043e73931d20e3808a3b0c7eb1583ffba47,1.1
2018-12-31,2019-01-06,2018-12-31,2019-01-06,D6,2017,0.065057,104981549,2026-09-27T20:00:50Z,2026-09-27T20:00:50Z,https://www.epa.gov/fuels-registration-reporting-and-compliance-help/rin-trades-and-price-information,epa_rin/2026-09-27T200050Z,254b72a5f9a878ff80f00798e147e043e73931d20e3808a3b0c7eb1583ffba47,1.1
2018-12-31,2019-01-06,2018-12-31,2019-01-06,D6,2018,0.178947,893257863,2026-09-27T20:00:50Z,2026-09-27T20:00:50Z,https://www.epa.gov/fuels-registration-reporting-and-compliance-help/rin-trades-and-price-information,epa_rin/2026-09-27T200050Z,254b72a5f9a878ff80f00798e147e043e73931d20e3808a3b0c7eb1583ffba47,1.1
2018-12-31,2019-01-06,2018-12-31,2019-01-06,D6,2019,0.010000,548886,2026-09-27T20:00:50Z,2026-09-27T20:00:50Z,https://www.epa.gov/fuels-registration-reporting-and-compliance-help/rin-trades-and-price-information,epa_rin/2026-09-27T200050Z,254b72a5f9a878ff80f00798e147e043e73931d20e3808a3b0c7eb1583ffba47,1.1
2019-01-07,2019-01-13,2019-01-07,2019-01-13,D6,2017,0.120000,2832524,2026-09-27T20:00:50Z,2026-09-27T20:00:50Z,https://www.epa.gov/fuels-registration-reporting-and-compliance-help/rin-trades-and-price-information,epa_rin/2026-09-27T200050Z,254b72a5f9a878ff80f00798e147e043e73931d20e3808a3b0c7eb1583ffba47,1.1
2019-01-07,2019-01-13,2019-01-07,2019-01-13,D6,2018,0.180000,534309237,2026-09-27T20:00:50Z,2026-09-27T20:00:50Z,https://www.epa.gov/fuels-registration-reporting-and-compliance-help/rin-trades-and-price-information,epa_rin/2026-09-27T200050Z,254b72a5f9a878ff80f00798e147e043e73931d20e3808a3b0c7eb1583ffba47,1.1
2019-01-07,2019-01-13,2019-01-07,2019-01-13,D6,2019,0.010000,2388475,2026-09-27T20:00:50Z,2026-09-27T20:00:50Z,https://www.epa.gov/fuels-registration-reporting-and-compliance-help/rin-trades-and-price-information,epa_rin/2026-09-27T200050Z,254b72a5f9a878ff80f00798e147e043e73931d20e3808a3b0c7eb1583ffba47,1.1
2019-01-14,2019-01-20,2019-01-14,2019-01-20,D6,2017,0.170000,5233229,2026-09-27T20:00:50Z,2026-09-27T20:00:50Z,https://www.epa.gov/fuels-registration-reporting-and-compliance-help/rin-trades-and-price-information,epa_rin/2026-09-27T200050Z,254b72a5f9a878ff80f00798e147e043e73931d20e3808a3b0c7eb1583ffba47,1.1
2019-01-14,2019-01-20,2019-01-14,2019-01-20,D6,2018,0.170031,456560611,2026-09-27T20:00:50Z,2026-09-27T20:00:50Z,https://www.epa.gov/fuels-registration-reporting-and-compliance-help/rin-trades-and-price-information,epa_rin/2026-09-27T200050Z,254b72a5f9a878ff80f00798e147e043e73931d20e3808a3b0c7eb1583ffba47,1.1
2019-01-14,2019-01-20,2019-01-14,2019-01-20,D6,2019,0.210000,40734619,2026-09-27T20:00:50Z,2026-09-27T20:00:50Z,https://www.epa.gov/fuels-registration-reporting-and-compliance-help/rin-trades-and-price-information,epa_rin/2026-09-27T200050Z,254b72a5f9a878ff80f00798e147e043e73931d20e3808a3b0c7eb1583ffba47,1.1
2019-01-21,2019-01-27,2019-01-21,2019-01-27,D6,2017,0.142535,18018282,2026-09-27T20:00:50Z,2026-09-27T20:00:50Z,https://www.epa.gov/fuels-registration-reporting-and-compliance-help/rin-trades-and-price-information,epa_rin/2026-09-27T200050Z,254b72a5f9a878ff80f00798e147e043e73931d20e3808a3b0c7eb1583ffba47,1.1
2019-01-21,2019-01-27,2019-01-21,2019-01-27,D6,2018,0.190000,323095063,2026-09-27T20:00:50Z,2026-09-27T20:00:50Z,https://www.epa.gov/fuels-registration-reporting-and-compliance-help/rin-trades-and-price-information,epa_rin/2026-09-27T200050Z,254b72a5f9a878ff80f00798e147e043e73931d20e3808a3b0c7eb1583ffba47,1.1
2019-01-21,2019-01-27,2019-01-21,2019-01-27,D6,2019,0.180000,50275973,2026-09-27T20:00:50Z,2026-09-27T20:00:50Z,https://www.epa.gov/fuels-registration-reporting-and-compliance-help/rin-trades-and-price-information,epa_rin/2026-09-27T200050Z,254b72a5f9a878ff80f00798e147e043e73931d20e3808a3b0c7eb1583ffba47,1.1
2019-01-28,2019-02-03,2019-01-28,2019-02-03,D6,2017,0.110000,2685525,2026-09-27T20:00:50Z,2026-09-27T20:00:50Z,https://www.epa.gov/fuels-registration-reporting-and-compliance-help/rin-trades-and-price-information,epa_rin/2026-09-27T200050Z,254b72a5f9a878ff80f00798e147e043e73931d20e3808a3b0c7eb1583ffba47,1.1
2019-01-28,2019-02-03,2019-01-28,2019-02-03,D6,2018,0.189285,267571464,2026-09-27T20:00:50Z,2026-09-27T20:00:50Z,https://www.epa.gov/fuels-registration-reporting-and-compliance-help/rin-trades-and-price-information,epa_rin/2026-09-27T200050Z,254b72a5f9a878ff80f00798e147e043e73931d20e3808a3b0c7eb1583ffba47,1.1
2019-01-28,2019-02-03,2019-01-28,2019-02-03,D6,2019,0.210000,83104397,2026-09-27T20:00:50Z,2026-09-27T20:00:50Z,https://www.epa.gov/fuels-registration-reporting-and-compliance-help/rin-trades-and-price-information,epa_rin/2026-09-27T200050Z,254b72a5f9a878ff80f00798e147e043e73931d20e3808a3b0c7eb1583ffba47,1.1
2019-02-04,2019-02-10,2019-02-04,2019-02-10,D6,2017,0.130000,10500000,2026-09-27T20:00:50Z,2026-09-27T20:00:50Z,https://www.epa.gov/fuels-registration-reporting-and-compliance-help/rin-trades-and-price-information,epa_rin/2026-09-27T200050Z,254b72a5f9a878ff80f00798e147e043e73931d20e3808a3b0c7eb1583ffba47,1.1
2019-02-04,2019-02-10,2019-02-04,2019-02-10,D6,2018,0.180000,131281458,2026-09-27T20:00:50Z,2026-09-27T20:00:50Z,https://www.epa.gov/fuels-registration-reporting-and-compliance-help/rin-trades-and-price-information,epa_rin/2026-09-27T200050Z,254b72a5f9a878ff80f00798e147e043e73931d20e3808a3b0c7eb1583ffba47,1.1
2019-02-04,2019-02-10,2019-02-04,2019-02-10,D6,2019,0.210000,139972889,2026-09-27T20:00:50Z,2026-09-27T20:00:50Z,https://www.epa.gov/fuels-registration-reporting-and-compliance-help/rin-trades-and-price-information,epa_rin/2026-09-27T200050Z,254b72a5f9a878ff80f00798e147e043e73931d20e3808a3b0c7eb1583ffba47,1.1
2019-02-11,2019-02-17,2019-02-11,2019-02-17,D6,2017,0.130000,14833349,2026-09-27T20:00:50Z,2026-09-27T20:00:50Z,https://www.epa.gov/fuels-registration-reporting-and-compliance-help/rin-trades-and-price-information,epa_rin/2026-09-27T200050Z,254b72a5f9a878ff80f00798e147e043e73931d20e3808a3b0c7eb1583ffba47,1.1
2019-02-11,2019-02-17,2019-02-11,2019-02-17,D6,2018,0.180002,79542618,2026-09-27T20:00:50Z,2026-09-27T20:00:50Z,https://www.epa.gov/fuels-registration-reporting-and-compliance-help/rin-trades-and-price-information,epa_rin/2026-09-27T200050Z,254b72a5f9a878ff80f00798e147e043e73931d20e3808a3b0c7eb1583ffba47,1.1
2019-02-11,2019-02-17,2019-02-11,2019-02-17,D6,2019,0.200000,141299002,2026-09-27T20:00:50Z,2026-09-27T20:00:50Z,https://www.epa.gov/fuels-registration-reporting-and-compliance-help/rin-trades-and-price-information,epa_rin/2026-09-27T200050Z,254b72a5f9a878ff80f00798e147e043e73931d20e3808a3b0c7eb1583ffba47,1.1
2019-02-18,2019-02-24,2019-02-18,2019-02-24,D6,2017,0.190000,8685204,2026-09-27T20:00:50Z,2026-09-27T20:00:50Z,https://www.epa.gov/fuels-registration-reporting-and-compliance-help/rin-trades-and-price-information,epa_rin/2026-09-27T200050Z,254b72a5f9a878ff80f00798e147e043e73931d20e3808a3b0c7eb1583ffba47,1.1
2019-02-18,2019-02-24,2019-02-18,2019-02-24,D6,2018,0.240000,203639785,2026-09-27T20:00:50Z,2026-09-27T20:00:50Z,https://www.epa.gov/fuels-registration-reporting-and-compliance-help/rin-trades-and-price-information,epa_rin/2026-09-27T200050Z,254b72a5f9a878ff80f00798e147e043e73931d20e3808a3b0c7eb1583ffba47,1.1
2019-02-18,2019-02-24,2019-02-18,2019-02-24,D6,2019,0.200000,140667604,2026-09-27T20:00:50Z,2026-09-27T20:00:50Z,https://www.epa.gov/fuels-registration-reporting-and-compliance-help/rin-trades-and-price-information,epa_rin/2026-09-27T200050Z,254b72a5f9a878ff80f00798e147e043e73931d20e3808a3b0c7eb1583ffba47,1.1
2019-02-25,2019-03-03,2019-02-25,2019-03-03,D6,2017,0.178832,86753696,2026-09-27T20:00:50Z,2026-09-27T20:00:50Z,https://www.epa.gov/fuels-registration-reporting-and-compliance-help/rin-trades-and-price-information,epa_rin/2026-09-27T200050Z,254b72a5f9a878ff80f00798e147e043e73931d20e3808a3b0c7eb1583ffba47,1.1
2019-02-25,2019-03-03,2019-02-25,2019-03-03,D6,2018,0.190003,135309645,2026-09-27T20:00:50Z,2026-09-27T20:00:50Z,https://www.epa.gov/fuels-registration-reporting-and-compliance-help/rin-trades-and-price-information,epa_rin/2026-09-27T200050Z,254b72a5f9a878ff80f00798e147e043e73931d20e3808a3b0c7eb1583ffba47,1.1
2019-02-25,2019-03-03,2019-02-25,2019-03-03,D6,2019,0.210000,214647312,2026-09-27T20:00:50Z,2026-09-27T20:00:50Z,https://www.epa.gov/fuels-registration-reporting-and-compliance-help/rin-trades-and-price-information,epa_rin/2026-09-27T200050Z,254b72a5f9a878ff80f00798e147e043e73931d20e3808a3b0c7eb1583ffba47,1.1
2019-03-04,2019-03-10,2019-03-04,2019-03-10,D6,2017,0.169845,64426006,2026-09-27T20:00:50Z,2026-09-27T20:00:50Z,https://www.epa.gov/fuels-registration-reporting-and-compliance-help/rin-trades-and-price-information,epa_rin/2026-09-27T200050Z,254b72a5f9a878ff80f00798e147e043e73931d20e3808a3b0c7eb1583ffba47,1.1
2019-03-04,2019-03-10,2019-03-04,2019-03-10,D6,2018,0.150170,258868579,2026-09-27T20:00:50Z,2026-09-27T20:00:50Z,https://www.epa.gov/fuels-registration-reporting-and-compliance-help/rin-trades-and-price-information,epa_rin/2026-09-27T200050Z,254b72a5f9a878ff80f00798e147e043e73931d20e3808a3b0c7eb1583ffba47,1.1
2019-03-04,2019-03-10,2019-03-04,2019-03-10,D6,2019,0.210000,179560317,2026-09-27T20:00:50Z,2026-09-27T20:00:50Z,https://www.epa.gov/fuels-registration-reporting-and-compliance-help/rin-trades-and-price-information,epa_rin/2026-09-27T200050Z,254b72a5f9a878ff80f00798e147e043e73931d20e3808a3b0c7eb1583ffba47,1.1
2019-03-11,2019-03-17,2019-03-11,2019-03-17,D6,2017,0.120000,57158818,2026-09-27T20:00:50Z,2026-09-27T20:00:50Z,https://www.epa.gov/fuels-registration-reporting-and-compliance-help/rin-trades-and-price-information,epa_rin/2026-09-27T200050Z,254b72a5f9a878ff80f00798e147e043e73931d20e3808a3b0c7eb1583ffba47,1.1
2019-03-11,2019-03-17,2019-03-11,2019-03-17,D6,2018,0.170030,175674667,2026-09-27T20:00:50Z,2026-09-27T20:00:50Z,https://www.epa.gov/fuels-registration-reporting-and-compliance-help/rin-trades-and-price-information,epa_rin/2026-09-27T200050Z,254b72a5f9a878ff80f00798e147e043e73931d20e3808a3b0c7eb1583ffba47,1.1
2019-03-11,2019-03-17,2019-03-11,2019-03-17,D6,2019,0.200000,325353147,2026-09-27T20:00:50Z,2026-09-27T20:00:50Z,https://www.epa.gov/fuels-registration-reporting-and-compliance-help/rin-trades-and-price-information,epa_rin/2026-09-27T200050Z,254b72a5f9a878ff80f00798e147e043e73931d20e3808a3b0c7eb1583ffba47,1.1
2019-03-18,2019-03-24,2019-03-18,2019-03-24,D6,2017,0.030007,230841542,2026-09-27T20:00:50Z,2026-09-27T20:00:50Z,https://www.epa.gov/fuels-registration-reporting-and-compliance-help/rin-trades-and-price-information,epa_rin/2026-09-27T200050Z,254b72a5f9a878ff80f00798e147e043e73931d20e3808a3b0c7eb1583ffba47,1.1
2019-03-18,2019-03-24,2019-03-18,2019-03-24,D6,2018,0.170000,100090081,2026-09-27T20:00:50Z,2026-09-27T20:00:50Z,https://www.epa.gov/fuels-registration-reporting-and-compliance-help/rin-trades-and-price-information,epa_rin/2026-09-27T200050Z,254b72a5f9a878ff80f00798e147e043e73931d20e3808a3b0c7eb1583ffba47,1.1
2019-03-18,2019-03-24,2019-03-18,2019-03-24,D6,2019,0.180000,216018190,2026-09-27T20:00:50Z,2026-09-27T20:00:50Z,https://www.epa.gov/fuels-registration-reporting-and-compliance-help/rin-trades-and-price-information,epa_rin/2026-09-27T200050Z,254b72a5f9a878ff80f00798e147e043e73931d20e3808a3b0c7eb1583ffba47,1.1
2019-03-25,2019-03-31,2019-03-25,2019-03-31,D6,2017,0.020000,147669617,2026-09-27T20:00:50Z,2026-09-27T20:00:50Z,https://www.epa.gov/fuels-registration-reporting-and-compliance-help/rin-trades-and-price-information,epa_rin/2026-09-27T200050Z,254b72a5f9a878ff80f00798e147e043e73931d20e3808a3b0c7eb1583ffba47,1.1
2019-03-25,2019-03-31,2019-03-25,2019-03-31,D6,2018,0.150000,707100874,2026-09-27T20:00:50Z,2026-09-27T20:00:50Z,https://www.epa.gov/fuels-registration-reporting-and-compliance-help/rin-trades-and-price-information,epa_rin/2026-09-27T200050Z,254b72a5f9a878ff80f00798e147e043e73931d20e3808a3b0c7eb1583ffba47,1.1
2019-03-25,2019-03-31,2019-03-25,2019-03-31,D6,2019,0.190000,361373908,2026-09-27T20:00:50Z,2026-09-27T20:00:50Z,https://www.epa.gov/fuels-registration-reporting-and-compliance-help/rin-trades-and-price-information,epa_rin/2026-09-27T200050Z,254b72a5f9a878ff80f00798e147e043e73931d20e3808a3b0c7eb1583ffba47,1.1
2019-04-01,2019-04-07,2019-04-01,2019-04-07,D6,2018,0.127928,28956140,2026-09-27T20:00:50Z,2026-09-27T20:00:50Z,https://www.epa.gov/fuels-registration-reporting-and-compliance-help/rin-trades-and-price-information,epa_rin/2026-09-27T200050Z,254b72a5f9a878ff80f00798e147e043e73931d20e3808a3b0c7eb1583ffba47,1.1
2019-04-01,2019-04-07,2019-04-01,2019-04-07,D6,2019,0.180000,257070265,2026-09-27T20:00:50Z,2026-09-27T20:00:50Z,https://www.epa.gov/fuels-registration-reporting-and-compliance-help/rin-trades-and-price-information,epa_rin/2026-09-27T200050Z,254b72a5f9a878ff80f00798e147e043e73931d20e3808a3b0c7eb1583ffba47,1.1
2019-04-08,2019-04-14,2019-04-08,2019-04-14,D6,2018,0.110000,52124964,2026-09-27T20:00:50Z,2026-09-27T20:00:50Z,https://www.epa.gov/fuels-registration-reporting-and-compliance-help/rin-trades-and-price-information,epa_rin/2026-09-27T200050Z,254b72a5f9a878ff80f00798e147e043e73931d20e3808a3b0c7eb1583ffba47,1.1
2019-04-08,2019-04-14,2019-04-08,2019-04-14,D6,2019,0.190000,272361726,2026-09-27T20:00:50Z,2026-09-27T20:00:50Z,https://www.epa.gov/fuels-registration-reporting-and-compliance-help/rin-trades-and-price-information,epa_rin/2026-09-27T200050Z,254b72a5f9a878ff80f00798e147e043e73931d20e3808a3b0c7eb1583ffba47,1.1
2019-04-15,2019-04-21,2019-04-15,2019-04-21,D6,2018,0.120020,23701757,2026-09-27T20:00:50Z,2026-09-27T20:00:50Z,https://www.epa.gov/fuels-registration-reporting-and-compliance-help/rin-trades-and-price-information,epa_rin/2026-09-27T200050Z,254b72a5f9a878ff80f00798e147e043e73931d20e3808a3b0c7eb1583ffba47,1.1
2019-04-15,2019-04-21,2019-04-15,2019-04-21,D6,2019,0.180000,350246746,2026-09-27T20:00:50Z,2026-09-27T20:00:50Z,https://www.epa.gov/fuels-registration-reporting-and-compliance-help/rin-trades-and-price-information,epa_rin/2026-09-27T200050Z,254b72a5f9a878ff80f00798e147e043e73931d20e3808a3b0c7eb1583ffba47,1.1
2019-04-22,2019-04-28,2019-04-22,2019-04-28,D6,2018,0.130000,52286063,2026-09-27T20:00:50Z,2026-09-27T20:00:50Z,https://www.epa.gov/fuels-registration-reporting-and-compliance-help/rin-trades-and-price-information,epa_rin/2026-09-27T200050Z,254b72a5f9a878ff80f00798e147e043e73931d20e3808a3b0c7eb1583ffba47,1.1
2019-04-22,2019-04-28,2019-04-22,2019-04-28,D6,2019,0.160000,248532007,2026-09-27T20:00:50Z,2026-09-27T20:00:50Z,https://www.epa.gov/fuels-registration-reporting-and-compliance-help/rin-trades-and-price-information,epa_rin/2026-09-27T200050Z,254b72a5f9a878ff80f00798e147e043e73931d20e3808a3b0c7eb1583ffba47,1.1
2019-04-29,2019-05-05,2019-04-29,2019-05-05,D6,2018,0.100000,54217209,2026-09-27T20:00:50Z,2026-09-27T20:00:50Z,https://www.epa.gov/fuels-registration-reporting-and-compliance-help/rin-trades-and-price-information,epa_rin/2026-09-27T200050Z,254b72a5f9a878ff80f00798e147e043e73931d20e3808a3b0c7eb1583ffba47,1.1
2019-04-29,2019-05-05,2019-04-29,2019-05-05,D6,2019,0.170000,284732656,2026-09-27T20:00:50Z,2026-09-27T20:00:50Z,https://www.epa.gov/fuels-registration-reporting-and-compliance-help/rin-trades-and-price-information,epa_rin/2026-09-27T200050Z,254b72a5f9a878ff80f00798e147e043e73931d20e3808a3b0c7eb1583ffba47,1.1
2019-05-06,2019-05-12,2019-05-06,2019-05-12,D6,2018,0.120000,11789163,2026-09-27T20:00:50Z,2026-09-27T20:00:50Z,https://www.epa.gov/fuels-registration-reporting-and-compliance-help/rin-trades-and-price-information,epa_rin/2026-09-27T200050Z,254b72a5f9a878ff80f00798e147e043e73931d20e3808a3b0c7eb1583ffba47,1.1
2019-05-06,2019-05-12,2019-05-06,2019-05-12,D6,2019,0.170000,183117051,2026-09-27T20:00:50Z,2026-09-27T20:00:50Z,https://www.epa.gov/fuels-registration-reporting-and-compliance-help/rin-trades-and-price-information,epa_rin/2026-09-27T200050Z,254b72a5f9a878ff80f00798e147e043e73931d20e3808a3b0c7eb1583ffba47,1.1
2019-05-13,2019-05-19,2019-05-13,2019-05-19,D6,2018,0.150000,23183418,2026-09-27T20:00:50Z,2026-09-27T20:00:50Z,https://www.epa.gov/fuels-registration-reporting-and-compliance-help/rin-trades-and-price-information,epa_rin/2026-09-27T200050Z,254b72a5f9a878ff80f00798e147e043e73931d20e3808a3b0c7eb1583ffba47,1.1
2019-05-13,2019-05-19,2019-05-13,2019-05-19,D6,2019,0.170000,227044517,2026-09-27T20:00:50Z,2026-09-27T20:00:50Z,https://www.epa.gov/fuels-registration-reporting-and-compliance-help/rin-trades-and-price-information,epa_rin/2026-09-27T200050Z,254b72a5f9a878ff80f00798e147e043e73931d20e3808a3b0c7eb1583ffba47,1.1
2019-05-20,2019-05-26,2019-05-20,2019-05-26,D6,2018,0.090000,149263666,2026-09-27T20:00:50Z,2026-09-27T20:00:50Z,https://www.epa.gov/fuels-registration-reporting-and-compliance-help/rin-trades-and-price-information,epa_rin/2026-09-27T200050Z,254b72a5f9a878ff80f00798e147e043e73931d20e3808a3b0c7eb1583ffba47,1.1
2019-05-20,2019-05-26,2019-05-20,2019-05-26,D6,2019,0.190000,175661684,2026-09-27T20:00:50Z,2026-09-27T20:00:50Z,https://www.epa.gov/fuels-registration-reporting-and-compliance-help/rin-trades-and-price-information,epa_rin/2026-09-27T200050Z,254b72a5f9a878ff80f00798e147e043e73931d20e3808a3b0c7eb1583ffba47,1.1
2019-05-27,2019-06-02,2019-05-27,2019-06-02,D6,2018,0.100000,11873562,2026-09-27T20:00:50Z,2026-09-27T20:00:50Z,https://www.epa.gov/fuels-registration-reporting-and-compliance-help/rin-trades-and-price-information,epa_rin/2026-09-27T200050Z,254b72a5f9a878ff80f00798e147e043e73931d20e3808a3b0c7eb1583ffba47,1.1
2019-05-27,2019-06-02,2019-05-27,2019-06-02,D6,2019,0.160000,229236706,2026-09-27T20:00:50Z,2026-09-27T20:00:50Z,https://www.epa.gov/fuels-registration-reporting-and-compliance-help/rin-trades-and-price-information,epa_rin/2026-09-27T200050Z,254b72a5f9a878ff80f00798e147e043e73931d20e3808a3b0c7eb1583ffba47,1.1
2019-06-03,2019-06-09,2019-06-03,2019-06-09,D6,2018,0.140268,25754064,2026-09-27T20:00:50Z,2026-09-27T20:00:50Z,https://www.epa.gov/fuels-registration-reporting-and-compliance-help/rin-trades-and-price-information,epa_rin/2026-09-27T200050Z,254b72a5f9a878ff80f00798e147e043e73931d20e3808a3b0c7eb1583ffba47,1.1
2019-06-03,2019-06-09,2019-06-03,2019-06-09,D6,2019,0.170000,209994073,2026-09-27T20:00:50Z,2026-09-27T20:00:50Z,https://www.epa.gov/fuels-registration-reporting-and-compliance-help/rin-trades-and-price-information,epa_rin/2026-09-27T200050Z,254b72a5f9a878ff80f00798e147e043e73931d20e3808a3b0c7eb1583ffba47,1.1
2019-06-10,2019-06-16,2019-06-10,2019-06-16,D6,2018,0.140000,19613687,2026-09-27T20:00:50Z,2026-09-27T20:00:50Z,https://www.epa.gov/fuels-registration-reporting-and-compliance-help/rin-trades-and-price-information,epa_rin/2026-09-27T200050Z,254b72a5f9a878ff80f00798e147e043e73931d20e3808a3b0c7eb1583ffba47,1.1
2019-06-10,2019-06-16,2019-06-10,2019-06-16,D6,2019,0.160000,427400564,2026-09-27T20:00:50Z,2026-09-27T20:00:50Z,https://www.epa.gov/fuels-registration-reporting-and-compliance-help/rin-trades-and-price-information,epa_rin/2026-09-27T200050Z,254b72a5f9a878ff80f00798e147e043e73931d20e3808a3b0c7eb1583ffba47,1.1
2019-06-17,2019-06-23,2019-06-17,2019-06-23,D6,2018,0.120000,19931093,2026-09-27T20:00:50Z,2026-09-27T20:00:50Z,https://www.epa.gov/fuels-registration-reporting-and-compliance-help/rin-trades-and-price-information,epa_rin/2026-09-27T200050Z,254b72a5f9a878ff80f00798e147e043e73931d20e3808a3b0c7eb1583ffba47,1.1
2019-06-17,2019-06-23,2019-06-17,2019-06-23,D6,2019,0.170000,321441595,2026-09-27T20:00:50Z,2026-09-27T20:00:50Z,https://www.epa.gov/fuels-registration-reporting-and-compliance-help/rin-trades-and-price-information,epa_rin/2026-09-27T200050Z,254b72a5f9a878ff80f00798e147e043e73931d20e3808a3b0c7eb1583ffba47,1.1
2019-06-24,2019-06-30,2019-06-24,2019-06-30,D6,2018,0.170000,171659849,2026-09-27T20:00:50Z,2026-09-27T20:00:50Z,https://www.epa.gov/fuels-registration-reporting-and-compliance-help/rin-trades-and-price-information,epa_rin/2026-09-27T200050Z,254b72a5f9a878ff80f00798e147e043e73931d20e3808a3b0c7eb1583ffba47,1.1
2019-06-24,2019-06-30,2019-06-24,2019-06-30,D6,2019,0.180000,611706299,2026-09-27T20:00:50Z,2026-09-27T20:00:50Z,https://www.epa.gov/fuels-registration-reporting-and-compliance-help/rin-trades-and-price-information,epa_rin/2026-09-27T200050Z,254b72a5f9a878ff80f00798e147e043e73931d20e3808a3b0c7eb1583ffba47,1.1
2019-07-01,2019-07-07,2019-07-01,2019-07-07,D6,2018,0.119981,36095054,2026-09-27T20:00:50Z,2026-09-27T20:00:50Z,https://www.epa.gov/fuels-registration-reporting-and-compliance-help/rin-trades-and-price-information,epa_rin/2026-09-27T200050Z,254b72a5f9a878ff80f00798e147e043e73931d20e3808a3b0c7eb1583ffba47,1.1
2019-07-01,2019-07-07,2019-07-01,2019-07-07,D6,2019,0.180000,242861774,2026-09-27T20:00:50Z,2026-09-27T20:00:50Z,https://www.epa.gov/fuels-registration-reporting-and-compliance-help/rin-trades-and-price-information,epa_rin/2026-09-27T200050Z,254b72a5f9a878ff80f00798e147e043e73931d20e3808a3b0c7eb1583ffba47,1.1
2019-07-08,2019-07-14,2019-07-08,2019-07-14,D6,2018,0.200000,10172207,2026-09-27T20:00:50Z,2026-09-27T20:00:50Z,https://www.epa.gov/fuels-registration-reporting-and-compliance-help/rin-trades-and-price-information,epa_rin/2026-09-27T200050Z,254b72a5f9a878ff80f00798e147e043e73931d20e3808a3b0c7eb1583ffba47,1.1
2019-07-08,2019-07-14,2019-07-08,2019-07-14,D6,2019,0.190000,223950155,2026-09-27T20:00:50Z,2026-09-27T20:00:50Z,https://www.epa.gov/fuels-registration-reporting-and-compliance-help/rin-trades-and-price-information,epa_rin/2026-09-27T200050Z,254b72a5f9a878ff80f00798e147e043e73931d20e3808a3b0c7eb1583ffba47,1.1
2019-07-15,2019-07-21,2019-07-15,2019-07-21,D6,2018,0.140000,23358955,2026-09-27T20:00:50Z,2026-09-27T20:00:50Z,https://www.epa.gov/fuels-registration-reporting-and-compliance-help/rin-trades-and-price-information,epa_rin/2026-09-27T200050Z,254b72a5f9a878ff80f00798e147e043e73931d20e3808a3b0c7eb1583ffba47,1.1
2019-07-15,2019-07-21,2019-07-15,2019-07-21,D6,2019,0.190000,327004101,2026-09-27T20:00:50Z,2026-09-27T20:00:50Z,https://www.epa.gov/fuels-registration-reporting-and-compliance-help/rin-trades-and-price-information,epa_rin/2026-09-27T200050Z,254b72a5f9a878ff80f00798e147e043e73931d20e3808a3b0c7eb1583ffba47,1.1
2019-07-22,2019-07-28,2019-07-22,2019-07-28,D6,2018,0.180000,7315497,2026-09-27T20:00:50Z,2026-09-27T20:00:50Z,https://www.epa.gov/fuels-registration-reporting-and-compliance-help/rin-trades-and-price-information,epa_rin/2026-09-27T200050Z,254b72a5f9a878ff80f00798e147e043e73931d20e3808a3b0c7eb1583ffba47,1.1
2019-07-22,2019-07-28,2019-07-22,2019-07-28,D6,2019,0.200012,301749500,2026-09-27T20:00:50Z,2026-09-27T20:00:50Z,https://www.epa.gov/fuels-registration-reporting-and-compliance-help/rin-trades-and-price-information,epa_rin/2026-09-27T200050Z,254b72a5f9a878ff80f00798e147e043e73931d20e3808a3b0c7eb1583ffba47,1.1
2019-07-29,2019-08-04,2019-07-29,2019-08-04,D6,2018,0.170000,87457860,2026-09-27T20:00:50Z,2026-09-27T20:00:50Z,https://www.epa.gov/fuels-registration-reporting-and-compliance-help/rin-trades-and-price-information,epa_rin/2026-09-27T200050Z,254b72a5f9a878ff80f00798e147e043e73931d20e3808a3b0c7eb1583ffba47,1.1
2019-07-29,2019-08-04,2019-07-29,2019-08-04,D6,2019,0.200000,262325099,2026-09-27T20:00:50Z,2026-09-27T20:00:50Z,https://www.epa.gov/fuels-registration-reporting-and-compliance-help/rin-trades-and-price-information,epa_rin/2026-09-27T200050Z,254b72a5f9a878ff80f00798e147e043e73931d20e3808a3b0c7eb1583ffba47,1.1
2019-08-05,2019-08-11,2019-08-05,2019-08-11,D6,2018,0.170000,16968465,2026-09-27T20:00:50Z,2026-09-27T20:00:50Z,https://www.epa.gov/fuels-registration-reporting-and-compliance-help/rin-trades-and-price-information,epa_rin/2026-09-27T200050Z,254b72a5f9a878ff80f00798e147e043e73931d20e3808a3b0c7eb1583ffba47,1.1
2019-08-05,2019-08-11,2019-08-05,2019-08-11,D6,2019,0.220000,166383149,2026-09-27T20:00:50Z,2026-09-27T20:00:50Z,https://www.epa.gov/fuels-registration-reporting-and-compliance-help/rin-trades-and-price-information,epa_rin/2026-09-27T200050Z,254b72a5f9a878ff80f00798e147e043e73931d20e3808a3b0c7eb1583ffba47,1.1
2019-08-12,2019-08-18,2019-08-12,2019-08-18,D6,2018,0.060000,57871056,2026-09-27T20:00:50Z,2026-09-27T20:00:50Z,https://www.epa.gov/fuels-registration-reporting-and-compliance-help/rin-trades-and-price-information,epa_rin/2026-09-27T200050Z,254b72a5f9a878ff80f00798e147e043e73931d20e3808a3b0c7eb1583ffba47,1.1
2019-08-12,2019-08-18,2019-08-12,2019-08-18,D6,2019,0.210000,228542462,2026-09-27T20:00:50Z,2026-09-27T20:00:50Z,https://www.epa.gov/fuels-registration-reporting-and-compliance-help/rin-trades-and-price-information,epa_rin/2026-09-27T200050Z,254b72a5f9a878ff80f00798e147e043e73931d20e3808a3b0c7eb1583ffba47,1.1
2019-08-19,2019-08-25,2019-08-19,2019-08-25,D6,2018,0.080000,52773826,2026-09-27T20:00:50Z,2026-09-27T20:00:50Z,https://www.epa.gov/fuels-registration-reporting-and-compliance-help/rin-trades-and-price-information,epa_rin/2026-09-27T200050Z,254b72a5f9a878ff80f00798e147e043e73931d20e3808a3b0c7eb1583ffba47,1.1
2019-08-19,2019-08-25,2019-08-19,2019-08-25,D6,2019,0.220000,235565185,2026-09-27T20:00:50Z,2026-09-27T20:00:50Z,https://www.epa.gov/fuels-registration-reporting-and-compliance-help/rin-trades-and-price-information,epa_rin/2026-09-27T200050Z,254b72a5f9a878ff80f00798e147e043e73931d20e3808a3b0c7eb1583ffba47,1.1
2019-08-26,2019-09-01,2019-08-26,2019-09-01,D6,2018,0.110000,140306549,2026-09-27T20:00:50Z,2026-09-27T20:00:50Z,https://www.epa.gov/fuels-registration-reporting-and-compliance-help/rin-trades-and-price-information,epa_rin/2026-09-27T200050Z,254b72a5f9a878ff80f00798e147e043e73931d20e3808a3b0c7eb1583ffba47,1.1
2019-08-26,2019-09-01,2019-08-26,2019-09-01,D6,2019,0.170000,316769146,2026-09-27T20:00:50Z,2026-09-27T20:00:50Z,https://www.epa.gov/fuels-registration-reporting-and-compliance-help/rin-trades-and-price-information,epa_rin/2026-09-27T200050Z,254b72a5f9a878ff80f00798e147e043e73931d20e3808a3b0c7eb1583ffba47,1.1
2019-09-02,2019-09-08,2019-09-02,2019-09-08,D6,2018,0.140000,24191128,2026-09-27T20:00:50Z,2026-09-27T20:00:50Z,https://www.epa.gov/fuels-registration-reporting-and-compliance-help/rin-trades-and-price-information,epa_rin/2026-09-27T200050Z,254b72a5f9a878ff80f00798e147e043e73931d20e3808a3b0c7eb1583ffba47,1.1
2019-09-02,2019-09-08,2019-09-02,2019-09-08,D6,2019,0.170000,271948415,2026-09-27T20:00:50Z,2026-09-27T20:00:50Z,https://www.epa.gov/fuels-registration-reporting-and-compliance-help/rin-trades-and-price-information,epa_rin/2026-09-27T200050Z,254b72a5f9a878ff80f00798e147e043e73931d20e3808a3b0c7eb1583ffba47,1.1
2019-09-09,2019-09-15,2019-09-09,2019-09-15,D6,2018,0.090000,58886317,2026-09-27T20:00:50Z,2026-09-27T20:00:50Z,https://www.epa.gov/fuels-registration-reporting-and-compliance-help/rin-trades-and-price-information,epa_rin/2026-09-27T200050Z,254b72a5f9a878ff80f00798e147e043e73931d20e3808a3b0c7eb1583ffba47,1.1
2019-09-09,2019-09-15,2019-09-09,2019-09-15,D6,2019,0.170000,382302799,2026-09-27T20:00:50Z,2026-09-27T20:00:50Z,https://www.epa.gov/fuels-registration-reporting-and-compliance-help/rin-trades-and-price-information,epa_rin/2026-09-27T200050Z,254b72a5f9a878ff80f00798e147e043e73931d20e3808a3b0c7eb1583ffba47,1.1
2019-09-16,2019-09-22,2019-09-16,2019-09-22,D6,2018,0.110000,143660894,2026-09-27T20:00:50Z,2026-09-27T20:00:50Z,https://www.epa.gov/fuels-registration-reporting-and-compliance-help/rin-trades-and-price-information,epa_rin/2026-09-27T200050Z,254b72a5f9a878ff80f00798e147e043e73931d20e3808a3b0c7eb1583ffba47,1.1
2019-09-16,2019-09-22,2019-09-16,2019-09-22,D6,2019,0.180010,475389840,2026-09-27T20:00:50Z,2026-09-27T20:00:50Z,https://www.epa.gov/fuels-registration-reporting-and-compliance-help/rin-trades-and-price-information,epa_rin/2026-09-27T200050Z,254b72a5f9a878ff80f00798e147e043e73931d20e3808a3b0c7eb1583ffba47,1.1
2019-09-23,2019-09-29,2019-09-23,2019-09-29,D6,2018,0.128754,93550021,2026-09-27T20:00:50Z,2026-09-27T20:00:50Z,https://www.epa.gov/fuels-registration-reporting-and-compliance-help/rin-trades-and-price-information,epa_rin/2026-09-27T200050Z,254b72a5f9a878ff80f00798e147e043e73931d20e3808a3b0c7eb1583ffba47,1.1
2019-09-23,2019-09-29,2019-09-23,2019-09-29,D6,2019,0.180000,635534221,2026-09-27T20:00:50Z,2026-09-27T20:00:50Z,https://www.epa.gov/fuels-registration-reporting-and-compliance-help/rin-trades-and-price-information,epa_rin/2026-09-27T200050Z,254b72a5f9a878ff80f00798e147e043e73931d20e3808a3b0c7eb1583ffba47,1.1
2019-09-30,2019-10-06,2019-09-30,2019-10-06,D6,2018,0.110000,147411106,2026-09-27T20:00:50Z,2026-09-27T20:00:50Z,https://www.epa.gov/fuels-registration-reporting-and-compliance-help/rin-trades-and-price-information,epa_rin/2026-09-27T200050Z,254b72a5f9a878ff80f00798e147e043e73931d20e3808a3b0c7eb1583ffba47,1.1
2019-09-30,2019-10-06,2019-09-30,2019-10-06,D6,2019,0.180000,424117244,2026-09-27T20:00:50Z,2026-09-27T20:00:50Z,https://www.epa.gov/fuels-registration-reporting-and-compliance-help/rin-trades-and-price-information,epa_rin/2026-09-27T200050Z,254b72a5f9a878ff80f00798e147e043e73931d20e3808a3b0c7eb1583ffba47,1.1
2019-10-07,2019-10-13,2019-10-07,2019-10-13,D6,2018,0.100000,14233201,2026-09-27T20:00:50Z,2026-09-27T20:00:50Z,https://www.epa.gov/fuels-registration-reporting-and-compliance-help/rin-trades-and-price-information,epa_rin/2026-09-27T200050Z,254b72a5f9a878ff80f00798e147e043e73931d20e3808a3b0c7eb1583ffba47,1.1
2019-10-07,2019-10-13,2019-10-07,2019-10-13,D6,2019,0.200000,226607755,2026-09-27T20:00:50Z,2026-09-27T20:00:50Z,https://www.epa.gov/fuels-registration-reporting-and-compliance-help/rin-trades-and-price-information,epa_rin/2026-09-27T200050Z,254b72a5f9a878ff80f00798e147e043e73931d20e3808a3b0c7eb1583ffba47,1.1
2019-10-14,2019-10-20,2019-10-14,2019-10-20,D6,2018,0.100000,90341701,2026-09-27T20:00:50Z,2026-09-27T20:00:50Z,https://www.epa.gov/fuels-registration-reporting-and-compliance-help/rin-trades-and-price-information,epa_rin/2026-09-27T200050Z,254b72a5f9a878ff80f00798e147e043e73931d20e3808a3b0c7eb1583ffba47,1.1
2019-10-14,2019-10-20,2019-10-14,2019-10-20,D6,2019,0.180000,418040602,2026-09-27T20:00:50Z,2026-09-27T20:00:50Z,https://www.epa.gov/fuels-registration-reporting-and-compliance-help/rin-trades-and-price-information,epa_rin/2026-09-27T200050Z,254b72a5f9a878ff80f00798e147e043e73931d20e3808a3b0c7eb1583ffba47,1.1
2019-10-21,2019-10-27,2019-10-21,2019-10-27,D6,2018,0.110000,67584870,2026-09-27T20:00:50Z,2026-09-27T20:00:50Z,https://www.epa.gov/fuels-registration-reporting-and-compliance-help/rin-trades-and-price-information,epa_rin/2026-09-27T200050Z,254b72a5f9a878ff80f00798e147e043e73931d20e3808a3b0c7eb1583ffba47,1.1
2019-10-21,2019-10-27,2019-10-21,2019-10-27,D6,2019,0.199983,337458936,2026-09-27T20:00:50Z,2026-09-27T20:00:50Z,https://www.epa.gov/fuels-registration-reporting-and-compliance-help/rin-trades-and-price-information,epa_rin/2026-09-27T200050Z,254b72a5f9a878ff80f00798e147e043e73931d20e3808a3b0c7eb1583ffba47,1.1
2019-10-28,2019-11-03,2019-10-28,2019-11-03,D6,2018,0.090000,42016643,2026-09-27T20:00:50Z,2026-09-27T20:00:50Z,https://www.epa.gov/fuels-registration-reporting-and-compliance-help/rin-trades-and-price-information,epa_rin/2026-09-27T200050Z,254b72a5f9a878ff80f00798e147e043e73931d20e3808a3b0c7eb1583ffba47,1.1
2019-10-28,2019-11-03,2019-10-28,2019-11-03,D6,2019,0.190000,307931721,2026-09-27T20:00:50Z,2026-09-27T20:00:50Z,https://www.epa.gov/fuels-registration-reporting-and-compliance-help/rin-trades-and-price-information,epa_rin/2026-09-27T200050Z,254b72a5f9a878ff80f00798e147e043e73931d20e3808a3b0c7eb1583ffba47,1.1
2019-11-04,2019-11-10,2019-11-04,2019-11-10,D6,2018,0.120000,40629668,2026-09-27T20:00:50Z,2026-09-27T20:00:50Z,https://www.epa.gov/fuels-registration-reporting-and-compliance-help/rin-trades-and-price-information,epa_rin/2026-09-27T200050Z,254b72a5f9a878ff80f00798e147e043e73931d20e3808a3b0c7eb1583ffba47,1.1
2019-11-04,2019-11-10,2019-11-04,2019-11-10,D6,2019,0.170000,460580509,2026-09-27T20:00:50Z,2026-09-27T20:00:50Z,https://www.epa.gov/fuels-registration-reporting-and-compliance-help/rin-trades-and-price-information,epa_rin/2026-09-27T200050Z,254b72a5f9a878ff80f00798e147e043e73931d20e3808a3b0c7eb1583ffba47,1.1
2019-11-11,2019-11-17,2019-11-11,2019-11-17,D6,2018,0.080000,67368549,2026-09-27T20:00:50Z,2026-09-27T20:00:50Z,https://www.epa.gov/fuels-registration-reporting-and-compliance-help/rin-trades-and-price-information,epa_rin/2026-09-27T200050Z,254b72a5f9a878ff80f00798e147e043e73931d20e3808a3b0c7eb1583ffba47,1.1
2019-11-11,2019-11-17,2019-11-11,2019-11-17,D6,2019,0.168938,315729505,2026-09-27T20:00:50Z,2026-09-27T20:00:50Z,https://www.epa.gov/fuels-registration-reporting-and-compliance-help/rin-trades-and-price-information,epa_rin/2026-09-27T200050Z,254b72a5f9a878ff80f00798e147e043e73931d20e3808a3b0c7eb1583ffba47,1.1
2019-11-18,2019-11-24,2019-11-18,2019-11-24,D6,2018,0.070000,36776325,2026-09-27T20:00:50Z,2026-09-27T20:00:50Z,https://www.epa.gov/fuels-registration-reporting-and-compliance-help/rin-trades-and-price-information,epa_rin/2026-09-27T200050Z,254b72a5f9a878ff80f00798e147e043e73931d20e3808a3b0c7eb1583ffba47,1.1
2019-11-18,2019-11-24,2019-11-18,2019-11-24,D6,2019,0.150164,325739072,2026-09-27T20:00:50Z,2026-09-27T20:00:50Z,https://www.epa.gov/fuels-registration-reporting-and-compliance-help/rin-trades-and-price-information,epa_rin/2026-09-27T200050Z,254b72a5f9a878ff80f00798e147e043e73931d20e3808a3b0c7eb1583ffba47,1.1
2019-11-25,2019-12-01,2019-11-25,2019-12-01,D6,2018,0.070000,24122750,2026-09-27T20:00:50Z,2026-09-27T20:00:50Z,https://www.epa.gov/fuels-registration-reporting-and-compliance-help/rin-trades-and-price-information,epa_rin/2026-09-27T200050Z,254b72a5f9a878ff80f00798e147e043e73931d20e3808a3b0c7eb1583ffba47,1.1
2019-11-25,2019-12-01,2019-11-25,2019-12-01,D6,2019,0.150000,230441415,2026-09-27T20:00:50Z,2026-09-27T20:00:50Z,https://www.epa.gov/fuels-registration-reporting-and-compliance-help/rin-trades-and-price-information,epa_rin/2026-09-27T200050Z,254b72a5f9a878ff80f00798e147e043e73931d20e3808a3b0c7eb1583ffba47,1.1
2019-12-02,2019-12-08,2019-12-02,2019-12-08,D6,2018,0.069258,53922183,2026-09-27T20:00:50Z,2026-09-27T20:00:50Z,https://www.epa.gov/fuels-registration-reporting-and-compliance-help/rin-trades-and-price-information,epa_rin/2026-09-27T200050Z,254b72a5f9a878ff80f00798e147e043e73931d20e3808a3b0c7eb1583ffba47,1.1
2019-12-02,2019-12-08,2019-12-02,2019-12-08,D6,2019,0.170000,373879180,2026-09-27T20:00:50Z,2026-09-27T20:00:50Z,https://www.epa.gov/fuels-registration-reporting-and-compliance-help/rin-trades-and-price-information,epa_rin/2026-09-27T200050Z,254b72a5f9a878ff80f00798e147e043e73931d20e3808a3b0c7eb1583ffba47,1.1
2019-12-09,2019-12-15,2019-12-09,2019-12-15,D6,2018,0.090000,175900938,2026-09-27T20:00:50Z,2026-09-27T20:00:50Z,https://www.epa.gov/fuels-registration-reporting-and-compliance-help/rin-trades-and-price-information,epa_rin/2026-09-27T200050Z,254b72a5f9a878ff80f00798e147e043e73931d20e3808a3b0c7eb1583ffba47,1.1
2019-12-09,2019-12-15,2019-12-09,2019-12-15,D6,2019,0.160000,509875548,2026-09-27T20:00:50Z,2026-09-27T20:00:50Z,https://www.epa.gov/fuels-registration-reporting-and-compliance-help/rin-trades-and-price-information,epa_rin/2026-09-27T200050Z,254b72a5f9a878ff80f00798e147e043e73931d20e3808a3b0c7eb1583ffba47,1.1
2019-12-16,2019-12-22,2019-12-16,2019-12-22,D6,2018,0.080000,85266042,2026-09-27T20:00:50Z,2026-09-27T20:00:50Z,https://www.epa.gov/fuels-registration-reporting-and-compliance-help/rin-trades-and-price-information,epa_rin/2026-09-27T200050Z,254b72a5f9a878ff80f00798e147e043e73931d20e3808a3b0c7eb1583ffba47,1.1
2019-12-16,2019-12-22,2019-12-16,2019-12-22,D6,2019,0.150000,687205423,2026-09-27T20:00:50Z,2026-09-27T20:00:50Z,https://www.epa.gov/fuels-registration-reporting-and-compliance-help/rin-trades-and-price-information,epa_rin/2026-09-27T200050Z,254b72a5f9a878ff80f00798e147e043e73931d20e3808a3b0c7eb1583ffba47,1.1
2019-12-23,2019-12-29,2019-12-23,2019-12-29,D6,2018,0.080000,18777247,2026-09-27T20:00:50Z,2026-09-27T20:00:50Z,https://www.epa.gov/fuels-registration-reporting-and-compliance-help/rin-trades-and-price-information,epa_rin/2026-09-27T200050Z,254b72a5f9a878ff80f00798e147e043e73931d20e3808a3b0c7eb1583ffba47,1.1
2019-12-23,2019-12-29,2019-12-23,2019-12-29,D6,2019,0.150000,403825731,2026-09-27T20:00:50Z,2026-09-27T20:00:50Z,https://www.epa.gov/fuels-registration-reporting-and-compliance-help/rin-trades-and-price-information,epa_rin/2026-09-27T200050Z,254b72a5f9a878ff80f00798e147e043e73931d20e3808a3b0c7eb1583ffba47,1.1
2019-12-30,2020-01-05,2019-12-30,2020-01-05,D6,2018,0.075130,24617844,2026-09-27T20:00:50Z,2026-09-27T20:00:50Z,https://www.epa.gov/fuels-registration-reporting-and-compliance-help/rin-trades-and-price-information,epa_rin/2026-09-27T200050Z,254b72a5f9a878ff80f00798e147e043e73931d20e3808a3b0c7eb1583ffba47,1.1
2019-12-30,2020-01-05,2019-12-30,2020-01-05,D6,2019,0.176013,236415758,2026-09-27T20:00:50Z,2026-09-27T20:00:50Z,https://www.epa.gov/fuels-registration-reporting-and-compliance-help/rin-trades-and-price-information,epa_rin/2026-09-27T200050Z,254b72a5f9a878ff80f00798e147e043e73931d20e3808a3b0c7eb1583ffba47,1.1
2019-12-30,2020-01-05,2019-12-30,2020-01-05,D6,2020,0.160000,363628,2026-09-27T20:00:50Z,2026-09-27T20:00:50Z,https://www.epa.gov/fuels-registration-reporting-and-compliance-help/rin-trades-and-price-information,epa_rin/2026-09-27T200050Z,254b72a5f9a878ff80f00798e147e043e73931d20e3808a3b0c7eb1583ffba47,1.1
2020-01-06,2020-01-12,2020-01-06,2020-01-12,D6,2018,0.060000,19898946,2026-09-27T20:00:50Z,2026-09-27T20:00:50Z,https://www.epa.gov/fuels-registration-reporting-and-compliance-help/rin-trades-and-price-information,epa_rin/2026-09-27T200050Z,254b72a5f9a878ff80f00798e147e043e73931d20e3808a3b0c7eb1583ffba47,1.1
2020-01-06,2020-01-12,2020-01-06,2020-01-12,D6,2019,0.129990,376728583,2026-09-27T20:00:50Z,2026-09-27T20:00:50Z,https://www.epa.gov/fuels-registration-reporting-and-compliance-help/rin-trades-and-price-information,epa_rin/2026-09-27T200050Z,254b72a5f9a878ff80f00798e147e043e73931d20e3808a3b0c7eb1583ffba47,1.1
2020-01-06,2020-01-12,2020-01-06,2020-01-12,D6,2020,0.200000,8058494,2026-09-27T20:00:50Z,2026-09-27T20:00:50Z,https://www.epa.gov/fuels-registration-reporting-and-compliance-help/rin-trades-and-price-information,epa_rin/2026-09-27T200050Z,254b72a5f9a878ff80f00798e147e043e73931d20e3808a3b0c7eb1583ffba47,1.1
2020-01-13,2020-01-19,2020-01-13,2020-01-19,D6,2018,0.090000,23227338,2026-09-27T20:00:50Z,2026-09-27T20:00:50Z,https://www.epa.gov/fuels-registration-reporting-and-compliance-help/rin-trades-and-price-information,epa_rin/2026-09-27T200050Z,254b72a5f9a878ff80f00798e147e043e73931d20e3808a3b0c7eb1583ffba47,1.1
2020-01-13,2020-01-19,2020-01-13,2020-01-19,D6,2019,0.120000,466042702,2026-09-27T20:00:50Z,2026-09-27T20:00:50Z,https://www.epa.gov/fuels-registration-reporting-and-compliance-help/rin-trades-and-price-information,epa_rin/2026-09-27T200050Z,254b72a5f9a878ff80f00798e147e043e73931d20e3808a3b0c7eb1583ffba47,1.1
2020-01-13,2020-01-19,2020-01-13,2020-01-19,D6,2020,0.210000,20028219,2026-09-27T20:00:50Z,2026-09-27T20:00:50Z,https://www.epa.gov/fuels-registration-reporting-and-compliance-help/rin-trades-and-price-information,epa_rin/2026-09-27T200050Z,254b72a5f9a878ff80f00798e147e043e73931d20e3808a3b0c7eb1583ffba47,1.1
2020-01-20,2020-01-26,2020-01-20,2020-01-26,D6,2018,0.070000,21580498,2026-09-27T20:00:50Z,2026-09-27T20:00:50Z,https://www.epa.gov/fuels-registration-reporting-and-compliance-help/rin-trades-and-price-information,epa_rin/2026-09-27T200050Z,254b72a5f9a878ff80f00798e147e043e73931d20e3808a3b0c7eb1583ffba47,1.1
2020-01-20,2020-01-26,2020-01-20,2020-01-26,D6,2019,0.119974,320396691,2026-09-27T20:00:50Z,2026-09-27T20:00:50Z,https://www.epa.gov/fuels-registration-reporting-and-compliance-help/rin-trades-and-price-information,epa_rin/2026-09-27T200050Z,254b72a5f9a878ff80f00798e147e043e73931d20e3808a3b0c7eb1583ffba47,1.1
2020-01-20,2020-01-26,2020-01-20,2020-01-26,D6,2020,0.200000,48744082,2026-09-27T20:00:50Z,2026-09-27T20:00:50Z,https://www.epa.gov/fuels-registration-reporting-and-compliance-help/rin-trades-and-price-information,epa_rin/2026-09-27T200050Z,254b72a5f9a878ff80f00798e147e043e73931d20e3808a3b0c7eb1583ffba47,1.1
2020-01-27,2020-02-02,2020-01-27,2020-02-02,D6,2018,0.080000,62293787,2026-09-27T20:00:50Z,2026-09-27T20:00:50Z,https://www.epa.gov/fuels-registration-reporting-and-compliance-help/rin-trades-and-price-information,epa_rin/2026-09-27T200050Z,254b72a5f9a878ff80f00798e147e043e73931d20e3808a3b0c7eb1583ffba47,1.1
2020-01-27,2020-02-02,2020-01-27,2020-02-02,D6,2019,0.120000,339913465,2026-09-27T20:00:50Z,2026-09-27T20:00:50Z,https://www.epa.gov/fuels-registration-reporting-and-compliance-help/rin-trades-and-price-information,epa_rin/2026-09-27T200050Z,254b72a5f9a878ff80f00798e147e043e73931d20e3808a3b0c7eb1583ffba47,1.1
2020-01-27,2020-02-02,2020-01-27,2020-02-02,D6,2020,0.190000,62822891,2026-09-27T20:00:50Z,2026-09-27T20:00:50Z,https://www.epa.gov/fuels-registration-reporting-and-compliance-help/rin-trades-and-price-information,epa_rin/2026-09-27T200050Z,254b72a5f9a878ff80f00798e147e043e73931d20e3808a3b0c7eb1583ffba47,1.1
2020-02-03,2020-02-09,2020-02-03,2020-02-09,D6,2018,0.120001,60190851,2026-09-27T20:00:50Z,2026-09-27T20:00:50Z,https://www.epa.gov/fuels-registration-reporting-and-compliance-help/rin-trades-and-price-information,epa_rin/2026-09-27T200050Z,254b72a5f9a878ff80f00798e147e043e73931d20e3808a3b0c7eb1583ffba47,1.1
2020-02-03,2020-02-09,2020-02-03,2020-02-09,D6,2019,0.150000,160108490,2026-09-27T20:00:50Z,2026-09-27T20:00:50Z,https://www.epa.gov/fuels-registration-reporting-and-compliance-help/rin-trades-and-price-information,epa_rin/2026-09-27T200050Z,254b72a5f9a878ff80f00798e147e043e73931d20e3808a3b0c7eb1583ffba47,1.1
2020-02-03,2020-02-09,2020-02-03,2020-02-09,D6,2020,0.200000,133414117,2026-09-27T20:00:50Z,2026-09-27T20:00:50Z,https://www.epa.gov/fuels-registration-reporting-and-compliance-help/rin-trades-and-price-information,epa_rin/2026-09-27T200050Z,254b72a5f9a878ff80f00798e147e043e73931d20e3808a3b0c7eb1583ffba47,1.1
2020-02-10,2020-02-16,2020-02-10,2020-02-16,D6,2018,0.100000,34973888,2026-09-27T20:00:50Z,2026-09-27T20:00:50Z,https://www.epa.gov/fuels-registration-reporting-and-compliance-help/rin-trades-and-price-information,epa_rin/2026-09-27T200050Z,254b72a5f9a878ff80f00798e147e043e73931d20e3808a3b0c7eb1583ffba47,1.1
2020-02-10,2020-02-16,2020-02-10,2020-02-16,D6,2019,0.180000,308821063,2026-09-27T20:00:50Z,2026-09-27T20:00:50Z,https://www.epa.gov/fuels-registration-reporting-and-compliance-help/rin-trades-and-price-information,epa_rin/2026-09-27T200050Z,254b72a5f9a878ff80f00798e147e043e73931d20e3808a3b0c7eb1583ffba47,1.1
2020-02-10,2020-02-16,2020-02-10,2020-02-16,D6,2020,0.220000,130873912,2026-09-27T20:00:50Z,2026-09-27T20:00:50Z,https://www.epa.gov/fuels-registration-reporting-and-compliance-help/rin-trades-and-price-information,epa_rin/2026-09-27T200050Z,254b72a5f9a878ff80f00798e147e043e73931d20e3808a3b0c7eb1583ffba47,1.1
2020-02-17,2020-02-23,2020-02-17,2020-02-23,D6,2018,0.200000,37229584,2026-09-27T20:00:50Z,2026-09-27T20:00:50Z,https://www.epa.gov/fuels-registration-reporting-and-compliance-help/rin-trades-and-price-information,epa_rin/2026-09-27T200050Z,254b72a5f9a878ff80f00798e147e043e73931d20e3808a3b0c7eb1583ffba47,1.1
2020-02-17,2020-02-23,2020-02-17,2020-02-23,D6,2019,0.179998,177725239,2026-09-27T20:00:50Z,2026-09-27T20:00:50Z,https://www.epa.gov/fuels-registration-reporting-and-compliance-help/rin-trades-and-price-information,epa_rin/2026-09-27T200050Z,254b72a5f9a878ff80f00798e147e043e73931d20e3808a3b0c7eb1583ffba47,1.1
2020-02-17,2020-02-23,2020-02-17,2020-02-23,D6,2020,0.220000,172910866,2026-09-27T20:00:50Z,2026-09-27T20:00:50Z,https://www.epa.gov/fuels-registration-reporting-and-compliance-help/rin-trades-and-price-information,epa_rin/2026-09-27T200050Z,254b72a5f9a878ff80f00798e147e043e73931d20e3808a3b0c7eb1583ffba47,1.1
2020-02-24,2020-03-01,2020-02-24,2020-03-01,D6,2018,0.210000,33431950,2026-09-27T20:00:50Z,2026-09-27T20:00:50Z,https://www.epa.gov/fuels-registration-reporting-and-compliance-help/rin-trades-and-price-information,epa_rin/2026-09-27T200050Z,254b72a5f9a878ff80f00798e147e043e73931d20e3808a3b0c7eb1583ffba47,1.1
2020-02-24,2020-03-01,2020-02-24,2020-03-01,D6,2019,0.189822,171671707,2026-09-27T20:00:50Z,2026-09-27T20:00:50Z,https://www.epa.gov/fuels-registration-reporting-and-compliance-help/rin-trades-and-price-information,epa_rin/2026-09-27T200050Z,254b72a5f9a878ff80f00798e147e043e73931d20e3808a3b0c7eb1583ffba47,1.1
2020-02-24,2020-03-01,2020-02-24,2020-03-01,D6,2020,0.240000,230648491,2026-09-27T20:00:50Z,2026-09-27T20:00:50Z,https://www.epa.gov/fuels-registration-reporting-and-compliance-help/rin-trades-and-price-information,epa_rin/2026-09-27T200050Z,254b72a5f9a878ff80f00798e147e043e73931d20e3808a3b0c7eb1583ffba47,1.1
2020-03-02,2020-03-08,2020-03-02,2020-03-08,D6,2018,0.280000,17609767,2026-09-27T20:00:50Z,2026-09-27T20:00:50Z,https://www.epa.gov/fuels-registration-reporting-and-compliance-help/rin-trades-and-price-information,epa_rin/2026-09-27T200050Z,254b72a5f9a878ff80f00798e147e043e73931d20e3808a3b0c7eb1583ffba47,1.1
2020-03-02,2020-03-08,2020-03-02,2020-03-08,D6,2019,0.260004,121962714,2026-09-27T20:00:50Z,2026-09-27T20:00:50Z,https://www.epa.gov/fuels-registration-reporting-and-compliance-help/rin-trades-and-price-information,epa_rin/2026-09-27T200050Z,254b72a5f9a878ff80f00798e147e043e73931d20e3808a3b0c7eb1583ffba47,1.1
2020-03-02,2020-03-08,2020-03-02,2020-03-08,D6,2020,0.270003,176074953,2026-09-27T20:00:50Z,2026-09-27T20:00:50Z,https://www.epa.gov/fuels-registration-reporting-and-compliance-help/rin-trades-and-price-information,epa_rin/2026-09-27T200050Z,254b72a5f9a878ff80f00798e147e043e73931d20e3808a3b0c7eb1583ffba47,1.1
2020-03-09,2020-03-15,2020-03-09,2020-03-15,D6,2018,0.260000,11882469,2026-09-27T20:00:50Z,2026-09-27T20:00:50Z,https://www.epa.gov/fuels-registration-reporting-and-compliance-help/rin-trades-and-price-information,epa_rin/2026-09-27T200050Z,254b72a5f9a878ff80f00798e147e043e73931d20e3808a3b0c7eb1583ffba47,1.1
2020-03-09,2020-03-15,2020-03-09,2020-03-15,D6,2019,0.250004,177821277,2026-09-27T20:00:50Z,2026-09-27T20:00:50Z,https://www.epa.gov/fuels-registration-reporting-and-compliance-help/rin-trades-and-price-information,epa_rin/2026-09-27T200050Z,254b72a5f9a878ff80f00798e147e043e73931d20e3808a3b0c7eb1583ffba47,1.1
2020-03-09,2020-03-15,2020-03-09,2020-03-15,D6,2020,0.290000,231288811,2026-09-27T20:00:50Z,2026-09-27T20:00:50Z,https://www.epa.gov/fuels-registration-reporting-and-compliance-help/rin-trades-and-price-information,epa_rin/2026-09-27T200050Z,254b72a5f9a878ff80f00798e147e043e73931d20e3808a3b0c7eb1583ffba47,1.1
2020-03-16,2020-03-22,2020-03-16,2020-03-22,D6,2018,0.140202,47986153,2026-09-27T20:00:50Z,2026-09-27T20:00:50Z,https://www.epa.gov/fuels-registration-reporting-and-compliance-help/rin-trades-and-price-information,epa_rin/2026-09-27T200050Z,254b72a5f9a878ff80f00798e147e043e73931d20e3808a3b0c7eb1583ffba47,1.1
2020-03-16,2020-03-22,2020-03-16,2020-03-22,D6,2019,0.227925,332159105,2026-09-27T20:00:50Z,2026-09-27T20:00:50Z,https://www.epa.gov/fuels-registration-reporting-and-compliance-help/rin-trades-and-price-information,epa_rin/2026-09-27T200050Z,254b72a5f9a878ff80f00798e147e043e73931d20e3808a3b0c7eb1583ffba47,1.1
2020-03-16,2020-03-22,2020-03-16,2020-03-22,D6,2020,0.270000,271264992,2026-09-27T20:00:50Z,2026-09-27T20:00:50Z,https://www.epa.gov/fuels-registration-reporting-and-compliance-help/rin-trades-and-price-information,epa_rin/2026-09-27T200050Z,254b72a5f9a878ff80f00798e147e043e73931d20e3808a3b0c7eb1583ffba47,1.1
2020-03-23,2020-03-29,2020-03-23,2020-03-29,D6,2018,0.080010,86061125,2026-09-27T20:00:50Z,2026-09-27T20:00:50Z,https://www.epa.gov/fuels-registration-reporting-and-compliance-help/rin-trades-and-price-information,epa_rin/2026-09-27T200050Z,254b72a5f9a878ff80f00798e147e043e73931d20e3808a3b0c7eb1583ffba47,1.1
2020-03-23,2020-03-29,2020-03-23,2020-03-29,D6,2019,0.280065,539546745,2026-09-27T20:00:50Z,2026-09-27T20:00:50Z,https://www.epa.gov/fuels-registration-reporting-and-compliance-help/rin-trades-and-price-information,epa_rin/2026-09-27T200050Z,254b72a5f9a878ff80f00798e147e043e73931d20e3808a3b0c7eb1583ffba47,1.1
2020-03-23,2020-03-29,2020-03-23,2020-03-29,D6,2020,0.269271,288154387,2026-09-27T20:00:50Z,2026-09-27T20:00:50Z,https://www.epa.gov/fuels-registration-reporting-and-compliance-help/rin-trades-and-price-information,epa_rin/2026-09-27T200050Z,254b72a5f9a878ff80f00798e147e043e73931d20e3808a3b0c7eb1583ffba47,1.1
2020-03-30,2020-04-05,2020-03-30,2020-04-05,D6,2018,0.191617,247006,2026-09-27T20:00:50Z,2026-09-27T20:00:50Z,https://www.epa.gov/fuels-registration-reporting-and-compliance-help/rin-trades-and-price-information,epa_rin/2026-09-27T200050Z,254b72a5f9a878ff80f00798e147e043e73931d20e3808a3b0c7eb1583ffba47,1.1
2020-03-30,2020-04-05,2020-03-30,2020-04-05,D6,2019,0.230370,98836983,2026-09-27T20:00:50Z,2026-09-27T20:00:50Z,https://www.epa.gov/fuels-registration-reporting-and-compliance-help/rin-trades-and-price-information,epa_rin/2026-09-27T200050Z,254b72a5f9a878ff80f00798e147e043e73931d20e3808a3b0c7eb1583ffba47,1.1
2020-03-30,2020-04-05,2020-03-30,2020-04-05,D6,2020,0.279734,225608890,2026-09-27T20:00:50Z,2026-09-27T20:00:50Z,https://www.epa.gov/fuels-registration-reporting-and-compliance-help/rin-trades-and-price-information,epa_rin/2026-09-27T200050Z,254b72a5f9a878ff80f00798e147e043e73931d20e3808a3b0c7eb1583ffba47,1.1
2020-04-06,2020-04-12,2020-04-06,2020-04-12,D6,2019,0.210473,92545450,2026-09-27T20:00:50Z,2026-09-27T20:00:50Z,https://www.epa.gov/fuels-registration-reporting-and-compliance-help/rin-trades-and-price-information,epa_rin/2026-09-27T200050Z,254b72a5f9a878ff80f00798e147e043e73931d20e3808a3b0c7eb1583ffba47,1.1
2020-04-06,2020-04-12,2020-04-06,2020-04-12,D6,2020,0.280000,150364930,2026-09-27T20:00:50Z,2026-09-27T20:00:50Z,https://www.epa.gov/fuels-registration-reporting-and-compliance-help/rin-trades-and-price-information,epa_rin/2026-09-27T200050Z,254b72a5f9a878ff80f00798e147e043e73931d20e3808a3b0c7eb1583ffba47,1.1
2020-04-13,2020-04-19,2020-04-13,2020-04-19,D6,2019,0.220968,330619479,2026-09-27T20:00:50Z,2026-09-27T20:00:50Z,https://www.epa.gov/fuels-registration-reporting-and-compliance-help/rin-trades-and-price-information,epa_rin/2026-09-27T200050Z,254b72a5f9a878ff80f00798e147e043e73931d20e3808a3b0c7eb1583ffba47,1.1
2020-04-13,2020-04-19,2020-04-13,2020-04-19,D6,2020,0.269997,352635644,2026-09-27T20:00:50Z,2026-09-27T20:00:50Z,https://www.epa.gov/fuels-registration-reporting-and-compliance-help/rin-trades-and-price-information,epa_rin/2026-09-27T200050Z,254b72a5f9a878ff80f00798e147e043e73931d20e3808a3b0c7eb1583ffba47,1.1
2020-04-20,2020-04-26,2020-04-20,2020-04-26,D6,2019,0.230000,58762527,2026-09-27T20:00:50Z,2026-09-27T20:00:50Z,https://www.epa.gov/fuels-registration-reporting-and-compliance-help/rin-trades-and-price-information,epa_rin/2026-09-27T200050Z,254b72a5f9a878ff80f00798e147e043e73931d20e3808a3b0c7eb1583ffba47,1.1
2020-04-20,2020-04-26,2020-04-20,2020-04-26,D6,2020,0.290000,238697690,2026-09-27T20:00:50Z,2026-09-27T20:00:50Z,https://www.epa.gov/fuels-registration-reporting-and-compliance-help/rin-trades-and-price-information,epa_rin/2026-09-27T200050Z,254b72a5f9a878ff80f00798e147e043e73931d20e3808a3b0c7eb1583ffba47,1.1
2020-04-27,2020-05-03,2020-04-27,2020-05-03,D6,2019,0.270000,59234714,2026-09-27T20:00:50Z,2026-09-27T20:00:50Z,https://www.epa.gov/fuels-registration-reporting-and-compliance-help/rin-trades-and-price-information,epa_rin/2026-09-27T200050Z,254b72a5f9a878ff80f00798e147e043e73931d20e3808a3b0c7eb1583ffba47,1.1
2020-04-27,2020-05-03,2020-04-27,2020-05-03,D6,2020,0.299837,214695791,2026-09-27T20:00:50Z,2026-09-27T20:00:50Z,https://www.epa.gov/fuels-registration-reporting-and-compliance-help/rin-trades-and-price-information,epa_rin/2026-09-27T200050Z,254b72a5f9a878ff80f00798e147e043e73931d20e3808a3b0c7eb1583ffba47,1.1
2020-05-04,2020-05-10,2020-05-04,2020-05-10,D6,2019,0.320000,30551836,2026-09-27T20:00:50Z,2026-09-27T20:00:50Z,https://www.epa.gov/fuels-registration-reporting-and-compliance-help/rin-trades-and-price-information,epa_rin/2026-09-27T200050Z,254b72a5f9a878ff80f00798e147e043e73931d20e3808a3b0c7eb1583ffba47,1.1
2020-05-04,2020-05-10,2020-05-04,2020-05-10,D6,2020,0.320000,146172223,2026-09-27T20:00:50Z,2026-09-27T20:00:50Z,https://www.epa.gov/fuels-registration-reporting-and-compliance-help/rin-trades-and-price-information,epa_rin/2026-09-27T200050Z,254b72a5f9a878ff80f00798e147e043e73931d20e3808a3b0c7eb1583ffba47,1.1
2020-05-11,2020-05-17,2020-05-11,2020-05-17,D6,2019,0.300000,28568024,2026-09-27T20:00:50Z,2026-09-27T20:00:50Z,https://www.epa.gov/fuels-registration-reporting-and-compliance-help/rin-trades-and-price-information,epa_rin/2026-09-27T200050Z,254b72a5f9a878ff80f00798e147e043e73931d20e3808a3b0c7eb1583ffba47,1.1
2020-05-11,2020-05-17,2020-05-11,2020-05-17,D6,2020,0.340000,198489780,2026-09-27T20:00:50Z,2026-09-27T20:00:50Z,https://www.epa.gov/fuels-registration-reporting-and-compliance-help/rin-trades-and-price-information,epa_rin/2026-09-27T200050Z,254b72a5f9a878ff80f00798e147e043e73931d20e3808a3b0c7eb1583ffba47,1.1
2020-05-18,2020-05-24,2020-05-18,2020-05-24,D6,2019,0.330000,19733075,2026-09-27T20:00:50Z,2026-09-27T20:00:50Z,https://www.epa.gov/fuels-registration-reporting-and-compliance-help/rin-trades-and-price-information,epa_rin/2026-09-27T200050Z,254b72a5f9a878ff80f00798e147e043e73931d20e3808a3b0c7eb1583ffba47,1.1
2020-05-18,2020-05-24,2020-05-18,2020-05-24,D6,2020,0.330000,218224055,2026-09-27T20:00:50Z,2026-09-27T20:00:50Z,https://www.epa.gov/fuels-registration-reporting-and-compliance-help/rin-trades-and-price-information,epa_rin/2026-09-27T200050Z,254b72a5f9a878ff80f00798e147e043e73931d20e3808a3b0c7eb1583ffba47,1.1
2020-05-25,2020-05-31,2020-05-25,2020-05-31,D6,2019,0.320000,39725607,2026-09-27T20:00:50Z,2026-09-27T20:00:50Z,https://www.epa.gov/fuels-registration-reporting-and-compliance-help/rin-trades-and-price-information,epa_rin/2026-09-27T200050Z,254b72a5f9a878ff80f00798e147e043e73931d20e3808a3b0c7eb1583ffba47,1.1
2020-05-25,2020-05-31,2020-05-25,2020-05-31,D6,2020,0.340000,195417077,2026-09-27T20:00:50Z,2026-09-27T20:00:50Z,https://www.epa.gov/fuels-registration-reporting-and-compliance-help/rin-trades-and-price-information,epa_rin/2026-09-27T200050Z,254b72a5f9a878ff80f00798e147e043e73931d20e3808a3b0c7eb1583ffba47,1.1
2020-06-01,2020-06-07,2020-06-01,2020-06-07,D6,2019,0.320000,32662106,2026-09-27T20:00:50Z,2026-09-27T20:00:50Z,https://www.epa.gov/fuels-registration-reporting-and-compliance-help/rin-trades-and-price-information,epa_rin/2026-09-27T200050Z,254b72a5f9a878ff80f00798e147e043e73931d20e3808a3b0c7eb1583ffba47,1.1
2020-06-01,2020-06-07,2020-06-01,2020-06-07,D6,2020,0.390000,183411741,2026-09-27T20:00:50Z,2026-09-27T20:00:50Z,https://www.epa.gov/fuels-registration-reporting-and-compliance-help/rin-trades-and-price-information,epa_rin/2026-09-27T200050Z,254b72a5f9a878ff80f00798e147e043e73931d20e3808a3b0c7eb1583ffba47,1.1
2020-06-08,2020-06-14,2020-06-08,2020-06-14,D6,2019,0.353853,49545047,2026-09-27T20:00:50Z,2026-09-27T20:00:50Z,https://www.epa.gov/fuels-registration-reporting-and-compliance-help/rin-trades-and-price-information,epa_rin/2026-09-27T200050Z,254b72a5f9a878ff80f00798e147e043e73931d20e3808a3b0c7eb1583ffba47,1.1
2020-06-08,2020-06-14,2020-06-08,2020-06-14,D6,2020,0.360000,214232308,2026-09-27T20:00:50Z,2026-09-27T20:00:50Z,https://www.epa.gov/fuels-registration-reporting-and-compliance-help/rin-trades-and-price-information,epa_rin/2026-09-27T200050Z,254b72a5f9a878ff80f00798e147e043e73931d20e3808a3b0c7eb1583ffba47,1.1
2020-06-15,2020-06-21,2020-06-15,2020-06-21,D6,2019,0.350000,58064740,2026-09-27T20:00:50Z,2026-09-27T20:00:50Z,https://www.epa.gov/fuels-registration-reporting-and-compliance-help/rin-trades-and-price-information,epa_rin/2026-09-27T200050Z,254b72a5f9a878ff80f00798e147e043e73931d20e3808a3b0c7eb1583ffba47,1.1
2020-06-15,2020-06-21,2020-06-15,2020-06-21,D6,2020,0.380000,354807137,2026-09-27T20:00:50Z,2026-09-27T20:00:50Z,https://www.epa.gov/fuels-registration-reporting-and-compliance-help/rin-trades-and-price-information,epa_rin/2026-09-27T200050Z,254b72a5f9a878ff80f00798e147e043e73931d20e3808a3b0c7eb1583ffba47,1.1
2020-06-22,2020-06-28,2020-06-22,2020-06-28,D6,2019,0.394093,18586096,2026-09-27T20:00:50Z,2026-09-27T20:00:50Z,https://www.epa.gov/fuels-registration-reporting-and-compliance-help/rin-trades-and-price-information,epa_rin/2026-09-27T200050Z,254b72a5f9a878ff80f00798e147e043e73931d20e3808a3b0c7eb1583ffba47,1.1
2020-06-22,2020-06-28,2020-06-22,2020-06-28,D6,2020,0.390000,259306392,2026-09-27T20:00:50Z,2026-09-27T20:00:50Z,https://www.epa.gov/fuels-registration-reporting-and-compliance-help/rin-trades-and-price-information,epa_rin/2026-09-27T200050Z,254b72a5f9a878ff80f00798e147e043e73931d20e3808a3b0c7eb1583ffba47,1.1
2020-06-29,2020-07-05,2020-06-29,2020-07-05,D6,2019,0.360000,34251496,2026-09-27T20:00:50Z,2026-09-27T20:00:50Z,https://www.epa.gov/fuels-registration-reporting-and-compliance-help/rin-trades-and-price-information,epa_rin/2026-09-27T200050Z,254b72a5f9a878ff80f00798e147e043e73931d20e3808a3b0c7eb1583ffba47,1.1
2020-06-29,2020-07-05,2020-06-29,2020-07-05,D6,2020,0.370007,312092889,2026-09-27T20:00:50Z,2026-09-27T20:00:50Z,https://www.epa.gov/fuels-registration-reporting-and-compliance-help/rin-trades-and-price-information,epa_rin/2026-09-27T200050Z,254b72a5f9a878ff80f00798e147e043e73931d20e3808a3b0c7eb1583ffba47,1.1
2020-07-06,2020-07-12,2020-07-06,2020-07-12,D6,2019,0.320000,69302851,2026-09-27T20:00:50Z,2026-09-27T20:00:50Z,https://www.epa.gov/fuels-registration-reporting-and-compliance-help/rin-trades-and-price-information,epa_rin/2026-09-27T200050Z,254b72a5f9a878ff80f00798e147e043e73931d20e3808a3b0c7eb1583ffba47,1.1
2020-07-06,2020-07-12,2020-07-06,2020-07-12,D6,2020,0.360000,268232391,2026-09-27T20:00:50Z,2026-09-27T20:00:50Z,https://www.epa.gov/fuels-registration-reporting-and-compliance-help/rin-trades-and-price-information,epa_rin/2026-09-27T200050Z,254b72a5f9a878ff80f00798e147e043e73931d20e3808a3b0c7eb1583ffba47,1.1
2020-07-13,2020-07-19,2020-07-13,2020-07-19,D6,2019,0.375249,29468850,2026-09-27T20:00:50Z,2026-09-27T20:00:50Z,https://www.epa.gov/fuels-registration-reporting-and-compliance-help/rin-trades-and-price-information,epa_rin/2026-09-27T200050Z,254b72a5f9a878ff80f00798e147e043e73931d20e3808a3b0c7eb1583ffba47,1.1
2020-07-13,2020-07-19,2020-07-13,2020-07-19,D6,2020,0.360006,309683996,2026-09-27T20:00:50Z,2026-09-27T20:00:50Z,https://www.epa.gov/fuels-registration-reporting-and-compliance-help/rin-trades-and-price-information,epa_rin/2026-09-27T200050Z,254b72a5f9a878ff80f00798e147e043e73931d20e3808a3b0c7eb1583ffba47,1.1
2020-07-20,2020-07-26,2020-07-20,2020-07-26,D6,2019,0.411970,20304676,2026-09-27T20:00:50Z,2026-09-27T20:00:50Z,https://www.epa.gov/fuels-registration-reporting-and-compliance-help/rin-trades-and-price-information,epa_rin/2026-09-27T200050Z,254b72a5f9a878ff80f00798e147e043e73931d20e3808a3b0c7eb1583ffba47,1.1
2020-07-20,2020-07-26,2020-07-20,2020-07-26,D6,2020,0.420000,246790068,2026-09-27T20:00:50Z,2026-09-27T20:00:50Z,https://www.epa.gov/fuels-registration-reporting-and-compliance-help/rin-trades-and-price-information,epa_rin/2026-09-27T200050Z,254b72a5f9a878ff80f00798e147e043e73931d20e3808a3b0c7eb1583ffba47,1.1
2020-07-27,2020-08-02,2020-07-27,2020-08-02,D6,2019,0.441766,18014645,2026-09-27T20:00:50Z,2026-09-27T20:00:50Z,https://www.epa.gov/fuels-registration-reporting-and-compliance-help/rin-trades-and-price-information,epa_rin/2026-09-27T200050Z,254b72a5f9a878ff80f00798e147e043e73931d20e3808a3b0c7eb1583ffba47,1.1
2020-07-27,2020-08-02,2020-07-27,2020-08-02,D6,2020,0.430000,296946367,2026-09-27T20:00:50Z,2026-09-27T20:00:50Z,https://www.epa.gov/fuels-registration-reporting-and-compliance-help/rin-trades-and-price-information,epa_rin/2026-09-27T200050Z,254b72a5f9a878ff80f00798e147e043e73931d20e3808a3b0c7eb1583ffba47,1.1
2020-08-03,2020-08-09,2020-08-03,2020-08-09,D6,2019,0.420000,7500000,2026-09-27T20:00:50Z,2026-09-27T20:00:50Z,https://www.epa.gov/fuels-registration-reporting-and-compliance-help/rin-trades-and-price-information,epa_rin/2026-09-27T200050Z,254b72a5f9a878ff80f00798e147e043e73931d20e3808a3b0c7eb1583ffba47,1.1
2020-08-03,2020-08-09,2020-08-03,2020-08-09,D6,2020,0.420000,234325938,2026-09-27T20:00:50Z,2026-09-27T20:00:50Z,https://www.epa.gov/fuels-registration-reporting-and-compliance-help/rin-trades-and-price-information,epa_rin/2026-09-27T200050Z,254b72a5f9a878ff80f00798e147e043e73931d20e3808a3b0c7eb1583ffba47,1.1
2020-08-10,2020-08-16,2020-08-10,2020-08-16,D6,2019,0.360000,9185472,2026-09-27T20:00:50Z,2026-09-27T20:00:50Z,https://www.epa.gov/fuels-registration-reporting-and-compliance-help/rin-trades-and-price-information,epa_rin/2026-09-27T200050Z,254b72a5f9a878ff80f00798e147e043e73931d20e3808a3b0c7eb1583ffba47,1.1
2020-08-10,2020-08-16,2020-08-10,2020-08-16,D6,2020,0.400000,204936001,2026-09-27T20:00:50Z,2026-09-27T20:00:50Z,https://www.epa.gov/fuels-registration-reporting-and-compliance-help/rin-trades-and-price-information,epa_rin/2026-09-27T200050Z,254b72a5f9a878ff80f00798e147e043e73931d20e3808a3b0c7eb1583ffba47,1.1
2020-08-17,2020-08-23,2020-08-17,2020-08-23,D6,2019,0.390000,14168584,2026-09-27T20:00:50Z,2026-09-27T20:00:50Z,https://www.epa.gov/fuels-registration-reporting-and-compliance-help/rin-trades-and-price-information,epa_rin/2026-09-27T200050Z,254b72a5f9a878ff80f00798e147e043e73931d20e3808a3b0c7eb1583ffba47,1.1
2020-08-17,2020-08-23,2020-08-17,2020-08-23,D6,2020,0.430000,306431232,2026-09-27T20:00:50Z,2026-09-27T20:00:50Z,https://www.epa.gov/fuels-registration-reporting-and-compliance-help/rin-trades-and-price-information,epa_rin/2026-09-27T200050Z,254b72a5f9a878ff80f00798e147e043e73931d20e3808a3b0c7eb1583ffba47,1.1
2020-08-24,2020-08-30,2020-08-24,2020-08-30,D6,2019,0.369577,17887150,2026-09-27T20:00:50Z,2026-09-27T20:00:50Z,https://www.epa.gov/fuels-registration-reporting-and-compliance-help/rin-trades-and-price-information,epa_rin/2026-09-27T200050Z,254b72a5f9a878ff80f00798e147e043e73931d20e3808a3b0c7eb1583ffba47,1.1
2020-08-24,2020-08-30,2020-08-24,2020-08-30,D6,2020,0.450000,312906528,2026-09-27T20:00:50Z,2026-09-27T20:00:50Z,https://www.epa.gov/fuels-registration-reporting-and-compliance-help/rin-trades-and-price-information,epa_rin/2026-09-27T200050Z,254b72a5f9a878ff80f00798e147e043e73931d20e3808a3b0c7eb1583ffba47,1.1
2020-08-31,2020-09-06,2020-08-31,2020-09-06,D6,2019,0.360281,29058521,2026-09-27T20:00:50Z,2026-09-27T20:00:50Z,https://www.epa.gov/fuels-registration-reporting-and-compliance-help/rin-trades-and-price-information,epa_rin/2026-09-27T200050Z,254b72a5f9a878ff80f00798e147e043e73931d20e3808a3b0c7eb1583ffba47,1.1
2020-08-31,2020-09-06,2020-08-31,2020-09-06,D6,2020,0.400000,378909426,2026-09-27T20:00:50Z,2026-09-27T20:00:50Z,https://www.epa.gov/fuels-registration-reporting-and-compliance-help/rin-trades-and-price-information,epa_rin/2026-09-27T200050Z,254b72a5f9a878ff80f00798e147e043e73931d20e3808a3b0c7eb1583ffba47,1.1
2020-09-07,2020-09-13,2020-09-07,2020-09-13,D6,2019,0.310000,50543225,2026-09-27T20:00:50Z,2026-09-27T20:00:50Z,https://www.epa.gov/fuels-registration-reporting-and-compliance-help/rin-trades-and-price-information,epa_rin/2026-09-27T200050Z,254b72a5f9a878ff80f00798e147e043e73931d20e3808a3b0c7eb1583ffba47,1.1
2020-09-07,2020-09-13,2020-09-07,2020-09-13,D6,2020,0.420000,243254791,2026-09-27T20:00:50Z,2026-09-27T20:00:50Z,https://www.epa.gov/fuels-registration-reporting-and-compliance-help/rin-trades-and-price-information,epa_rin/2026-09-27T200050Z,254b72a5f9a878ff80f00798e147e043e73931d20e3808a3b0c7eb1583ffba47,1.1
2020-09-14,2020-09-20,2020-09-14,2020-09-20,D6,2019,0.400000,45967979,2026-09-27T20:00:50Z,2026-09-27T20:00:50Z,https://www.epa.gov/fuels-registration-reporting-and-compliance-help/rin-trades-and-price-information,epa_rin/2026-09-27T200050Z,254b72a5f9a878ff80f00798e147e043e73931d20e3808a3b0c7eb1583ffba47,1.1
2020-09-14,2020-09-20,2020-09-14,2020-09-20,D6,2020,0.440000,458281904,2026-09-27T20:00:50Z,2026-09-27T20:00:50Z,https://www.epa.gov/fuels-registration-reporting-and-compliance-help/rin-trades-and-price-information,epa_rin/2026-09-27T200050Z,254b72a5f9a878ff80f00798e147e043e73931d20e3808a3b0c7eb1583ffba47,1.1
2020-09-21,2020-09-27,2020-09-21,2020-09-27,D6,2019,0.382056,68709819,2026-09-27T20:00:50Z,2026-09-27T20:00:50Z,https://www.epa.gov/fuels-registration-reporting-and-compliance-help/rin-trades-and-price-information,epa_rin/2026-09-27T200050Z,254b72a5f9a878ff80f00798e147e043e73931d20e3808a3b0c7eb1583ffba47,1.1
2020-09-21,2020-09-27,2020-09-21,2020-09-27,D6,2020,0.450000,277775008,2026-09-27T20:00:50Z,2026-09-27T20:00:50Z,https://www.epa.gov/fuels-registration-reporting-and-compliance-help/rin-trades-and-price-information,epa_rin/2026-09-27T200050Z,254b72a5f9a878ff80f00798e147e043e73931d20e3808a3b0c7eb1583ffba47,1.1
2020-09-28,2020-10-04,2020-09-28,2020-10-04,D6,2019,0.330000,159759752,2026-09-27T20:00:50Z,2026-09-27T20:00:50Z,https://www.epa.gov/fuels-registration-reporting-and-compliance-help/rin-trades-and-price-information,epa_rin/2026-09-27T200050Z,254b72a5f9a878ff80f00798e147e043e73931d20e3808a3b0c7eb1583ffba47,1.1
2020-09-28,2020-10-04,2020-09-28,2020-10-04,D6,2020,0.440000,295281378,2026-09-27T20:00:50Z,2026-09-27T20:00:50Z,https://www.epa.gov/fuels-registration-reporting-and-compliance-help/rin-trades-and-price-information,epa_rin/2026-09-27T200050Z,254b72a5f9a878ff80f00798e147e043e73931d20e3808a3b0c7eb1583ffba47,1.1
2020-10-05,2020-10-11,2020-10-05,2020-10-11,D6,2019,0.443095,37655894,2026-09-27T20:00:50Z,2026-09-27T20:00:50Z,https://www.epa.gov/fuels-registration-reporting-and-compliance-help/rin-trades-and-price-information,epa_rin/2026-09-27T200050Z,254b72a5f9a878ff80f00798e147e043e73931d20e3808a3b0c7eb1583ffba47,1.1
2020-10-05,2020-10-11,2020-10-05,2020-10-11,D6,2020,0.420000,322022702,2026-09-27T20:00:50Z,2026-09-27T20:00:50Z,https://www.epa.gov/fuels-registration-reporting-and-compliance-help/rin-trades-and-price-information,epa_rin/2026-09-27T200050Z,254b72a5f9a878ff80f00798e147e043e73931d20e3808a3b0c7eb1583ffba47,1.1
2020-10-12,2020-10-18,2020-10-12,2020-10-18,D6,2019,0.423628,24807049,2026-09-27T20:00:50Z,2026-09-27T20:00:50Z,https://www.epa.gov/fuels-registration-reporting-and-compliance-help/rin-trades-and-price-information,epa_rin/2026-09-27T200050Z,254b72a5f9a878ff80f00798e147e043e73931d20e3808a3b0c7eb1583ffba47,1.1
2020-10-12,2020-10-18,2020-10-12,2020-10-18,D6,2020,0.460000,323694717,2026-09-27T20:00:50Z,2026-09-27T20:00:50Z,https://www.epa.gov/fuels-registration-reporting-and-compliance-help/rin-trades-and-price-information,epa_rin/2026-09-27T200050Z,254b72a5f9a878ff80f00798e147e043e73931d20e3808a3b0c7eb1583ffba47,1.1
2020-10-19,2020-10-25,2020-10-19,2020-10-25,D6,2019,0.450000,11522018,2026-09-27T20:00:50Z,2026-09-27T20:00:50Z,https://www.epa.gov/fuels-registration-reporting-and-compliance-help/rin-trades-and-price-information,epa_rin/2026-09-27T200050Z,254b72a5f9a878ff80f00798e147e043e73931d20e3808a3b0c7eb1583ffba47,1.1
2020-10-19,2020-10-25,2020-10-19,2020-10-25,D6,2020,0.470000,347700411,2026-09-27T20:00:50Z,2026-09-27T20:00:50Z,https://www.epa.gov/fuels-registration-reporting-and-compliance-help/rin-trades-and-price-information,epa_rin/2026-09-27T200050Z,254b72a5f9a878ff80f00798e147e043e73931d20e3808a3b0c7eb1583ffba47,1.1
2020-10-26,2020-11-01,2020-10-26,2020-11-01,D6,2019,0.407114,5226215,2026-09-27T20:00:50Z,2026-09-27T20:00:50Z,https://www.epa.gov/fuels-registration-reporting-and-compliance-help/rin-trades-and-price-information,epa_rin/2026-09-27T200050Z,254b72a5f9a878ff80f00798e147e043e73931d20e3808a3b0c7eb1583ffba47,1.1
2020-10-26,2020-11-01,2020-10-26,2020-11-01,D6,2020,0.510000,388825883,2026-09-27T20:00:50Z,2026-09-27T20:00:50Z,https://www.epa.gov/fuels-registration-reporting-and-compliance-help/rin-trades-and-price-information,epa_rin/2026-09-27T200050Z,254b72a5f9a878ff80f00798e147e043e73931d20e3808a3b0c7eb1583ffba47,1.1
2020-11-02,2020-11-08,2020-11-02,2020-11-08,D6,2019,0.370000,24518708,2026-09-27T20:00:50Z,2026-09-27T20:00:50Z,https://www.epa.gov/fuels-registration-reporting-and-compliance-help/rin-trades-and-price-information,epa_rin/2026-09-27T200050Z,254b72a5f9a878ff80f00798e147e043e73931d20e3808a3b0c7eb1583ffba47,1.1
2020-11-02,2020-11-08,2020-11-02,2020-11-08,D6,2020,0.450000,280217823,2026-09-27T20:00:50Z,2026-09-27T20:00:50Z,https://www.epa.gov/fuels-registration-reporting-and-compliance-help/rin-trades-and-price-information,epa_rin/2026-09-27T200050Z,254b72a5f9a878ff80f00798e147e043e73931d20e3808a3b0c7eb1583ffba47,1.1
2020-11-09,2020-11-15,2020-11-09,2020-11-15,D6,2019,0.300438,49159100,2026-09-27T20:00:50Z,2026-09-27T20:00:50Z,https://www.epa.gov/fuels-registration-reporting-and-compliance-help/rin-trades-and-price-information,epa_rin/2026-09-27T200050Z,254b72a5f9a878ff80f00798e147e043e73931d20e3808a3b0c7eb1583ffba47,1.1
2020-11-09,2020-11-15,2020-11-09,2020-11-15,D6,2020,0.500000,375054185,2026-09-27T20:00:50Z,2026-09-27T20:00:50Z,https://www.epa.gov/fuels-registration-reporting-and-compliance-help/rin-trades-and-price-information,epa_rin/2026-09-27T200050Z,254b72a5f9a878ff80f00798e147e043e73931d20e3808a3b0c7eb1583ffba47,1.1
2020-11-16,2020-11-22,2020-11-16,2020-11-22,D6,2019,0.480000,58961866,2026-09-27T20:00:50Z,2026-09-27T20:00:50Z,https://www.epa.gov/fuels-registration-reporting-and-compliance-help/rin-trades-and-price-information,epa_rin/2026-09-27T200050Z,254b72a5f9a878ff80f00798e147e043e73931d20e3808a3b0c7eb1583ffba47,1.1
2020-11-16,2020-11-22,2020-11-16,2020-11-22,D6,2020,0.530000,389376287,2026-09-27T20:00:50Z,2026-09-27T20:00:50Z,https://www.epa.gov/fuels-registration-reporting-and-compliance-help/rin-trades-and-price-information,epa_rin/2026-09-27T200050Z,254b72a5f9a878ff80f00798e147e043e73931d20e3808a3b0c7eb1583ffba47,1.1
2020-11-23,2020-11-29,2020-11-23,2020-11-29,D6,2019,0.600000,2625062,2026-09-27T20:00:50Z,2026-09-27T20:00:50Z,https://www.epa.gov/fuels-registration-reporting-and-compliance-help/rin-trades-and-price-information,epa_rin/2026-09-27T200050Z,254b72a5f9a878ff80f00798e147e043e73931d20e3808a3b0c7eb1583ffba47,1.1
2020-11-23,2020-11-29,2020-11-23,2020-11-29,D6,2020,0.590000,202364726,2026-09-27T20:00:50Z,2026-09-27T20:00:50Z,https://www.epa.gov/fuels-registration-reporting-and-compliance-help/rin-trades-and-price-information,epa_rin/2026-09-27T200050Z,254b72a5f9a878ff80f00798e147e043e73931d20e3808a3b0c7eb1583ffba47,1.1
2020-11-30,2020-12-06,2020-11-30,2020-12-06,D6,2019,0.489013,63000574,2026-09-27T20:00:50Z,2026-09-27T20:00:50Z,https://www.epa.gov/fuels-registration-reporting-and-compliance-help/rin-trades-and-price-information,epa_rin/2026-09-27T200050Z,254b72a5f9a878ff80f00798e147e043e73931d20e3808a3b0c7eb1583ffba47,1.1
2020-11-30,2020-12-06,2020-11-30,2020-12-06,D6,2020,0.570000,270990520,2026-09-27T20:00:50Z,2026-09-27T20:00:50Z,https://www.epa.gov/fuels-registration-reporting-and-compliance-help/rin-trades-and-price-information,epa_rin/2026-09-27T200050Z,254b72a5f9a878ff80f00798e147e043e73931d20e3808a3b0c7eb1583ffba47,1.1
2020-12-07,2020-12-13,2020-12-07,2020-12-13,D6,2019,0.480013,74278280,2026-09-27T20:00:50Z,2026-09-27T20:00:50Z,https://www.epa.gov/fuels-registration-reporting-and-compliance-help/rin-trades-and-price-information,epa_rin/2026-09-27T200050Z,254b72a5f9a878ff80f00798e147e043e73931d20e3808a3b0c7eb1583ffba47,1.1
2020-12-07,2020-12-13,2020-12-07,2020-12-13,D6,2020,0.580000,338505313,2026-09-27T20:00:50Z,2026-09-27T20:00:50Z,https://www.epa.gov/fuels-registration-reporting-and-compliance-help/rin-trades-and-price-information,epa_rin/2026-09-27T200050Z,254b72a5f9a878ff80f00798e147e043e73931d20e3808a3b0c7eb1583ffba47,1.1
2020-12-14,2020-12-20,2020-12-14,2020-12-20,D6,2019,0.620000,45464044,2026-09-27T20:00:50Z,2026-09-27T20:00:50Z,https://www.epa.gov/fuels-registration-reporting-and-compliance-help/rin-trades-and-price-information,epa_rin/2026-09-27T200050Z,254b72a5f9a878ff80f00798e147e043e73931d20e3808a3b0c7eb1583ffba47,1.1
2020-12-14,2020-12-20,2020-12-14,2020-12-20,D6,2020,0.560149,504328083,2026-09-27T20:00:50Z,2026-09-27T20:00:50Z,https://www.epa.gov/fuels-registration-reporting-and-compliance-help/rin-trades-and-price-information,epa_rin/2026-09-27T200050Z,254b72a5f9a878ff80f00798e147e043e73931d20e3808a3b0c7eb1583ffba47,1.1
2020-12-21,2020-12-27,2020-12-21,2020-12-27,D6,2019,0.420000,3287007,2026-09-27T20:00:50Z,2026-09-27T20:00:50Z,https://www.epa.gov/fuels-registration-reporting-and-compliance-help/rin-trades-and-price-information,epa_rin/2026-09-27T200050Z,254b72a5f9a878ff80f00798e147e043e73931d20e3808a3b0c7eb1583ffba47,1.1
2020-12-21,2020-12-27,2020-12-21,2020-12-27,D6,2020,0.620000,290764972,2026-09-27T20:00:50Z,2026-09-27T20:00:50Z,https://www.epa.gov/fuels-registration-reporting-and-compliance-help/rin-trades-and-price-information,epa_rin/2026-09-27T200050Z,254b72a5f9a878ff80f00798e147e043e73931d20e3808a3b0c7eb1583ffba47,1.1
2020-12-28,2021-01-03,2020-12-28,2021-01-03,D6,2019,0.430000,13508007,2026-09-27T20:00:50Z,2026-09-27T20:00:50Z,https://www.epa.gov/fuels-registration-reporting-and-compliance-help/rin-trades-and-price-information,epa_rin/2026-09-27T200050Z,254b72a5f9a878ff80f00798e147e043e73931d20e3808a3b0c7eb1583ffba47,1.1
2020-12-28,2021-01-03,2020-12-28,2021-01-03,D6,2020,0.547934,317836889,2026-09-27T20:00:50Z,2026-09-27T20:00:50Z,https://www.epa.gov/fuels-registration-reporting-and-compliance-help/rin-trades-and-price-information,epa_rin/2026-09-27T200050Z,254b72a5f9a878ff80f00798e147e043e73931d20e3808a3b0c7eb1583ffba47,1.1
2021-01-04,2021-01-10,2021-01-04,2021-01-10,D6,2019,0.689458,118850300,2026-09-27T20:00:50Z,2026-09-27T20:00:50Z,https://www.epa.gov/fuels-registration-reporting-and-compliance-help/rin-trades-and-price-information,epa_rin/2026-09-27T200050Z,254b72a5f9a878ff80f00798e147e043e73931d20e3808a3b0c7eb1583ffba47,1.1
2021-01-04,2021-01-10,2021-01-04,2021-01-10,D6,2020,0.740000,420036188,2026-09-27T20:00:50Z,2026-09-27T20:00:50Z,https://www.epa.gov/fuels-registration-reporting-and-compliance-help/rin-trades-and-price-information,epa_rin/2026-09-27T200050Z,254b72a5f9a878ff80f00798e147e043e73931d20e3808a3b0c7eb1583ffba47,1.1
2021-01-04,2021-01-10,2021-01-04,2021-01-10,D6,2021,0.740000,6150522,2026-09-27T20:00:50Z,2026-09-27T20:00:50Z,https://www.epa.gov/fuels-registration-reporting-and-compliance-help/rin-trades-and-price-information,epa_rin/2026-09-27T200050Z,254b72a5f9a878ff80f00798e147e043e73931d20e3808a3b0c7eb1583ffba47,1.1
2021-01-11,2021-01-17,2021-01-11,2021-01-17,D6,2019,0.610000,127604540,2026-09-27T20:00:50Z,2026-09-27T20:00:50Z,https://www.epa.gov/fuels-registration-reporting-and-compliance-help/rin-trades-and-price-information,epa_rin/2026-09-27T200050Z,254b72a5f9a878ff80f00798e147e043e73931d20e3808a3b0c7eb1583ffba47,1.1
2021-01-11,2021-01-17,2021-01-11,2021-01-17,D6,2020,0.738229,340330044,2026-09-27T20:00:50Z,2026-09-27T20:00:50Z,https://www.epa.gov/fuels-registration-reporting-and-compliance-help/rin-trades-and-price-information,epa_rin/2026-09-27T200050Z,254b72a5f9a878ff80f00798e147e043e73931d20e3808a3b0c7eb1583ffba47,1.1
2021-01-11,2021-01-17,2021-01-11,2021-01-17,D6,2021,0.720000,13488711,2026-09-27T20:00:50Z,2026-09-27T20:00:50Z,https://www.epa.gov/fuels-registration-reporting-and-compliance-help/rin-trades-and-price-information,epa_rin/2026-09-27T200050Z,254b72a5f9a878ff80f00798e147e043e73931d20e3808a3b0c7eb1583ffba47,1.1
2021-01-18,2021-01-24,2021-01-18,2021-01-24,D6,2019,0.770000,43751649,2026-09-27T20:00:50Z,2026-09-27T20:00:50Z,https://www.epa.gov/fuels-registration-reporting-and-compliance-help/rin-trades-and-price-information,epa_rin/2026-09-27T200050Z,254b72a5f9a878ff80f00798e147e043e73931d20e3808a3b0c7eb1583ffba47,1.1
2021-01-18,2021-01-24,2021-01-18,2021-01-24,D6,2020,0.760000,359713893,2026-09-27T20:00:50Z,2026-09-27T20:00:50Z,https://www.epa.gov/fuels-registration-reporting-and-compliance-help/rin-trades-and-price-information,epa_rin/2026-09-27T200050Z,254b72a5f9a878ff80f00798e147e043e73931d20e3808a3b0c7eb1583ffba47,1.1
2021-01-18,2021-01-24,2021-01-18,2021-01-24,D6,2021,0.790000,38819946,2026-09-27T20:00:50Z,2026-09-27T20:00:50Z,https://www.epa.gov/fuels-registration-reporting-and-compliance-help/rin-trades-and-price-information,epa_rin/2026-09-27T200050Z,254b72a5f9a878ff80f00798e147e043e73931d20e3808a3b0c7eb1583ffba47,1.1
2021-01-25,2021-01-31,2021-01-25,2021-01-31,D6,2019,0.614326,105187947,2026-09-27T20:00:50Z,2026-09-27T20:00:50Z,https://www.epa.gov/fuels-registration-reporting-and-compliance-help/rin-trades-and-price-information,epa_rin/2026-09-27T200050Z,254b72a5f9a878ff80f00798e147e043e73931d20e3808a3b0c7eb1583ffba47,1.1
2021-01-25,2021-01-31,2021-01-25,2021-01-31,D6,2020,0.750038,372386214,2026-09-27T20:00:50Z,2026-09-27T20:00:50Z,https://www.epa.gov/fuels-registration-reporting-and-compliance-help/rin-trades-and-price-information,epa_rin/2026-09-27T200050Z,254b72a5f9a878ff80f00798e147e043e73931d20e3808a3b0c7eb1583ffba47,1.1
2021-01-25,2021-01-31,2021-01-25,2021-01-31,D6,2021,0.800000,50080566,2026-09-27T20:00:50Z,2026-09-27T20:00:50Z,https://www.epa.gov/fuels-registration-reporting-and-compliance-help/rin-trades-and-price-information,epa_rin/2026-09-27T200050Z,254b72a5f9a878ff80f00798e147e043e73931d20e3808a3b0c7eb1583ffba47,1.1
2021-02-01,2021-02-07,2021-02-01,2021-02-07,D6,2019,0.520000,107956447,2026-09-27T20:00:50Z,2026-09-27T20:00:50Z,https://www.epa.gov/fuels-registration-reporting-and-compliance-help/rin-trades-and-price-information,epa_rin/2026-09-27T200050Z,254b72a5f9a878ff80f00798e147e043e73931d20e3808a3b0c7eb1583ffba47,1.1
2021-02-01,2021-02-07,2021-02-01,2021-02-07,D6,2020,0.890000,119604348,2026-09-27T20:00:50Z,2026-09-27T20:00:50Z,https://www.epa.gov/fuels-registration-reporting-and-compliance-help/rin-trades-and-price-information,epa_rin/2026-09-27T200050Z,254b72a5f9a878ff80f00798e147e043e73931d20e3808a3b0c7eb1583ffba47,1.1
2021-02-01,2021-02-07,2021-02-01,2021-02-07,D6,2021,0.810000,119989064,2026-09-27T20:00:50Z,2026-09-27T20:00:50Z,https://www.epa.gov/fuels-registration-reporting-and-compliance-help/rin-trades-and-price-information,epa_rin/2026-09-27T200050Z,254b72a5f9a878ff80f00798e147e043e73931d20e3808a3b0c7eb1583ffba47,1.1
2021-02-08,2021-02-14,2021-02-08,2021-02-14,D6,2019,0.740000,38294107,2026-09-27T20:00:50Z,2026-09-27T20:00:50Z,https://www.epa.gov/fuels-registration-reporting-and-compliance-help/rin-trades-and-price-information,epa_rin/2026-09-27T200050Z,254b72a5f9a878ff80f00798e147e043e73931d20e3808a3b0c7eb1583ffba47,1.1
2021-02-08,2021-02-14,2021-02-08,2021-02-14,D6,2020,0.830000,185621444,2026-09-27T20:00:50Z,2026-09-27T20:00:50Z,https://www.epa.gov/fuels-registration-reporting-and-compliance-help/rin-trades-and-price-information,epa_rin/2026-09-27T200050Z,254b72a5f9a878ff80f00798e147e043e73931d20e3808a3b0c7eb1583ffba47,1.1
2021-02-08,2021-02-14,2021-02-08,2021-02-14,D6,2021,0.840000,90736087,2026-09-27T20:00:50Z,2026-09-27T20:00:50Z,https://www.epa.gov/fuels-registration-reporting-and-compliance-help/rin-trades-and-price-information,epa_rin/2026-09-27T200050Z,254b72a5f9a878ff80f00798e147e043e73931d20e3808a3b0c7eb1583ffba47,1.1
2021-02-15,2021-02-21,2021-02-15,2021-02-21,D6,2019,0.450000,14500000,2026-09-27T20:00:50Z,2026-09-27T20:00:50Z,https://www.epa.gov/fuels-registration-reporting-and-compliance-help/rin-trades-and-price-information,epa_rin/2026-09-27T200050Z,254b72a5f9a878ff80f00798e147e043e73931d20e3808a3b0c7eb1583ffba47,1.1
2021-02-15,2021-02-21,2021-02-15,2021-02-21,D6,2020,0.730000,183706872,2026-09-27T20:00:50Z,2026-09-27T20:00:50Z,https://www.epa.gov/fuels-registration-reporting-and-compliance-help/rin-trades-and-price-information,epa_rin/2026-09-27T200050Z,254b72a5f9a878ff80f00798e147e043e73931d20e3808a3b0c7eb1583ffba47,1.1
2021-02-15,2021-02-21,2021-02-15,2021-02-21,D6,2021,0.840000,120040144,2026-09-27T20:00:50Z,2026-09-27T20:00:50Z,https://www.epa.gov/fuels-registration-reporting-and-compliance-help/rin-trades-and-price-information,epa_rin/2026-09-27T200050Z,254b72a5f9a878ff80f00798e147e043e73931d20e3808a3b0c7eb1583ffba47,1.1
2021-02-22,2021-02-28,2021-02-22,2021-02-28,D6,2019,0.880000,33450416,2026-09-27T20:00:50Z,2026-09-27T20:00:50Z,https://www.epa.gov/fuels-registration-reporting-and-compliance-help/rin-trades-and-price-information,epa_rin/2026-09-27T200050Z,254b72a5f9a878ff80f00798e147e043e73931d20e3808a3b0c7eb1583ffba47,1.1
2021-02-22,2021-02-28,2021-02-22,2021-02-28,D6,2020,0.790000,178103402,2026-09-27T20:00:50Z,2026-09-27T20:00:50Z,https://www.epa.gov/fuels-registration-reporting-and-compliance-help/rin-trades-and-price-information,epa_rin/2026-09-27T200050Z,254b72a5f9a878ff80f00798e147e043e73931d20e3808a3b0c7eb1583ffba47,1.1
2021-02-22,2021-02-28,2021-02-22,2021-02-28,D6,2021,0.930000,186360362,2026-09-27T20:00:50Z,2026-09-27T20:00:50Z,https://www.epa.gov/fuels-registration-reporting-and-compliance-help/rin-trades-and-price-information,epa_rin/2026-09-27T200050Z,254b72a5f9a878ff80f00798e147e043e73931d20e3808a3b0c7eb1583ffba47,1.1
2021-03-01,2021-03-07,2021-03-01,2021-03-07,D6,2019,0.940000,13848996,2026-09-27T20:00:50Z,2026-09-27T20:00:50Z,https://www.epa.gov/fuels-registration-reporting-and-compliance-help/rin-trades-and-price-information,epa_rin/2026-09-27T200050Z,254b72a5f9a878ff80f00798e147e043e73931d20e3808a3b0c7eb1583ffba47,1.1
2021-03-01,2021-03-07,2021-03-01,2021-03-07,D6,2020,1.019994,105557130,2026-09-27T20:00:50Z,2026-09-27T20:00:50Z,https://www.epa.gov/fuels-registration-reporting-and-compliance-help/rin-trades-and-price-information,epa_rin/2026-09-27T200050Z,254b72a5f9a878ff80f00798e147e043e73931d20e3808a3b0c7eb1583ffba47,1.1
2021-03-01,2021-03-07,2021-03-01,2021-03-07,D6,2021,0.980000,181338593,2026-09-27T20:00:50Z,2026-09-27T20:00:50Z,https://www.epa.gov/fuels-registration-reporting-and-compliance-help/rin-trades-and-price-information,epa_rin/2026-09-27T200050Z,254b72a5f9a878ff80f00798e147e043e73931d20e3808a3b0c7eb1583ffba47,1.1
2021-03-08,2021-03-14,2021-03-08,2021-03-14,D6,2019,0.966989,7063544,2026-09-27T20:00:50Z,2026-09-27T20:00:50Z,https://www.epa.gov/fuels-registration-reporting-and-compliance-help/rin-trades-and-price-information,epa_rin/2026-09-27T200050Z,254b72a5f9a878ff80f00798e147e043e73931d20e3808a3b0c7eb1583ffba47,1.1
2021-03-08,2021-03-14,2021-03-08,2021-03-14,D6,2020,0.910000,86376005,2026-09-27T20:00:50Z,2026-09-27T20:00:50Z,https://www.epa.gov/fuels-registration-reporting-and-compliance-help/rin-trades-and-price-information,epa_rin/2026-09-27T200050Z,254b72a5f9a878ff80f00798e147e043e73931d20e3808a3b0c7eb1583ffba47,1.1
2021-03-08,2021-03-14,2021-03-08,2021-03-14,D6,2021,1.000000,189921549,2026-09-27T20:00:50Z,2026-09-27T20:00:50Z,https://www.epa.gov/fuels-registration-reporting-and-compliance-help/rin-trades-and-price-information,epa_rin/2026-09-27T200050Z,254b72a5f9a878ff80f00798e147e043e73931d20e3808a3b0c7eb1583ffba47,1.1
2021-03-15,2021-03-21,2021-03-15,2021-03-21,D6,2019,0.879202,8766699,2026-09-27T20:00:50Z,2026-09-27T20:00:50Z,https://www.epa.gov/fuels-registration-reporting-and-compliance-help/rin-trades-and-price-information,epa_rin/2026-09-27T200050Z,254b72a5f9a878ff80f00798e147e043e73931d20e3808a3b0c7eb1583ffba47,1.1
2021-03-15,2021-03-21,2021-03-15,2021-03-21,D6,2020,1.020000,133991985,2026-09-27T20:00:50Z,2026-09-27T20:00:50Z,https://www.epa.gov/fuels-registration-reporting-and-compliance-help/rin-trades-and-price-information,epa_rin/2026-09-27T200050Z,254b72a5f9a878ff80f00798e147e043e73931d20e3808a3b0c7eb1583ffba47,1.1
2021-03-15,2021-03-21,2021-03-15,2021-03-21,D6,2021,0.990000,359385658,2026-09-27T20:00:50Z,2026-09-27T20:00:50Z,https://www.epa.gov/fuels-registration-reporting-and-compliance-help/rin-trades-and-price-information,epa_rin/2026-09-27T200050Z,254b72a5f9a878ff80f00798e147e043e73931d20e3808a3b0c7eb1583ffba47,1.1
2021-03-22,2021-03-28,2021-03-22,2021-03-28,D6,2019,1.000307,130085445,2026-09-27T20:00:50Z,2026-09-27T20:00:50Z,https://www.epa.gov/fuels-registration-reporting-and-compliance-help/rin-trades-and-price-information,epa_rin/2026-09-27T200050Z,254b72a5f9a878ff80f00798e147e043e73931d20e3808a3b0c7eb1583ffba47,1.1
2021-03-22,2021-03-28,2021-03-22,2021-03-28,D6,2020,1.000102,61351247,2026-09-27T20:00:50Z,2026-09-27T20:00:50Z,https://www.epa.gov/fuels-registration-reporting-and-compliance-help/rin-trades-and-price-information,epa_rin/2026-09-27T200050Z,254b72a5f9a878ff80f00798e147e043e73931d20e3808a3b0c7eb1583ffba47,1.1
2021-03-22,2021-03-28,2021-03-22,2021-03-28,D6,2021,0.990223,230916368,2026-09-27T20:00:50Z,2026-09-27T20:00:50Z,https://www.epa.gov/fuels-registration-reporting-and-compliance-help/rin-trades-and-price-information,epa_rin/2026-09-27T200050Z,254b72a5f9a878ff80f00798e147e043e73931d20e3808a3b0c7eb1583ffba47,1.1
2021-03-29,2021-04-04,2021-03-29,2021-04-04,D6,2019,1.330000,2075682,2026-09-27T20:00:50Z,2026-09-27T20:00:50Z,https://www.epa.gov/fuels-registration-reporting-and-compliance-help/rin-trades-and-price-information,epa_rin/2026-09-27T200050Z,254b72a5f9a878ff80f00798e147e043e73931d20e3808a3b0c7eb1583ffba47,1.1
2021-03-29,2021-04-04,2021-03-29,2021-04-04,D6,2020,1.090655,29892932,2026-09-27T20:00:50Z,2026-09-27T20:00:50Z,https://www.epa.gov/fuels-registration-reporting-and-compliance-help/rin-trades-and-price-information,epa_rin/2026-09-27T200050Z,254b72a5f9a878ff80f00798e147e043e73931d20e3808a3b0c7eb1583ffba47,1.1
2021-03-29,2021-04-04,2021-03-29,2021-04-04,D6,2021,1.080000,296632869,2026-09-27T20:00:50Z,2026-09-27T20:00:50Z,https://www.epa.gov/fuels-registration-reporting-and-compliance-help/rin-trades-and-price-information,epa_rin/2026-09-27T200050Z,254b72a5f9a878ff80f00798e147e043e73931d20e3808a3b0c7eb1583ffba47,1.1
2021-04-05,2021-04-11,2021-04-05,2021-04-11,D6,2018,0.990000,229808,2026-09-27T20:00:50Z,2026-09-27T20:00:50Z,https://www.epa.gov/fuels-registration-reporting-and-compliance-help/rin-trades-and-price-information,epa_rin/2026-09-27T200050Z,254b72a5f9a878ff80f00798e147e043e73931d20e3808a3b0c7eb1583ffba47,1.1
2021-04-05,2021-04-11,2021-04-05,2021-04-11,D6,2020,1.020000,40949306,2026-09-27T20:00:50Z,2026-09-27T20:00:50Z,https://www.epa.gov/fuels-registration-reporting-and-compliance-help/rin-trades-and-price-information,epa_rin/2026-09-27T200050Z,254b72a5f9a878ff80f00798e147e043e73931d20e3808a3b0c7eb1583ffba47,1.1
2021-04-05,2021-04-11,2021-04-05,2021-04-11,D6,2021,1.150000,208809302,2026-09-27T20:00:50Z,2026-09-27T20:00:50Z,https://www.epa.gov/fuels-registration-reporting-and-compliance-help/rin-trades-and-price-information,epa_rin/2026-09-27T200050Z,254b72a5f9a878ff80f00798e147e043e73931d20e3808a3b0c7eb1583ffba47,1.1
2021-04-12,2021-04-18,2021-04-12,2021-04-18,D6,2020,1.080000,19044363,2026-09-27T20:00:50Z,2026-09-27T20:00:50Z,https://www.epa.gov/fuels-registration-reporting-and-compliance-help/rin-trades-and-price-information,epa_rin/2026-09-27T200050Z,254b72a5f9a878ff80f00798e147e043e73931d20e3808a3b0c7eb1583ffba47,1.1
2021-04-12,2021-04-18,2021-04-12,2021-04-18,D6,2021,1.170000,312241810,2026-09-27T20:00:50Z,2026-09-27T20:00:50Z,https://www.epa.gov/fuels-registration-reporting-and-compliance-help/rin-trades-and-price-information,epa_rin/2026-09-27T200050Z,254b72a5f9a878ff80f00798e147e043e73931d20e3808a3b0c7eb1583ffba47,1.1
2021-04-19,2021-04-25,2021-04-19,2021-04-25,D6,2020,1.190000,23128414,2026-09-27T20:00:50Z,2026-09-27T20:00:50Z,https://www.epa.gov/fuels-registration-reporting-and-compliance-help/rin-trades-and-price-information,epa_rin/2026-09-27T200050Z,254b72a5f9a878ff80f00798e147e043e73931d20e3808a3b0c7eb1583ffba47,1.1
2021-04-19,2021-04-25,2021-04-19,2021-04-25,D6,2021,1.240000,236202616,2026-09-27T20:00:50Z,2026-09-27T20:00:50Z,https://www.epa.gov/fuels-registration-reporting-and-compliance-help/rin-trades-and-price-information,epa_rin/2026-09-27T200050Z,254b72a5f9a878ff80f00798e147e043e73931d20e3808a3b0c7eb1583ffba47,1.1
2021-04-26,2021-05-02,2021-04-26,2021-05-02,D6,2019,1.250000,137605,2026-09-27T20:00:50Z,2026-09-27T20:00:50Z,https://www.epa.gov/fuels-registration-reporting-and-compliance-help/rin-trades-and-price-information,epa_rin/2026-09-27T200050Z,254b72a5f9a878ff80f00798e147e043e73931d20e3808a3b0c7eb1583ffba47,1.1
2021-04-26,2021-05-02,2021-04-26,2021-05-02,D6,2020,1.280000,15403633,2026-09-27T20:00:50Z,2026-09-27T20:00:50Z,https://www.epa.gov/fuels-registration-reporting-and-compliance-help/rin-trades-and-price-information,epa_rin/2026-09-27T200050Z,254b72a5f9a878ff80f00798e147e043e73931d20e3808a3b0c7eb1583ffba47,1.1
2021-04-26,2021-05-02,2021-04-26,2021-05-02,D6,2021,1.220000,393515676,2026-09-27T20:00:50Z,2026-09-27T20:00:50Z,https://www.epa.gov/fuels-registration-reporting-and-compliance-help/rin-trades-and-price-information,epa_rin/2026-09-27T200050Z,254b72a5f9a878ff80f00798e147e043e73931d20e3808a3b0c7eb1583ffba47,1.1
2021-05-03,2021-05-09,2021-05-03,2021-05-09,D6,2019,1.300000,74932,2026-09-27T20:00:50Z,2026-09-27T20:00:50Z,https://www.epa.gov/fuels-registration-reporting-and-compliance-help/rin-trades-and-price-information,epa_rin/2026-09-27T200050Z,254b72a5f9a878ff80f00798e147e043e73931d20e3808a3b0c7eb1583ffba47,1.1
2021-05-03,2021-05-09,2021-05-03,2021-05-09,D6,2020,1.210000,38659309,2026-09-27T20:00:50Z,2026-09-27T20:00:50Z,https://www.epa.gov/fuels-registration-reporting-and-compliance-help/rin-trades-and-price-information,epa_rin/2026-09-27T200050Z,254b72a5f9a878ff80f00798e147e043e73931d20e3808a3b0c7eb1583ffba47,1.1
2021-05-03,2021-05-09,2021-05-03,2021-05-09,D6,2021,1.310000,265326684,2026-09-27T20:00:50Z,2026-09-27T20:00:50Z,https://www.epa.gov/fuels-registration-reporting-and-compliance-help/rin-trades-and-price-information,epa_rin/2026-09-27T200050Z,254b72a5f9a878ff80f00798e147e043e73931d20e3808a3b0c7eb1583ffba47,1.1
2021-05-10,2021-05-16,2021-05-10,2021-05-16,D6,2020,1.260000,20625575,2026-09-27T20:00:50Z,2026-09-27T20:00:50Z,https://www.epa.gov/fuels-registration-reporting-and-compliance-help/rin-trades-and-price-information,epa_rin/2026-09-27T200050Z,254b72a5f9a878ff80f00798e147e043e73931d20e3808a3b0c7eb1583ffba47,1.1
2021-05-10,2021-05-16,2021-05-10,2021-05-16,D6,2021,1.310000,278872203,2026-09-27T20:00:50Z,2026-09-27T20:00:50Z,https://www.epa.gov/fuels-registration-reporting-and-compliance-help/rin-trades-and-price-information,epa_rin/2026-09-27T200050Z,254b72a5f9a878ff80f00798e147e043e73931d20e3808a3b0c7eb1583ffba47,1.1
2021-05-17,2021-05-23,2021-05-17,2021-05-23,D6,2020,1.580000,4055363,2026-09-27T20:00:50Z,2026-09-27T20:00:50Z,https://www.epa.gov/fuels-registration-reporting-and-compliance-help/rin-trades-and-price-information,epa_rin/2026-09-27T200050Z,254b72a5f9a878ff80f00798e147e043e73931d20e3808a3b0c7eb1583ffba47,1.1
2021-05-17,2021-05-23,2021-05-17,2021-05-23,D6,2021,1.400000,338162111,2026-09-27T20:00:50Z,2026-09-27T20:00:50Z,https://www.epa.gov/fuels-registration-reporting-and-compliance-help/rin-trades-and-price-information,epa_rin/2026-09-27T200050Z,254b72a5f9a878ff80f00798e147e043e73931d20e3808a3b0c7eb1583ffba47,1.1
2021-05-24,2021-05-30,2021-05-24,2021-05-30,D6,2019,1.730000,142314,2026-09-27T20:00:50Z,2026-09-27T20:00:50Z,https://www.epa.gov/fuels-registration-reporting-and-compliance-help/rin-trades-and-price-information,epa_rin/2026-09-27T200050Z,254b72a5f9a878ff80f00798e147e043e73931d20e3808a3b0c7eb1583ffba47,1.1
2021-05-24,2021-05-30,2021-05-24,2021-05-30,D6,2020,1.780000,13104988,2026-09-27T20:00:50Z,2026-09-27T20:00:50Z,https://www.epa.gov/fuels-registration-reporting-and-compliance-help/rin-trades-and-price-information,epa_rin/2026-09-27T200050Z,254b72a5f9a878ff80f00798e147e043e73931d20e3808a3b0c7eb1583ffba47,1.1
2021-05-24,2021-05-30,2021-05-24,2021-05-30,D6,2021,1.430000,355474667,2026-09-27T20:00:50Z,2026-09-27T20:00:50Z,https://www.epa.gov/fuels-registration-reporting-and-compliance-help/rin-trades-and-price-information,epa_rin/2026-09-27T200050Z,254b72a5f9a878ff80f00798e147e043e73931d20e3808a3b0c7eb1583ffba47,1.1
2021-05-31,2021-06-06,2021-05-31,2021-06-06,D6,2020,1.390000,58737637,2026-09-27T20:00:50Z,2026-09-27T20:00:50Z,https://www.epa.gov/fuels-registration-reporting-and-compliance-help/rin-trades-and-price-information,epa_rin/2026-09-27T200050Z,254b72a5f9a878ff80f00798e147e043e73931d20e3808a3b0c7eb1583ffba47,1.1
2021-05-31,2021-06-06,2021-05-31,2021-06-06,D6,2021,1.310000,278508208,2026-09-27T20:00:50Z,2026-09-27T20:00:50Z,https://www.epa.gov/fuels-registration-reporting-and-compliance-help/rin-trades-and-price-information,epa_rin/2026-09-27T200050Z,254b72a5f9a878ff80f00798e147e043e73931d20e3808a3b0c7eb1583ffba47,1.1
2021-06-07,2021-06-13,2021-06-07,2021-06-13,D6,2020,1.440000,35375788,2026-09-27T20:00:50Z,2026-09-27T20:00:50Z,https://www.epa.gov/fuels-registration-reporting-and-compliance-help/rin-trades-and-price-information,epa_rin/2026-09-27T200050Z,254b72a5f9a878ff80f00798e147e043e73931d20e3808a3b0c7eb1583ffba47,1.1
2021-06-07,2021-06-13,2021-06-07,2021-06-13,D6,2021,1.440000,412565723,2026-09-27T20:00:50Z,2026-09-27T20:00:50Z,https://www.epa.gov/fuels-registration-reporting-and-compliance-help/rin-trades-and-price-information,epa_rin/2026-09-27T200050Z,254b72a5f9a878ff80f00798e147e043e73931d20e3808a3b0c7eb1583ffba47,1.1
2021-06-14,2021-06-20,2021-06-14,2021-06-20,D6,2020,1.720000,35582424,2026-09-27T20:00:50Z,2026-09-27T20:00:50Z,https://www.epa.gov/fuels-registration-reporting-and-compliance-help/rin-trades-and-price-information,epa_rin/2026-09-27T200050Z,254b72a5f9a878ff80f00798e147e043e73931d20e3808a3b0c7eb1583ffba47,1.1
2021-06-14,2021-06-20,2021-06-14,2021-06-20,D6,2021,1.370000,478578161,2026-09-27T20:00:50Z,2026-09-27T20:00:50Z,https://www.epa.gov/fuels-registration-reporting-and-compliance-help/rin-trades-and-price-information,epa_rin/2026-09-27T200050Z,254b72a5f9a878ff80f00798e147e043e73931d20e3808a3b0c7eb1583ffba47,1.1
2021-06-21,2021-06-27,2021-06-21,2021-06-27,D6,2020,1.540000,44327645,2026-09-27T20:00:50Z,2026-09-27T20:00:50Z,https://www.epa.gov/fuels-registration-reporting-and-compliance-help/rin-trades-and-price-information,epa_rin/2026-09-27T200050Z,254b72a5f9a878ff80f00798e147e043e73931d20e3808a3b0c7eb1583ffba47,1.1
2021-06-21,2021-06-27,2021-06-21,2021-06-27,D6,2021,1.490000,323093825,2026-09-27T20:00:50Z,2026-09-27T20:00:50Z,https://www.epa.gov/fuels-registration-reporting-and-compliance-help/rin-trades-and-price-information,epa_rin/2026-09-27T200050Z,254b72a5f9a878ff80f00798e147e043e73931d20e3808a3b0c7eb1583ffba47,1.1
2021-06-28,2021-07-04,2021-06-28,2021-07-04,D6,2019,1.360000,183902,2026-09-27T20:00:50Z,2026-09-27T20:00:50Z,https://www.epa.gov/fuels-registration-reporting-and-compliance-help/rin-trades-and-price-information,epa_rin/2026-09-27T200050Z,254b72a5f9a878ff80f00798e147e043e73931d20e3808a3b0c7eb1583ffba47,1.1
2021-06-28,2021-07-04,2021-06-28,2021-07-04,D6,2020,1.469967,28192706,2026-09-27T20:00:50Z,2026-09-27T20:00:50Z,https://www.epa.gov/fuels-registration-reporting-and-compliance-help/rin-trades-and-price-information,epa_rin/2026-09-27T200050Z,254b72a5f9a878ff80f00798e147e043e73931d20e3808a3b0c7eb1583ffba47,1.1
2021-06-28,2021-07-04,2021-06-28,2021-07-04,D6,2021,1.290000,406019372,2026-09-27T20:00:50Z,2026-09-27T20:00:50Z,https://www.epa.gov/fuels-registration-reporting-and-compliance-help/rin-trades-and-price-information,epa_rin/2026-09-27T200050Z,254b72a5f9a878ff80f00798e147e043e73931d20e3808a3b0c7eb1583ffba47,1.1
2021-07-05,2021-07-11,2021-07-05,2021-07-11,D6,2020,1.920000,503165,2026-09-27T20:00:50Z,2026-09-27T20:00:50Z,https://www.epa.gov/fuels-registration-reporting-and-compliance-help/rin-trades-and-price-information,epa_rin/2026-09-27T200050Z,254b72a5f9a878ff80f00798e147e043e73931d20e3808a3b0c7eb1583ffba47,1.1
2021-07-05,2021-07-11,2021-07-05,2021-07-11,D6,2021,1.350000,308876730,2026-09-27T20:00:50Z,2026-09-27T20:00:50Z,https://www.epa.gov/fuels-registration-reporting-and-compliance-help/rin-trades-and-price-information,epa_rin/2026-09-27T200050Z,254b72a5f9a878ff80f00798e147e043e73931d20e3808a3b0c7eb1583ffba47,1.1
2021-07-12,2021-07-18,2021-07-12,2021-07-18,D6,2019,1.390000,115803,2026-09-27T20:00:50Z,2026-09-27T20:00:50Z,https://www.epa.gov/fuels-registration-reporting-and-compliance-help/rin-trades-and-price-information,epa_rin/2026-09-27T200050Z,254b72a5f9a878ff80f00798e147e043e73931d20e3808a3b0c7eb1583ffba47,1.1
2021-07-12,2021-07-18,2021-07-12,2021-07-18,D6,2020,1.480000,17000000,2026-09-27T20:00:50Z,2026-09-27T20:00:50Z,https://www.epa.gov/fuels-registration-reporting-and-compliance-help/rin-trades-and-price-information,epa_rin/2026-09-27T200050Z,254b72a5f9a878ff80f00798e147e043e73931d20e3808a3b0c7eb1583ffba47,1.1
2021-07-12,2021-07-18,2021-07-12,2021-07-18,D6,2021,1.560000,385813770,2026-09-27T20:00:50Z,2026-09-27T20:00:50Z,https://www.epa.gov/fuels-registration-reporting-and-compliance-help/rin-trades-and-price-information,epa_rin/2026-09-27T200050Z,254b72a5f9a878ff80f00798e147e043e73931d20e3808a3b0c7eb1583ffba47,1.1
2021-07-19,2021-07-25,2021-07-19,2021-07-25,D6,2020,1.470000,5010586,2026-09-27T20:00:50Z,2026-09-27T20:00:50Z,https://www.epa.gov/fuels-registration-reporting-and-compliance-help/rin-trades-and-price-information,epa_rin/2026-09-27T200050Z,254b72a5f9a878ff80f00798e147e043e73931d20e3808a3b0c7eb1583ffba47,1.1
2021-07-19,2021-07-25,2021-07-19,2021-07-25,D6,2021,1.500000,306380390,2026-09-27T20:00:50Z,2026-09-27T20:00:50Z,https://www.epa.gov/fuels-registration-reporting-and-compliance-help/rin-trades-and-price-information,epa_rin/2026-09-27T200050Z,254b72a5f9a878ff80f00798e147e043e73931d20e3808a3b0c7eb1583ffba47,1.1
2021-07-26,2021-08-01,2021-07-26,2021-08-01,D6,2019,1.530000,1217386,2026-09-27T20:00:50Z,2026-09-27T20:00:50Z,https://www.epa.gov/fuels-registration-reporting-and-compliance-help/rin-trades-and-price-information,epa_rin/2026-09-27T200050Z,254b72a5f9a878ff80f00798e147e043e73931d20e3808a3b0c7eb1583ffba47,1.1
2021-07-26,2021-08-01,2021-07-26,2021-08-01,D6,2020,1.430000,2843135,2026-09-27T20:00:50Z,2026-09-27T20:00:50Z,https://www.epa.gov/fuels-registration-reporting-and-compliance-help/rin-trades-and-price-information,epa_rin/2026-09-27T200050Z,254b72a5f9a878ff80f00798e147e043e73931d20e3808a3b0c7eb1583ffba47,1.1
2021-07-26,2021-08-01,2021-07-26,2021-08-01,D6,2021,1.480000,401030215,2026-09-27T20:00:50Z,2026-09-27T20:00:50Z,https://www.epa.gov/fuels-registration-reporting-and-compliance-help/rin-trades-and-price-information,epa_rin/2026-09-27T200050Z,254b72a5f9a878ff80f00798e147e043e73931d20e3808a3b0c7eb1583ffba47,1.1
2021-08-02,2021-08-08,2021-08-02,2021-08-08,D6,2020,1.570000,5680716,2026-09-27T20:00:50Z,2026-09-27T20:00:50Z,https://www.epa.gov/fuels-registration-reporting-and-compliance-help/rin-trades-and-price-information,epa_rin/2026-09-27T200050Z,254b72a5f9a878ff80f00798e147e043e73931d20e3808a3b0c7eb1583ffba47,1.1
2021-08-02,2021-08-08,2021-08-02,2021-08-08,D6,2021,1.510000,264139621,2026-09-27T20:00:50Z,2026-09-27T20:00:50Z,https://www.epa.gov/fuels-registration-reporting-and-compliance-help/rin-trades-and-price-information,epa_rin/2026-09-27T200050Z,254b72a5f9a878ff80f00798e147e043e73931d20e3808a3b0c7eb1583ffba47,1.1
2021-08-09,2021-08-15,2021-08-09,2021-08-15,D6,2020,1.480000,6473469,2026-09-27T20:00:50Z,2026-09-27T20:00:50Z,https://www.epa.gov/fuels-registration-reporting-and-compliance-help/rin-trades-and-price-information,epa_rin/2026-09-27T200050Z,254b72a5f9a878ff80f00798e147e043e73931d20e3808a3b0c7eb1583ffba47,1.1
2021-08-09,2021-08-15,2021-08-09,2021-08-15,D6,2021,1.410000,186556843,2026-09-27T20:00:50Z,2026-09-27T20:00:50Z,https://www.epa.gov/fuels-registration-reporting-and-compliance-help/rin-trades-and-price-information,epa_rin/2026-09-27T200050Z,254b72a5f9a878ff80f00798e147e043e73931d20e3808a3b0c7eb1583ffba47,1.1
2021-08-16,2021-08-22,2021-08-16,2021-08-22,D6,2020,1.670000,3182886,2026-09-27T20:00:50Z,2026-09-27T20:00:50Z,https://www.epa.gov/fuels-registration-reporting-and-compliance-help/rin-trades-and-price-information,epa_rin/2026-09-27T200050Z,254b72a5f9a878ff80f00798e147e043e73931d20e3808a3b0c7eb1583ffba47,1.1
2021-08-16,2021-08-22,2021-08-16,2021-08-22,D6,2021,1.590000,186442866,2026-09-27T20:00:50Z,2026-09-27T20:00:50Z,https://www.epa.gov/fuels-registration-reporting-and-compliance-help/rin-trades-and-price-information,epa_rin/2026-09-27T200050Z,254b72a5f9a878ff80f00798e147e043e73931d20e3808a3b0c7eb1583ffba47,1.1
2021-08-23,2021-08-29,2021-08-23,2021-08-29,D6,2021,1.500000,226025664,2026-09-27T20:00:50Z,2026-09-27T20:00:50Z,https://www.epa.gov/fuels-registration-reporting-and-compliance-help/rin-trades-and-price-information,epa_rin/2026-09-27T200050Z,254b72a5f9a878ff80f00798e147e043e73931d20e3808a3b0c7eb1583ffba47,1.1
2021-08-30,2021-09-05,2021-08-30,2021-09-05,D6,2020,1.510000,16755125,2026-09-27T20:00:50Z,2026-09-27T20:00:50Z,https://www.epa.gov/fuels-registration-reporting-and-compliance-help/rin-trades-and-price-information,epa_rin/2026-09-27T200050Z,254b72a5f9a878ff80f00798e147e043e73931d20e3808a3b0c7eb1583ffba47,1.1
2021-08-30,2021-09-05,2021-08-30,2021-09-05,D6,2021,1.460000,355907475,2026-09-27T20:00:50Z,2026-09-27T20:00:50Z,https://www.epa.gov/fuels-registration-reporting-and-compliance-help/rin-trades-and-price-information,epa_rin/2026-09-27T200050Z,254b72a5f9a878ff80f00798e147e043e73931d20e3808a3b0c7eb1583ffba47,1.1
2021-09-06,2021-09-12,2021-09-06,2021-09-12,D6,2020,1.497683,14000000,2026-09-27T20:00:50Z,2026-09-27T20:00:50Z,https://www.epa.gov/fuels-registration-reporting-and-compliance-help/rin-trades-and-price-information,epa_rin/2026-09-27T200050Z,254b72a5f9a878ff80f00798e147e043e73931d20e3808a3b0c7eb1583ffba47,1.1
2021-09-06,2021-09-12,2021-09-06,2021-09-12,D6,2021,1.420000,239862370,2026-09-27T20:00:50Z,2026-09-27T20:00:50Z,https://www.epa.gov/fuels-registration-reporting-and-compliance-help/rin-trades-and-price-information,epa_rin/2026-09-27T200050Z,254b72a5f9a878ff80f00798e147e043e73931d20e3808a3b0c7eb1583ffba47,1.1
2021-09-13,2021-09-19,2021-09-13,2021-09-19,D6,2020,1.370000,3664612,2026-09-27T20:00:50Z,2026-09-27T20:00:50Z,https://www.epa.gov/fuels-registration-reporting-and-compliance-help/rin-trades-and-price-information,epa_rin/2026-09-27T200050Z,254b72a5f9a878ff80f00798e147e043e73931d20e3808a3b0c7eb1583ffba47,1.1
2021-09-13,2021-09-19,2021-09-13,2021-09-19,D6,2021,1.410000,362426286,2026-09-27T20:00:50Z,2026-09-27T20:00:50Z,https://www.epa.gov/fuels-registration-reporting-and-compliance-help/rin-trades-and-price-information,epa_rin/2026-09-27T200050Z,254b72a5f9a878ff80f00798e147e043e73931d20e3808a3b0c7eb1583ffba47,1.1
2021-09-20,2021-09-26,2021-09-20,2021-09-26,D6,2019,1.260000,6725,2026-09-27T20:00:50Z,2026-09-27T20:00:50Z,https://www.epa.gov/fuels-registration-reporting-and-compliance-help/rin-trades-and-price-information,epa_rin/2026-09-27T200050Z,254b72a5f9a878ff80f00798e147e043e73931d20e3808a3b0c7eb1583ffba47,1.1
2021-09-20,2021-09-26,2021-09-20,2021-09-26,D6,2020,1.490000,20910042,2026-09-27T20:00:50Z,2026-09-27T20:00:50Z,https://www.epa.gov/fuels-registration-reporting-and-compliance-help/rin-trades-and-price-information,epa_rin/2026-09-27T200050Z,254b72a5f9a878ff80f00798e147e043e73931d20e3808a3b0c7eb1583ffba47,1.1
2021-09-20,2021-09-26,2021-09-20,2021-09-26,D6,2021,1.340000,378619022,2026-09-27T20:00:50Z,2026-09-27T20:00:50Z,https://www.epa.gov/fuels-registration-reporting-and-compliance-help/rin-trades-and-price-information,epa_rin/2026-09-27T200050Z,254b72a5f9a878ff80f00798e147e043e73931d20e3808a3b0c7eb1583ffba47,1.1
2021-09-27,2021-10-03,2021-09-27,2021-10-03,D6,2020,1.426674,19508047,2026-09-27T20:00:50Z,2026-09-27T20:00:50Z,https://www.epa.gov/fuels-registration-reporting-and-compliance-help/rin-trades-and-price-information,epa_rin/2026-09-27T200050Z,254b72a5f9a878ff80f00798e147e043e73931d20e3808a3b0c7eb1583ffba47,1.1
2021-09-27,2021-10-03,2021-09-27,2021-10-03,D6,2021,1.410000,633712321,2026-09-27T20:00:50Z,2026-09-27T20:00:50Z,https://www.epa.gov/fuels-registration-reporting-and-compliance-help/rin-trades-and-price-information,epa_rin/2026-09-27T200050Z,254b72a5f9a878ff80f00798e147e043e73931d20e3808a3b0c7eb1583ffba47,1.1
2021-10-04,2021-10-10,2021-10-04,2021-10-10,D6,2020,1.420000,10163467,2026-09-27T20:00:50Z,2026-09-27T20:00:50Z,https://www.epa.gov/fuels-registration-reporting-and-compliance-help/rin-trades-and-price-information,epa_rin/2026-09-27T200050Z,254b72a5f9a878ff80f00798e147e043e73931d20e3808a3b0c7eb1583ffba47,1.1
2021-10-04,2021-10-10,2021-10-04,2021-10-10,D6,2021,1.410000,410476518,2026-09-27T20:00:50Z,2026-09-27T20:00:50Z,https://www.epa.gov/fuels-registration-reporting-and-compliance-help/rin-trades-and-price-information,epa_rin/2026-09-27T200050Z,254b72a5f9a878ff80f00798e147e043e73931d20e3808a3b0c7eb1583ffba47,1.1
2021-10-11,2021-10-17,2021-10-11,2021-10-17,D6,2020,1.180000,9206615,2026-09-27T20:00:50Z,2026-09-27T20:00:50Z,https://www.epa.gov/fuels-registration-reporting-and-compliance-help/rin-trades-and-price-information,epa_rin/2026-09-27T200050Z,254b72a5f9a878ff80f00798e147e043e73931d20e3808a3b0c7eb1583ffba47,1.1
2021-10-11,2021-10-17,2021-10-11,2021-10-17,D6,2021,1.370000,587342172,2026-09-27T20:00:50Z,2026-09-27T20:00:50Z,https://www.epa.gov/fuels-registration-reporting-and-compliance-help/rin-trades-and-price-information,epa_rin/2026-09-27T200050Z,254b72a5f9a878ff80f00798e147e043e73931d20e3808a3b0c7eb1583ffba47,1.1
2021-10-18,2021-10-24,2021-10-18,2021-10-24,D6,2019,0.930000,581000,2026-09-27T20:00:50Z,2026-09-27T20:00:50Z,https://www.epa.gov/fuels-registration-reporting-and-compliance-help/rin-trades-and-price-information,epa_rin/2026-09-27T200050Z,254b72a5f9a878ff80f00798e147e043e73931d20e3808a3b0c7eb1583ffba47,1.1
2021-10-18,2021-10-24,2021-10-18,2021-10-24,D6,2020,1.120000,12000000,2026-09-27T20:00:50Z,2026-09-27T20:00:50Z,https://www.epa.gov/fuels-registration-reporting-and-compliance-help/rin-trades-and-price-information,epa_rin/2026-09-27T200050Z,254b72a5f9a878ff80f00798e147e043e73931d20e3808a3b0c7eb1583ffba47,1.1
2021-10-18,2021-10-24,2021-10-18,2021-10-24,D6,2021,1.450000,412508354,2026-09-27T20:00:50Z,2026-09-27T20:00:50Z,https://www.epa.gov/fuels-registration-reporting-and-compliance-help/rin-trades-and-price-information,epa_rin/2026-09-27T200050Z,254b72a5f9a878ff80f00798e147e043e73931d20e3808a3b0c7eb1583ffba47,1.1
2021-10-25,2021-10-31,2021-10-25,2021-10-31,D6,2018,1.140000,114904,2026-09-27T20:00:50Z,2026-09-27T20:00:50Z,https://www.epa.gov/fuels-registration-reporting-and-compliance-help/rin-trades-and-price-information,epa_rin/2026-09-27T200050Z,254b72a5f9a878ff80f00798e147e043e73931d20e3808a3b0c7eb1583ffba47,1.1
2021-10-25,2021-10-31,2021-10-25,2021-10-31,D6,2019,1.000000,125000000,2026-09-27T20:00:50Z,2026-09-27T20:00:50Z,https://www.epa.gov/fuels-registration-reporting-and-compliance-help/rin-trades-and-price-information,epa_rin/2026-09-27T200050Z,254b72a5f9a878ff80f00798e147e043e73931d20e3808a3b0c7eb1583ffba47,1.1
2021-10-25,2021-10-31,2021-10-25,2021-10-31,D6,2020,1.180001,172030505,2026-09-27T20:00:50Z,2026-09-27T20:00:50Z,https://www.epa.gov/fuels-registration-reporting-and-compliance-help/rin-trades-and-price-information,epa_rin/2026-09-27T200050Z,254b72a5f9a878ff80f00798e147e043e73931d20e3808a3b0c7eb1583ffba47,1.1
2021-10-25,2021-10-31,2021-10-25,2021-10-31,D6,2021,1.380000,400089116,2026-09-27T20:00:50Z,2026-09-27T20:00:50Z,https://www.epa.gov/fuels-registration-reporting-and-compliance-help/rin-trades-and-price-information,epa_rin/2026-09-27T200050Z,254b72a5f9a878ff80f00798e147e043e73931d20e3808a3b0c7eb1583ffba47,1.1
2021-11-01,2021-11-07,2021-11-01,2021-11-07,D6,2019,1.100000,142568497,2026-09-27T20:00:50Z,2026-09-27T20:00:50Z,https://www.epa.gov/fuels-registration-reporting-and-compliance-help/rin-trades-and-price-information,epa_rin/2026-09-27T200050Z,254b72a5f9a878ff80f00798e147e043e73931d20e3808a3b0c7eb1583ffba47,1.1
2021-11-01,2021-11-07,2021-11-01,2021-11-07,D6,2020,1.100000,14858832,2026-09-27T20:00:50Z,2026-09-27T20:00:50Z,https://www.epa.gov/fuels-registration-reporting-and-compliance-help/rin-trades-and-price-information,epa_rin/2026-09-27T200050Z,254b72a5f9a878ff80f00798e147e043e73931d20e3808a3b0c7eb1583ffba47,1.1
2021-11-01,2021-11-07,2021-11-01,2021-11-07,D6,2021,1.330000,391697451,2026-09-27T20:00:50Z,2026-09-27T20:00:50Z,https://www.epa.gov/fuels-registration-reporting-and-compliance-help/rin-trades-and-price-information,epa_rin/2026-09-27T200050Z,254b72a5f9a878ff80f00798e147e043e73931d20e3808a3b0c7eb1583ffba47,1.1
2021-11-08,2021-11-14,2021-11-08,2021-11-14,D6,2020,1.120000,23977713,2026-09-27T20:00:50Z,2026-09-27T20:00:50Z,https://www.epa.gov/fuels-registration-reporting-and-compliance-help/rin-trades-and-price-information,epa_rin/2026-09-27T200050Z,254b72a5f9a878ff80f00798e147e043e73931d20e3808a3b0c7eb1583ffba47,1.1
2021-11-08,2021-11-14,2021-11-08,2021-11-14,D6,2021,1.320000,313885299,2026-09-27T20:00:50Z,2026-09-27T20:00:50Z,https://www.epa.gov/fuels-registration-reporting-and-compliance-help/rin-trades-and-price-information,epa_rin/2026-09-27T200050Z,254b72a5f9a878ff80f00798e147e043e73931d20e3808a3b0c7eb1583ffba47,1.1
2021-11-15,2021-11-21,2021-11-15,2021-11-21,D6,2020,1.056980,2100990,2026-09-27T20:00:50Z,2026-09-27T20:00:50Z,https://www.epa.gov/fuels-registration-reporting-and-compliance-help/rin-trades-and-price-information,epa_rin/2026-09-27T200050Z,254b72a5f9a878ff80f00798e147e043e73931d20e3808a3b0c7eb1583ffba47,1.1
2021-11-15,2021-11-21,2021-11-15,2021-11-21,D6,2021,1.280000,549562404,2026-09-27T20:00:50Z,2026-09-27T20:00:50Z,https://www.epa.gov/fuels-registration-reporting-and-compliance-help/rin-trades-and-price-information,epa_rin/2026-09-27T200050Z,254b72a5f9a878ff80f00798e147e043e73931d20e3808a3b0c7eb1583ffba47,1.1
2021-11-22,2021-11-28,2021-11-22,2021-11-28,D6,2020,1.080000,607566,2026-09-27T20:00:50Z,2026-09-27T20:00:50Z,https://www.epa.gov/fuels-registration-reporting-and-compliance-help/rin-trades-and-price-information,epa_rin/2026-09-27T200050Z,254b72a5f9a878ff80f00798e147e043e73931d20e3808a3b0c7eb1583ffba47,1.1
2021-11-22,2021-11-28,2021-11-22,2021-11-28,D6,2021,1.290000,277621705,2026-09-27T20:00:50Z,2026-09-27T20:00:50Z,https://www.epa.gov/fuels-registration-reporting-and-compliance-help/rin-trades-and-price-information,epa_rin/2026-09-27T200050Z,254b72a5f9a878ff80f00798e147e043e73931d20e3808a3b0c7eb1583ffba47,1.1
2021-11-29,2021-12-05,2021-11-29,2021-12-05,D6,2020,1.380000,14081000,2026-09-27T20:00:50Z,2026-09-27T20:00:50Z,https://www.epa.gov/fuels-registration-reporting-and-compliance-help/rin-trades-and-price-information,epa_rin/2026-09-27T200050Z,254b72a5f9a878ff80f00798e147e043e73931d20e3808a3b0c7eb1583ffba47,1.1
2021-11-29,2021-12-05,2021-11-29,2021-12-05,D6,2021,1.280000,600216155,2026-09-27T20:00:50Z,2026-09-27T20:00:50Z,https://www.epa.gov/fuels-registration-reporting-and-compliance-help/rin-trades-and-price-information,epa_rin/2026-09-27T200050Z,254b72a5f9a878ff80f00798e147e043e73931d20e3808a3b0c7eb1583ffba47,1.1
2021-12-06,2021-12-12,2021-12-06,2021-12-12,D6,2020,1.260000,6074525,2026-09-27T20:00:50Z,2026-09-27T20:00:50Z,https://www.epa.gov/fuels-registration-reporting-and-compliance-help/rin-trades-and-price-information,epa_rin/2026-09-27T200050Z,254b72a5f9a878ff80f00798e147e043e73931d20e3808a3b0c7eb1583ffba47,1.1
2021-12-06,2021-12-12,2021-12-06,2021-12-12,D6,2021,1.320000,571761575,2026-09-27T20:00:50Z,2026-09-27T20:00:50Z,https://www.epa.gov/fuels-registration-reporting-and-compliance-help/rin-trades-and-price-information,epa_rin/2026-09-27T200050Z,254b72a5f9a878ff80f00798e147e043e73931d20e3808a3b0c7eb1583ffba47,1.1
2021-12-13,2021-12-19,2021-12-13,2021-12-19,D6,2020,1.110000,10507861,2026-09-27T20:00:50Z,2026-09-27T20:00:50Z,https://www.epa.gov/fuels-registration-reporting-and-compliance-help/rin-trades-and-price-information,epa_rin/2026-09-27T200050Z,254b72a5f9a878ff80f00798e147e043e73931d20e3808a3b0c7eb1583ffba47,1.1
2021-12-13,2021-12-19,2021-12-13,2021-12-19,D6,2021,1.250000,829954570,2026-09-27T20:00:50Z,2026-09-27T20:00:50Z,https://www.epa.gov/fuels-registration-reporting-and-compliance-help/rin-trades-and-price-information,epa_rin/2026-09-27T200050Z,254b72a5f9a878ff80f00798e147e043e73931d20e3808a3b0c7eb1583ffba47,1.1
2021-12-20,2021-12-26,2021-12-20,2021-12-26,D6,2019,0.990000,5500000,2026-09-27T20:00:50Z,2026-09-27T20:00:50Z,https://www.epa.gov/fuels-registration-reporting-and-compliance-help/rin-trades-and-price-information,epa_rin/2026-09-27T200050Z,254b72a5f9a878ff80f00798e147e043e73931d20e3808a3b0c7eb1583ffba47,1.1
2021-12-20,2021-12-26,2021-12-20,2021-12-26,D6,2020,0.960000,11258198,2026-09-27T20:00:50Z,2026-09-27T20:00:50Z,https://www.epa.gov/fuels-registration-reporting-and-compliance-help/rin-trades-and-price-information,epa_rin/2026-09-27T200050Z,254b72a5f9a878ff80f00798e147e043e73931d20e3808a3b0c7eb1583ffba47,1.1
2021-12-20,2021-12-26,2021-12-20,2021-12-26,D6,2021,1.150000,850354647,2026-09-27T20:00:50Z,2026-09-27T20:00:50Z,https://www.epa.gov/fuels-registration-reporting-and-compliance-help/rin-trades-and-price-information,epa_rin/2026-09-27T200050Z,254b72a5f9a878ff80f00798e147e043e73931d20e3808a3b0c7eb1583ffba47,1.1
2021-12-27,2022-01-02,2021-12-27,2022-01-02,D6,2019,1.100000,2053783,2026-09-27T20:00:50Z,2026-09-27T20:00:50Z,https://www.epa.gov/fuels-registration-reporting-and-compliance-help/rin-trades-and-price-information,epa_rin/2026-09-27T200050Z,254b72a5f9a878ff80f00798e147e043e73931d20e3808a3b0c7eb1583ffba47,1.1
2021-12-27,2022-01-02,2021-12-27,2022-01-02,D6,2020,1.224544,4595240,2026-09-27T20:00:50Z,2026-09-27T20:00:50Z,https://www.epa.gov/fuels-registration-reporting-and-compliance-help/rin-trades-and-price-information,epa_rin/2026-09-27T200050Z,254b72a5f9a878ff80f00798e147e043e73931d20e3808a3b0c7eb1583ffba47,1.1
2021-12-27,2022-01-02,2021-12-27,2022-01-02,D6,2021,1.196922,573996794,2026-09-27T20:00:50Z,2026-09-27T20:00:50Z,https://www.epa.gov/fuels-registration-reporting-and-compliance-help/rin-trades-and-price-information,epa_rin/2026-09-27T200050Z,254b72a5f9a878ff80f00798e147e043e73931d20e3808a3b0c7eb1583ffba47,1.1
2021-12-27,2022-01-02,2021-12-27,2022-01-02,D6,2022,1.110000,7857,2026-09-27T20:00:50Z,2026-09-27T20:00:50Z,https://www.epa.gov/fuels-registration-reporting-and-compliance-help/rin-trades-and-price-information,epa_rin/2026-09-27T200050Z,254b72a5f9a878ff80f00798e147e043e73931d20e3808a3b0c7eb1583ffba47,1.1
2022-01-03,2022-01-09,2022-01-03,2022-01-09,D6,2020,1.030000,5524481,2026-09-27T20:00:50Z,2026-09-27T20:00:50Z,https://www.epa.gov/fuels-registration-reporting-and-compliance-help/rin-trades-and-price-information,epa_rin/2026-09-27T200050Z,254b72a5f9a878ff80f00798e147e043e73931d20e3808a3b0c7eb1583ffba47,1.1
2022-01-03,2022-01-09,2022-01-03,2022-01-09,D6,2021,1.230000,512577068,2026-09-27T20:00:50Z,2026-09-27T20:00:50Z,https://www.epa.gov/fuels-registration-reporting-and-compliance-help/rin-trades-and-price-information,epa_rin/2026-09-27T200050Z,254b72a5f9a878ff80f00798e147e043e73931d20e3808a3b0c7eb1583ffba47,1.1
2022-01-03,2022-01-09,2022-01-03,2022-01-09,D6,2022,1.240000,5565009,2026-09-27T20:00:50Z,2026-09-27T20:00:50Z,https://www.epa.gov/fuels-registration-reporting-and-compliance-help/rin-trades-and-price-information,epa_rin/2026-09-27T200050Z,254b72a5f9a878ff80f00798e147e043e73931d20e3808a3b0c7eb1583ffba47,1.1
2022-01-10,2022-01-16,2022-01-10,2022-01-16,D6,2020,1.150000,19001348,2026-09-27T20:00:50Z,2026-09-27T20:00:50Z,https://www.epa.gov/fuels-registration-reporting-and-compliance-help/rin-trades-and-price-information,epa_rin/2026-09-27T200050Z,254b72a5f9a878ff80f00798e147e043e73931d20e3808a3b0c7eb1583ffba47,1.1
2022-01-10,2022-01-16,2022-01-10,2022-01-16,D6,2021,1.079702,604604792,2026-09-27T20:00:50Z,2026-09-27T20:00:50Z,https://www.epa.gov/fuels-registration-reporting-and-compliance-help/rin-trades-and-price-information,epa_rin/2026-09-27T200050Z,254b72a5f9a878ff80f00798e147e043e73931d20e3808a3b0c7eb1583ffba47,1.1
2022-01-10,2022-01-16,2022-01-10,2022-01-16,D6,2022,1.230000,20621336,2026-09-27T20:00:50Z,2026-09-27T20:00:50Z,https://www.epa.gov/fuels-registration-reporting-and-compliance-help/rin-trades-and-price-information,epa_rin/2026-09-27T200050Z,254b72a5f9a878ff80f00798e147e043e73931d20e3808a3b0c7eb1583ffba47,1.1
2022-01-17,2022-01-23,2022-01-17,2022-01-23,D6,2019,1.190000,9124806,2026-09-27T20:00:50Z,2026-09-27T20:00:50Z,https://www.epa.gov/fuels-registration-reporting-and-compliance-help/rin-trades-and-price-information,epa_rin/2026-09-27T200050Z,254b72a5f9a878ff80f00798e147e043e73931d20e3808a3b0c7eb1583ffba47,1.1
2022-01-17,2022-01-23,2022-01-17,2022-01-23,D6,2020,1.010000,1574373,2026-09-27T20:00:50Z,2026-09-27T20:00:50Z,https://www.epa.gov/fuels-registration-reporting-and-compliance-help/rin-trades-and-price-information,epa_rin/2026-09-27T200050Z,254b72a5f9a878ff80f00798e147e043e73931d20e3808a3b0c7eb1583ffba47,1.1
2022-01-17,2022-01-23,2022-01-17,2022-01-23,D6,2021,1.090000,427811305,2026-09-27T20:00:50Z,2026-09-27T20:00:50Z,https://www.epa.gov/fuels-registration-reporting-and-compliance-help/rin-trades-and-price-information,epa_rin/2026-09-27T200050Z,254b72a5f9a878ff80f00798e147e043e73931d20e3808a3b0c7eb1583ffba47,1.1
2022-01-17,2022-01-23,2022-01-17,2022-01-23,D6,2022,1.150000,33330201,2026-09-27T20:00:50Z,2026-09-27T20:00:50Z,https://www.epa.gov/fuels-registration-reporting-and-compliance-help/rin-trades-and-price-information,epa_rin/2026-09-27T200050Z,254b72a5f9a878ff80f00798e147e043e73931d20e3808a3b0c7eb1583ffba47,1.1
2022-01-24,2022-01-30,2022-01-24,2022-01-30,D6,2020,1.520000,10631837,2026-09-27T20:00:50Z,2026-09-27T20:00:50Z,https://www.epa.gov/fuels-registration-reporting-and-compliance-help/rin-trades-and-price-information,epa_rin/2026-09-27T200050Z,254b72a5f9a878ff80f00798e147e043e73931d20e3808a3b0c7eb1583ffba47,1.1
2022-01-24,2022-01-30,2022-01-24,2022-01-30,D6,2021,1.179748,356850130,2026-09-27T20:00:50Z,2026-09-27T20:00:50Z,https://www.epa.gov/fuels-registration-reporting-and-compliance-help/rin-trades-and-price-information,epa_rin/2026-09-27T200050Z,254b72a5f9a878ff80f00798e147e043e73931d20e3808a3b0c7eb1583ffba47,1.1
2022-01-24,2022-01-30,2022-01-24,2022-01-30,D6,2022,1.050000,50940552,2026-09-27T20:00:50Z,2026-09-27T20:00:50Z,https://www.epa.gov/fuels-registration-reporting-and-compliance-help/rin-trades-and-price-information,epa_rin/2026-09-27T200050Z,254b72a5f9a878ff80f00798e147e043e73931d20e3808a3b0c7eb1583ffba47,1.1
2022-01-31,2022-02-06,2022-01-31,2022-02-06,D6,2020,1.000000,500000,2026-09-27T20:00:50Z,2026-09-27T20:00:50Z,https://www.epa.gov/fuels-registration-reporting-and-compliance-help/rin-trades-and-price-information,epa_rin/2026-09-27T200050Z,254b72a5f9a878ff80f00798e147e043e73931d20e3808a3b0c7eb1583ffba47,1.1
2022-01-31,2022-02-06,2022-01-31,2022-02-06,D6,2021,1.150000,178468087,2026-09-27T20:00:50Z,2026-09-27T20:00:50Z,https://www.epa.gov/fuels-registration-reporting-and-compliance-help/rin-trades-and-price-information,epa_rin/2026-09-27T200050Z,254b72a5f9a878ff80f00798e147e043e73931d20e3808a3b0c7eb1583ffba47,1.1
2022-01-31,2022-02-06,2022-01-31,2022-02-06,D6,2022,1.070000,126579830,2026-09-27T20:00:50Z,2026-09-27T20:00:50Z,https://www.epa.gov/fuels-registration-reporting-and-compliance-help/rin-trades-and-price-information,epa_rin/2026-09-27T200050Z,254b72a5f9a878ff80f00798e147e043e73931d20e3808a3b0c7eb1583ffba47,1.1
2022-02-07,2022-02-13,2022-02-07,2022-02-13,D6,2021,1.110000,108019826,2026-09-27T20:00:50Z,2026-09-27T20:00:50Z,https://www.epa.gov/fuels-registration-reporting-and-compliance-help/rin-trades-and-price-information,epa_rin/2026-09-27T200050Z,254b72a5f9a878ff80f00798e147e043e73931d20e3808a3b0c7eb1583ffba47,1.1
2022-02-07,2022-02-13,2022-02-07,2022-02-13,D6,2022,1.140000,123601834,2026-09-27T20:00:50Z,2026-09-27T20:00:50Z,https://www.epa.gov/fuels-registration-reporting-and-compliance-help/rin-trades-and-price-information,epa_rin/2026-09-27T200050Z,254b72a5f9a878ff80f00798e147e043e73931d20e3808a3b0c7eb1583ffba47,1.1
2022-02-14,2022-02-20,2022-02-14,2022-02-20,D6,2020,1.240000,29110000,2026-09-27T20:00:50Z,2026-09-27T20:00:50Z,https://www.epa.gov/fuels-registration-reporting-and-compliance-help/rin-trades-and-price-information,epa_rin/2026-09-27T200050Z,254b72a5f9a878ff80f00798e147e043e73931d20e3808a3b0c7eb1583ffba47,1.1
2022-02-14,2022-02-20,2022-02-14,2022-02-20,D6,2021,1.140000,155412340,2026-09-27T20:00:50Z,2026-09-27T20:00:50Z,https://www.epa.gov/fuels-registration-reporting-and-compliance-help/rin-trades-and-price-information,epa_rin/2026-09-27T200050Z,254b72a5f9a878ff80f00798e147e043e73931d20e3808a3b0c7eb1583ffba47,1.1
2022-02-14,2022-02-20,2022-02-14,2022-02-20,D6,2022,1.110000,161113675,2026-09-27T20:00:50Z,2026-09-27T20:00:50Z,https://www.epa.gov/fuels-registration-reporting-and-compliance-help/rin-trades-and-price-information,epa_rin/2026-09-27T200050Z,254b72a5f9a878ff80f00798e147e043e73931d20e3808a3b0c7eb1583ffba47,1.1
2022-02-21,2022-02-27,2022-02-21,2022-02-27,D6,2020,1.130000,20500000,2026-09-27T20:00:50Z,2026-09-27T20:00:50Z,https://www.epa.gov/fuels-registration-reporting-and-compliance-help/rin-trades-and-price-information,epa_rin/2026-09-27T200050Z,254b72a5f9a878ff80f00798e147e043e73931d20e3808a3b0c7eb1583ffba47,1.1
2022-02-21,2022-02-27,2022-02-21,2022-02-27,D6,2021,1.150000,140106756,2026-09-27T20:00:50Z,2026-09-27T20:00:50Z,https://www.epa.gov/fuels-registration-reporting-and-compliance-help/rin-trades-and-price-information,epa_rin/2026-09-27T200050Z,254b72a5f9a878ff80f00798e147e043e73931d20e3808a3b0c7eb1583ffba47,1.1
2022-02-21,2022-02-27,2022-02-21,2022-02-27,D6,2022,1.120000,159077708,2026-09-27T20:00:50Z,2026-09-27T20:00:50Z,https://www.epa.gov/fuels-registration-reporting-and-compliance-help/rin-trades-and-price-information,epa_rin/2026-09-27T200050Z,254b72a5f9a878ff80f00798e147e043e73931d20e3808a3b0c7eb1583ffba47,1.1
2022-02-28,2022-03-06,2022-02-28,2022-03-06,D6,2020,1.080000,8332256,2026-09-27T20:00:50Z,2026-09-27T20:00:50Z,https://www.epa.gov/fuels-registration-reporting-and-compliance-help/rin-trades-and-price-information,epa_rin/2026-09-27T200050Z,254b72a5f9a878ff80f00798e147e043e73931d20e3808a3b0c7eb1583ffba47,1.1
2022-02-28,2022-03-06,2022-02-28,2022-03-06,D6,2021,1.130000,186393974,2026-09-27T20:00:50Z,2026-09-27T20:00:50Z,https://www.epa.gov/fuels-registration-reporting-and-compliance-help/rin-trades-and-price-information,epa_rin/2026-09-27T200050Z,254b72a5f9a878ff80f00798e147e043e73931d20e3808a3b0c7eb1583ffba47,1.1
2022-02-28,2022-03-06,2022-02-28,2022-03-06,D6,2022,1.190000,264052594,2026-09-27T20:00:50Z,2026-09-27T20:00:50Z,https://www.epa.gov/fuels-registration-reporting-and-compliance-help/rin-trades-and-price-information,epa_rin/2026-09-27T200050Z,254b72a5f9a878ff80f00798e147e043e73931d20e3808a3b0c7eb1583ffba47,1.1
2022-03-07,2022-03-13,2022-03-07,2022-03-13,D6,2020,1.150000,33067787,2026-09-27T20:00:50Z,2026-09-27T20:00:50Z,https://www.epa.gov/fuels-registration-reporting-and-compliance-help/rin-trades-and-price-information,epa_rin/2026-09-27T200050Z,254b72a5f9a878ff80f00798e147e043e73931d20e3808a3b0c7eb1583ffba47,1.1
2022-03-07,2022-03-13,2022-03-07,2022-03-13,D6,2021,1.120000,122708092,2026-09-27T20:00:50Z,2026-09-27T20:00:50Z,https://www.epa.gov/fuels-registration-reporting-and-compliance-help/rin-trades-and-price-information,epa_rin/2026-09-27T200050Z,254b72a5f9a878ff80f00798e147e043e73931d20e3808a3b0c7eb1583ffba47,1.1
2022-03-07,2022-03-13,2022-03-07,2022-03-13,D6,2022,1.160000,184483850,2026-09-27T20:00:50Z,2026-09-27T20:00:50Z,https://www.epa.gov/fuels-registration-reporting-and-compliance-help/rin-trades-and-price-information,epa_rin/2026-09-27T200050Z,254b72a5f9a878ff80f00798e147e043e73931d20e3808a3b0c7eb1583ffba47,1.1
2022-03-14,2022-03-20,2022-03-14,2022-03-20,D6,2020,1.150000,17830000,2026-09-27T20:00:50Z,2026-09-27T20:00:50Z,https://www.epa.gov/fuels-registration-reporting-and-compliance-help/rin-trades-and-price-information,epa_rin/2026-09-27T200050Z,254b72a5f9a878ff80f00798e147e043e73931d20e3808a3b0c7eb1583ffba47,1.1
2022-03-14,2022-03-20,2022-03-14,2022-03-20,D6,2021,1.120000,139446580,2026-09-27T20:00:50Z,2026-09-27T20:00:50Z,https://www.epa.gov/fuels-registration-reporting-and-compliance-help/rin-trades-and-price-information,epa_rin/2026-09-27T200050Z,254b72a5f9a878ff80f00798e147e043e73931d20e3808a3b0c7eb1583ffba47,1.1
2022-03-14,2022-03-20,2022-03-14,2022-03-20,D6,2022,1.140000,294479428,2026-09-27T20:00:50Z,2026-09-27T20:00:50Z,https://www.epa.gov/fuels-registration-reporting-and-compliance-help/rin-trades-and-price-information,epa_rin/2026-09-27T200050Z,254b72a5f9a878ff80f00798e147e043e73931d20e3808a3b0c7eb1583ffba47,1.1
2022-03-21,2022-03-27,2022-03-21,2022-03-27,D6,2019,1.130000,210000,2026-09-27T20:00:50Z,2026-09-27T20:00:50Z,https://www.epa.gov/fuels-registration-reporting-and-compliance-help/rin-trades-and-price-information,epa_rin/2026-09-27T200050Z,254b72a5f9a878ff80f00798e147e043e73931d20e3808a3b0c7eb1583ffba47,1.1
2022-03-21,2022-03-27,2022-03-21,2022-03-27,D6,2020,1.160000,125791245,2026-09-27T20:00:50Z,2026-09-27T20:00:50Z,https://www.epa.gov/fuels-registration-reporting-and-compliance-help/rin-trades-and-price-information,epa_rin/2026-09-27T200050Z,254b72a5f9a878ff80f00798e147e043e73931d20e3808a3b0c7eb1583ffba47,1.1
2022-03-21,2022-03-27,2022-03-21,2022-03-27,D6,2021,1.080000,117656008,2026-09-27T20:00:50Z,2026-09-27T20:00:50Z,https://www.epa.gov/fuels-registration-reporting-and-compliance-help/rin-trades-and-price-information,epa_rin/2026-09-27T200050Z,254b72a5f9a878ff80f00798e147e043e73931d20e3808a3b0c7eb1583ffba47,1.1
2022-03-21,2022-03-27,2022-03-21,2022-03-27,D6,2022,1.150000,322651208,2026-09-27T20:00:50Z,2026-09-27T20:00:50Z,https://www.epa.gov/fuels-registration-reporting-and-compliance-help/rin-trades-and-price-information,epa_rin/2026-09-27T200050Z,254b72a5f9a878ff80f00798e147e043e73931d20e3808a3b0c7eb1583ffba47,1.1
2022-03-28,2022-04-03,2022-03-28,2022-04-03,D6,2020,1.090000,103574373,2026-09-27T20:00:50Z,2026-09-27T20:00:50Z,https://www.epa.gov/fuels-registration-reporting-and-compliance-help/rin-trades-and-price-information,epa_rin/2026-09-27T200050Z,254b72a5f9a878ff80f00798e147e043e73931d20e3808a3b0c7eb1583ffba47,1.1
2022-03-28,2022-04-03,2022-03-28,2022-04-03,D6,2021,1.110182,164858912,2026-09-27T20:00:50Z,2026-09-27T20:00:50Z,https://www.epa.gov/fuels-registration-reporting-and-compliance-help/rin-trades-and-price-information,epa_rin/2026-09-27T200050Z,254b72a5f9a878ff80f00798e147e043e73931d20e3808a3b0c7eb1583ffba47,1.1
2022-03-28,2022-04-03,2022-03-28,2022-04-03,D6,2022,1.140000,313907288,2026-09-27T20:00:50Z,2026-09-27T20:00:50Z,https://www.epa.gov/fuels-registration-reporting-and-compliance-help/rin-trades-and-price-information,epa_rin/2026-09-27T200050Z,254b72a5f9a878ff80f00798e147e043e73931d20e3808a3b0c7eb1583ffba47,1.1
2022-04-04,2022-04-10,2022-04-04,2022-04-10,D6,2020,1.159635,13000000,2026-09-27T20:00:50Z,2026-09-27T20:00:50Z,https://www.epa.gov/fuels-registration-reporting-and-compliance-help/rin-trades-and-price-information,epa_rin/2026-09-27T200050Z,254b72a5f9a878ff80f00798e147e043e73931d20e3808a3b0c7eb1583ffba47,1.1
2022-04-04,2022-04-10,2022-04-04,2022-04-10,D6,2021,1.140000,96666496,2026-09-27T20:00:50Z,2026-09-27T20:00:50Z,https://www.epa.gov/fuels-registration-reporting-and-compliance-help/rin-trades-and-price-information,epa_rin/2026-09-27T200050Z,254b72a5f9a878ff80f00798e147e043e73931d20e3808a3b0c7eb1583ffba47,1.1
2022-04-04,2022-04-10,2022-04-04,2022-04-10,D6,2022,1.140000,399092523,2026-09-27T20:00:50Z,2026-09-27T20:00:50Z,https://www.epa.gov/fuels-registration-reporting-and-compliance-help/rin-trades-and-price-information,epa_rin/2026-09-27T200050Z,254b72a5f9a878ff80f00798e147e043e73931d20e3808a3b0c7eb1583ffba47,1.1
2022-04-11,2022-04-17,2022-04-11,2022-04-17,D6,2021,1.150000,115734769,2026-09-27T20:00:50Z,2026-09-27T20:00:50Z,https://www.epa.gov/fuels-registration-reporting-and-compliance-help/rin-trades-and-price-information,epa_rin/2026-09-27T200050Z,254b72a5f9a878ff80f00798e147e043e73931d20e3808a3b0c7eb1583ffba47,1.1
2022-04-11,2022-04-17,2022-04-11,2022-04-17,D6,2022,1.170000,329052776,2026-09-27T20:00:50Z,2026-09-27T20:00:50Z,https://www.epa.gov/fuels-registration-reporting-and-compliance-help/rin-trades-and-price-information,epa_rin/2026-09-27T200050Z,254b72a5f9a878ff80f00798e147e043e73931d20e3808a3b0c7eb1583ffba47,1.1
2022-04-18,2022-04-24,2022-04-18,2022-04-24,D6,2021,1.160000,62910080,2026-09-27T20:00:50Z,2026-09-27T20:00:50Z,https://www.epa.gov/fuels-registration-reporting-and-compliance-help/rin-trades-and-price-information,epa_rin/2026-09-27T200050Z,254b72a5f9a878ff80f00798e147e043e73931d20e3808a3b0c7eb1583ffba47,1.1
2022-04-18,2022-04-24,2022-04-18,2022-04-24,D6,2022,1.210000,404911406,2026-09-27T20:00:50Z,2026-09-27T20:00:50Z,https://www.epa.gov/fuels-registration-reporting-and-compliance-help/rin-trades-and-price-information,epa_rin/2026-09-27T200050Z,254b72a5f9a878ff80f00798e147e043e73931d20e3808a3b0c7eb1583ffba47,1.1
2022-04-25,2022-05-01,2022-04-25,2022-05-01,D6,2020,1.220000,17650000,2026-09-27T20:00:50Z,2026-09-27T20:00:50Z,https://www.epa.gov/fuels-registration-reporting-and-compliance-help/rin-trades-and-price-information,epa_rin/2026-09-27T200050Z,254b72a5f9a878ff80f00798e147e043e73931d20e3808a3b0c7eb1583ffba47,1.1
2022-04-25,2022-05-01,2022-04-25,2022-05-01,D6,2021,1.290000,116458526,2026-09-27T20:00:50Z,2026-09-27T20:00:50Z,https://www.epa.gov/fuels-registration-reporting-and-compliance-help/rin-trades-and-price-information,epa_rin/2026-09-27T200050Z,254b72a5f9a878ff80f00798e147e043e73931d20e3808a3b0c7eb1583ffba47,1.1
2022-04-25,2022-05-01,2022-04-25,2022-05-01,D6,2022,1.220000,344972600,2026-09-27T20:00:50Z,2026-09-27T20:00:50Z,https://www.epa.gov/fuels-registration-reporting-and-compliance-help/rin-trades-and-price-information,epa_rin/2026-09-27T200050Z,254b72a5f9a878ff80f00798e147e043e73931d20e3808a3b0c7eb1583ffba47,1.1
2022-05-02,2022-05-08,2022-05-02,2022-05-08,D6,2021,1.280000,29996703,2026-09-27T20:00:50Z,2026-09-27T20:00:50Z,https://www.epa.gov/fuels-registration-reporting-and-compliance-help/rin-trades-and-price-information,epa_rin/2026-09-27T200050Z,254b72a5f9a878ff80f00798e147e043e73931d20e3808a3b0c7eb1583ffba47,1.1
2022-05-02,2022-05-08,2022-05-02,2022-05-08,D6,2022,1.280000,252996665,2026-09-27T20:00:50Z,2026-09-27T20:00:50Z,https://www.epa.gov/fuels-registration-reporting-and-compliance-help/rin-trades-and-price-information,epa_rin/2026-09-27T200050Z,254b72a5f9a878ff80f00798e147e043e73931d20e3808a3b0c7eb1583ffba47,1.1
2022-05-09,2022-05-15,2022-05-09,2022-05-15,D6,2020,1.550000,2991435,2026-09-27T20:00:50Z,2026-09-27T20:00:50Z,https://www.epa.gov/fuels-registration-reporting-and-compliance-help/rin-trades-and-price-information,epa_rin/2026-09-27T200050Z,254b72a5f9a878ff80f00798e147e043e73931d20e3808a3b0c7eb1583ffba47,1.1
2022-05-09,2022-05-15,2022-05-09,2022-05-15,D6,2021,1.180000,48665261,2026-09-27T20:00:50Z,2026-09-27T20:00:50Z,https://www.epa.gov/fuels-registration-reporting-and-compliance-help/rin-trades-and-price-information,epa_rin/2026-09-27T200050Z,254b72a5f9a878ff80f00798e147e043e73931d20e3808a3b0c7eb1583ffba47,1.1
2022-05-09,2022-05-15,2022-05-09,2022-05-15,D6,2022,1.300000,292242242,2026-09-27T20:00:50Z,2026-09-27T20:00:50Z,https://www.epa.gov/fuels-registration-reporting-and-compliance-help/rin-trades-and-price-information,epa_rin/2026-09-27T200050Z,254b72a5f9a878ff80f00798e147e043e73931d20e3808a3b0c7eb1583ffba47,1.1
2022-05-16,2022-05-22,2022-05-16,2022-05-22,D6,2021,1.250000,26014828,2026-09-27T20:00:50Z,2026-09-27T20:00:50Z,https://www.epa.gov/fuels-registration-reporting-and-compliance-help/rin-trades-and-price-information,epa_rin/2026-09-27T200050Z,254b72a5f9a878ff80f00798e147e043e73931d20e3808a3b0c7eb1583ffba47,1.1
2022-05-16,2022-05-22,2022-05-16,2022-05-22,D6,2022,1.220000,515800936,2026-09-27T20:00:50Z,2026-09-27T20:00:50Z,https://www.epa.gov/fuels-registration-reporting-and-compliance-help/rin-trades-and-price-information,epa_rin/2026-09-27T200050Z,254b72a5f9a878ff80f00798e147e043e73931d20e3808a3b0c7eb1583ffba47,1.1
2022-05-23,2022-05-29,2022-05-23,2022-05-29,D6,2020,1.640000,1119700,2026-09-27T20:00:50Z,2026-09-27T20:00:50Z,https://www.epa.gov/fuels-registration-reporting-and-compliance-help/rin-trades-and-price-information,epa_rin/2026-09-27T200050Z,254b72a5f9a878ff80f00798e147e043e73931d20e3808a3b0c7eb1583ffba47,1.1
2022-05-23,2022-05-29,2022-05-23,2022-05-29,D6,2021,1.150000,32464817,2026-09-27T20:00:50Z,2026-09-27T20:00:50Z,https://www.epa.gov/fuels-registration-reporting-and-compliance-help/rin-trades-and-price-information,epa_rin/2026-09-27T200050Z,254b72a5f9a878ff80f00798e147e043e73931d20e3808a3b0c7eb1583ffba47,1.1
2022-05-23,2022-05-29,2022-05-23,2022-05-29,D6,2022,1.340000,289023846,2026-09-27T20:00:50Z,2026-09-27T20:00:50Z,https://www.epa.gov/fuels-registration-reporting-and-compliance-help/rin-trades-and-price-information,epa_rin/2026-09-27T200050Z,254b72a5f9a878ff80f00798e147e043e73931d20e3808a3b0c7eb1583ffba47,1.1
2022-05-30,2022-06-05,2022-05-30,2022-06-05,D6,2021,1.280000,67099176,2026-09-27T20:00:50Z,2026-09-27T20:00:50Z,https://www.epa.gov/fuels-registration-reporting-and-compliance-help/rin-trades-and-price-information,epa_rin/2026-09-27T200050Z,254b72a5f9a878ff80f00798e147e043e73931d20e3808a3b0c7eb1583ffba47,1.1
2022-05-30,2022-06-05,2022-05-30,2022-06-05,D6,2022,1.360000,296843591,2026-09-27T20:00:50Z,2026-09-27T20:00:50Z,https://www.epa.gov/fuels-registration-reporting-and-compliance-help/rin-trades-and-price-information,epa_rin/2026-09-27T200050Z,254b72a5f9a878ff80f00798e147e043e73931d20e3808a3b0c7eb1583ffba47,1.1
2022-06-06,2022-06-12,2022-06-06,2022-06-12,D6,2020,1.650000,75432,2026-09-27T20:00:50Z,2026-09-27T20:00:50Z,https://www.epa.gov/fuels-registration-reporting-and-compliance-help/rin-trades-and-price-information,epa_rin/2026-09-27T200050Z,254b72a5f9a878ff80f00798e147e043e73931d20e3808a3b0c7eb1583ffba47,1.1
2022-06-06,2022-06-12,2022-06-06,2022-06-12,D6,2021,1.240582,51701714,2026-09-27T20:00:50Z,2026-09-27T20:00:50Z,https://www.epa.gov/fuels-registration-reporting-and-compliance-help/rin-trades-and-price-information,epa_rin/2026-09-27T200050Z,254b72a5f9a878ff80f00798e147e043e73931d20e3808a3b0c7eb1583ffba47,1.1
2022-06-06,2022-06-12,2022-06-06,2022-06-12,D6,2022,1.350000,266987191,2026-09-27T20:00:50Z,2026-09-27T20:00:50Z,https://www.epa.gov/fuels-registration-reporting-and-compliance-help/rin-trades-and-price-information,epa_rin/2026-09-27T200050Z,254b72a5f9a878ff80f00798e147e043e73931d20e3808a3b0c7eb1583ffba47,1.1
2022-06-13,2022-06-19,2022-06-13,2022-06-19,D6,2020,1.550000,2596150,2026-09-27T20:00:50Z,2026-09-27T20:00:50Z,https://www.epa.gov/fuels-registration-reporting-and-compliance-help/rin-trades-and-price-information,epa_rin/2026-09-27T200050Z,254b72a5f9a878ff80f00798e147e043e73931d20e3808a3b0c7eb1583ffba47,1.1
2022-06-13,2022-06-19,2022-06-13,2022-06-19,D6,2021,1.190468,52317715,2026-09-27T20:00:50Z,2026-09-27T20:00:50Z,https://www.epa.gov/fuels-registration-reporting-and-compliance-help/rin-trades-and-price-information,epa_rin/2026-09-27T200050Z,254b72a5f9a878ff80f00798e147e043e73931d20e3808a3b0c7eb1583ffba47,1.1
2022-06-13,2022-06-19,2022-06-13,2022-06-19,D6,2022,1.290000,477089694,2026-09-27T20:00:50Z,2026-09-27T20:00:50Z,https://www.epa.gov/fuels-registration-reporting-and-compliance-help/rin-trades-and-price-information,epa_rin/2026-09-27T200050Z,254b72a5f9a878ff80f00798e147e043e73931d20e3808a3b0c7eb1583ffba47,1.1
2022-06-20,2022-06-26,2022-06-20,2022-06-26,D6,2021,1.110000,81216676,2026-09-27T20:00:50Z,2026-09-27T20:00:50Z,https://www.epa.gov/fuels-registration-reporting-and-compliance-help/rin-trades-and-price-information,epa_rin/2026-09-27T200050Z,254b72a5f9a878ff80f00798e147e043e73931d20e3808a3b0c7eb1583ffba47,1.1
2022-06-20,2022-06-26,2022-06-20,2022-06-26,D6,2022,1.350000,595268491,2026-09-27T20:00:50Z,2026-09-27T20:00:50Z,https://www.epa.gov/fuels-registration-reporting-and-compliance-help/rin-trades-and-price-information,epa_rin/2026-09-27T200050Z,254b72a5f9a878ff80f00798e147e043e73931d20e3808a3b0c7eb1583ffba47,1.1
2022-06-27,2022-07-03,2022-06-27,2022-07-03,D6,2020,1.400000,4622306,2026-09-27T20:00:50Z,2026-09-27T20:00:50Z,https://www.epa.gov/fuels-registration-reporting-and-compliance-help/rin-trades-and-price-information,epa_rin/2026-09-27T200050Z,254b72a5f9a878ff80f00798e147e043e73931d20e3808a3b0c7eb1583ffba47,1.1
2022-06-27,2022-07-03,2022-06-27,2022-07-03,D6,2021,1.210000,90398085,2026-09-27T20:00:50Z,2026-09-27T20:00:50Z,https://www.epa.gov/fuels-registration-reporting-and-compliance-help/rin-trades-and-price-information,epa_rin/2026-09-27T200050Z,254b72a5f9a878ff80f00798e147e043e73931d20e3808a3b0c7eb1583ffba47,1.1
2022-06-27,2022-07-03,2022-06-27,2022-07-03,D6,2022,1.280000,448957900,2026-09-27T20:00:50Z,2026-09-27T20:00:50Z,https://www.epa.gov/fuels-registration-reporting-and-compliance-help/rin-trades-and-price-information,epa_rin/2026-09-27T200050Z,254b72a5f9a878ff80f00798e147e043e73931d20e3808a3b0c7eb1583ffba47,1.1
2022-07-04,2022-07-10,2022-07-04,2022-07-10,D6,2021,1.230000,17123511,2026-09-27T20:00:50Z,2026-09-27T20:00:50Z,https://www.epa.gov/fuels-registration-reporting-and-compliance-help/rin-trades-and-price-information,epa_rin/2026-09-27T200050Z,254b72a5f9a878ff80f00798e147e043e73931d20e3808a3b0c7eb1583ffba47,1.1
2022-07-04,2022-07-10,2022-07-04,2022-07-10,D6,2022,1.400000,337146894,2026-09-27T20:00:50Z,2026-09-27T20:00:50Z,https://www.epa.gov/fuels-registration-reporting-and-compliance-help/rin-trades-and-price-information,epa_rin/2026-09-27T200050Z,254b72a5f9a878ff80f00798e147e043e73931d20e3808a3b0c7eb1583ffba47,1.1
2022-07-11,2022-07-17,2022-07-11,2022-07-17,D6,2021,1.240000,28115846,2026-09-27T20:00:50Z,2026-09-27T20:00:50Z,https://www.epa.gov/fuels-registration-reporting-and-compliance-help/rin-trades-and-price-information,epa_rin/2026-09-27T200050Z,254b72a5f9a878ff80f00798e147e043e73931d20e3808a3b0c7eb1583ffba47,1.1
2022-07-11,2022-07-17,2022-07-11,2022-07-17,D6,2022,1.420000,477598158,2026-09-27T20:00:50Z,2026-09-27T20:00:50Z,https://www.epa.gov/fuels-registration-reporting-and-compliance-help/rin-trades-and-price-information,epa_rin/2026-09-27T200050Z,254b72a5f9a878ff80f00798e147e043e73931d20e3808a3b0c7eb1583ffba47,1.1
2022-07-18,2022-07-24,2022-07-18,2022-07-24,D6,2021,1.420000,100866996,2026-09-27T20:00:50Z,2026-09-27T20:00:50Z,https://www.epa.gov/fuels-registration-reporting-and-compliance-help/rin-trades-and-price-information,epa_rin/2026-09-27T200050Z,254b72a5f9a878ff80f00798e147e043e73931d20e3808a3b0c7eb1583ffba47,1.1
2022-07-18,2022-07-24,2022-07-18,2022-07-24,D6,2022,1.420000,383487575,2026-09-27T20:00:50Z,2026-09-27T20:00:50Z,https://www.epa.gov/fuels-registration-reporting-and-compliance-help/rin-trades-and-price-information,epa_rin/2026-09-27T200050Z,254b72a5f9a878ff80f00798e147e043e73931d20e3808a3b0c7eb1583ffba47,1.1
2022-07-25,2022-07-31,2022-07-25,2022-07-31,D6,2021,1.350000,47386138,2026-09-27T20:00:50Z,2026-09-27T20:00:50Z,https://www.epa.gov/fuels-registration-reporting-and-compliance-help/rin-trades-and-price-information,epa_rin/2026-09-27T200050Z,254b72a5f9a878ff80f00798e147e043e73931d20e3808a3b0c7eb1583ffba47,1.1
2022-07-25,2022-07-31,2022-07-25,2022-07-31,D6,2022,1.450000,342976856,2026-09-27T20:00:50Z,2026-09-27T20:00:50Z,https://www.epa.gov/fuels-registration-reporting-and-compliance-help/rin-trades-and-price-information,epa_rin/2026-09-27T200050Z,254b72a5f9a878ff80f00798e147e043e73931d20e3808a3b0c7eb1583ffba47,1.1
2022-08-01,2022-08-07,2022-08-01,2022-08-07,D6,2019,1.000000,7323,2026-09-27T20:00:50Z,2026-09-27T20:00:50Z,https://www.epa.gov/fuels-registration-reporting-and-compliance-help/rin-trades-and-price-information,epa_rin/2026-09-27T200050Z,254b72a5f9a878ff80f00798e147e043e73931d20e3808a3b0c7eb1583ffba47,1.1
2022-08-01,2022-08-07,2022-08-01,2022-08-07,D6,2020,1.520000,35095979,2026-09-27T20:00:50Z,2026-09-27T20:00:50Z,https://www.epa.gov/fuels-registration-reporting-and-compliance-help/rin-trades-and-price-information,epa_rin/2026-09-27T200050Z,254b72a5f9a878ff80f00798e147e043e73931d20e3808a3b0c7eb1583ffba47,1.1
2022-08-01,2022-08-07,2022-08-01,2022-08-07,D6,2021,1.470000,45341218,2026-09-27T20:00:50Z,2026-09-27T20:00:50Z,https://www.epa.gov/fuels-registration-reporting-and-compliance-help/rin-trades-and-price-information,epa_rin/2026-09-27T200050Z,254b72a5f9a878ff80f00798e147e043e73931d20e3808a3b0c7eb1583ffba47,1.1
2022-08-01,2022-08-07,2022-08-01,2022-08-07,D6,2022,1.430000,292637392,2026-09-27T20:00:50Z,2026-09-27T20:00:50Z,https://www.epa.gov/fuels-registration-reporting-and-compliance-help/rin-trades-and-price-information,epa_rin/2026-09-27T200050Z,254b72a5f9a878ff80f00798e147e043e73931d20e3808a3b0c7eb1583ffba47,1.1
2022-08-08,2022-08-14,2022-08-08,2022-08-14,D6,2020,1.450000,106354,2026-09-27T20:00:50Z,2026-09-27T20:00:50Z,https://www.epa.gov/fuels-registration-reporting-and-compliance-help/rin-trades-and-price-information,epa_rin/2026-09-27T200050Z,254b72a5f9a878ff80f00798e147e043e73931d20e3808a3b0c7eb1583ffba47,1.1
2022-08-08,2022-08-14,2022-08-08,2022-08-14,D6,2021,1.270000,20819127,2026-09-27T20:00:50Z,2026-09-27T20:00:50Z,https://www.epa.gov/fuels-registration-reporting-and-compliance-help/rin-trades-and-price-information,epa_rin/2026-09-27T200050Z,254b72a5f9a878ff80f00798e147e043e73931d20e3808a3b0c7eb1583ffba47,1.1
2022-08-08,2022-08-14,2022-08-08,2022-08-14,D6,2022,1.510000,290599012,2026-09-27T20:00:50Z,2026-09-27T20:00:50Z,https://www.epa.gov/fuels-registration-reporting-and-compliance-help/rin-trades-and-price-information,epa_rin/2026-09-27T200050Z,254b72a5f9a878ff80f00798e147e043e73931d20e3808a3b0c7eb1583ffba47,1.1
2022-08-15,2022-08-21,2022-08-15,2022-08-21,D6,2019,1.540000,105157,2026-09-27T20:00:50Z,2026-09-27T20:00:50Z,https://www.epa.gov/fuels-registration-reporting-and-compliance-help/rin-trades-and-price-information,epa_rin/2026-09-27T200050Z,254b72a5f9a878ff80f00798e147e043e73931d20e3808a3b0c7eb1583ffba47,1.1
2022-08-15,2022-08-21,2022-08-15,2022-08-21,D6,2020,1.510000,2785103,2026-09-27T20:00:50Z,2026-09-27T20:00:50Z,https://www.epa.gov/fuels-registration-reporting-and-compliance-help/rin-trades-and-price-information,epa_rin/2026-09-27T200050Z,254b72a5f9a878ff80f00798e147e043e73931d20e3808a3b0c7eb1583ffba47,1.1
2022-08-15,2022-08-21,2022-08-15,2022-08-21,D6,2021,1.310000,19367695,2026-09-27T20:00:50Z,2026-09-27T20:00:50Z,https://www.epa.gov/fuels-registration-reporting-and-compliance-help/rin-trades-and-price-information,epa_rin/2026-09-27T200050Z,254b72a5f9a878ff80f00798e147e043e73931d20e3808a3b0c7eb1583ffba47,1.1
2022-08-15,2022-08-21,2022-08-15,2022-08-21,D6,2022,1.490000,274972411,2026-09-27T20:00:50Z,2026-09-27T20:00:50Z,https://www.epa.gov/fuels-registration-reporting-and-compliance-help/rin-trades-and-price-information,epa_rin/2026-09-27T200050Z,254b72a5f9a878ff80f00798e147e043e73931d20e3808a3b0c7eb1583ffba47,1.1
2022-08-22,2022-08-28,2022-08-22,2022-08-28,D6,2020,1.500000,903544,2026-09-27T20:00:50Z,2026-09-27T20:00:50Z,https://www.epa.gov/fuels-registration-reporting-and-compliance-help/rin-trades-and-price-information,epa_rin/2026-09-27T200050Z,254b72a5f9a878ff80f00798e147e043e73931d20e3808a3b0c7eb1583ffba47,1.1
2022-08-22,2022-08-28,2022-08-22,2022-08-28,D6,2021,1.230000,17783024,2026-09-27T20:00:50Z,2026-09-27T20:00:50Z,https://www.epa.gov/fuels-registration-reporting-and-compliance-help/rin-trades-and-price-information,epa_rin/2026-09-27T200050Z,254b72a5f9a878ff80f00798e147e043e73931d20e3808a3b0c7eb1583ffba47,1.1
2022-08-22,2022-08-28,2022-08-22,2022-08-28,D6,2022,1.540000,316463845,2026-09-27T20:00:50Z,2026-09-27T20:00:50Z,https://www.epa.gov/fuels-registration-reporting-and-compliance-help/rin-trades-and-price-information,epa_rin/2026-09-27T200050Z,254b72a5f9a878ff80f00798e147e043e73931d20e3808a3b0c7eb1583ffba47,1.1
2022-08-29,2022-09-04,2022-08-29,2022-09-04,D6,2020,1.650000,538652,2026-09-27T20:00:50Z,2026-09-27T20:00:50Z,https://www.epa.gov/fuels-registration-reporting-and-compliance-help/rin-trades-and-price-information,epa_rin/2026-09-27T200050Z,254b72a5f9a878ff80f00798e147e043e73931d20e3808a3b0c7eb1583ffba47,1.1
2022-08-29,2022-09-04,2022-08-29,2022-09-04,D6,2021,1.330000,22000769,2026-09-27T20:00:50Z,2026-09-27T20:00:50Z,https://www.epa.gov/fuels-registration-reporting-and-compliance-help/rin-trades-and-price-information,epa_rin/2026-09-27T200050Z,254b72a5f9a878ff80f00798e147e043e73931d20e3808a3b0c7eb1583ffba47,1.1
2022-08-29,2022-09-04,2022-08-29,2022-09-04,D6,2022,1.560000,217362319,2026-09-27T20:00:50Z,2026-09-27T20:00:50Z,https://www.epa.gov/fuels-registration-reporting-and-compliance-help/rin-trades-and-price-information,epa_rin/2026-09-27T200050Z,254b72a5f9a878ff80f00798e147e043e73931d20e3808a3b0c7eb1583ffba47,1.1
2022-09-05,2022-09-11,2022-09-05,2022-09-11,D6,2019,1.610000,500000,2026-09-27T20:00:50Z,2026-09-27T20:00:50Z,https://www.epa.gov/fuels-registration-reporting-and-compliance-help/rin-trades-and-price-information,epa_rin/2026-09-27T200050Z,254b72a5f9a878ff80f00798e147e043e73931d20e3808a3b0c7eb1583ffba47,1.1
2022-09-05,2022-09-11,2022-09-05,2022-09-11,D6,2020,1.460000,6896000,2026-09-27T20:00:50Z,2026-09-27T20:00:50Z,https://www.epa.gov/fuels-registration-reporting-and-compliance-help/rin-trades-and-price-information,epa_rin/2026-09-27T200050Z,254b72a5f9a878ff80f00798e147e043e73931d20e3808a3b0c7eb1583ffba47,1.1
2022-09-05,2022-09-11,2022-09-05,2022-09-11,D6,2021,1.410000,59458549,2026-09-27T20:00:50Z,2026-09-27T20:00:50Z,https://www.epa.gov/fuels-registration-reporting-and-compliance-help/rin-trades-and-price-information,epa_rin/2026-09-27T200050Z,254b72a5f9a878ff80f00798e147e043e73931d20e3808a3b0c7eb1583ffba47,1.1
2022-09-05,2022-09-11,2022-09-05,2022-09-11,D6,2022,1.530000,225679456,2026-09-27T20:00:50Z,2026-09-27T20:00:50Z,https://www.epa.gov/fuels-registration-reporting-and-compliance-help/rin-trades-and-price-information,epa_rin/2026-09-27T200050Z,254b72a5f9a878ff80f00798e147e043e73931d20e3808a3b0c7eb1583ffba47,1.1
2022-09-12,2022-09-18,2022-09-12,2022-09-18,D6,2019,1.640000,105157,2026-09-27T20:00:50Z,2026-09-27T20:00:50Z,https://www.epa.gov/fuels-registration-reporting-and-compliance-help/rin-trades-and-price-information,epa_rin/2026-09-27T200050Z,254b72a5f9a878ff80f00798e147e043e73931d20e3808a3b0c7eb1583ffba47,1.1
2022-09-12,2022-09-18,2022-09-12,2022-09-18,D6,2020,1.650000,471245,2026-09-27T20:00:50Z,2026-09-27T20:00:50Z,https://www.epa.gov/fuels-registration-reporting-and-compliance-help/rin-trades-and-price-information,epa_rin/2026-09-27T200050Z,254b72a5f9a878ff80f00798e147e043e73931d20e3808a3b0c7eb1583ffba47,1.1
2022-09-12,2022-09-18,2022-09-12,2022-09-18,D6,2021,1.560000,31014073,2026-09-27T20:00:50Z,2026-09-27T20:00:50Z,https://www.epa.gov/fuels-registration-reporting-and-compliance-help/rin-trades-and-price-information,epa_rin/2026-09-27T200050Z,254b72a5f9a878ff80f00798e147e043e73931d20e3808a3b0c7eb1583ffba47,1.1
2022-09-12,2022-09-18,2022-09-12,2022-09-18,D6,2022,1.520000,361111559,2026-09-27T20:00:50Z,2026-09-27T20:00:50Z,https://www.epa.gov/fuels-registration-reporting-and-compliance-help/rin-trades-and-price-information,epa_rin/2026-09-27T200050Z,254b72a5f9a878ff80f00798e147e043e73931d20e3808a3b0c7eb1583ffba47,1.1
2022-09-19,2022-09-25,2022-09-19,2022-09-25,D6,2019,1.630000,86030,2026-09-27T20:00:50Z,2026-09-27T20:00:50Z,https://www.epa.gov/fuels-registration-reporting-and-compliance-help/rin-trades-and-price-information,epa_rin/2026-09-27T200050Z,254b72a5f9a878ff80f00798e147e043e73931d20e3808a3b0c7eb1583ffba47,1.1
2022-09-19,2022-09-25,2022-09-19,2022-09-25,D6,2020,1.600000,11003400,2026-09-27T20:00:50Z,2026-09-27T20:00:50Z,https://www.epa.gov/fuels-registration-reporting-and-compliance-help/rin-trades-and-price-information,epa_rin/2026-09-27T200050Z,254b72a5f9a878ff80f00798e147e043e73931d20e3808a3b0c7eb1583ffba47,1.1
2022-09-19,2022-09-25,2022-09-19,2022-09-25,D6,2021,1.610000,3099088,2026-09-27T20:00:50Z,2026-09-27T20:00:50Z,https://www.epa.gov/fuels-registration-reporting-and-compliance-help/rin-trades-and-price-information,epa_rin/2026-09-27T200050Z,254b72a5f9a878ff80f00798e147e043e73931d20e3808a3b0c7eb1583ffba47,1.1
2022-09-19,2022-09-25,2022-09-19,2022-09-25,D6,2022,1.550000,467795946,2026-09-27T20:00:50Z,2026-09-27T20:00:50Z,https://www.epa.gov/fuels-registration-reporting-and-compliance-help/rin-trades-and-price-information,epa_rin/2026-09-27T200050Z,254b72a5f9a878ff80f00798e147e043e73931d20e3808a3b0c7eb1583ffba47,1.1
2022-09-26,2022-10-02,2022-09-26,2022-10-02,D6,2019,1.600000,500000,2026-09-27T20:00:50Z,2026-09-27T20:00:50Z,https://www.epa.gov/fuels-registration-reporting-and-compliance-help/rin-trades-and-price-information,epa_rin/2026-09-27T200050Z,254b72a5f9a878ff80f00798e147e043e73931d20e3808a3b0c7eb1583ffba47,1.1
2022-09-26,2022-10-02,2022-09-26,2022-10-02,D6,2020,1.620000,23204893,2026-09-27T20:00:50Z,2026-09-27T20:00:50Z,https://www.epa.gov/fuels-registration-reporting-and-compliance-help/rin-trades-and-price-information,epa_rin/2026-09-27T200050Z,254b72a5f9a878ff80f00798e147e043e73931d20e3808a3b0c7eb1583ffba47,1.1
2022-09-26,2022-10-02,2022-09-26,2022-10-02,D6,2021,1.400000,17071363,2026-09-27T20:00:50Z,2026-09-27T20:00:50Z,https://www.epa.gov/fuels-registration-reporting-and-compliance-help/rin-trades-and-price-information,epa_rin/2026-09-27T200050Z,254b72a5f9a878ff80f00798e147e043e73931d20e3808a3b0c7eb1583ffba47,1.1
2022-09-26,2022-10-02,2022-09-26,2022-10-02,D6,2022,1.530000,518765141,2026-09-27T20:00:50Z,2026-09-27T20:00:50Z,https://www.epa.gov/fuels-registration-reporting-and-compliance-help/rin-trades-and-price-information,epa_rin/2026-09-27T200050Z,254b72a5f9a878ff80f00798e147e043e73931d20e3808a3b0c7eb1583ffba47,1.1
2022-10-03,2022-10-09,2022-10-03,2022-10-09,D6,2020,1.610000,27364452,2026-09-27T20:00:50Z,2026-09-27T20:00:50Z,https://www.epa.gov/fuels-registration-reporting-and-compliance-help/rin-trades-and-price-information,epa_rin/2026-09-27T200050Z,254b72a5f9a878ff80f00798e147e043e73931d20e3808a3b0c7eb1583ffba47,1.1
2022-10-03,2022-10-09,2022-10-03,2022-10-09,D6,2021,1.600000,8000111,2026-09-27T20:00:50Z,2026-09-27T20:00:50Z,https://www.epa.gov/fuels-registration-reporting-and-compliance-help/rin-trades-and-price-information,epa_rin/2026-09-27T200050Z,254b72a5f9a878ff80f00798e147e043e73931d20e3808a3b0c7eb1583ffba47,1.1
2022-10-03,2022-10-09,2022-10-03,2022-10-09,D6,2022,1.560000,341221001,2026-09-27T20:00:50Z,2026-09-27T20:00:50Z,https://www.epa.gov/fuels-registration-reporting-and-compliance-help/rin-trades-and-price-information,epa_rin/2026-09-27T200050Z,254b72a5f9a878ff80f00798e147e043e73931d20e3808a3b0c7eb1583ffba47,1.1
2022-10-10,2022-10-16,2022-10-10,2022-10-16,D6,2020,1.600000,14649700,2026-09-27T20:00:50Z,2026-09-27T20:00:50Z,https://www.epa.gov/fuels-registration-reporting-and-compliance-help/rin-trades-and-price-information,epa_rin/2026-09-27T200050Z,254b72a5f9a878ff80f00798e147e043e73931d20e3808a3b0c7eb1583ffba47,1.1
2022-10-10,2022-10-16,2022-10-10,2022-10-16,D6,2021,1.560000,4418962,2026-09-27T20:00:50Z,2026-09-27T20:00:50Z,https://www.epa.gov/fuels-registration-reporting-and-compliance-help/rin-trades-and-price-information,epa_rin/2026-09-27T200050Z,254b72a5f9a878ff80f00798e147e043e73931d20e3808a3b0c7eb1583ffba47,1.1
2022-10-10,2022-10-16,2022-10-10,2022-10-16,D6,2022,1.580000,577331256,2026-09-27T20:00:50Z,2026-09-27T20:00:50Z,https://www.epa.gov/fuels-registration-reporting-and-compliance-help/rin-trades-and-price-information,epa_rin/2026-09-27T200050Z,254b72a5f9a878ff80f00798e147e043e73931d20e3808a3b0c7eb1583ffba47,1.1
2022-10-17,2022-10-23,2022-10-17,2022-10-23,D6,2020,1.620000,32619480,2026-09-27T20:00:50Z,2026-09-27T20:00:50Z,https://www.epa.gov/fuels-registration-reporting-and-compliance-help/rin-trades-and-price-information,epa_rin/2026-09-27T200050Z,254b72a5f9a878ff80f00798e147e043e73931d20e3808a3b0c7eb1583ffba47,1.1
2022-10-17,2022-10-23,2022-10-17,2022-10-23,D6,2021,1.580000,243667616,2026-09-27T20:00:50Z,2026-09-27T20:00:50Z,https://www.epa.gov/fuels-registration-reporting-and-compliance-help/rin-trades-and-price-information,epa_rin/2026-09-27T200050Z,254b72a5f9a878ff80f00798e147e043e73931d20e3808a3b0c7eb1583ffba47,1.1
2022-10-17,2022-10-23,2022-10-17,2022-10-23,D6,2022,1.590000,382885932,2026-09-27T20:00:50Z,2026-09-27T20:00:50Z,https://www.epa.gov/fuels-registration-reporting-and-compliance-help/rin-trades-and-price-information,epa_rin/2026-09-27T200050Z,254b72a5f9a878ff80f00798e147e043e73931d20e3808a3b0c7eb1583ffba47,1.1
2022-10-24,2022-10-30,2022-10-24,2022-10-30,D6,2019,1.590000,70942,2026-09-27T20:00:50Z,2026-09-27T20:00:50Z,https://www.epa.gov/fuels-registration-reporting-and-compliance-help/rin-trades-and-price-information,epa_rin/2026-09-27T200050Z,254b72a5f9a878ff80f00798e147e043e73931d20e3808a3b0c7eb1583ffba47,1.1
2022-10-24,2022-10-30,2022-10-24,2022-10-30,D6,2020,1.320000,260699935,2026-09-27T20:00:50Z,2026-09-27T20:00:50Z,https://www.epa.gov/fuels-registration-reporting-and-compliance-help/rin-trades-and-price-information,epa_rin/2026-09-27T200050Z,254b72a5f9a878ff80f00798e147e043e73931d20e3808a3b0c7eb1583ffba47,1.1
2022-10-24,2022-10-30,2022-10-24,2022-10-30,D6,2021,1.610000,11565711,2026-09-27T20:00:50Z,2026-09-27T20:00:50Z,https://www.epa.gov/fuels-registration-reporting-and-compliance-help/rin-trades-and-price-information,epa_rin/2026-09-27T200050Z,254b72a5f9a878ff80f00798e147e043e73931d20e3808a3b0c7eb1583ffba47,1.1
2022-10-24,2022-10-30,2022-10-24,2022-10-30,D6,2022,1.610000,297781739,2026-09-27T20:00:50Z,2026-09-27T20:00:50Z,https://www.epa.gov/fuels-registration-reporting-and-compliance-help/rin-trades-and-price-information,epa_rin/2026-09-27T200050Z,254b72a5f9a878ff80f00798e147e043e73931d20e3808a3b0c7eb1583ffba47,1.1
2022-10-31,2022-11-06,2022-10-31,2022-11-06,D6,2020,1.680000,21280926,2026-09-27T20:00:50Z,2026-09-27T20:00:50Z,https://www.epa.gov/fuels-registration-reporting-and-compliance-help/rin-trades-and-price-information,epa_rin/2026-09-27T200050Z,254b72a5f9a878ff80f00798e147e043e73931d20e3808a3b0c7eb1583ffba47,1.1
2022-10-31,2022-11-06,2022-10-31,2022-11-06,D6,2021,1.650004,24764040,2026-09-27T20:00:50Z,2026-09-27T20:00:50Z,https://www.epa.gov/fuels-registration-reporting-and-compliance-help/rin-trades-and-price-information,epa_rin/2026-09-27T200050Z,254b72a5f9a878ff80f00798e147e043e73931d20e3808a3b0c7eb1583ffba47,1.1
2022-10-31,2022-11-06,2022-10-31,2022-11-06,D6,2022,1.600000,375033368,2026-09-27T20:00:50Z,2026-09-27T20:00:50Z,https://www.epa.gov/fuels-registration-reporting-and-compliance-help/rin-trades-and-price-information,epa_rin/2026-09-27T200050Z,254b72a5f9a878ff80f00798e147e043e73931d20e3808a3b0c7eb1583ffba47,1.1
2022-11-07,2022-11-13,2022-11-07,2022-11-13,D6,2020,1.720000,61949629,2026-09-27T20:00:50Z,2026-09-27T20:00:50Z,https://www.epa.gov/fuels-registration-reporting-and-compliance-help/rin-trades-and-price-information,epa_rin/2026-09-27T200050Z,254b72a5f9a878ff80f00798e147e043e73931d20e3808a3b0c7eb1583ffba47,1.1
2022-11-07,2022-11-13,2022-11-07,2022-11-13,D6,2021,1.730000,439154,2026-09-27T20:00:50Z,2026-09-27T20:00:50Z,https://www.epa.gov/fuels-registration-reporting-and-compliance-help/rin-trades-and-price-information,epa_rin/2026-09-27T200050Z,254b72a5f9a878ff80f00798e147e043e73931d20e3808a3b0c7eb1583ffba47,1.1
2022-11-07,2022-11-13,2022-11-07,2022-11-13,D6,2022,1.610000,328105102,2026-09-27T20:00:50Z,2026-09-27T20:00:50Z,https://www.epa.gov/fuels-registration-reporting-and-compliance-help/rin-trades-and-price-information,epa_rin/2026-09-27T200050Z,254b72a5f9a878ff80f00798e147e043e73931d20e3808a3b0c7eb1583ffba47,1.1
2022-11-14,2022-11-20,2022-11-14,2022-11-20,D6,2019,1.720000,73994950,2026-09-27T20:00:50Z,2026-09-27T20:00:50Z,https://www.epa.gov/fuels-registration-reporting-and-compliance-help/rin-trades-and-price-information,epa_rin/2026-09-27T200050Z,254b72a5f9a878ff80f00798e147e043e73931d20e3808a3b0c7eb1583ffba47,1.1
2022-11-14,2022-11-20,2022-11-14,2022-11-20,D6,2020,1.760000,329509225,2026-09-27T20:00:50Z,2026-09-27T20:00:50Z,https://www.epa.gov/fuels-registration-reporting-and-compliance-help/rin-trades-and-price-information,epa_rin/2026-09-27T200050Z,254b72a5f9a878ff80f00798e147e043e73931d20e3808a3b0c7eb1583ffba47,1.1
2022-11-14,2022-11-20,2022-11-14,2022-11-20,D6,2021,1.570000,21363520,2026-09-27T20:00:50Z,2026-09-27T20:00:50Z,https://www.epa.gov/fuels-registration-reporting-and-compliance-help/rin-trades-and-price-information,epa_rin/2026-09-27T200050Z,254b72a5f9a878ff80f00798e147e043e73931d20e3808a3b0c7eb1583ffba47,1.1
2022-11-14,2022-11-20,2022-11-14,2022-11-20,D6,2022,1.630000,447522388,2026-09-27T20:00:50Z,2026-09-27T20:00:50Z,https://www.epa.gov/fuels-registration-reporting-and-compliance-help/rin-trades-and-price-information,epa_rin/2026-09-27T200050Z,254b72a5f9a878ff80f00798e147e043e73931d20e3808a3b0c7eb1583ffba47,1.1
2022-11-21,2022-11-27,2022-11-21,2022-11-27,D6,2019,1.780000,246057,2026-09-27T20:00:50Z,2026-09-27T20:00:50Z,https://www.epa.gov/fuels-registration-reporting-and-compliance-help/rin-trades-and-price-information,epa_rin/2026-09-27T200050Z,254b72a5f9a878ff80f00798e147e043e73931d20e3808a3b0c7eb1583ffba47,1.1
2022-11-21,2022-11-27,2022-11-21,2022-11-27,D6,2020,1.680000,120082166,2026-09-27T20:00:50Z,2026-09-27T20:00:50Z,https://www.epa.gov/fuels-registration-reporting-and-compliance-help/rin-trades-and-price-information,epa_rin/2026-09-27T200050Z,254b72a5f9a878ff80f00798e147e043e73931d20e3808a3b0c7eb1583ffba47,1.1
2022-11-21,2022-11-27,2022-11-21,2022-11-27,D6,2021,1.610000,30255115,2026-09-27T20:00:50Z,2026-09-27T20:00:50Z,https://www.epa.gov/fuels-registration-reporting-and-compliance-help/rin-trades-and-price-information,epa_rin/2026-09-27T200050Z,254b72a5f9a878ff80f00798e147e043e73931d20e3808a3b0c7eb1583ffba47,1.1
2022-11-21,2022-11-27,2022-11-21,2022-11-27,D6,2022,1.690000,320328991,2026-09-27T20:00:50Z,2026-09-27T20:00:50Z,https://www.epa.gov/fuels-registration-reporting-and-compliance-help/rin-trades-and-price-information,epa_rin/2026-09-27T200050Z,254b72a5f9a878ff80f00798e147e043e73931d20e3808a3b0c7eb1583ffba47,1.1
2022-11-28,2022-12-04,2022-11-28,2022-12-04,D6,2019,1.800000,12056978,2026-09-27T20:00:50Z,2026-09-27T20:00:50Z,https://www.epa.gov/fuels-registration-reporting-and-compliance-help/rin-trades-and-price-information,epa_rin/2026-09-27T200050Z,254b72a5f9a878ff80f00798e147e043e73931d20e3808a3b0c7eb1583ffba47,1.1
2022-11-28,2022-12-04,2022-11-28,2022-12-04,D6,2020,1.820000,639491,2026-09-27T20:00:50Z,2026-09-27T20:00:50Z,https://www.epa.gov/fuels-registration-reporting-and-compliance-help/rin-trades-and-price-information,epa_rin/2026-09-27T200050Z,254b72a5f9a878ff80f00798e147e043e73931d20e3808a3b0c7eb1583ffba47,1.1
2022-11-28,2022-12-04,2022-11-28,2022-12-04,D6,2021,1.730000,20025087,2026-09-27T20:00:50Z,2026-09-27T20:00:50Z,https://www.epa.gov/fuels-registration-reporting-and-compliance-help/rin-trades-and-price-information,epa_rin/2026-09-27T200050Z,254b72a5f9a878ff80f00798e147e043e73931d20e3808a3b0c7eb1583ffba47,1.1
2022-11-28,2022-12-04,2022-11-28,2022-12-04,D6,2022,1.680000,294943368,2026-09-27T20:00:50Z,2026-09-27T20:00:50Z,https://www.epa.gov/fuels-registration-reporting-and-compliance-help/rin-trades-and-price-information,epa_rin/2026-09-27T200050Z,254b72a5f9a878ff80f00798e147e043e73931d20e3808a3b0c7eb1583ffba47,1.1
2022-12-05,2022-12-11,2022-12-05,2022-12-11,D6,2021,1.690000,26562283,2026-09-27T20:00:50Z,2026-09-27T20:00:50Z,https://www.epa.gov/fuels-registration-reporting-and-compliance-help/rin-trades-and-price-information,epa_rin/2026-09-27T200050Z,254b72a5f9a878ff80f00798e147e043e73931d20e3808a3b0c7eb1583ffba47,1.1
2022-12-05,2022-12-11,2022-12-05,2022-12-11,D6,2022,1.650000,427651018,2026-09-27T20:00:50Z,2026-09-27T20:00:50Z,https://www.epa.gov/fuels-registration-reporting-and-compliance-help/rin-trades-and-price-information,epa_rin/2026-09-27T200050Z,254b72a5f9a878ff80f00798e147e043e73931d20e3808a3b0c7eb1583ffba47,1.1
2022-12-12,2022-12-18,2022-12-12,2022-12-18,D6,2021,1.660000,27392611,2026-09-27T20:00:50Z,2026-09-27T20:00:50Z,https://www.epa.gov/fuels-registration-reporting-and-compliance-help/rin-trades-and-price-information,epa_rin/2026-09-27T200050Z,254b72a5f9a878ff80f00798e147e043e73931d20e3808a3b0c7eb1583ffba47,1.1
2022-12-12,2022-12-18,2022-12-12,2022-12-18,D6,2022,1.640000,698876572,2026-09-27T20:00:50Z,2026-09-27T20:00:50Z,https://www.epa.gov/fuels-registration-reporting-and-compliance-help/rin-trades-and-price-information,epa_rin/2026-09-27T200050Z,254b72a5f9a878ff80f00798e147e043e73931d20e3808a3b0c7eb1583ffba47,1.1
2022-12-19,2022-12-25,2022-12-19,2022-12-25,D6,2021,1.680000,19650000,2026-09-27T20:00:50Z,2026-09-27T20:00:50Z,https://www.epa.gov/fuels-registration-reporting-and-compliance-help/rin-trades-and-price-information,epa_rin/2026-09-27T200050Z,254b72a5f9a878ff80f00798e147e043e73931d20e3808a3b0c7eb1583ffba47,1.1
2022-12-19,2022-12-25,2022-12-19,2022-12-25,D6,2022,1.600000,571956415,2026-09-27T20:00:50Z,2026-09-27T20:00:50Z,https://www.epa.gov/fuels-registration-reporting-and-compliance-help/rin-trades-and-price-information,epa_rin/2026-09-27T200050Z,254b72a5f9a878ff80f00798e147e043e73931d20e3808a3b0c7eb1583ffba47,1.1
2022-12-26,2023-01-01,2022-12-26,2023-01-01,D6,2021,1.610000,3725305,2026-09-27T20:00:50Z,2026-09-27T20:00:50Z,https://www.epa.gov/fuels-registration-reporting-and-compliance-help/rin-trades-and-price-information,epa_rin/2026-09-27T200050Z,254b72a5f9a878ff80f00798e147e043e73931d20e3808a3b0c7eb1583ffba47,1.1
2022-12-26,2023-01-01,2022-12-26,2023-01-01,D6,2022,1.628786,390938593,2026-09-27T20:00:50Z,2026-09-27T20:00:50Z,https://www.epa.gov/fuels-registration-reporting-and-compliance-help/rin-trades-and-price-information,epa_rin/2026-09-27T200050Z,254b72a5f9a878ff80f00798e147e043e73931d20e3808a3b0c7eb1583ffba47,1.1
2022-12-26,2023-01-01,2022-12-26,2023-01-01,D6,2023,1.650000,591182,2026-09-27T20:00:50Z,2026-09-27T20:00:50Z,https://www.epa.gov/fuels-registration-reporting-and-compliance-help/rin-trades-and-price-information,epa_rin/2026-09-27T200050Z,254b72a5f9a878ff80f00798e147e043e73931d20e3808a3b0c7eb1583ffba47,1.1
2023-01-02,2023-01-08,2023-01-02,2023-01-08,D6,2021,1.640148,3033090,2026-09-27T20:00:50Z,2026-09-27T20:00:50Z,https://www.epa.gov/fuels-registration-reporting-and-compliance-help/rin-trades-and-price-information,epa_rin/2026-09-27T200050Z,254b72a5f9a878ff80f00798e147e043e73931d20e3808a3b0c7eb1583ffba47,1.1
2023-01-02,2023-01-08,2023-01-02,2023-01-08,D6,2022,1.650000,213034971,2026-09-27T20:00:50Z,2026-09-27T20:00:50Z,https://www.epa.gov/fuels-registration-reporting-and-compliance-help/rin-trades-and-price-information,epa_rin/2026-09-27T200050Z,254b72a5f9a878ff80f00798e147e043e73931d20e3808a3b0c7eb1583ffba47,1.1
2023-01-02,2023-01-08,2023-01-02,2023-01-08,D6,2023,1.700000,19551021,2026-09-27T20:00:50Z,2026-09-27T20:00:50Z,https://www.epa.gov/fuels-registration-reporting-and-compliance-help/rin-trades-and-price-information,epa_rin/2026-09-27T200050Z,254b72a5f9a878ff80f00798e147e043e73931d20e3808a3b0c7eb1583ffba47,1.1
2023-01-09,2023-01-15,2023-01-09,2023-01-15,D6,2021,1.730000,1474960,2026-09-27T20:00:50Z,2026-09-27T20:00:50Z,https://www.epa.gov/fuels-registration-reporting-and-compliance-help/rin-trades-and-price-information,epa_rin/2026-09-27T200050Z,254b72a5f9a878ff80f00798e147e043e73931d20e3808a3b0c7eb1583ffba47,1.1
2023-01-09,2023-01-15,2023-01-09,2023-01-15,D6,2022,1.650000,218680472,2026-09-27T20:00:50Z,2026-09-27T20:00:50Z,https://www.epa.gov/fuels-registration-reporting-and-compliance-help/rin-trades-and-price-information,epa_rin/2026-09-27T200050Z,254b72a5f9a878ff80f00798e147e043e73931d20e3808a3b0c7eb1583ffba47,1.1
2023-01-09,2023-01-15,2023-01-09,2023-01-15,D6,2023,1.680000,55969207,2026-09-27T20:00:50Z,2026-09-27T20:00:50Z,https://www.epa.gov/fuels-registration-reporting-and-compliance-help/rin-trades-and-price-information,epa_rin/2026-09-27T200050Z,254b72a5f9a878ff80f00798e147e043e73931d20e3808a3b0c7eb1583ffba47,1.1
2023-01-16,2023-01-22,2023-01-16,2023-01-22,D6,2021,1.720000,6312345,2026-09-27T20:00:50Z,2026-09-27T20:00:50Z,https://www.epa.gov/fuels-registration-reporting-and-compliance-help/rin-trades-and-price-information,epa_rin/2026-09-27T200050Z,254b72a5f9a878ff80f00798e147e043e73931d20e3808a3b0c7eb1583ffba47,1.1
2023-01-16,2023-01-22,2023-01-16,2023-01-22,D6,2022,1.660000,301118106,2026-09-27T20:00:50Z,2026-09-27T20:00:50Z,https://www.epa.gov/fuels-registration-reporting-and-compliance-help/rin-trades-and-price-information,epa_rin/2026-09-27T200050Z,254b72a5f9a878ff80f00798e147e043e73931d20e3808a3b0c7eb1583ffba47,1.1
2023-01-16,2023-01-22,2023-01-16,2023-01-22,D6,2023,1.640000,53498691,2026-09-27T20:00:50Z,2026-09-27T20:00:50Z,https://www.epa.gov/fuels-registration-reporting-and-compliance-help/rin-trades-and-price-information,epa_rin/2026-09-27T200050Z,254b72a5f9a878ff80f00798e147e043e73931d20e3808a3b0c7eb1583ffba47,1.1
2023-01-23,2023-01-29,2023-01-23,2023-01-29,D6,2020,0.840000,140023,2026-09-27T20:00:50Z,2026-09-27T20:00:50Z,https://www.epa.gov/fuels-registration-reporting-and-compliance-help/rin-trades-and-price-information,epa_rin/2026-09-27T200050Z,254b72a5f9a878ff80f00798e147e043e73931d20e3808a3b0c7eb1583ffba47,1.1
2023-01-23,2023-01-29,2023-01-23,2023-01-29,D6,2021,1.680000,6529719,2026-09-27T20:00:50Z,2026-09-27T20:00:50Z,https://www.epa.gov/fuels-registration-reporting-and-compliance-help/rin-trades-and-price-information,epa_rin/2026-09-27T200050Z,254b72a5f9a878ff80f00798e147e043e73931d20e3808a3b0c7eb1583ffba47,1.1
2023-01-23,2023-01-29,2023-01-23,2023-01-29,D6,2022,1.670000,287496829,2026-09-27T20:00:50Z,2026-09-27T20:00:50Z,https://www.epa.gov/fuels-registration-reporting-and-compliance-help/rin-trades-and-price-information,epa_rin/2026-09-27T200050Z,254b72a5f9a878ff80f00798e147e043e73931d20e3808a3b0c7eb1583ffba47,1.1
2023-01-23,2023-01-29,2023-01-23,2023-01-29,D6,2023,1.660000,64676089,2026-09-27T20:00:50Z,2026-09-27T20:00:50Z,https://www.epa.gov/fuels-registration-reporting-and-compliance-help/rin-trades-and-price-information,epa_rin/2026-09-27T200050Z,254b72a5f9a878ff80f00798e147e043e73931d20e3808a3b0c7eb1583ffba47,1.1
2023-01-30,2023-02-05,2023-01-30,2023-02-05,D6,2020,1.250000,144665,2026-09-27T20:00:50Z,2026-09-27T20:00:50Z,https://www.epa.gov/fuels-registration-reporting-and-compliance-help/rin-trades-and-price-information,epa_rin/2026-09-27T200050Z,254b72a5f9a878ff80f00798e147e043e73931d20e3808a3b0c7eb1583ffba47,1.1
2023-01-30,2023-02-05,2023-01-30,2023-02-05,D6,2021,1.670000,3658702,2026-09-27T20:00:50Z,2026-09-27T20:00:50Z,https://www.epa.gov/fuels-registration-reporting-and-compliance-help/rin-trades-and-price-information,epa_rin/2026-09-27T200050Z,254b72a5f9a878ff80f00798e147e043e73931d20e3808a3b0c7eb1583ffba47,1.1
2023-01-30,2023-02-05,2023-01-30,2023-02-05,D6,2022,1.640000,258640491,2026-09-27T20:00:50Z,2026-09-27T20:00:50Z,https://www.epa.gov/fuels-registration-reporting-and-compliance-help/rin-trades-and-price-information,epa_rin/2026-09-27T200050Z,254b72a5f9a878ff80f00798e147e043e73931d20e3808a3b0c7eb1583ffba47,1.1
2023-01-30,2023-02-05,2023-01-30,2023-02-05,D6,2023,1.650000,99740413,2026-09-27T20:00:50Z,2026-09-27T20:00:50Z,https://www.epa.gov/fuels-registration-reporting-and-compliance-help/rin-trades-and-price-information,epa_rin/2026-09-27T200050Z,254b72a5f9a878ff80f00798e147e043e73931d20e3808a3b0c7eb1583ffba47,1.1
2023-02-06,2023-02-12,2023-02-06,2023-02-12,D6,2021,1.650000,18833768,2026-09-27T20:00:50Z,2026-09-27T20:00:50Z,https://www.epa.gov/fuels-registration-reporting-and-compliance-help/rin-trades-and-price-information,epa_rin/2026-09-27T200050Z,254b72a5f9a878ff80f00798e147e043e73931d20e3808a3b0c7eb1583ffba47,1.1
2023-02-06,2023-02-12,2023-02-06,2023-02-12,D6,2022,1.630000,150247021,2026-09-27T20:00:50Z,2026-09-27T20:00:50Z,https://www.epa.gov/fuels-registration-reporting-and-compliance-help/rin-trades-and-price-information,epa_rin/2026-09-27T200050Z,254b72a5f9a878ff80f00798e147e043e73931d20e3808a3b0c7eb1583ffba47,1.1
2023-02-06,2023-02-12,2023-02-06,2023-02-12,D6,2023,1.640000,87720649,2026-09-27T20:00:50Z,2026-09-27T20:00:50Z,https://www.epa.gov/fuels-registration-reporting-and-compliance-help/rin-trades-and-price-information,epa_rin/2026-09-27T200050Z,254b72a5f9a878ff80f00798e147e043e73931d20e3808a3b0c7eb1583ffba47,1.1
2023-02-13,2023-02-19,2023-02-13,2023-02-19,D6,2020,1.650000,401984,2026-09-27T20:00:50Z,2026-09-27T20:00:50Z,https://www.epa.gov/fuels-registration-reporting-and-compliance-help/rin-trades-and-price-information,epa_rin/2026-09-27T200050Z,254b72a5f9a878ff80f00798e147e043e73931d20e3808a3b0c7eb1583ffba47,1.1
2023-02-13,2023-02-19,2023-02-13,2023-02-19,D6,2021,1.530000,44921264,2026-09-27T20:00:50Z,2026-09-27T20:00:50Z,https://www.epa.gov/fuels-registration-reporting-and-compliance-help/rin-trades-and-price-information,epa_rin/2026-09-27T200050Z,254b72a5f9a878ff80f00798e147e043e73931d20e3808a3b0c7eb1583ffba47,1.1
2023-02-13,2023-02-19,2023-02-13,2023-02-19,D6,2022,1.640000,196405142,2026-09-27T20:00:50Z,2026-09-27T20:00:50Z,https://www.epa.gov/fuels-registration-reporting-and-compliance-help/rin-trades-and-price-information,epa_rin/2026-09-27T200050Z,254b72a5f9a878ff80f00798e147e043e73931d20e3808a3b0c7eb1583ffba47,1.1
2023-02-13,2023-02-19,2023-02-13,2023-02-19,D6,2023,1.650000,126308551,2026-09-27T20:00:50Z,2026-09-27T20:00:50Z,https://www.epa.gov/fuels-registration-reporting-and-compliance-help/rin-trades-and-price-information,epa_rin/2026-09-27T200050Z,254b72a5f9a878ff80f00798e147e043e73931d20e3808a3b0c7eb1583ffba47,1.1
2023-02-20,2023-02-26,2023-02-20,2023-02-26,D6,2021,1.610000,27165505,2026-09-27T20:00:50Z,2026-09-27T20:00:50Z,https://www.epa.gov/fuels-registration-reporting-and-compliance-help/rin-trades-and-price-information,epa_rin/2026-09-27T200050Z,254b72a5f9a878ff80f00798e147e043e73931d20e3808a3b0c7eb1583ffba47,1.1
2023-02-20,2023-02-26,2023-02-20,2023-02-26,D6,2022,1.640000,172390987,2026-09-27T20:00:50Z,2026-09-27T20:00:50Z,https://www.epa.gov/fuels-registration-reporting-and-compliance-help/rin-trades-and-price-information,epa_rin/2026-09-27T200050Z,254b72a5f9a878ff80f00798e147e043e73931d20e3808a3b0c7eb1583ffba47,1.1
2023-02-20,2023-02-26,2023-02-20,2023-02-26,D6,2023,1.630000,143565755,2026-09-27T20:00:50Z,2026-09-27T20:00:50Z,https://www.epa.gov/fuels-registration-reporting-and-compliance-help/rin-trades-and-price-information,epa_rin/2026-09-27T200050Z,254b72a5f9a878ff80f00798e147e043e73931d20e3808a3b0c7eb1583ffba47,1.1
2023-02-27,2023-03-05,2023-02-27,2023-03-05,D6,2021,1.640000,11202165,2026-09-27T20:00:50Z,2026-09-27T20:00:50Z,https://www.epa.gov/fuels-registration-reporting-and-compliance-help/rin-trades-and-price-information,epa_rin/2026-09-27T200050Z,254b72a5f9a878ff80f00798e147e043e73931d20e3808a3b0c7eb1583ffba47,1.1
2023-02-27,2023-03-05,2023-02-27,2023-03-05,D6,2022,1.660000,244736679,2026-09-27T20:00:50Z,2026-09-27T20:00:50Z,https://www.epa.gov/fuels-registration-reporting-and-compliance-help/rin-trades-and-price-information,epa_rin/2026-09-27T200050Z,254b72a5f9a878ff80f00798e147e043e73931d20e3808a3b0c7eb1583ffba47,1.1
2023-02-27,2023-03-05,2023-02-27,2023-03-05,D6,2023,1.620000,198084982,2026-09-27T20:00:50Z,2026-09-27T20:00:50Z,https://www.epa.gov/fuels-registration-reporting-and-compliance-help/rin-trades-and-price-information,epa_rin/2026-09-27T200050Z,254b72a5f9a878ff80f00798e147e043e73931d20e3808a3b0c7eb1583ffba47,1.1
2023-03-06,2023-03-12,2023-03-06,2023-03-12,D6,2021,1.640000,14360242,2026-09-27T20:00:50Z,2026-09-27T20:00:50Z,https://www.epa.gov/fuels-registration-reporting-and-compliance-help/rin-trades-and-price-information,epa_rin/2026-09-27T200050Z,254b72a5f9a878ff80f00798e147e043e73931d20e3808a3b0c7eb1583ffba47,1.1
2023-03-06,2023-03-12,2023-03-06,2023-03-12,D6,2022,1.640000,235607233,2026-09-27T20:00:50Z,2026-09-27T20:00:50Z,https://www.epa.gov/fuels-registration-reporting-and-compliance-help/rin-trades-and-price-information,epa_rin/2026-09-27T200050Z,254b72a5f9a878ff80f00798e147e043e73931d20e3808a3b0c7eb1583ffba47,1.1
2023-03-06,2023-03-12,2023-03-06,2023-03-12,D6,2023,1.620000,243084641,2026-09-27T20:00:50Z,2026-09-27T20:00:50Z,https://www.epa.gov/fuels-registration-reporting-and-compliance-help/rin-trades-and-price-information,epa_rin/2026-09-27T200050Z,254b72a5f9a878ff80f00798e147e043e73931d20e3808a3b0c7eb1583ffba47,1.1
2023-03-13,2023-03-19,2023-03-13,2023-03-19,D6,2020,1.550000,10085230,2026-09-27T20:00:50Z,2026-09-27T20:00:50Z,https://www.epa.gov/fuels-registration-reporting-and-compliance-help/rin-trades-and-price-information,epa_rin/2026-09-27T200050Z,254b72a5f9a878ff80f00798e147e043e73931d20e3808a3b0c7eb1583ffba47,1.1
2023-03-13,2023-03-19,2023-03-13,2023-03-19,D6,2021,1.450000,135094106,2026-09-27T20:00:50Z,2026-09-27T20:00:50Z,https://www.epa.gov/fuels-registration-reporting-and-compliance-help/rin-trades-and-price-information,epa_rin/2026-09-27T200050Z,254b72a5f9a878ff80f00798e147e043e73931d20e3808a3b0c7eb1583ffba47,1.1
2023-03-13,2023-03-19,2023-03-13,2023-03-19,D6,2022,1.630000,173765389,2026-09-27T20:00:50Z,2026-09-27T20:00:50Z,https://www.epa.gov/fuels-registration-reporting-and-compliance-help/rin-trades-and-price-information,epa_rin/2026-09-27T200050Z,254b72a5f9a878ff80f00798e147e043e73931d20e3808a3b0c7eb1583ffba47,1.1
2023-03-13,2023-03-19,2023-03-13,2023-03-19,D6,2023,1.600000,325778708,2026-09-27T20:00:50Z,2026-09-27T20:00:50Z,https://www.epa.gov/fuels-registration-reporting-and-compliance-help/rin-trades-and-price-information,epa_rin/2026-09-27T200050Z,254b72a5f9a878ff80f00798e147e043e73931d20e3808a3b0c7eb1583ffba47,1.1
2023-03-20,2023-03-26,2023-03-20,2023-03-26,D6,2020,1.510000,67286321,2026-09-27T20:00:50Z,2026-09-27T20:00:50Z,https://www.epa.gov/fuels-registration-reporting-and-compliance-help/rin-trades-and-price-information,epa_rin/2026-09-27T200050Z,254b72a5f9a878ff80f00798e147e043e73931d20e3808a3b0c7eb1583ffba47,1.1
2023-03-20,2023-03-26,2023-03-20,2023-03-26,D6,2021,1.660000,488972298,2026-09-27T20:00:50Z,2026-09-27T20:00:50Z,https://www.epa.gov/fuels-registration-reporting-and-compliance-help/rin-trades-and-price-information,epa_rin/2026-09-27T200050Z,254b72a5f9a878ff80f00798e147e043e73931d20e3808a3b0c7eb1583ffba47,1.1
2023-03-20,2023-03-26,2023-03-20,2023-03-26,D6,2022,1.630000,241717978,2026-09-27T20:00:50Z,2026-09-27T20:00:50Z,https://www.epa.gov/fuels-registration-reporting-and-compliance-help/rin-trades-and-price-information,epa_rin/2026-09-27T200050Z,254b72a5f9a878ff80f00798e147e043e73931d20e3808a3b0c7eb1583ffba47,1.1
2023-03-20,2023-03-26,2023-03-20,2023-03-26,D6,2023,1.600000,493238298,2026-09-27T20:00:50Z,2026-09-27T20:00:50Z,https://www.epa.gov/fuels-registration-reporting-and-compliance-help/rin-trades-and-price-information,epa_rin/2026-09-27T200050Z,254b72a5f9a878ff80f00798e147e043e73931d20e3808a3b0c7eb1583ffba47,1.1
2023-03-27,2023-04-02,2023-03-27,2023-04-02,D6,2020,1.520000,8580016,2026-09-27T20:00:50Z,2026-09-27T20:00:50Z,https://www.epa.gov/fuels-registration-reporting-and-compliance-help/rin-trades-and-price-information,epa_rin/2026-09-27T200050Z,254b72a5f9a878ff80f00798e147e043e73931d20e3808a3b0c7eb1583ffba47,1.1
2023-03-27,2023-04-02,2023-03-27,2023-04-02,D6,2021,1.550000,22840244,2026-09-27T20:00:50Z,2026-09-27T20:00:50Z,https://www.epa.gov/fuels-registration-reporting-and-compliance-help/rin-trades-and-price-information,epa_rin/2026-09-27T200050Z,254b72a5f9a878ff80f00798e147e043e73931d20e3808a3b0c7eb1583ffba47,1.1
2023-03-27,2023-04-02,2023-03-27,2023-04-02,D6,2022,1.610000,148868047,2026-09-27T20:00:50Z,2026-09-27T20:00:50Z,https://www.epa.gov/fuels-registration-reporting-and-compliance-help/rin-trades-and-price-information,epa_rin/2026-09-27T200050Z,254b72a5f9a878ff80f00798e147e043e73931d20e3808a3b0c7eb1583ffba47,1.1
2023-03-27,2023-04-02,2023-03-27,2023-04-02,D6,2023,1.590000,294028726,2026-09-27T20:00:50Z,2026-09-27T20:00:50Z,https://www.epa.gov/fuels-registration-reporting-and-compliance-help/rin-trades-and-price-information,epa_rin/2026-09-27T200050Z,254b72a5f9a878ff80f00798e147e043e73931d20e3808a3b0c7eb1583ffba47,1.1
2023-04-03,2023-04-09,2023-04-03,2023-04-09,D6,2021,1.590000,7129446,2026-09-27T20:00:50Z,2026-09-27T20:00:50Z,https://www.epa.gov/fuels-registration-reporting-and-compliance-help/rin-trades-and-price-information,epa_rin/2026-09-27T200050Z,254b72a5f9a878ff80f00798e147e043e73931d20e3808a3b0c7eb1583ffba47,1.1
2023-04-03,2023-04-09,2023-04-03,2023-04-09,D6,2022,1.610000,136411534,2026-09-27T20:00:50Z,2026-09-27T20:00:50Z,https://www.epa.gov/fuels-registration-reporting-and-compliance-help/rin-trades-and-price-information,epa_rin/2026-09-27T200050Z,254b72a5f9a878ff80f00798e147e043e73931d20e3808a3b0c7eb1583ffba47,1.1
2023-04-03,2023-04-09,2023-04-03,2023-04-09,D6,2023,1.600000,190548608,2026-09-27T20:00:50Z,2026-09-27T20:00:50Z,https://www.epa.gov/fuels-registration-reporting-and-compliance-help/rin-trades-and-price-information,epa_rin/2026-09-27T200050Z,254b72a5f9a878ff80f00798e147e043e73931d20e3808a3b0c7eb1583ffba47,1.1
2023-04-10,2023-04-16,2023-04-10,2023-04-16,D6,2021,1.590000,9000000,2026-09-27T20:00:50Z,2026-09-27T20:00:50Z,https://www.epa.gov/fuels-registration-reporting-and-compliance-help/rin-trades-and-price-information,epa_rin/2026-09-27T200050Z,254b72a5f9a878ff80f00798e147e043e73931d20e3808a3b0c7eb1583ffba47,1.1
2023-04-10,2023-04-16,2023-04-10,2023-04-16,D6,2022,1.620000,144848467,2026-09-27T20:00:50Z,2026-09-27T20:00:50Z,https://www.epa.gov/fuels-registration-reporting-and-compliance-help/rin-trades-and-price-information,epa_rin/2026-09-27T200050Z,254b72a5f9a878ff80f00798e147e043e73931d20e3808a3b0c7eb1583ffba47,1.1
2023-04-10,2023-04-16,2023-04-10,2023-04-16,D6,2023,1.580000,282257941,2026-09-27T20:00:50Z,2026-09-27T20:00:50Z,https://www.epa.gov/fuels-registration-reporting-and-compliance-help/rin-trades-and-price-information,epa_rin/2026-09-27T200050Z,254b72a5f9a878ff80f00798e147e043e73931d20e3808a3b0c7eb1583ffba47,1.1
2023-04-17,2023-04-23,2023-04-17,2023-04-23,D6,2021,1.110000,4607249,2026-09-27T20:00:50Z,2026-09-27T20:00:50Z,https://www.epa.gov/fuels-registration-reporting-and-compliance-help/rin-trades-and-price-information,epa_rin/2026-09-27T200050Z,254b72a5f9a878ff80f00798e147e043e73931d20e3808a3b0c7eb1583ffba47,1.1
2023-04-17,2023-04-23,2023-04-17,2023-04-23,D6,2022,1.610000,206947733,2026-09-27T20:00:50Z,2026-09-27T20:00:50Z,https://www.epa.gov/fuels-registration-reporting-and-compliance-help/rin-trades-and-price-information,epa_rin/2026-09-27T200050Z,254b72a5f9a878ff80f00798e147e043e73931d20e3808a3b0c7eb1583ffba47,1.1
2023-04-17,2023-04-23,2023-04-17,2023-04-23,D6,2023,1.580000,273459588,2026-09-27T20:00:50Z,2026-09-27T20:00:50Z,https://www.epa.gov/fuels-registration-reporting-and-compliance-help/rin-trades-and-price-information,epa_rin/2026-09-27T200050Z,254b72a5f9a878ff80f00798e147e043e73931d20e3808a3b0c7eb1583ffba47,1.1
2023-04-24,2023-04-30,2023-04-24,2023-04-30,D6,2021,1.530000,346598,2026-09-27T20:00:50Z,2026-09-27T20:00:50Z,https://www.epa.gov/fuels-registration-reporting-and-compliance-help/rin-trades-and-price-information,epa_rin/2026-09-27T200050Z,254b72a5f9a878ff80f00798e147e043e73931d20e3808a3b0c7eb1583ffba47,1.1
2023-04-24,2023-04-30,2023-04-24,2023-04-30,D6,2022,1.580000,118033295,2026-09-27T20:00:50Z,2026-09-27T20:00:50Z,https://www.epa.gov/fuels-registration-reporting-and-compliance-help/rin-trades-and-price-information,epa_rin/2026-09-27T200050Z,254b72a5f9a878ff80f00798e147e043e73931d20e3808a3b0c7eb1583ffba47,1.1
2023-04-24,2023-04-30,2023-04-24,2023-04-30,D6,2023,1.580000,269090170,2026-09-27T20:00:50Z,2026-09-27T20:00:50Z,https://www.epa.gov/fuels-registration-reporting-and-compliance-help/rin-trades-and-price-information,epa_rin/2026-09-27T200050Z,254b72a5f9a878ff80f00798e147e043e73931d20e3808a3b0c7eb1583ffba47,1.1
2023-05-01,2023-05-07,2023-05-01,2023-05-07,D6,2022,1.600000,84000660,2026-09-27T20:00:50Z,2026-09-27T20:00:50Z,https://www.epa.gov/fuels-registration-reporting-and-compliance-help/rin-trades-and-price-information,epa_rin/2026-09-27T200050Z,254b72a5f9a878ff80f00798e147e043e73931d20e3808a3b0c7eb1583ffba47,1.1
2023-05-01,2023-05-07,2023-05-01,2023-05-07,D6,2023,1.560000,286458156,2026-09-27T20:00:50Z,2026-09-27T20:00:50Z,https://www.epa.gov/fuels-registration-reporting-and-compliance-help/rin-trades-and-price-information,epa_rin/2026-09-27T200050Z,254b72a5f9a878ff80f00798e147e043e73931d20e3808a3b0c7eb1583ffba47,1.1
2023-05-08,2023-05-14,2023-05-08,2023-05-14,D6,2022,1.560000,200594564,2026-09-27T20:00:50Z,2026-09-27T20:00:50Z,https://www.epa.gov/fuels-registration-reporting-and-compliance-help/rin-trades-and-price-information,epa_rin/2026-09-27T200050Z,254b72a5f9a878ff80f00798e147e043e73931d20e3808a3b0c7eb1583ffba47,1.1
2023-05-08,2023-05-14,2023-05-08,2023-05-14,D6,2023,1.580000,279539607,2026-09-27T20:00:50Z,2026-09-27T20:00:50Z,https://www.epa.gov/fuels-registration-reporting-and-compliance-help/rin-trades-and-price-information,epa_rin/2026-09-27T200050Z,254b72a5f9a878ff80f00798e147e043e73931d20e3808a3b0c7eb1583ffba47,1.1
2023-05-15,2023-05-21,2023-05-15,2023-05-21,D6,2021,1.520000,537177,2026-09-27T20:00:50Z,2026-09-27T20:00:50Z,https://www.epa.gov/fuels-registration-reporting-and-compliance-help/rin-trades-and-price-information,epa_rin/2026-09-27T200050Z,254b72a5f9a878ff80f00798e147e043e73931d20e3808a3b0c7eb1583ffba47,1.1
2023-05-15,2023-05-21,2023-05-15,2023-05-21,D6,2022,1.580000,47941920,2026-09-27T20:00:50Z,2026-09-27T20:00:50Z,https://www.epa.gov/fuels-registration-reporting-and-compliance-help/rin-trades-and-price-information,epa_rin/2026-09-27T200050Z,254b72a5f9a878ff80f00798e147e043e73931d20e3808a3b0c7eb1583ffba47,1.1
2023-05-15,2023-05-21,2023-05-15,2023-05-21,D6,2023,1.560000,380182371,2026-09-27T20:00:50Z,2026-09-27T20:00:50Z,https://www.epa.gov/fuels-registration-reporting-and-compliance-help/rin-trades-and-price-information,epa_rin/2026-09-27T200050Z,254b72a5f9a878ff80f00798e147e043e73931d20e3808a3b0c7eb1583ffba47,1.1
2023-05-22,2023-05-28,2023-05-22,2023-05-28,D6,2021,1.560000,1748126,2026-09-27T20:00:50Z,2026-09-27T20:00:50Z,https://www.epa.gov/fuels-registration-reporting-and-compliance-help/rin-trades-and-price-information,epa_rin/2026-09-27T200050Z,254b72a5f9a878ff80f00798e147e043e73931d20e3808a3b0c7eb1583ffba47,1.1
2023-05-22,2023-05-28,2023-05-22,2023-05-28,D6,2022,1.580000,68612388,2026-09-27T20:00:50Z,2026-09-27T20:00:50Z,https://www.epa.gov/fuels-registration-reporting-and-compliance-help/rin-trades-and-price-information,epa_rin/2026-09-27T200050Z,254b72a5f9a878ff80f00798e147e043e73931d20e3808a3b0c7eb1583ffba47,1.1
2023-05-22,2023-05-28,2023-05-22,2023-05-28,D6,2023,1.560000,435187025,2026-09-27T20:00:50Z,2026-09-27T20:00:50Z,https://www.epa.gov/fuels-registration-reporting-and-compliance-help/rin-trades-and-price-information,epa_rin/2026-09-27T200050Z,254b72a5f9a878ff80f00798e147e043e73931d20e3808a3b0c7eb1583ffba47,1.1
2023-05-29,2023-06-04,2023-05-29,2023-06-04,D6,2022,1.620000,81400973,2026-09-27T20:00:50Z,2026-09-27T20:00:50Z,https://www.epa.gov/fuels-registration-reporting-and-compliance-help/rin-trades-and-price-information,epa_rin/2026-09-27T200050Z,254b72a5f9a878ff80f00798e147e043e73931d20e3808a3b0c7eb1583ffba47,1.1
2023-05-29,2023-06-04,2023-05-29,2023-06-04,D6,2023,1.520000,218910079,2026-09-27T20:00:50Z,2026-09-27T20:00:50Z,https://www.epa.gov/fuels-registration-reporting-and-compliance-help/rin-trades-and-price-information,epa_rin/2026-09-27T200050Z,254b72a5f9a878ff80f00798e147e043e73931d20e3808a3b0c7eb1583ffba47,1.1
2023-06-05,2023-06-11,2023-06-05,2023-06-11,D6,2022,1.520000,87105587,2026-09-27T20:00:50Z,2026-09-27T20:00:50Z,https://www.epa.gov/fuels-registration-reporting-and-compliance-help/rin-trades-and-price-information,epa_rin/2026-09-27T200050Z,254b72a5f9a878ff80f00798e147e043e73931d20e3808a3b0c7eb1583ffba47,1.1
2023-06-05,2023-06-11,2023-06-05,2023-06-11,D6,2023,1.550000,528026011,2026-09-27T20:00:50Z,2026-09-27T20:00:50Z,https://www.epa.gov/fuels-registration-reporting-and-compliance-help/rin-trades-and-price-information,epa_rin/2026-09-27T200050Z,254b72a5f9a878ff80f00798e147e043e73931d20e3808a3b0c7eb1583ffba47,1.1
2023-06-12,2023-06-18,2023-06-12,2023-06-18,D6,2022,1.580000,84788608,2026-09-27T20:00:50Z,2026-09-27T20:00:50Z,https://www.epa.gov/fuels-registration-reporting-and-compliance-help/rin-trades-and-price-information,epa_rin/2026-09-27T200050Z,254b72a5f9a878ff80f00798e147e043e73931d20e3808a3b0c7eb1583ffba47,1.1
2023-06-12,2023-06-18,2023-06-12,2023-06-18,D6,2023,1.570000,530903092,2026-09-27T20:00:50Z,2026-09-27T20:00:50Z,https://www.epa.gov/fuels-registration-reporting-and-compliance-help/rin-trades-and-price-information,epa_rin/2026-09-27T200050Z,254b72a5f9a878ff80f00798e147e043e73931d20e3808a3b0c7eb1583ffba47,1.1
2023-06-19,2023-06-25,2023-06-19,2023-06-25,D6,2022,1.570000,44316337,2026-09-27T20:00:50Z,2026-09-27T20:00:50Z,https://www.epa.gov/fuels-registration-reporting-and-compliance-help/rin-trades-and-price-information,epa_rin/2026-09-27T200050Z,254b72a5f9a878ff80f00798e147e043e73931d20e3808a3b0c7eb1583ffba47,1.1
2023-06-19,2023-06-25,2023-06-19,2023-06-25,D6,2023,1.560000,642131552,2026-09-27T20:00:50Z,2026-09-27T20:00:50Z,https://www.epa.gov/fuels-registration-reporting-and-compliance-help/rin-trades-and-price-information,epa_rin/2026-09-27T200050Z,254b72a5f9a878ff80f00798e147e043e73931d20e3808a3b0c7eb1583ffba47,1.1
2023-06-26,2023-07-02,2023-06-26,2023-07-02,D6,2021,1.420000,7070110,2026-09-27T20:00:50Z,2026-09-27T20:00:50Z,https://www.epa.gov/fuels-registration-reporting-and-compliance-help/rin-trades-and-price-information,epa_rin/2026-09-27T200050Z,254b72a5f9a878ff80f00798e147e043e73931d20e3808a3b0c7eb1583ffba47,1.1
2023-06-26,2023-07-02,2023-06-26,2023-07-02,D6,2022,1.500000,96441034,2026-09-27T20:00:50Z,2026-09-27T20:00:50Z,https://www.epa.gov/fuels-registration-reporting-and-compliance-help/rin-trades-and-price-information,epa_rin/2026-09-27T200050Z,254b72a5f9a878ff80f00798e147e043e73931d20e3808a3b0c7eb1583ffba47,1.1
2023-06-26,2023-07-02,2023-06-26,2023-07-02,D6,2023,1.520000,502650468,2026-09-27T20:00:50Z,2026-09-27T20:00:50Z,https://www.epa.gov/fuels-registration-reporting-and-compliance-help/rin-trades-and-price-information,epa_rin/2026-09-27T200050Z,254b72a5f9a878ff80f00798e147e043e73931d20e3808a3b0c7eb1583ffba47,1.1
2023-07-03,2023-07-09,2023-07-03,2023-07-09,D6,2021,1.550000,5000,2026-09-27T20:00:50Z,2026-09-27T20:00:50Z,https://www.epa.gov/fuels-registration-reporting-and-compliance-help/rin-trades-and-price-information,epa_rin/2026-09-27T200050Z,254b72a5f9a878ff80f00798e147e043e73931d20e3808a3b0c7eb1583ffba47,1.1
2023-07-03,2023-07-09,2023-07-03,2023-07-09,D6,2022,1.480000,140507416,2026-09-27T20:00:50Z,2026-09-27T20:00:50Z,https://www.epa.gov/fuels-registration-reporting-and-compliance-help/rin-trades-and-price-information,epa_rin/2026-09-27T200050Z,254b72a5f9a878ff80f00798e147e043e73931d20e3808a3b0c7eb1583ffba47,1.1
2023-07-03,2023-07-09,2023-07-03,2023-07-09,D6,2023,1.520000,443618789,2026-09-27T20:00:50Z,2026-09-27T20:00:50Z,https://www.epa.gov/fuels-registration-reporting-and-compliance-help/rin-trades-and-price-information,epa_rin/2026-09-27T200050Z,254b72a5f9a878ff80f00798e147e043e73931d20e3808a3b0c7eb1583ffba47,1.1
2023-07-10,2023-07-16,2023-07-10,2023-07-16,D6,2021,1.600000,623883,2026-09-27T20:00:50Z,2026-09-27T20:00:50Z,https://www.epa.gov/fuels-registration-reporting-and-compliance-help/rin-trades-and-price-information,epa_rin/2026-09-27T200050Z,254b72a5f9a878ff80f00798e147e043e73931d20e3808a3b0c7eb1583ffba47,1.1
2023-07-10,2023-07-16,2023-07-10,2023-07-16,D6,2022,1.560000,90378712,2026-09-27T20:00:50Z,2026-09-27T20:00:50Z,https://www.epa.gov/fuels-registration-reporting-and-compliance-help/rin-trades-and-price-information,epa_rin/2026-09-27T200050Z,254b72a5f9a878ff80f00798e147e043e73931d20e3808a3b0c7eb1583ffba47,1.1
2023-07-10,2023-07-16,2023-07-10,2023-07-16,D6,2023,1.500000,403396437,2026-09-27T20:00:50Z,2026-09-27T20:00:50Z,https://www.epa.gov/fuels-registration-reporting-and-compliance-help/rin-trades-and-price-information,epa_rin/2026-09-27T200050Z,254b72a5f9a878ff80f00798e147e043e73931d20e3808a3b0c7eb1583ffba47,1.1
2023-07-17,2023-07-23,2023-07-17,2023-07-23,D6,2021,1.580000,642252,2026-09-27T20:00:50Z,2026-09-27T20:00:50Z,https://www.epa.gov/fuels-registration-reporting-and-compliance-help/rin-trades-and-price-information,epa_rin/2026-09-27T200050Z,254b72a5f9a878ff80f00798e147e043e73931d20e3808a3b0c7eb1583ffba47,1.1
2023-07-17,2023-07-23,2023-07-17,2023-07-23,D6,2022,1.530000,86445925,2026-09-27T20:00:50Z,2026-09-27T20:00:50Z,https://www.epa.gov/fuels-registration-reporting-and-compliance-help/rin-trades-and-price-information,epa_rin/2026-09-27T200050Z,254b72a5f9a878ff80f00798e147e043e73931d20e3808a3b0c7eb1583ffba47,1.1
2023-07-17,2023-07-23,2023-07-17,2023-07-23,D6,2023,1.520000,369714256,2026-09-27T20:00:50Z,2026-09-27T20:00:50Z,https://www.epa.gov/fuels-registration-reporting-and-compliance-help/rin-trades-and-price-information,epa_rin/2026-09-27T200050Z,254b72a5f9a878ff80f00798e147e043e73931d20e3808a3b0c7eb1583ffba47,1.1
2023-07-24,2023-07-30,2023-07-24,2023-07-30,D6,2022,1.570000,87341407,2026-09-27T20:00:50Z,2026-09-27T20:00:50Z,https://www.epa.gov/fuels-registration-reporting-and-compliance-help/rin-trades-and-price-information,epa_rin/2026-09-27T200050Z,254b72a5f9a878ff80f00798e147e043e73931d20e3808a3b0c7eb1583ffba47,1.1
2023-07-24,2023-07-30,2023-07-24,2023-07-30,D6,2023,1.540000,469799714,2026-09-27T20:00:50Z,2026-09-27T20:00:50Z,https://www.epa.gov/fuels-registration-reporting-and-compliance-help/rin-trades-and-price-information,epa_rin/2026-09-27T200050Z,254b72a5f9a878ff80f00798e147e043e73931d20e3808a3b0c7eb1583ffba47,1.1
2023-07-31,2023-08-06,2023-07-31,2023-08-06,D6,2022,1.560000,41712431,2026-09-27T20:00:50Z,2026-09-27T20:00:50Z,https://www.epa.gov/fuels-registration-reporting-and-compliance-help/rin-trades-and-price-information,epa_rin/2026-09-27T200050Z,254b72a5f9a878ff80f00798e147e043e73931d20e3808a3b0c7eb1583ffba47,1.1
2023-07-31,2023-08-06,2023-07-31,2023-08-06,D6,2023,1.530000,331747627,2026-09-27T20:00:50Z,2026-09-27T20:00:50Z,https://www.epa.gov/fuels-registration-reporting-and-compliance-help/rin-trades-and-price-information,epa_rin/2026-09-27T200050Z,254b72a5f9a878ff80f00798e147e043e73931d20e3808a3b0c7eb1583ffba47,1.1
2023-08-07,2023-08-13,2023-08-07,2023-08-13,D6,2021,1.480000,5000,2026-09-27T20:00:50Z,2026-09-27T20:00:50Z,https://www.epa.gov/fuels-registration-reporting-and-compliance-help/rin-trades-and-price-information,epa_rin/2026-09-27T200050Z,254b72a5f9a878ff80f00798e147e043e73931d20e3808a3b0c7eb1583ffba47,1.1
2023-08-07,2023-08-13,2023-08-07,2023-08-13,D6,2022,1.550000,58071947,2026-09-27T20:00:50Z,2026-09-27T20:00:50Z,https://www.epa.gov/fuels-registration-reporting-and-compliance-help/rin-trades-and-price-information,epa_rin/2026-09-27T200050Z,254b72a5f9a878ff80f00798e147e043e73931d20e3808a3b0c7eb1583ffba47,1.1
2023-08-07,2023-08-13,2023-08-07,2023-08-13,D6,2023,1.530000,326680756,2026-09-27T20:00:50Z,2026-09-27T20:00:50Z,https://www.epa.gov/fuels-registration-reporting-and-compliance-help/rin-trades-and-price-information,epa_rin/2026-09-27T200050Z,254b72a5f9a878ff80f00798e147e043e73931d20e3808a3b0c7eb1583ffba47,1.1
2023-08-14,2023-08-20,2023-08-14,2023-08-20,D6,2022,1.550000,61878903,2026-09-27T20:00:50Z,2026-09-27T20:00:50Z,https://www.epa.gov/fuels-registration-reporting-and-compliance-help/rin-trades-and-price-information,epa_rin/2026-09-27T200050Z,254b72a5f9a878ff80f00798e147e043e73931d20e3808a3b0c7eb1583ffba47,1.1
2023-08-14,2023-08-20,2023-08-14,2023-08-20,D6,2023,1.510000,472356366,2026-09-27T20:00:50Z,2026-09-27T20:00:50Z,https://www.epa.gov/fuels-registration-reporting-and-compliance-help/rin-trades-and-price-information,epa_rin/2026-09-27T200050Z,254b72a5f9a878ff80f00798e147e043e73931d20e3808a3b0c7eb1583ffba47,1.1
2023-08-21,2023-08-27,2023-08-21,2023-08-27,D6,2021,1.510000,4976924,2026-09-27T20:00:50Z,2026-09-27T20:00:50Z,https://www.epa.gov/fuels-registration-reporting-and-compliance-help/rin-trades-and-price-information,epa_rin/2026-09-27T200050Z,254b72a5f9a878ff80f00798e147e043e73931d20e3808a3b0c7eb1583ffba47,1.1
2023-08-21,2023-08-27,2023-08-21,2023-08-27,D6,2022,1.540000,7582940,2026-09-27T20:00:50Z,2026-09-27T20:00:50Z,https://www.epa.gov/fuels-registration-reporting-and-compliance-help/rin-trades-and-price-information,epa_rin/2026-09-27T200050Z,254b72a5f9a878ff80f00798e147e043e73931d20e3808a3b0c7eb1583ffba47,1.1
2023-08-21,2023-08-27,2023-08-21,2023-08-27,D6,2023,1.490000,354938602,2026-09-27T20:00:50Z,2026-09-27T20:00:50Z,https://www.epa.gov/fuels-registration-reporting-and-compliance-help/rin-trades-and-price-information,epa_rin/2026-09-27T200050Z,254b72a5f9a878ff80f00798e147e043e73931d20e3808a3b0c7eb1583ffba47,1.1
2023-08-28,2023-09-03,2023-08-28,2023-09-03,D6,2022,1.550000,32984974,2026-09-27T20:00:50Z,2026-09-27T20:00:50Z,https://www.epa.gov/fuels-registration-reporting-and-compliance-help/rin-trades-and-price-information,epa_rin/2026-09-27T200050Z,254b72a5f9a878ff80f00798e147e043e73931d20e3808a3b0c7eb1583ffba47,1.1
2023-08-28,2023-09-03,2023-08-28,2023-09-03,D6,2023,1.510000,293992661,2026-09-27T20:00:50Z,2026-09-27T20:00:50Z,https://www.epa.gov/fuels-registration-reporting-and-compliance-help/rin-trades-and-price-information,epa_rin/2026-09-27T200050Z,254b72a5f9a878ff80f00798e147e043e73931d20e3808a3b0c7eb1583ffba47,1.1
2023-09-04,2023-09-10,2023-09-04,2023-09-10,D6,2021,1.450000,5274056,2026-09-27T20:00:50Z,2026-09-27T20:00:50Z,https://www.epa.gov/fuels-registration-reporting-and-compliance-help/rin-trades-and-price-information,epa_rin/2026-09-27T200050Z,254b72a5f9a878ff80f00798e147e043e73931d20e3808a3b0c7eb1583ffba47,1.1
2023-09-04,2023-09-10,2023-09-04,2023-09-10,D6,2022,1.460000,2226871,2026-09-27T20:00:50Z,2026-09-27T20:00:50Z,https://www.epa.gov/fuels-registration-reporting-and-compliance-help/rin-trades-and-price-information,epa_rin/2026-09-27T200050Z,254b72a5f9a878ff80f00798e147e043e73931d20e3808a3b0c7eb1583ffba47,1.1
2023-09-04,2023-09-10,2023-09-04,2023-09-10,D6,2023,1.470000,223669000,2026-09-27T20:00:50Z,2026-09-27T20:00:50Z,https://www.epa.gov/fuels-registration-reporting-and-compliance-help/rin-trades-and-price-information,epa_rin/2026-09-27T200050Z,254b72a5f9a878ff80f00798e147e043e73931d20e3808a3b0c7eb1583ffba47,1.1
2023-09-11,2023-09-17,2023-09-11,2023-09-17,D6,2022,1.460000,195909242,2026-09-27T20:00:50Z,2026-09-27T20:00:50Z,https://www.epa.gov/fuels-registration-reporting-and-compliance-help/rin-trades-and-price-information,epa_rin/2026-09-27T200050Z,254b72a5f9a878ff80f00798e147e043e73931d20e3808a3b0c7eb1583ffba47,1.1
2023-09-11,2023-09-17,2023-09-11,2023-09-17,D6,2023,1.490000,448809457,2026-09-27T20:00:50Z,2026-09-27T20:00:50Z,https://www.epa.gov/fuels-registration-reporting-and-compliance-help/rin-trades-and-price-information,epa_rin/2026-09-27T200050Z,254b72a5f9a878ff80f00798e147e043e73931d20e3808a3b0c7eb1583ffba47,1.1
2023-09-18,2023-09-24,2023-09-18,2023-09-24,D6,2022,1.430000,16557763,2026-09-27T20:00:50Z,2026-09-27T20:00:50Z,https://www.epa.gov/fuels-registration-reporting-and-compliance-help/rin-trades-and-price-information,epa_rin/2026-09-27T200050Z,254b72a5f9a878ff80f00798e147e043e73931d20e3808a3b0c7eb1583ffba47,1.1
2023-09-18,2023-09-24,2023-09-18,2023-09-24,D6,2023,1.430601,375687243,2026-09-27T20:00:50Z,2026-09-27T20:00:50Z,https://www.epa.gov/fuels-registration-reporting-and-compliance-help/rin-trades-and-price-information,epa_rin/2026-09-27T200050Z,254b72a5f9a878ff80f00798e147e043e73931d20e3808a3b0c7eb1583ffba47,1.1
2023-09-25,2023-10-01,2023-09-25,2023-10-01,D6,2021,1.440000,1448366,2026-09-27T20:00:50Z,2026-09-27T20:00:50Z,https://www.epa.gov/fuels-registration-reporting-and-compliance-help/rin-trades-and-price-information,epa_rin/2026-09-27T200050Z,254b72a5f9a878ff80f00798e147e043e73931d20e3808a3b0c7eb1583ffba47,1.1
2023-09-25,2023-10-01,2023-09-25,2023-10-01,D6,2022,1.310000,13506527,2026-09-27T20:00:50Z,2026-09-27T20:00:50Z,https://www.epa.gov/fuels-registration-reporting-and-compliance-help/rin-trades-and-price-information,epa_rin/2026-09-27T200050Z,254b72a5f9a878ff80f00798e147e043e73931d20e3808a3b0c7eb1583ffba47,1.1
2023-09-25,2023-10-01,2023-09-25,2023-10-01,D6,2023,1.400000,335285492,2026-09-27T20:00:50Z,2026-09-27T20:00:50Z,https://www.epa.gov/fuels-registration-reporting-and-compliance-help/rin-trades-and-price-information,epa_rin/2026-09-27T200050Z,254b72a5f9a878ff80f00798e147e043e73931d20e3808a3b0c7eb1583ffba47,1.1
2023-10-02,2023-10-08,2023-10-02,2023-10-08,D6,2021,0.920000,236904,2026-09-27T20:00:50Z,2026-09-27T20:00:50Z,https://www.epa.gov/fuels-registration-reporting-and-compliance-help/rin-trades-and-price-information,epa_rin/2026-09-27T200050Z,254b72a5f9a878ff80f00798e147e043e73931d20e3808a3b0c7eb1583ffba47,1.1
2023-10-02,2023-10-08,2023-10-02,2023-10-08,D6,2022,1.320000,20501710,2026-09-27T20:00:50Z,2026-09-27T20:00:50Z,https://www.epa.gov/fuels-registration-reporting-and-compliance-help/rin-trades-and-price-information,epa_rin/2026-09-27T200050Z,254b72a5f9a878ff80f00798e147e043e73931d20e3808a3b0c7eb1583ffba47,1.1
2023-10-02,2023-10-08,2023-10-02,2023-10-08,D6,2023,1.450000,427098087,2026-09-27T20:00:50Z,2026-09-27T20:00:50Z,https://www.epa.gov/fuels-registration-reporting-and-compliance-help/rin-trades-and-price-information,epa_rin/2026-09-27T200050Z,254b72a5f9a878ff80f00798e147e043e73931d20e3808a3b0c7eb1583ffba47,1.1
2023-10-09,2023-10-15,2023-10-09,2023-10-15,D6,2022,0.950000,50167484,2026-09-27T20:00:50Z,2026-09-27T20:00:50Z,https://www.epa.gov/fuels-registration-reporting-and-compliance-help/rin-trades-and-price-information,epa_rin/2026-09-27T200050Z,254b72a5f9a878ff80f00798e147e043e73931d20e3808a3b0c7eb1583ffba47,1.1
2023-10-09,2023-10-15,2023-10-09,2023-10-15,D6,2023,1.320000,297591562,2026-09-27T20:00:50Z,2026-09-27T20:00:50Z,https://www.epa.gov/fuels-registration-reporting-and-compliance-help/rin-trades-and-price-information,epa_rin/2026-09-27T200050Z,254b72a5f9a878ff80f00798e147e043e73931d20e3808a3b0c7eb1583ffba47,1.1
2023-10-16,2023-10-22,2023-10-16,2023-10-22,D6,2021,0.990000,274899,2026-09-27T20:00:50Z,2026-09-27T20:00:50Z,https://www.epa.gov/fuels-registration-reporting-and-compliance-help/rin-trades-and-price-information,epa_rin/2026-09-27T200050Z,254b72a5f9a878ff80f00798e147e043e73931d20e3808a3b0c7eb1583ffba47,1.1
2023-10-16,2023-10-22,2023-10-16,2023-10-22,D6,2022,1.010000,17841067,2026-09-27T20:00:50Z,2026-09-27T20:00:50Z,https://www.epa.gov/fuels-registration-reporting-and-compliance-help/rin-trades-and-price-information,epa_rin/2026-09-27T200050Z,254b72a5f9a878ff80f00798e147e043e73931d20e3808a3b0c7eb1583ffba47,1.1
2023-10-16,2023-10-22,2023-10-16,2023-10-22,D6,2023,1.290000,672232753,2026-09-27T20:00:50Z,2026-09-27T20:00:50Z,https://www.epa.gov/fuels-registration-reporting-and-compliance-help/rin-trades-and-price-information,epa_rin/2026-09-27T200050Z,254b72a5f9a878ff80f00798e147e043e73931d20e3808a3b0c7eb1583ffba47,1.1
2023-10-23,2023-10-29,2023-10-23,2023-10-29,D6,2021,0.540000,4759234,2026-09-27T20:00:50Z,2026-09-27T20:00:50Z,https://www.epa.gov/fuels-registration-reporting-and-compliance-help/rin-trades-and-price-information,epa_rin/2026-09-27T200050Z,254b72a5f9a878ff80f00798e147e043e73931d20e3808a3b0c7eb1583ffba47,1.1
2023-10-23,2023-10-29,2023-10-23,2023-10-29,D6,2022,0.940000,15902112,2026-09-27T20:00:50Z,2026-09-27T20:00:50Z,https://www.epa.gov/fuels-registration-reporting-and-compliance-help/rin-trades-and-price-information,epa_rin/2026-09-27T200050Z,254b72a5f9a878ff80f00798e147e043e73931d20e3808a3b0c7eb1583ffba47,1.1
2023-10-23,2023-10-29,2023-10-23,2023-10-29,D6,2023,1.270084,672050287,2026-09-27T20:00:50Z,2026-09-27T20:00:50Z,https://www.epa.gov/fuels-registration-reporting-and-compliance-help/rin-trades-and-price-information,epa_rin/2026-09-27T200050Z,254b72a5f9a878ff80f00798e147e043e73931d20e3808a3b0c7eb1583ffba47,1.1
2023-10-30,2023-11-05,2023-10-30,2023-11-05,D6,2021,0.760000,328905,2026-09-27T20:00:50Z,2026-09-27T20:00:50Z,https://www.epa.gov/fuels-registration-reporting-and-compliance-help/rin-trades-and-price-information,epa_rin/2026-09-27T200050Z,254b72a5f9a878ff80f00798e147e043e73931d20e3808a3b0c7eb1583ffba47,1.1
2023-10-30,2023-11-05,2023-10-30,2023-11-05,D6,2022,1.280000,33962519,2026-09-27T20:00:50Z,2026-09-27T20:00:50Z,https://www.epa.gov/fuels-registration-reporting-and-compliance-help/rin-trades-and-price-information,epa_rin/2026-09-27T200050Z,254b72a5f9a878ff80f00798e147e043e73931d20e3808a3b0c7eb1583ffba47,1.1
2023-10-30,2023-11-05,2023-10-30,2023-11-05,D6,2023,1.250000,343205399,2026-09-27T20:00:50Z,2026-09-27T20:00:50Z,https://www.epa.gov/fuels-registration-reporting-and-compliance-help/rin-trades-and-price-information,epa_rin/2026-09-27T200050Z,254b72a5f9a878ff80f00798e147e043e73931d20e3808a3b0c7eb1583ffba47,1.1
2023-11-06,2023-11-12,2023-11-06,2023-11-12,D6,2021,0.790000,137071,2026-09-27T20:00:50Z,2026-09-27T20:00:50Z,https://www.epa.gov/fuels-registration-reporting-and-compliance-help/rin-trades-and-price-information,epa_rin/2026-09-27T200050Z,254b72a5f9a878ff80f00798e147e043e73931d20e3808a3b0c7eb1583ffba47,1.1
2023-11-06,2023-11-12,2023-11-06,2023-11-12,D6,2022,1.420000,125961272,2026-09-27T20:00:50Z,2026-09-27T20:00:50Z,https://www.epa.gov/fuels-registration-reporting-and-compliance-help/rin-trades-and-price-information,epa_rin/2026-09-27T200050Z,254b72a5f9a878ff80f00798e147e043e73931d20e3808a3b0c7eb1583ffba47,1.1
2023-11-06,2023-11-12,2023-11-06,2023-11-12,D6,2023,1.280000,465793163,2026-09-27T20:00:50Z,2026-09-27T20:00:50Z,https://www.epa.gov/fuels-registration-reporting-and-compliance-help/rin-trades-and-price-information,epa_rin/2026-09-27T200050Z,254b72a5f9a878ff80f00798e147e043e73931d20e3808a3b0c7eb1583ffba47,1.1
2023-11-13,2023-11-19,2023-11-13,2023-11-19,D6,2022,0.840000,268724481,2026-09-27T20:00:50Z,2026-09-27T20:00:50Z,https://www.epa.gov/fuels-registration-reporting-and-compliance-help/rin-trades-and-price-information,epa_rin/2026-09-27T200050Z,254b72a5f9a878ff80f00798e147e043e73931d20e3808a3b0c7eb1583ffba47,1.1
2023-11-13,2023-11-19,2023-11-13,2023-11-19,D6,2023,1.110000,474676457,2026-09-27T20:00:50Z,2026-09-27T20:00:50Z,https://www.epa.gov/fuels-registration-reporting-and-compliance-help/rin-trades-and-price-information,epa_rin/2026-09-27T200050Z,254b72a5f9a878ff80f00798e147e043e73931d20e3808a3b0c7eb1583ffba47,1.1
2023-11-20,2023-11-26,2023-11-20,2023-11-26,D6,2021,1.900000,1085944,2026-09-27T20:00:50Z,2026-09-27T20:00:50Z,https://www.epa.gov/fuels-registration-reporting-and-compliance-help/rin-trades-and-price-information,epa_rin/2026-09-27T200050Z,254b72a5f9a878ff80f00798e147e043e73931d20e3808a3b0c7eb1583ffba47,1.1
2023-11-20,2023-11-26,2023-11-20,2023-11-26,D6,2022,0.860000,33141302,2026-09-27T20:00:50Z,2026-09-27T20:00:50Z,https://www.epa.gov/fuels-registration-reporting-and-compliance-help/rin-trades-and-price-information,epa_rin/2026-09-27T200050Z,254b72a5f9a878ff80f00798e147e043e73931d20e3808a3b0c7eb1583ffba47,1.1
2023-11-20,2023-11-26,2023-11-20,2023-11-26,D6,2023,1.120000,355116887,2026-09-27T20:00:50Z,2026-09-27T20:00:50Z,https://www.epa.gov/fuels-registration-reporting-and-compliance-help/rin-trades-and-price-information,epa_rin/2026-09-27T200050Z,254b72a5f9a878ff80f00798e147e043e73931d20e3808a3b0c7eb1583ffba47,1.1
2023-11-27,2023-12-03,2023-11-27,2023-12-03,D6,2021,0.809868,3059943,2026-09-27T20:00:50Z,2026-09-27T20:00:50Z,https://www.epa.gov/fuels-registration-reporting-and-compliance-help/rin-trades-and-price-information,epa_rin/2026-09-27T200050Z,254b72a5f9a878ff80f00798e147e043e73931d20e3808a3b0c7eb1583ffba47,1.1
2023-11-27,2023-12-03,2023-11-27,2023-12-03,D6,2022,0.830000,151201986,2026-09-27T20:00:50Z,2026-09-27T20:00:50Z,https://www.epa.gov/fuels-registration-reporting-and-compliance-help/rin-trades-and-price-information,epa_rin/2026-09-27T200050Z,254b72a5f9a878ff80f00798e147e043e73931d20e3808a3b0c7eb1583ffba47,1.1
2023-11-27,2023-12-03,2023-11-27,2023-12-03,D6,2023,1.210000,382470756,2026-09-27T20:00:50Z,2026-09-27T20:00:50Z,https://www.epa.gov/fuels-registration-reporting-and-compliance-help/rin-trades-and-price-information,epa_rin/2026-09-27T200050Z,254b72a5f9a878ff80f00798e147e043e73931d20e3808a3b0c7eb1583ffba47,1.1
2023-12-04,2023-12-10,2023-12-04,2023-12-10,D6,2022,0.840000,4171,2026-09-27T20:00:50Z,2026-09-27T20:00:50Z,https://www.epa.gov/fuels-registration-reporting-and-compliance-help/rin-trades-and-price-information,epa_rin/2026-09-27T200050Z,254b72a5f9a878ff80f00798e147e043e73931d20e3808a3b0c7eb1583ffba47,1.1
2023-12-04,2023-12-10,2023-12-04,2023-12-10,D6,2023,1.210000,782203037,2026-09-27T20:00:50Z,2026-09-27T20:00:50Z,https://www.epa.gov/fuels-registration-reporting-and-compliance-help/rin-trades-and-price-information,epa_rin/2026-09-27T200050Z,254b72a5f9a878ff80f00798e147e043e73931d20e3808a3b0c7eb1583ffba47,1.1
2023-12-11,2023-12-17,2023-12-11,2023-12-17,D6,2022,0.830000,3773613,2026-09-27T20:00:50Z,2026-09-27T20:00:50Z,https://www.epa.gov/fuels-registration-reporting-and-compliance-help/rin-trades-and-price-information,epa_rin/2026-09-27T200050Z,254b72a5f9a878ff80f00798e147e043e73931d20e3808a3b0c7eb1583ffba47,1.1
2023-12-11,2023-12-17,2023-12-11,2023-12-17,D6,2023,1.170000,923499178,2026-09-27T20:00:50Z,2026-09-27T20:00:50Z,https://www.epa.gov/fuels-registration-reporting-and-compliance-help/rin-trades-and-price-information,epa_rin/2026-09-27T200050Z,254b72a5f9a878ff80f00798e147e043e73931d20e3808a3b0c7eb1583ffba47,1.1
2023-12-18,2023-12-24,2023-12-18,2023-12-24,D6,2022,0.830000,168404,2026-09-27T20:00:50Z,2026-09-27T20:00:50Z,https://www.epa.gov/fuels-registration-reporting-and-compliance-help/rin-trades-and-price-information,epa_rin/2026-09-27T200050Z,254b72a5f9a878ff80f00798e147e043e73931d20e3808a3b0c7eb1583ffba47,1.1
2023-12-18,2023-12-24,2023-12-18,2023-12-24,D6,2023,1.070000,932779075,2026-09-27T20:00:50Z,2026-09-27T20:00:50Z,https://www.epa.gov/fuels-registration-reporting-and-compliance-help/rin-trades-and-price-information,epa_rin/2026-09-27T200050Z,254b72a5f9a878ff80f00798e147e043e73931d20e3808a3b0c7eb1583ffba47,1.1
2023-12-25,2023-12-31,2023-12-25,2023-12-31,D6,2022,0.800000,15004166,2026-09-27T20:00:50Z,2026-09-27T20:00:50Z,https://www.epa.gov/fuels-registration-reporting-and-compliance-help/rin-trades-and-price-information,epa_rin/2026-09-27T200050Z,254b72a5f9a878ff80f00798e147e043e73931d20e3808a3b0c7eb1583ffba47,1.1
2023-12-25,2023-12-31,2023-12-25,2023-12-31,D6,2023,1.070000,299780233,2026-09-27T20:00:50Z,2026-09-27T20:00:50Z,https://www.epa.gov/fuels-registration-reporting-and-compliance-help/rin-trades-and-price-information,epa_rin/2026-09-27T200050Z,254b72a5f9a878ff80f00798e147e043e73931d20e3808a3b0c7eb1583ffba47,1.1
2024-01-01,2024-01-07,2024-01-01,2024-01-07,D6,2022,0.940000,3564336,2026-09-27T20:00:50Z,2026-09-27T20:00:50Z,https://www.epa.gov/fuels-registration-reporting-and-compliance-help/rin-trades-and-price-information,epa_rin/2026-09-27T200050Z,254b72a5f9a878ff80f00798e147e043e73931d20e3808a3b0c7eb1583ffba47,1.1
2024-01-01,2024-01-07,2024-01-01,2024-01-07,D6,2023,1.012996,471522908,2026-09-27T20:00:50Z,2026-09-27T20:00:50Z,https://www.epa.gov/fuels-registration-reporting-and-compliance-help/rin-trades-and-price-information,epa_rin/2026-09-27T200050Z,254b72a5f9a878ff80f00798e147e043e73931d20e3808a3b0c7eb1583ffba47,1.1
2024-01-01,2024-01-07,2024-01-01,2024-01-07,D6,2024,0.820000,17498522,2026-09-27T20:00:50Z,2026-09-27T20:00:50Z,https://www.epa.gov/fuels-registration-reporting-and-compliance-help/rin-trades-and-price-information,epa_rin/2026-09-27T200050Z,254b72a5f9a878ff80f00798e147e043e73931d20e3808a3b0c7eb1583ffba47,1.1
2024-01-08,2024-01-14,2024-01-08,2024-01-14,D6,2023,0.950000,346980063,2026-09-27T20:00:50Z,2026-09-27T20:00:50Z,https://www.epa.gov/fuels-registration-reporting-and-compliance-help/rin-trades-and-price-information,epa_rin/2026-09-27T200050Z,254b72a5f9a878ff80f00798e147e043e73931d20e3808a3b0c7eb1583ffba47,1.1
2024-01-08,2024-01-14,2024-01-08,2024-01-14,D6,2024,0.830000,35455246,2026-09-27T20:00:50Z,2026-09-27T20:00:50Z,https://www.epa.gov/fuels-registration-reporting-and-compliance-help/rin-trades-and-price-information,epa_rin/2026-09-27T200050Z,254b72a5f9a878ff80f00798e147e043e73931d20e3808a3b0c7eb1583ffba47,1.1
2024-01-15,2024-01-21,2024-01-15,2024-01-21,D6,2022,0.780000,5129872,2026-09-27T20:00:50Z,2026-09-27T20:00:50Z,https://www.epa.gov/fuels-registration-reporting-and-compliance-help/rin-trades-and-price-information,epa_rin/2026-09-27T200050Z,254b72a5f9a878ff80f00798e147e043e73931d20e3808a3b0c7eb1583ffba47,1.1
2024-01-15,2024-01-21,2024-01-15,2024-01-21,D6,2023,0.920000,301105705,2026-09-27T20:00:50Z,2026-09-27T20:00:50Z,https://www.epa.gov/fuels-registration-reporting-and-compliance-help/rin-trades-and-price-information,epa_rin/2026-09-27T200050Z,254b72a5f9a878ff80f00798e147e043e73931d20e3808a3b0c7eb1583ffba47,1.1
2024-01-15,2024-01-21,2024-01-15,2024-01-21,D6,2024,0.850000,29264309,2026-09-27T20:00:50Z,2026-09-27T20:00:50Z,https://www.epa.gov/fuels-registration-reporting-and-compliance-help/rin-trades-and-price-information,epa_rin/2026-09-27T200050Z,254b72a5f9a878ff80f00798e147e043e73931d20e3808a3b0c7eb1583ffba47,1.1
2024-01-22,2024-01-28,2024-01-22,2024-01-28,D6,2022,0.800000,4447439,2026-09-27T20:00:50Z,2026-09-27T20:00:50Z,https://www.epa.gov/fuels-registration-reporting-and-compliance-help/rin-trades-and-price-information,epa_rin/2026-09-27T200050Z,254b72a5f9a878ff80f00798e147e043e73931d20e3808a3b0c7eb1583ffba47,1.1
2024-01-22,2024-01-28,2024-01-22,2024-01-28,D6,2023,1.150000,542245841,2026-09-27T20:00:50Z,2026-09-27T20:00:50Z,https://www.epa.gov/fuels-registration-reporting-and-compliance-help/rin-trades-and-price-information,epa_rin/2026-09-27T200050Z,254b72a5f9a878ff80f00798e147e043e73931d20e3808a3b0c7eb1583ffba47,1.1
2024-01-22,2024-01-28,2024-01-22,2024-01-28,D6,2024,0.990000,72655134,2026-09-27T20:00:50Z,2026-09-27T20:00:50Z,https://www.epa.gov/fuels-registration-reporting-and-compliance-help/rin-trades-and-price-information,epa_rin/2026-09-27T200050Z,254b72a5f9a878ff80f00798e147e043e73931d20e3808a3b0c7eb1583ffba47,1.1
2024-01-29,2024-02-04,2024-01-29,2024-02-04,D6,2023,1.050000,293695838,2026-09-27T20:00:50Z,2026-09-27T20:00:50Z,https://www.epa.gov/fuels-registration-reporting-and-compliance-help/rin-trades-and-price-information,epa_rin/2026-09-27T200050Z,254b72a5f9a878ff80f00798e147e043e73931d20e3808a3b0c7eb1583ffba47,1.1
2024-01-29,2024-02-04,2024-01-29,2024-02-04,D6,2024,0.760000,93351263,2026-09-27T20:00:50Z,2026-09-27T20:00:50Z,https://www.epa.gov/fuels-registration-reporting-and-compliance-help/rin-trades-and-price-information,epa_rin/2026-09-27T200050Z,254b72a5f9a878ff80f00798e147e043e73931d20e3808a3b0c7eb1583ffba47,1.1
2024-02-05,2024-02-11,2024-02-05,2024-02-11,D6,2022,0.780000,5690677,2026-09-27T20:00:50Z,2026-09-27T20:00:50Z,https://www.epa.gov/fuels-registration-reporting-and-compliance-help/rin-trades-and-price-information,epa_rin/2026-09-27T200050Z,254b72a5f9a878ff80f00798e147e043e73931d20e3808a3b0c7eb1583ffba47,1.1
2024-02-05,2024-02-11,2024-02-05,2024-02-11,D6,2023,1.000000,260931073,2026-09-27T20:00:50Z,2026-09-27T20:00:50Z,https://www.epa.gov/fuels-registration-reporting-and-compliance-help/rin-trades-and-price-information,epa_rin/2026-09-27T200050Z,254b72a5f9a878ff80f00798e147e043e73931d20e3808a3b0c7eb1583ffba47,1.1
2024-02-05,2024-02-11,2024-02-05,2024-02-11,D6,2024,0.890000,109635759,2026-09-27T20:00:50Z,2026-09-27T20:00:50Z,https://www.epa.gov/fuels-registration-reporting-and-compliance-help/rin-trades-and-price-information,epa_rin/2026-09-27T200050Z,254b72a5f9a878ff80f00798e147e043e73931d20e3808a3b0c7eb1583ffba47,1.1
2024-02-12,2024-02-18,2024-02-12,2024-02-18,D6,2022,0.590000,419669,2026-09-27T20:00:50Z,2026-09-27T20:00:50Z,https://www.epa.gov/fuels-registration-reporting-and-compliance-help/rin-trades-and-price-information,epa_rin/2026-09-27T200050Z,254b72a5f9a878ff80f00798e147e043e73931d20e3808a3b0c7eb1583ffba47,1.1
2024-02-12,2024-02-18,2024-02-12,2024-02-18,D6,2023,0.970000,171488761,2026-09-27T20:00:50Z,2026-09-27T20:00:50Z,https://www.epa.gov/fuels-registration-reporting-and-compliance-help/rin-trades-and-price-information,epa_rin/2026-09-27T200050Z,254b72a5f9a878ff80f00798e147e043e73931d20e3808a3b0c7eb1583ffba47,1.1
2024-02-12,2024-02-18,2024-02-12,2024-02-18,D6,2024,1.010000,158171828,2026-09-27T20:00:50Z,2026-09-27T20:00:50Z,https://www.epa.gov/fuels-registration-reporting-and-compliance-help/rin-trades-and-price-information,epa_rin/2026-09-27T200050Z,254b72a5f9a878ff80f00798e147e043e73931d20e3808a3b0c7eb1583ffba47,1.1
2024-02-19,2024-02-25,2024-02-19,2024-02-25,D6,2022,0.590000,623780,2026-09-27T20:00:50Z,2026-09-27T20:00:50Z,https://www.epa.gov/fuels-registration-reporting-and-compliance-help/rin-trades-and-price-information,epa_rin/2026-09-27T200050Z,254b72a5f9a878ff80f00798e147e043e73931d20e3808a3b0c7eb1583ffba47,1.1
2024-02-19,2024-02-25,2024-02-19,2024-02-25,D6,2023,0.800000,221550912,2026-09-27T20:00:50Z,2026-09-27T20:00:50Z,https://www.epa.gov/fuels-registration-reporting-and-compliance-help/rin-trades-and-price-information,epa_rin/2026-09-27T200050Z,254b72a5f9a878ff80f00798e147e043e73931d20e3808a3b0c7eb1583ffba47,1.1
2024-02-19,2024-02-25,2024-02-19,2024-02-25,D6,2024,0.750000,308774878,2026-09-27T20:00:50Z,2026-09-27T20:00:50Z,https://www.epa.gov/fuels-registration-reporting-and-compliance-help/rin-trades-and-price-information,epa_rin/2026-09-27T200050Z,254b72a5f9a878ff80f00798e147e043e73931d20e3808a3b0c7eb1583ffba47,1.1
2024-02-26,2024-03-03,2024-02-26,2024-03-03,D6,2022,0.840000,5684401,2026-09-27T20:00:50Z,2026-09-27T20:00:50Z,https://www.epa.gov/fuels-registration-reporting-and-compliance-help/rin-trades-and-price-information,epa_rin/2026-09-27T200050Z,254b72a5f9a878ff80f00798e147e043e73931d20e3808a3b0c7eb1583ffba47,1.1
2024-02-26,2024-03-03,2024-02-26,2024-03-03,D6,2023,0.790000,407811130,2026-09-27T20:00:50Z,2026-09-27T20:00:50Z,https://www.epa.gov/fuels-registration-reporting-and-compliance-help/rin-trades-and-price-information,epa_rin/2026-09-27T200050Z,254b72a5f9a878ff80f00798e147e043e73931d20e3808a3b0c7eb1583ffba47,1.1
2024-02-26,2024-03-03,2024-02-26,2024-03-03,D6,2024,0.760000,214213949,2026-09-27T20:00:50Z,2026-09-27T20:00:50Z,https://www.epa.gov/fuels-registration-reporting-and-compliance-help/rin-trades-and-price-information,epa_rin/2026-09-27T200050Z,254b72a5f9a878ff80f00798e147e043e73931d20e3808a3b0c7eb1583ffba47,1.1
2024-03-04,2024-03-10,2024-03-04,2024-03-10,D6,2022,0.420000,501271,2026-09-27T20:00:50Z,2026-09-27T20:00:50Z,https://www.epa.gov/fuels-registration-reporting-and-compliance-help/rin-trades-and-price-information,epa_rin/2026-09-27T200050Z,254b72a5f9a878ff80f00798e147e043e73931d20e3808a3b0c7eb1583ffba47,1.1
2024-03-04,2024-03-10,2024-03-04,2024-03-10,D6,2023,0.900000,209439468,2026-09-27T20:00:50Z,2026-09-27T20:00:50Z,https://www.epa.gov/fuels-registration-reporting-and-compliance-help/rin-trades-and-price-information,epa_rin/2026-09-27T200050Z,254b72a5f9a878ff80f00798e147e043e73931d20e3808a3b0c7eb1583ffba47,1.1
2024-03-04,2024-03-10,2024-03-04,2024-03-10,D6,2024,0.850000,213628287,2026-09-27T20:00:50Z,2026-09-27T20:00:50Z,https://www.epa.gov/fuels-registration-reporting-and-compliance-help/rin-trades-and-price-information,epa_rin/2026-09-27T200050Z,254b72a5f9a878ff80f00798e147e043e73931d20e3808a3b0c7eb1583ffba47,1.1
2024-03-11,2024-03-17,2024-03-11,2024-03-17,D6,2022,0.430000,2884339,2026-09-27T20:00:50Z,2026-09-27T20:00:50Z,https://www.epa.gov/fuels-registration-reporting-and-compliance-help/rin-trades-and-price-information,epa_rin/2026-09-27T200050Z,254b72a5f9a878ff80f00798e147e043e73931d20e3808a3b0c7eb1583ffba47,1.1
2024-03-11,2024-03-17,2024-03-11,2024-03-17,D6,2023,0.890000,286410728,2026-09-27T20:00:50Z,2026-09-27T20:00:50Z,https://www.epa.gov/fuels-registration-reporting-and-compliance-help/rin-trades-and-price-information,epa_rin/2026-09-27T200050Z,254b72a5f9a878ff80f00798e147e043e73931d20e3808a3b0c7eb1583ffba47,1.1
2024-03-11,2024-03-17,2024-03-11,2024-03-17,D6,2024,0.750000,345358808,2026-09-27T20:00:50Z,2026-09-27T20:00:50Z,https://www.epa.gov/fuels-registration-reporting-and-compliance-help/rin-trades-and-price-information,epa_rin/2026-09-27T200050Z,254b72a5f9a878ff80f00798e147e043e73931d20e3808a3b0c7eb1583ffba47,1.1
2024-03-18,2024-03-24,2024-03-18,2024-03-24,D6,2022,0.700000,407587,2026-09-27T20:00:50Z,2026-09-27T20:00:50Z,https://www.epa.gov/fuels-registration-reporting-and-compliance-help/rin-trades-and-price-information,epa_rin/2026-09-27T200050Z,254b72a5f9a878ff80f00798e147e043e73931d20e3808a3b0c7eb1583ffba47,1.1
2024-03-18,2024-03-24,2024-03-18,2024-03-24,D6,2023,0.690000,354378381,2026-09-27T20:00:50Z,2026-09-27T20:00:50Z,https://www.epa.gov/fuels-registration-reporting-and-compliance-help/rin-trades-and-price-information,epa_rin/2026-09-27T200050Z,254b72a5f9a878ff80f00798e147e043e73931d20e3808a3b0c7eb1583ffba47,1.1
2024-03-18,2024-03-24,2024-03-18,2024-03-24,D6,2024,0.640000,258441529,2026-09-27T20:00:50Z,2026-09-27T20:00:50Z,https://www.epa.gov/fuels-registration-reporting-and-compliance-help/rin-trades-and-price-information,epa_rin/2026-09-27T200050Z,254b72a5f9a878ff80f00798e147e043e73931d20e3808a3b0c7eb1583ffba47,1.1
2024-03-25,2024-03-31,2024-03-25,2024-03-31,D6,2022,0.560000,2298121,2026-09-27T20:00:50Z,2026-09-27T20:00:50Z,https://www.epa.gov/fuels-registration-reporting-and-compliance-help/rin-trades-and-price-information,epa_rin/2026-09-27T200050Z,254b72a5f9a878ff80f00798e147e043e73931d20e3808a3b0c7eb1583ffba47,1.1
2024-03-25,2024-03-31,2024-03-25,2024-03-31,D6,2023,0.740000,443840930,2026-09-27T20:00:50Z,2026-09-27T20:00:50Z,https://www.epa.gov/fuels-registration-reporting-and-compliance-help/rin-trades-and-price-information,epa_rin/2026-09-27T200050Z,254b72a5f9a878ff80f00798e147e043e73931d20e3808a3b0c7eb1583ffba47,1.1
2024-03-25,2024-03-31,2024-03-25,2024-03-31,D6,2024,0.640000,234954712,2026-09-27T20:00:50Z,2026-09-27T20:00:50Z,https://www.epa.gov/fuels-registration-reporting-and-compliance-help/rin-trades-and-price-information,epa_rin/2026-09-27T200050Z,254b72a5f9a878ff80f00798e147e043e73931d20e3808a3b0c7eb1583ffba47,1.1
2024-04-01,2024-04-07,2024-04-01,2024-04-07,D6,2023,0.470000,4055793,2026-09-27T20:00:50Z,2026-09-27T20:00:50Z,https://www.epa.gov/fuels-registration-reporting-and-compliance-help/rin-trades-and-price-information,epa_rin/2026-09-27T200050Z,254b72a5f9a878ff80f00798e147e043e73931d20e3808a3b0c7eb1583ffba47,1.1
2024-04-01,2024-04-07,2024-04-01,2024-04-07,D6,2024,0.760000,351470130,2026-09-27T20:00:50Z,2026-09-27T20:00:50Z,https://www.epa.gov/fuels-registration-reporting-and-compliance-help/rin-trades-and-price-information,epa_rin/2026-09-27T200050Z,254b72a5f9a878ff80f00798e147e043e73931d20e3808a3b0c7eb1583ffba47,1.1
2024-04-08,2024-04-14,2024-04-08,2024-04-14,D6,2023,0.920000,7717872,2026-09-27T20:00:50Z,2026-09-27T20:00:50Z,https://www.epa.gov/fuels-registration-reporting-and-compliance-help/rin-trades-and-price-information,epa_rin/2026-09-27T200050Z,254b72a5f9a878ff80f00798e147e043e73931d20e3808a3b0c7eb1583ffba47,1.1
2024-04-08,2024-04-14,2024-04-08,2024-04-14,D6,2024,0.770000,270595356,2026-09-27T20:00:50Z,2026-09-27T20:00:50Z,https://www.epa.gov/fuels-registration-reporting-and-compliance-help/rin-trades-and-price-information,epa_rin/2026-09-27T200050Z,254b72a5f9a878ff80f00798e147e043e73931d20e3808a3b0c7eb1583ffba47,1.1
2024-04-15,2024-04-21,2024-04-15,2024-04-21,D6,2023,0.460000,68047195,2026-09-27T20:00:50Z,2026-09-27T20:00:50Z,https://www.epa.gov/fuels-registration-reporting-and-compliance-help/rin-trades-and-price-information,epa_rin/2026-09-27T200050Z,254b72a5f9a878ff80f00798e147e043e73931d20e3808a3b0c7eb1583ffba47,1.1
2024-04-15,2024-04-21,2024-04-15,2024-04-21,D6,2024,0.679055,315558913,2026-09-27T20:00:50Z,2026-09-27T20:00:50Z,https://www.epa.gov/fuels-registration-reporting-and-compliance-help/rin-trades-and-price-information,epa_rin/2026-09-27T200050Z,254b72a5f9a878ff80f00798e147e043e73931d20e3808a3b0c7eb1583ffba47,1.1
2024-04-22,2024-04-28,2024-04-22,2024-04-28,D6,2023,0.910000,4964395,2026-09-27T20:00:50Z,2026-09-27T20:00:50Z,https://www.epa.gov/fuels-registration-reporting-and-compliance-help/rin-trades-and-price-information,epa_rin/2026-09-27T200050Z,254b72a5f9a878ff80f00798e147e043e73931d20e3808a3b0c7eb1583ffba47,1.1
2024-04-22,2024-04-28,2024-04-22,2024-04-28,D6,2024,0.660000,345531810,2026-09-27T20:00:50Z,2026-09-27T20:00:50Z,https://www.epa.gov/fuels-registration-reporting-and-compliance-help/rin-trades-and-price-information,epa_rin/2026-09-27T200050Z,254b72a5f9a878ff80f00798e147e043e73931d20e3808a3b0c7eb1583ffba47,1.1
2024-04-29,2024-05-05,2024-04-29,2024-05-05,D6,2023,0.450000,4275371,2026-09-27T20:00:50Z,2026-09-27T20:00:50Z,https://www.epa.gov/fuels-registration-reporting-and-compliance-help/rin-trades-and-price-information,epa_rin/2026-09-27T200050Z,254b72a5f9a878ff80f00798e147e043e73931d20e3808a3b0c7eb1583ffba47,1.1
2024-04-29,2024-05-05,2024-04-29,2024-05-05,D6,2024,0.700000,399074945,2026-09-27T20:00:50Z,2026-09-27T20:00:50Z,https://www.epa.gov/fuels-registration-reporting-and-compliance-help/rin-trades-and-price-information,epa_rin/2026-09-27T200050Z,254b72a5f9a878ff80f00798e147e043e73931d20e3808a3b0c7eb1583ffba47,1.1
2024-05-06,2024-05-12,2024-05-06,2024-05-12,D6,2023,0.590000,24003,2026-09-27T20:00:50Z,2026-09-27T20:00:50Z,https://www.epa.gov/fuels-registration-reporting-and-compliance-help/rin-trades-and-price-information,epa_rin/2026-09-27T200050Z,254b72a5f9a878ff80f00798e147e043e73931d20e3808a3b0c7eb1583ffba47,1.1
2024-05-06,2024-05-12,2024-05-06,2024-05-12,D6,2024,0.610000,271169572,2026-09-27T20:00:50Z,2026-09-27T20:00:50Z,https://www.epa.gov/fuels-registration-reporting-and-compliance-help/rin-trades-and-price-information,epa_rin/2026-09-27T200050Z,254b72a5f9a878ff80f00798e147e043e73931d20e3808a3b0c7eb1583ffba47,1.1
2024-05-13,2024-05-19,2024-05-13,2024-05-19,D6,2023,0.590000,12508104,2026-09-27T20:00:50Z,2026-09-27T20:00:50Z,https://www.epa.gov/fuels-registration-reporting-and-compliance-help/rin-trades-and-price-information,epa_rin/2026-09-27T200050Z,254b72a5f9a878ff80f00798e147e043e73931d20e3808a3b0c7eb1583ffba47,1.1
2024-05-13,2024-05-19,2024-05-13,2024-05-19,D6,2024,0.600000,241992295,2026-09-27T20:00:50Z,2026-09-27T20:00:50Z,https://www.epa.gov/fuels-registration-reporting-and-compliance-help/rin-trades-and-price-information,epa_rin/2026-09-27T200050Z,254b72a5f9a878ff80f00798e147e043e73931d20e3808a3b0c7eb1583ffba47,1.1
2024-05-20,2024-05-26,2024-05-20,2024-05-26,D6,2023,0.480000,8830305,2026-09-27T20:00:50Z,2026-09-27T20:00:50Z,https://www.epa.gov/fuels-registration-reporting-and-compliance-help/rin-trades-and-price-information,epa_rin/2026-09-27T200050Z,254b72a5f9a878ff80f00798e147e043e73931d20e3808a3b0c7eb1583ffba47,1.1
2024-05-20,2024-05-26,2024-05-20,2024-05-26,D6,2024,0.590000,379451663,2026-09-27T20:00:50Z,2026-09-27T20:00:50Z,https://www.epa.gov/fuels-registration-reporting-and-compliance-help/rin-trades-and-price-information,epa_rin/2026-09-27T200050Z,254b72a5f9a878ff80f00798e147e043e73931d20e3808a3b0c7eb1583ffba47,1.1
2024-05-27,2024-06-02,2024-05-27,2024-06-02,D6,2023,0.530000,10995322,2026-09-27T20:00:50Z,2026-09-27T20:00:50Z,https://www.epa.gov/fuels-registration-reporting-and-compliance-help/rin-trades-and-price-information,epa_rin/2026-09-27T200050Z,254b72a5f9a878ff80f00798e147e043e73931d20e3808a3b0c7eb1583ffba47,1.1
2024-05-27,2024-06-02,2024-05-27,2024-06-02,D6,2024,0.560000,258766366,2026-09-27T20:00:50Z,2026-09-27T20:00:50Z,https://www.epa.gov/fuels-registration-reporting-and-compliance-help/rin-trades-and-price-information,epa_rin/2026-09-27T200050Z,254b72a5f9a878ff80f00798e147e043e73931d20e3808a3b0c7eb1583ffba47,1.1
2024-06-03,2024-06-09,2024-06-03,2024-06-09,D6,2023,0.480000,35562875,2026-09-27T20:00:50Z,2026-09-27T20:00:50Z,https://www.epa.gov/fuels-registration-reporting-and-compliance-help/rin-trades-and-price-information,epa_rin/2026-09-27T200050Z,254b72a5f9a878ff80f00798e147e043e73931d20e3808a3b0c7eb1583ffba47,1.1
2024-06-03,2024-06-09,2024-06-03,2024-06-09,D6,2024,0.680000,480009420,2026-09-27T20:00:50Z,2026-09-27T20:00:50Z,https://www.epa.gov/fuels-registration-reporting-and-compliance-help/rin-trades-and-price-information,epa_rin/2026-09-27T200050Z,254b72a5f9a878ff80f00798e147e043e73931d20e3808a3b0c7eb1583ffba47,1.1
2024-06-10,2024-06-16,2024-06-10,2024-06-16,D6,2023,0.530000,2229399,2026-09-27T20:00:50Z,2026-09-27T20:00:50Z,https://www.epa.gov/fuels-registration-reporting-and-compliance-help/rin-trades-and-price-information,epa_rin/2026-09-27T200050Z,254b72a5f9a878ff80f00798e147e043e73931d20e3808a3b0c7eb1583ffba47,1.1
2024-06-10,2024-06-16,2024-06-10,2024-06-16,D6,2024,0.699365,367950565,2026-09-27T20:00:50Z,2026-09-27T20:00:50Z,https://www.epa.gov/fuels-registration-reporting-and-compliance-help/rin-trades-and-price-information,epa_rin/2026-09-27T200050Z,254b72a5f9a878ff80f00798e147e043e73931d20e3808a3b0c7eb1583ffba47,1.1
2024-06-17,2024-06-23,2024-06-17,2024-06-23,D6,2023,0.490000,2001426,2026-09-27T20:00:50Z,2026-09-27T20:00:50Z,https://www.epa.gov/fuels-registration-reporting-and-compliance-help/rin-trades-and-price-information,epa_rin/2026-09-27T200050Z,254b72a5f9a878ff80f00798e147e043e73931d20e3808a3b0c7eb1583ffba47,1.1
2024-06-17,2024-06-23,2024-06-17,2024-06-23,D6,2024,0.650000,257540963,2026-09-27T20:00:50Z,2026-09-27T20:00:50Z,https://www.epa.gov/fuels-registration-reporting-and-compliance-help/rin-trades-and-price-information,epa_rin/2026-09-27T200050Z,254b72a5f9a878ff80f00798e147e043e73931d20e3808a3b0c7eb1583ffba47,1.1
2024-06-24,2024-06-30,2024-06-24,2024-06-30,D6,2023,0.520000,3024109,2026-09-27T20:00:50Z,2026-09-27T20:00:50Z,https://www.epa.gov/fuels-registration-reporting-and-compliance-help/rin-trades-and-price-information,epa_rin/2026-09-27T200050Z,254b72a5f9a878ff80f00798e147e043e73931d20e3808a3b0c7eb1583ffba47,1.1
2024-06-24,2024-06-30,2024-06-24,2024-06-30,D6,2024,0.660000,736246425,2026-09-27T20:00:50Z,2026-09-27T20:00:50Z,https://www.epa.gov/fuels-registration-reporting-and-compliance-help/rin-trades-and-price-information,epa_rin/2026-09-27T200050Z,254b72a5f9a878ff80f00798e147e043e73931d20e3808a3b0c7eb1583ffba47,1.1
2024-07-01,2024-07-07,2024-07-01,2024-07-07,D6,2023,0.490000,4679221,2026-09-27T20:00:50Z,2026-09-27T20:00:50Z,https://www.epa.gov/fuels-registration-reporting-and-compliance-help/rin-trades-and-price-information,epa_rin/2026-09-27T200050Z,254b72a5f9a878ff80f00798e147e043e73931d20e3808a3b0c7eb1583ffba47,1.1
2024-07-01,2024-07-07,2024-07-01,2024-07-07,D6,2024,0.644366,578694368,2026-09-27T20:00:50Z,2026-09-27T20:00:50Z,https://www.epa.gov/fuels-registration-reporting-and-compliance-help/rin-trades-and-price-information,epa_rin/2026-09-27T200050Z,254b72a5f9a878ff80f00798e147e043e73931d20e3808a3b0c7eb1583ffba47,1.1
2024-07-08,2024-07-14,2024-07-08,2024-07-14,D6,2023,0.570000,2195806,2026-09-27T20:00:50Z,2026-09-27T20:00:50Z,https://www.epa.gov/fuels-registration-reporting-and-compliance-help/rin-trades-and-price-information,epa_rin/2026-09-27T200050Z,254b72a5f9a878ff80f00798e147e043e73931d20e3808a3b0c7eb1583ffba47,1.1
2024-07-08,2024-07-14,2024-07-08,2024-07-14,D6,2024,0.690000,206085334,2026-09-27T20:00:50Z,2026-09-27T20:00:50Z,https://www.epa.gov/fuels-registration-reporting-and-compliance-help/rin-trades-and-price-information,epa_rin/2026-09-27T200050Z,254b72a5f9a878ff80f00798e147e043e73931d20e3808a3b0c7eb1583ffba47,1.1
2024-07-15,2024-07-21,2024-07-15,2024-07-21,D6,2023,0.580000,3218686,2026-09-27T20:00:50Z,2026-09-27T20:00:50Z,https://www.epa.gov/fuels-registration-reporting-and-compliance-help/rin-trades-and-price-information,epa_rin/2026-09-27T200050Z,254b72a5f9a878ff80f00798e147e043e73931d20e3808a3b0c7eb1583ffba47,1.1
2024-07-15,2024-07-21,2024-07-15,2024-07-21,D6,2024,0.740000,416849879,2026-09-27T20:00:50Z,2026-09-27T20:00:50Z,https://www.epa.gov/fuels-registration-reporting-and-compliance-help/rin-trades-and-price-information,epa_rin/2026-09-27T200050Z,254b72a5f9a878ff80f00798e147e043e73931d20e3808a3b0c7eb1583ffba47,1.1
2024-07-22,2024-07-28,2024-07-22,2024-07-28,D6,2023,0.630000,1500200,2026-09-27T20:00:50Z,2026-09-27T20:00:50Z,https://www.epa.gov/fuels-registration-reporting-and-compliance-help/rin-trades-and-price-information,epa_rin/2026-09-27T200050Z,254b72a5f9a878ff80f00798e147e043e73931d20e3808a3b0c7eb1583ffba47,1.1
2024-07-22,2024-07-28,2024-07-22,2024-07-28,D6,2024,0.619114,405889726,2026-09-27T20:00:50Z,2026-09-27T20:00:50Z,https://www.epa.gov/fuels-registration-reporting-and-compliance-help/rin-trades-and-price-information,epa_rin/2026-09-27T200050Z,254b72a5f9a878ff80f00798e147e043e73931d20e3808a3b0c7eb1583ffba47,1.1
2024-07-29,2024-08-04,2024-07-29,2024-08-04,D6,2023,0.590000,7618473,2026-09-27T20:00:50Z,2026-09-27T20:00:50Z,https://www.epa.gov/fuels-registration-reporting-and-compliance-help/rin-trades-and-price-information,epa_rin/2026-09-27T200050Z,254b72a5f9a878ff80f00798e147e043e73931d20e3808a3b0c7eb1583ffba47,1.1
2024-07-29,2024-08-04,2024-07-29,2024-08-04,D6,2024,0.610000,367658253,2026-09-27T20:00:50Z,2026-09-27T20:00:50Z,https://www.epa.gov/fuels-registration-reporting-and-compliance-help/rin-trades-and-price-information,epa_rin/2026-09-27T200050Z,254b72a5f9a878ff80f00798e147e043e73931d20e3808a3b0c7eb1583ffba47,1.1
2024-08-05,2024-08-11,2024-08-05,2024-08-11,D6,2023,0.510000,11517427,2026-09-27T20:00:50Z,2026-09-27T20:00:50Z,https://www.epa.gov/fuels-registration-reporting-and-compliance-help/rin-trades-and-price-information,epa_rin/2026-09-27T200050Z,254b72a5f9a878ff80f00798e147e043e73931d20e3808a3b0c7eb1583ffba47,1.1
2024-08-05,2024-08-11,2024-08-05,2024-08-11,D6,2024,0.650000,440975387,2026-09-27T20:00:50Z,2026-09-27T20:00:50Z,https://www.epa.gov/fuels-registration-reporting-and-compliance-help/rin-trades-and-price-information,epa_rin/2026-09-27T200050Z,254b72a5f9a878ff80f00798e147e043e73931d20e3808a3b0c7eb1583ffba47,1.1
2024-08-12,2024-08-18,2024-08-12,2024-08-18,D6,2023,0.590000,5199,2026-09-27T20:00:50Z,2026-09-27T20:00:50Z,https://www.epa.gov/fuels-registration-reporting-and-compliance-help/rin-trades-and-price-information,epa_rin/2026-09-27T200050Z,254b72a5f9a878ff80f00798e147e043e73931d20e3808a3b0c7eb1583ffba47,1.1
2024-08-12,2024-08-18,2024-08-12,2024-08-18,D6,2024,0.650000,263875460,2026-09-27T20:00:50Z,2026-09-27T20:00:50Z,https://www.epa.gov/fuels-registration-reporting-and-compliance-help/rin-trades-and-price-information,epa_rin/2026-09-27T200050Z,254b72a5f9a878ff80f00798e147e043e73931d20e3808a3b0c7eb1583ffba47,1.1
2024-08-19,2024-08-25,2024-08-19,2024-08-25,D6,2023,0.560000,1898122,2026-09-27T20:00:50Z,2026-09-27T20:00:50Z,https://www.epa.gov/fuels-registration-reporting-and-compliance-help/rin-trades-and-price-information,epa_rin/2026-09-27T200050Z,254b72a5f9a878ff80f00798e147e043e73931d20e3808a3b0c7eb1583ffba47,1.1
2024-08-19,2024-08-25,2024-08-19,2024-08-25,D6,2024,0.620000,246257495,2026-09-27T20:00:50Z,2026-09-27T20:00:50Z,https://www.epa.gov/fuels-registration-reporting-and-compliance-help/rin-trades-and-price-information,epa_rin/2026-09-27T200050Z,254b72a5f9a878ff80f00798e147e043e73931d20e3808a3b0c7eb1583ffba47,1.1
2024-08-26,2024-09-01,2024-08-26,2024-09-01,D6,2023,0.540000,1401570,2026-09-27T20:00:50Z,2026-09-27T20:00:50Z,https://www.epa.gov/fuels-registration-reporting-and-compliance-help/rin-trades-and-price-information,epa_rin/2026-09-27T200050Z,254b72a5f9a878ff80f00798e147e043e73931d20e3808a3b0c7eb1583ffba47,1.1
2024-08-26,2024-09-01,2024-08-26,2024-09-01,D6,2024,0.550000,356957488,2026-09-27T20:00:50Z,2026-09-27T20:00:50Z,https://www.epa.gov/fuels-registration-reporting-and-compliance-help/rin-trades-and-price-information,epa_rin/2026-09-27T200050Z,254b72a5f9a878ff80f00798e147e043e73931d20e3808a3b0c7eb1583ffba47,1.1
2024-09-02,2024-09-08,2024-09-02,2024-09-08,D6,2023,0.540000,1876,2026-09-27T20:00:50Z,2026-09-27T20:00:50Z,https://www.epa.gov/fuels-registration-reporting-and-compliance-help/rin-trades-and-price-information,epa_rin/2026-09-27T200050Z,254b72a5f9a878ff80f00798e147e043e73931d20e3808a3b0c7eb1583ffba47,1.1
2024-09-02,2024-09-08,2024-09-02,2024-09-08,D6,2024,0.550000,469976916,2026-09-27T20:00:50Z,2026-09-27T20:00:50Z,https://www.epa.gov/fuels-registration-reporting-and-compliance-help/rin-trades-and-price-information,epa_rin/2026-09-27T200050Z,254b72a5f9a878ff80f00798e147e043e73931d20e3808a3b0c7eb1583ffba47,1.1
2024-09-09,2024-09-15,2024-09-09,2024-09-15,D6,2023,0.550000,126105,2026-09-27T20:00:50Z,2026-09-27T20:00:50Z,https://www.epa.gov/fuels-registration-reporting-and-compliance-help/rin-trades-and-price-information,epa_rin/2026-09-27T200050Z,254b72a5f9a878ff80f00798e147e043e73931d20e3808a3b0c7eb1583ffba47,1.1
2024-09-09,2024-09-15,2024-09-09,2024-09-15,D6,2024,0.600000,275603539,2026-09-27T20:00:50Z,2026-09-27T20:00:50Z,https://www.epa.gov/fuels-registration-reporting-and-compliance-help/rin-trades-and-price-information,epa_rin/2026-09-27T200050Z,254b72a5f9a878ff80f00798e147e043e73931d20e3808a3b0c7eb1583ffba47,1.1
2024-09-16,2024-09-22,2024-09-16,2024-09-22,D6,2023,0.570000,6840039,2026-09-27T20:00:50Z,2026-09-27T20:00:50Z,https://www.epa.gov/fuels-registration-reporting-and-compliance-help/rin-trades-and-price-information,epa_rin/2026-09-27T200050Z,254b72a5f9a878ff80f00798e147e043e73931d20e3808a3b0c7eb1583ffba47,1.1
2024-09-16,2024-09-22,2024-09-16,2024-09-22,D6,2024,0.720000,426052383,2026-09-27T20:00:50Z,2026-09-27T20:00:50Z,https://www.epa.gov/fuels-registration-reporting-and-compliance-help/rin-trades-and-price-information,epa_rin/2026-09-27T200050Z,254b72a5f9a878ff80f00798e147e043e73931d20e3808a3b0c7eb1583ffba47,1.1
2024-09-23,2024-09-29,2024-09-23,2024-09-29,D6,2023,0.550000,2500072,2026-09-27T20:00:50Z,2026-09-27T20:00:50Z,https://www.epa.gov/fuels-registration-reporting-and-compliance-help/rin-trades-and-price-information,epa_rin/2026-09-27T200050Z,254b72a5f9a878ff80f00798e147e043e73931d20e3808a3b0c7eb1583ffba47,1.1
2024-09-23,2024-09-29,2024-09-23,2024-09-29,D6,2024,0.620000,802334061,2026-09-27T20:00:50Z,2026-09-27T20:00:50Z,https://www.epa.gov/fuels-registration-reporting-and-compliance-help/rin-trades-and-price-information,epa_rin/2026-09-27T200050Z,254b72a5f9a878ff80f00798e147e043e73931d20e3808a3b0c7eb1583ffba47,1.1
2024-09-30,2024-10-06,2024-09-30,2024-10-06,D6,2023,0.640000,1950153,2026-09-27T20:00:50Z,2026-09-27T20:00:50Z,https://www.epa.gov/fuels-registration-reporting-and-compliance-help/rin-trades-and-price-information,epa_rin/2026-09-27T200050Z,254b72a5f9a878ff80f00798e147e043e73931d20e3808a3b0c7eb1583ffba47,1.1
2024-09-30,2024-10-06,2024-09-30,2024-10-06,D6,2024,0.650000,624712931,2026-09-27T20:00:50Z,2026-09-27T20:00:50Z,https://www.epa.gov/fuels-registration-reporting-and-compliance-help/rin-trades-and-price-information,epa_rin/2026-09-27T200050Z,254b72a5f9a878ff80f00798e147e043e73931d20e3808a3b0c7eb1583ffba47,1.1
2024-10-07,2024-10-13,2024-10-07,2024-10-13,D6,2023,0.620000,2013633,2026-09-27T20:00:50Z,2026-09-27T20:00:50Z,https://www.epa.gov/fuels-registration-reporting-and-compliance-help/rin-trades-and-price-information,epa_rin/2026-09-27T200050Z,254b72a5f9a878ff80f00798e147e043e73931d20e3808a3b0c7eb1583ffba47,1.1
2024-10-07,2024-10-13,2024-10-07,2024-10-13,D6,2024,0.630000,608245436,2026-09-27T20:00:50Z,2026-09-27T20:00:50Z,https://www.epa.gov/fuels-registration-reporting-and-compliance-help/rin-trades-and-price-information,epa_rin/2026-09-27T200050Z,254b72a5f9a878ff80f00798e147e043e73931d20e3808a3b0c7eb1583ffba47,1.1
2024-10-14,2024-10-20,2024-10-14,2024-10-20,D6,2023,0.700000,225117,2026-09-27T20:00:50Z,2026-09-27T20:00:50Z,https://www.epa.gov/fuels-registration-reporting-and-compliance-help/rin-trades-and-price-information,epa_rin/2026-09-27T200050Z,254b72a5f9a878ff80f00798e147e043e73931d20e3808a3b0c7eb1583ffba47,1.1
2024-10-14,2024-10-20,2024-10-14,2024-10-20,D6,2024,0.610000,597572973,2026-09-27T20:00:50Z,2026-09-27T20:00:50Z,https://www.epa.gov/fuels-registration-reporting-and-compliance-help/rin-trades-and-price-information,epa_rin/2026-09-27T200050Z,254b72a5f9a878ff80f00798e147e043e73931d20e3808a3b0c7eb1583ffba47,1.1
2024-10-21,2024-10-27,2024-10-21,2024-10-27,D6,2023,0.680000,455407,2026-09-27T20:00:50Z,2026-09-27T20:00:50Z,https://www.epa.gov/fuels-registration-reporting-and-compliance-help/rin-trades-and-price-information,epa_rin/2026-09-27T200050Z,254b72a5f9a878ff80f00798e147e043e73931d20e3808a3b0c7eb1583ffba47,1.1
2024-10-21,2024-10-27,2024-10-21,2024-10-27,D6,2024,0.620000,526591287,2026-09-27T20:00:50Z,2026-09-27T20:00:50Z,https://www.epa.gov/fuels-registration-reporting-and-compliance-help/rin-trades-and-price-information,epa_rin/2026-09-27T200050Z,254b72a5f9a878ff80f00798e147e043e73931d20e3808a3b0c7eb1583ffba47,1.1
2024-10-28,2024-11-03,2024-10-28,2024-11-03,D6,2023,0.700000,4837630,2026-09-27T20:00:50Z,2026-09-27T20:00:50Z,https://www.epa.gov/fuels-registration-reporting-and-compliance-help/rin-trades-and-price-information,epa_rin/2026-09-27T200050Z,254b72a5f9a878ff80f00798e147e043e73931d20e3808a3b0c7eb1583ffba47,1.1
2024-10-28,2024-11-03,2024-10-28,2024-11-03,D6,2024,0.640000,313518414,2026-09-27T20:00:50Z,2026-09-27T20:00:50Z,https://www.epa.gov/fuels-registration-reporting-and-compliance-help/rin-trades-and-price-information,epa_rin/2026-09-27T200050Z,254b72a5f9a878ff80f00798e147e043e73931d20e3808a3b0c7eb1583ffba47,1.1
2024-11-04,2024-11-10,2024-11-04,2024-11-10,D6,2023,0.690000,42837,2026-09-27T20:00:50Z,2026-09-27T20:00:50Z,https://www.epa.gov/fuels-registration-reporting-and-compliance-help/rin-trades-and-price-information,epa_rin/2026-09-27T200050Z,254b72a5f9a878ff80f00798e147e043e73931d20e3808a3b0c7eb1583ffba47,1.1
2024-11-04,2024-11-10,2024-11-04,2024-11-10,D6,2024,0.640000,308041458,2026-09-27T20:00:50Z,2026-09-27T20:00:50Z,https://www.epa.gov/fuels-registration-reporting-and-compliance-help/rin-trades-and-price-information,epa_rin/2026-09-27T200050Z,254b72a5f9a878ff80f00798e147e043e73931d20e3808a3b0c7eb1583ffba47,1.1
2024-11-11,2024-11-17,2024-11-11,2024-11-17,D6,2023,0.540000,4400314,2026-09-27T20:00:50Z,2026-09-27T20:00:50Z,https://www.epa.gov/fuels-registration-reporting-and-compliance-help/rin-trades-and-price-information,epa_rin/2026-09-27T200050Z,254b72a5f9a878ff80f00798e147e043e73931d20e3808a3b0c7eb1583ffba47,1.1
2024-11-11,2024-11-17,2024-11-11,2024-11-17,D6,2024,0.630000,490959532,2026-09-27T20:00:50Z,2026-09-27T20:00:50Z,https://www.epa.gov/fuels-registration-reporting-and-compliance-help/rin-trades-and-price-information,epa_rin/2026-09-27T200050Z,254b72a5f9a878ff80f00798e147e043e73931d20e3808a3b0c7eb1583ffba47,1.1
2024-11-18,2024-11-24,2024-11-18,2024-11-24,D6,2023,0.580000,13214619,2026-09-27T20:00:50Z,2026-09-27T20:00:50Z,https://www.epa.gov/fuels-registration-reporting-and-compliance-help/rin-trades-and-price-information,epa_rin/2026-09-27T200050Z,254b72a5f9a878ff80f00798e147e043e73931d20e3808a3b0c7eb1583ffba47,1.1
2024-11-18,2024-11-24,2024-11-18,2024-11-24,D6,2024,0.680000,576187004,2026-09-27T20:00:50Z,2026-09-27T20:00:50Z,https://www.epa.gov/fuels-registration-reporting-and-compliance-help/rin-trades-and-price-information,epa_rin/2026-09-27T200050Z,254b72a5f9a878ff80f00798e147e043e73931d20e3808a3b0c7eb1583ffba47,1.1
2024-11-25,2024-12-01,2024-11-25,2024-12-01,D6,2023,0.680000,194,2026-09-27T20:00:50Z,2026-09-27T20:00:50Z,https://www.epa.gov/fuels-registration-reporting-and-compliance-help/rin-trades-and-price-information,epa_rin/2026-09-27T200050Z,254b72a5f9a878ff80f00798e147e043e73931d20e3808a3b0c7eb1583ffba47,1.1
2024-11-25,2024-12-01,2024-11-25,2024-12-01,D6,2024,0.610000,255309081,2026-09-27T20:00:50Z,2026-09-27T20:00:50Z,https://www.epa.gov/fuels-registration-reporting-and-compliance-help/rin-trades-and-price-information,epa_rin/2026-09-27T200050Z,254b72a5f9a878ff80f00798e147e043e73931d20e3808a3b0c7eb1583ffba47,1.1
2024-12-02,2024-12-08,2024-12-02,2024-12-08,D6,2024,0.650000,429963118,2026-09-27T20:00:50Z,2026-09-27T20:00:50Z,https://www.epa.gov/fuels-registration-reporting-and-compliance-help/rin-trades-and-price-information,epa_rin/2026-09-27T200050Z,254b72a5f9a878ff80f00798e147e043e73931d20e3808a3b0c7eb1583ffba47,1.1
2024-12-09,2024-12-15,2024-12-09,2024-12-15,D6,2023,0.640000,10271310,2026-09-27T20:00:50Z,2026-09-27T20:00:50Z,https://www.epa.gov/fuels-registration-reporting-and-compliance-help/rin-trades-and-price-information,epa_rin/2026-09-27T200050Z,254b72a5f9a878ff80f00798e147e043e73931d20e3808a3b0c7eb1583ffba47,1.1
2024-12-09,2024-12-15,2024-12-09,2024-12-15,D6,2024,0.650000,743924450,2026-09-27T20:00:50Z,2026-09-27T20:00:50Z,https://www.epa.gov/fuels-registration-reporting-and-compliance-help/rin-trades-and-price-information,epa_rin/2026-09-27T200050Z,254b72a5f9a878ff80f00798e147e043e73931d20e3808a3b0c7eb1583ffba47,1.1
2024-12-16,2024-12-22,2024-12-16,2024-12-22,D6,2023,0.600000,9721,2026-09-27T20:00:50Z,2026-09-27T20:00:50Z,https://www.epa.gov/fuels-registration-reporting-and-compliance-help/rin-trades-and-price-information,epa_rin/2026-09-27T200050Z,254b72a5f9a878ff80f00798e147e043e73931d20e3808a3b0c7eb1583ffba47,1.1
2024-12-16,2024-12-22,2024-12-16,2024-12-22,D6,2024,0.610000,848814890,2026-09-27T20:00:50Z,2026-09-27T20:00:50Z,https://www.epa.gov/fuels-registration-reporting-and-compliance-help/rin-trades-and-price-information,epa_rin/2026-09-27T200050Z,254b72a5f9a878ff80f00798e147e043e73931d20e3808a3b0c7eb1583ffba47,1.1
2024-12-23,2024-12-29,2024-12-23,2024-12-29,D6,2023,0.590000,3747938,2026-09-27T20:00:50Z,2026-09-27T20:00:50Z,https://www.epa.gov/fuels-registration-reporting-and-compliance-help/rin-trades-and-price-information,epa_rin/2026-09-27T200050Z,254b72a5f9a878ff80f00798e147e043e73931d20e3808a3b0c7eb1583ffba47,1.1
2024-12-23,2024-12-29,2024-12-23,2024-12-29,D6,2024,0.650000,406702573,2026-09-27T20:00:50Z,2026-09-27T20:00:50Z,https://www.epa.gov/fuels-registration-reporting-and-compliance-help/rin-trades-and-price-information,epa_rin/2026-09-27T200050Z,254b72a5f9a878ff80f00798e147e043e73931d20e3808a3b0c7eb1583ffba47,1.1
2024-12-30,2025-01-05,2024-12-30,2025-01-05,D6,2023,0.630000,1815861,2026-09-27T20:00:50Z,2026-09-27T20:00:50Z,https://www.epa.gov/fuels-registration-reporting-and-compliance-help/rin-trades-and-price-information,epa_rin/2026-09-27T200050Z,254b72a5f9a878ff80f00798e147e043e73931d20e3808a3b0c7eb1583ffba47,1.1
2024-12-30,2025-01-05,2024-12-30,2025-01-05,D6,2024,0.641639,283972968,2026-09-27T20:00:50Z,2026-09-27T20:00:50Z,https://www.epa.gov/fuels-registration-reporting-and-compliance-help/rin-trades-and-price-information,epa_rin/2026-09-27T200050Z,254b72a5f9a878ff80f00798e147e043e73931d20e3808a3b0c7eb1583ffba47,1.1
2024-12-30,2025-01-05,2024-12-30,2025-01-05,D6,2025,0.620000,3487853,2026-09-27T20:00:50Z,2026-09-27T20:00:50Z,https://www.epa.gov/fuels-registration-reporting-and-compliance-help/rin-trades-and-price-information,epa_rin/2026-09-27T200050Z,254b72a5f9a878ff80f00798e147e043e73931d20e3808a3b0c7eb1583ffba47,1.1
2025-01-06,2025-01-12,2025-01-06,2025-01-12,D6,2023,0.590000,7720673,2026-09-27T20:00:50Z,2026-09-27T20:00:50Z,https://www.epa.gov/fuels-registration-reporting-and-compliance-help/rin-trades-and-price-information,epa_rin/2026-09-27T200050Z,254b72a5f9a878ff80f00798e147e043e73931d20e3808a3b0c7eb1583ffba47,1.1
2025-01-06,2025-01-12,2025-01-06,2025-01-12,D6,2024,0.640000,486738263,2026-09-27T20:00:50Z,2026-09-27T20:00:50Z,https://www.epa.gov/fuels-registration-reporting-and-compliance-help/rin-trades-and-price-information,epa_rin/2026-09-27T200050Z,254b72a5f9a878ff80f00798e147e043e73931d20e3808a3b0c7eb1583ffba47,1.1
2025-01-06,2025-01-12,2025-01-06,2025-01-12,D6,2025,0.680000,10724153,2026-09-27T20:00:50Z,2026-09-27T20:00:50Z,https://www.epa.gov/fuels-registration-reporting-and-compliance-help/rin-trades-and-price-information,epa_rin/2026-09-27T200050Z,254b72a5f9a878ff80f00798e147e043e73931d20e3808a3b0c7eb1583ffba47,1.1
2025-01-13,2025-01-19,2025-01-13,2025-01-19,D6,2023,0.610000,9206008,2026-09-27T20:00:50Z,2026-09-27T20:00:50Z,https://www.epa.gov/fuels-registration-reporting-and-compliance-help/rin-trades-and-price-information,epa_rin/2026-09-27T200050Z,254b72a5f9a878ff80f00798e147e043e73931d20e3808a3b0c7eb1583ffba47,1.1
2025-01-13,2025-01-19,2025-01-13,2025-01-19,D6,2024,0.650000,433051254,2026-09-27T20:00:50Z,2026-09-27T20:00:50Z,https://www.epa.gov/fuels-registration-reporting-and-compliance-help/rin-trades-and-price-information,epa_rin/2026-09-27T200050Z,254b72a5f9a878ff80f00798e147e043e73931d20e3808a3b0c7eb1583ffba47,1.1
2025-01-13,2025-01-19,2025-01-13,2025-01-19,D6,2025,0.630000,38290724,2026-09-27T20:00:50Z,2026-09-27T20:00:50Z,https://www.epa.gov/fuels-registration-reporting-and-compliance-help/rin-trades-and-price-information,epa_rin/2026-09-27T200050Z,254b72a5f9a878ff80f00798e147e043e73931d20e3808a3b0c7eb1583ffba47,1.1
2025-01-20,2025-01-26,2025-01-20,2025-01-26,D6,2023,0.630000,22894771,2026-09-27T20:00:50Z,2026-09-27T20:00:50Z,https://www.epa.gov/fuels-registration-reporting-and-compliance-help/rin-trades-and-price-information,epa_rin/2026-09-27T200050Z,254b72a5f9a878ff80f00798e147e043e73931d20e3808a3b0c7eb1583ffba47,1.1
2025-01-20,2025-01-26,2025-01-20,2025-01-26,D6,2024,0.670000,313169987,2026-09-27T20:00:50Z,2026-09-27T20:00:50Z,https://www.epa.gov/fuels-registration-reporting-and-compliance-help/rin-trades-and-price-information,epa_rin/2026-09-27T200050Z,254b72a5f9a878ff80f00798e147e043e73931d20e3808a3b0c7eb1583ffba47,1.1
2025-01-20,2025-01-26,2025-01-20,2025-01-26,D6,2025,0.670000,99380142,2026-09-27T20:00:50Z,2026-09-27T20:00:50Z,https://www.epa.gov/fuels-registration-reporting-and-compliance-help/rin-trades-and-price-information,epa_rin/2026-09-27T200050Z,254b72a5f9a878ff80f00798e147e043e73931d20e3808a3b0c7eb1583ffba47,1.1
2025-01-27,2025-02-02,2025-01-27,2025-02-02,D6,2024,0.660000,260178928,2026-09-27T20:00:50Z,2026-09-27T20:00:50Z,https://www.epa.gov/fuels-registration-reporting-and-compliance-help/rin-trades-and-price-information,epa_rin/2026-09-27T200050Z,254b72a5f9a878ff80f00798e147e043e73931d20e3808a3b0c7eb1583ffba47,1.1
2025-01-27,2025-02-02,2025-01-27,2025-02-02,D6,2025,0.700000,97500183,2026-09-27T20:00:50Z,2026-09-27T20:00:50Z,https://www.epa.gov/fuels-registration-reporting-and-compliance-help/rin-trades-and-price-information,epa_rin/2026-09-27T200050Z,254b72a5f9a878ff80f00798e147e043e73931d20e3808a3b0c7eb1583ffba47,1.1
2025-02-03,2025-02-09,2025-02-03,2025-02-09,D6,2024,0.660000,202496772,2026-09-27T20:00:50Z,2026-09-27T20:00:50Z,https://www.epa.gov/fuels-registration-reporting-and-compliance-help/rin-trades-and-price-information,epa_rin/2026-09-27T200050Z,254b72a5f9a878ff80f00798e147e043e73931d20e3808a3b0c7eb1583ffba47,1.1
2025-02-03,2025-02-09,2025-02-03,2025-02-09,D6,2025,0.730000,95633318,2026-09-27T20:00:50Z,2026-09-27T20:00:50Z,https://www.epa.gov/fuels-registration-reporting-and-compliance-help/rin-trades-and-price-information,epa_rin/2026-09-27T200050Z,254b72a5f9a878ff80f00798e147e043e73931d20e3808a3b0c7eb1583ffba47,1.1
2025-02-10,2025-02-16,2025-02-10,2025-02-16,D6,2023,0.740000,3750000,2026-09-27T20:00:50Z,2026-09-27T20:00:50Z,https://www.epa.gov/fuels-registration-reporting-and-compliance-help/rin-trades-and-price-information,epa_rin/2026-09-27T200050Z,254b72a5f9a878ff80f00798e147e043e73931d20e3808a3b0c7eb1583ffba47,1.1
2025-02-10,2025-02-16,2025-02-10,2025-02-16,D6,2024,0.720000,182833624,2026-09-27T20:00:50Z,2026-09-27T20:00:50Z,https://www.epa.gov/fuels-registration-reporting-and-compliance-help/rin-trades-and-price-information,epa_rin/2026-09-27T200050Z,254b72a5f9a878ff80f00798e147e043e73931d20e3808a3b0c7eb1583ffba47,1.1
2025-02-10,2025-02-16,2025-02-10,2025-02-16,D6,2025,0.750000,150435601,2026-09-27T20:00:50Z,2026-09-27T20:00:50Z,https://www.epa.gov/fuels-registration-reporting-and-compliance-help/rin-trades-and-price-information,epa_rin/2026-09-27T200050Z,254b72a5f9a878ff80f00798e147e043e73931d20e3808a3b0c7eb1583ffba47,1.1
2025-02-17,2025-02-23,2025-02-17,2025-02-23,D6,2023,0.820000,331414,2026-09-27T20:00:50Z,2026-09-27T20:00:50Z,https://www.epa.gov/fuels-registration-reporting-and-compliance-help/rin-trades-and-price-information,epa_rin/2026-09-27T200050Z,254b72a5f9a878ff80f00798e147e043e73931d20e3808a3b0c7eb1583ffba47,1.1
2025-02-17,2025-02-23,2025-02-17,2025-02-23,D6,2024,0.700000,245498065,2026-09-27T20:00:50Z,2026-09-27T20:00:50Z,https://www.epa.gov/fuels-registration-reporting-and-compliance-help/rin-trades-and-price-information,epa_rin/2026-09-27T200050Z,254b72a5f9a878ff80f00798e147e043e73931d20e3808a3b0c7eb1583ffba47,1.1
2025-02-17,2025-02-23,2025-02-17,2025-02-23,D6,2025,0.780000,98337471,2026-09-27T20:00:50Z,2026-09-27T20:00:50Z,https://www.epa.gov/fuels-registration-reporting-and-compliance-help/rin-trades-and-price-information,epa_rin/2026-09-27T200050Z,254b72a5f9a878ff80f00798e147e043e73931d20e3808a3b0c7eb1583ffba47,1.1
2025-02-24,2025-03-02,2025-02-24,2025-03-02,D6,2023,0.820000,219241,2026-09-27T20:00:50Z,2026-09-27T20:00:50Z,https://www.epa.gov/fuels-registration-reporting-and-compliance-help/rin-trades-and-price-information,epa_rin/2026-09-27T200050Z,254b72a5f9a878ff80f00798e147e043e73931d20e3808a3b0c7eb1583ffba47,1.1
2025-02-24,2025-03-02,2025-02-24,2025-03-02,D6,2024,0.720000,227888071,2026-09-27T20:00:50Z,2026-09-27T20:00:50Z,https://www.epa.gov/fuels-registration-reporting-and-compliance-help/rin-trades-and-price-information,epa_rin/2026-09-27T200050Z,254b72a5f9a878ff80f00798e147e043e73931d20e3808a3b0c7eb1583ffba47,1.1
2025-02-24,2025-03-02,2025-02-24,2025-03-02,D6,2025,0.790000,123227351,2026-09-27T20:00:50Z,2026-09-27T20:00:50Z,https://www.epa.gov/fuels-registration-reporting-and-compliance-help/rin-trades-and-price-information,epa_rin/2026-09-27T200050Z,254b72a5f9a878ff80f00798e147e043e73931d20e3808a3b0c7eb1583ffba47,1.1
2025-03-03,2025-03-09,2025-03-03,2025-03-09,D6,2023,0.740000,1091196,2026-09-27T20:00:50Z,2026-09-27T20:00:50Z,https://www.epa.gov/fuels-registration-reporting-and-compliance-help/rin-trades-and-price-information,epa_rin/2026-09-27T200050Z,254b72a5f9a878ff80f00798e147e043e73931d20e3808a3b0c7eb1583ffba47,1.1
2025-03-03,2025-03-09,2025-03-03,2025-03-09,D6,2024,0.650000,416826675,2026-09-27T20:00:50Z,2026-09-27T20:00:50Z,https://www.epa.gov/fuels-registration-reporting-and-compliance-help/rin-trades-and-price-information,epa_rin/2026-09-27T200050Z,254b72a5f9a878ff80f00798e147e043e73931d20e3808a3b0c7eb1583ffba47,1.1
2025-03-03,2025-03-09,2025-03-03,2025-03-09,D6,2025,0.770000,178723846,2026-09-27T20:00:50Z,2026-09-27T20:00:50Z,https://www.epa.gov/fuels-registration-reporting-and-compliance-help/rin-trades-and-price-information,epa_rin/2026-09-27T200050Z,254b72a5f9a878ff80f00798e147e043e73931d20e3808a3b0c7eb1583ffba47,1.1
2025-03-10,2025-03-16,2025-03-10,2025-03-16,D6,2023,0.690000,1855272,2026-09-27T20:00:50Z,2026-09-27T20:00:50Z,https://www.epa.gov/fuels-registration-reporting-and-compliance-help/rin-trades-and-price-information,epa_rin/2026-09-27T200050Z,254b72a5f9a878ff80f00798e147e043e73931d20e3808a3b0c7eb1583ffba47,1.1
2025-03-10,2025-03-16,2025-03-10,2025-03-16,D6,2024,0.670000,507339064,2026-09-27T20:00:50Z,2026-09-27T20:00:50Z,https://www.epa.gov/fuels-registration-reporting-and-compliance-help/rin-trades-and-price-information,epa_rin/2026-09-27T200050Z,254b72a5f9a878ff80f00798e147e043e73931d20e3808a3b0c7eb1583ffba47,1.1
2025-03-10,2025-03-16,2025-03-10,2025-03-16,D6,2025,0.760000,195425822,2026-09-27T20:00:50Z,2026-09-27T20:00:50Z,https://www.epa.gov/fuels-registration-reporting-and-compliance-help/rin-trades-and-price-information,epa_rin/2026-09-27T200050Z,254b72a5f9a878ff80f00798e147e043e73931d20e3808a3b0c7eb1583ffba47,1.1
2025-03-17,2025-03-23,2025-03-17,2025-03-23,D6,2023,0.640000,1807801,2026-09-27T20:00:50Z,2026-09-27T20:00:50Z,https://www.epa.gov/fuels-registration-reporting-and-compliance-help/rin-trades-and-price-information,epa_rin/2026-09-27T200050Z,254b72a5f9a878ff80f00798e147e043e73931d20e3808a3b0c7eb1583ffba47,1.1
2025-03-17,2025-03-23,2025-03-17,2025-03-23,D6,2024,0.680000,250724770,2026-09-27T20:00:50Z,2026-09-27T20:00:50Z,https://www.epa.gov/fuels-registration-reporting-and-compliance-help/rin-trades-and-price-information,epa_rin/2026-09-27T200050Z,254b72a5f9a878ff80f00798e147e043e73931d20e3808a3b0c7eb1583ffba47,1.1
2025-03-17,2025-03-23,2025-03-17,2025-03-23,D6,2025,0.710000,176593969,2026-09-27T20:00:50Z,2026-09-27T20:00:50Z,https://www.epa.gov/fuels-registration-reporting-and-compliance-help/rin-trades-and-price-information,epa_rin/2026-09-27T200050Z,254b72a5f9a878ff80f00798e147e043e73931d20e3808a3b0c7eb1583ffba47,1.1
2025-03-24,2025-03-30,2025-03-24,2025-03-30,D6,2023,0.710000,352820,2026-09-27T20:00:50Z,2026-09-27T20:00:50Z,https://www.epa.gov/fuels-registration-reporting-and-compliance-help/rin-trades-and-price-information,epa_rin/2026-09-27T200050Z,254b72a5f9a878ff80f00798e147e043e73931d20e3808a3b0c7eb1583ffba47,1.1
2025-03-24,2025-03-30,2025-03-24,2025-03-30,D6,2024,0.720000,172181624,2026-09-27T20:00:50Z,2026-09-27T20:00:50Z,https://www.epa.gov/fuels-registration-reporting-and-compliance-help/rin-trades-and-price-information,epa_rin/2026-09-27T200050Z,254b72a5f9a878ff80f00798e147e043e73931d20e3808a3b0c7eb1583ffba47,1.1
2025-03-24,2025-03-30,2025-03-24,2025-03-30,D6,2025,0.740000,230761887,2026-09-27T20:00:50Z,2026-09-27T20:00:50Z,https://www.epa.gov/fuels-registration-reporting-and-compliance-help/rin-trades-and-price-information,epa_rin/2026-09-27T200050Z,254b72a5f9a878ff80f00798e147e043e73931d20e3808a3b0c7eb1583ffba47,1.1
2025-03-31,2025-04-06,2025-03-31,2025-04-06,D6,2023,0.890000,198000,2026-09-27T20:00:50Z,2026-09-27T20:00:50Z,https://www.epa.gov/fuels-registration-reporting-and-compliance-help/rin-trades-and-price-information,epa_rin/2026-09-27T200050Z,254b72a5f9a878ff80f00798e147e043e73931d20e3808a3b0c7eb1583ffba47,1.1
2025-03-31,2025-04-06,2025-03-31,2025-04-06,D6,2024,0.780000,173445276,2026-09-27T20:00:50Z,2026-09-27T20:00:50Z,https://www.epa.gov/fuels-registration-reporting-and-compliance-help/rin-trades-and-price-information,epa_rin/2026-09-27T200050Z,254b72a5f9a878ff80f00798e147e043e73931d20e3808a3b0c7eb1583ffba47,1.1
2025-03-31,2025-04-06,2025-03-31,2025-04-06,D6,2025,0.770000,264636964,2026-09-27T20:00:50Z,2026-09-27T20:00:50Z,https://www.epa.gov/fuels-registration-reporting-and-compliance-help/rin-trades-and-price-information,epa_rin/2026-09-27T200050Z,254b72a5f9a878ff80f00798e147e043e73931d20e3808a3b0c7eb1583ffba47,1.1
2025-04-07,2025-04-13,2025-04-07,2025-04-13,D6,2023,0.810000,593368,2026-09-27T20:00:50Z,2026-09-27T20:00:50Z,https://www.epa.gov/fuels-registration-reporting-and-compliance-help/rin-trades-and-price-information,epa_rin/2026-09-27T200050Z,254b72a5f9a878ff80f00798e147e043e73931d20e3808a3b0c7eb1583ffba47,1.1
2025-04-07,2025-04-13,2025-04-07,2025-04-13,D6,2024,0.810000,51208488,2026-09-27T20:00:50Z,2026-09-27T20:00:50Z,https://www.epa.gov/fuels-registration-reporting-and-compliance-help/rin-trades-and-price-information,epa_rin/2026-09-27T200050Z,254b72a5f9a878ff80f00798e147e043e73931d20e3808a3b0c7eb1583ffba47,1.1
2025-04-07,2025-04-13,2025-04-07,2025-04-13,D6,2025,0.770000,253477373,2026-09-27T20:00:50Z,2026-09-27T20:00:50Z,https://www.epa.gov/fuels-registration-reporting-and-compliance-help/rin-trades-and-price-information,epa_rin/2026-09-27T200050Z,254b72a5f9a878ff80f00798e147e043e73931d20e3808a3b0c7eb1583ffba47,1.1
2025-04-14,2025-04-20,2025-04-14,2025-04-20,D6,2024,0.770000,53617397,2026-09-27T20:00:50Z,2026-09-27T20:00:50Z,https://www.epa.gov/fuels-registration-reporting-and-compliance-help/rin-trades-and-price-information,epa_rin/2026-09-27T200050Z,254b72a5f9a878ff80f00798e147e043e73931d20e3808a3b0c7eb1583ffba47,1.1
2025-04-14,2025-04-20,2025-04-14,2025-04-20,D6,2025,0.770227,348953732,2026-09-27T20:00:50Z,2026-09-27T20:00:50Z,https://www.epa.gov/fuels-registration-reporting-and-compliance-help/rin-trades-and-price-information,epa_rin/2026-09-27T200050Z,254b72a5f9a878ff80f00798e147e043e73931d20e3808a3b0c7eb1583ffba47,1.1
2025-04-21,2025-04-27,2025-04-21,2025-04-27,D6,2023,0.960000,49041,2026-09-27T20:00:50Z,2026-09-27T20:00:50Z,https://www.epa.gov/fuels-registration-reporting-and-compliance-help/rin-trades-and-price-information,epa_rin/2026-09-27T200050Z,254b72a5f9a878ff80f00798e147e043e73931d20e3808a3b0c7eb1583ffba47,1.1
2025-04-21,2025-04-27,2025-04-21,2025-04-27,D6,2024,0.820000,48308323,2026-09-27T20:00:50Z,2026-09-27T20:00:50Z,https://www.epa.gov/fuels-registration-reporting-and-compliance-help/rin-trades-and-price-information,epa_rin/2026-09-27T200050Z,254b72a5f9a878ff80f00798e147e043e73931d20e3808a3b0c7eb1583ffba47,1.1
2025-04-21,2025-04-27,2025-04-21,2025-04-27,D6,2025,0.849281,373575475,2026-09-27T20:00:50Z,2026-09-27T20:00:50Z,https://www.epa.gov/fuels-registration-reporting-and-compliance-help/rin-trades-and-price-information,epa_rin/2026-09-27T200050Z,254b72a5f9a878ff80f00798e147e043e73931d20e3808a3b0c7eb1583ffba47,1.1
2025-04-28,2025-05-04,2025-04-28,2025-05-04,D6,2023,0.810000,400000,2026-09-27T20:00:50Z,2026-09-27T20:00:50Z,https://www.epa.gov/fuels-registration-reporting-and-compliance-help/rin-trades-and-price-information,epa_rin/2026-09-27T200050Z,254b72a5f9a878ff80f00798e147e043e73931d20e3808a3b0c7eb1583ffba47,1.1
2025-04-28,2025-05-04,2025-04-28,2025-05-04,D6,2024,0.810000,37110263,2026-09-27T20:00:50Z,2026-09-27T20:00:50Z,https://www.epa.gov/fuels-registration-reporting-and-compliance-help/rin-trades-and-price-information,epa_rin/2026-09-27T200050Z,254b72a5f9a878ff80f00798e147e043e73931d20e3808a3b0c7eb1583ffba47,1.1
2025-04-28,2025-05-04,2025-04-28,2025-05-04,D6,2025,0.870000,322966328,2026-09-27T20:00:50Z,2026-09-27T20:00:50Z,https://www.epa.gov/fuels-registration-reporting-and-compliance-help/rin-trades-and-price-information,epa_rin/2026-09-27T200050Z,254b72a5f9a878ff80f00798e147e043e73931d20e3808a3b0c7eb1583ffba47,1.1
2025-05-05,2025-05-11,2025-05-05,2025-05-11,D6,2024,0.770000,113424433,2026-09-27T20:00:50Z,2026-09-27T20:00:50Z,https://www.epa.gov/fuels-registration-reporting-and-compliance-help/rin-trades-and-price-information,epa_rin/2026-09-27T200050Z,254b72a5f9a878ff80f00798e147e043e73931d20e3808a3b0c7eb1583ffba47,1.1
2025-05-05,2025-05-11,2025-05-05,2025-05-11,D6,2025,0.839082,484164201,2026-09-27T20:00:50Z,2026-09-27T20:00:50Z,https://www.epa.gov/fuels-registration-reporting-and-compliance-help/rin-trades-and-price-information,epa_rin/2026-09-27T200050Z,254b72a5f9a878ff80f00798e147e043e73931d20e3808a3b0c7eb1583ffba47,1.1
2025-05-12,2025-05-18,2025-05-12,2025-05-18,D6,2024,0.820000,59921351,2026-09-27T20:00:50Z,2026-09-27T20:00:50Z,https://www.epa.gov/fuels-registration-reporting-and-compliance-help/rin-trades-and-price-information,epa_rin/2026-09-27T200050Z,254b72a5f9a878ff80f00798e147e043e73931d20e3808a3b0c7eb1583ffba47,1.1
2025-05-12,2025-05-18,2025-05-12,2025-05-18,D6,2025,0.910000,306713496,2026-09-27T20:00:50Z,2026-09-27T20:00:50Z,https://www.epa.gov/fuels-registration-reporting-and-compliance-help/rin-trades-and-price-information,epa_rin/2026-09-27T200050Z,254b72a5f9a878ff80f00798e147e043e73931d20e3808a3b0c7eb1583ffba47,1.1
2025-05-19,2025-05-25,2025-05-19,2025-05-25,D6,2024,0.960000,7867252,2026-09-27T20:00:50Z,2026-09-27T20:00:50Z,https://www.epa.gov/fuels-registration-reporting-and-compliance-help/rin-trades-and-price-information,epa_rin/2026-09-27T200050Z,254b72a5f9a878ff80f00798e147e043e73931d20e3808a3b0c7eb1583ffba47,1.1
2025-05-19,2025-05-25,2025-05-19,2025-05-25,D6,2025,0.850566,363002964,2026-09-27T20:00:50Z,2026-09-27T20:00:50Z,https://www.epa.gov/fuels-registration-reporting-and-compliance-help/rin-trades-and-price-information,epa_rin/2026-09-27T200050Z,254b72a5f9a878ff80f00798e147e043e73931d20e3808a3b0c7eb1583ffba47,1.1
2025-05-26,2025-06-01,2025-05-26,2025-06-01,D6,2024,0.680000,249667679,2026-09-27T20:00:50Z,2026-09-27T20:00:50Z,https://www.epa.gov/fuels-registration-reporting-and-compliance-help/rin-trades-and-price-information,epa_rin/2026-09-27T200050Z,254b72a5f9a878ff80f00798e147e043e73931d20e3808a3b0c7eb1583ffba47,1.1
2025-05-26,2025-06-01,2025-05-26,2025-06-01,D6,2025,0.970000,424156406,2026-09-27T20:00:50Z,2026-09-27T20:00:50Z,https://www.epa.gov/fuels-registration-reporting-and-compliance-help/rin-trades-and-price-information,epa_rin/2026-09-27T200050Z,254b72a5f9a878ff80f00798e147e043e73931d20e3808a3b0c7eb1583ffba47,1.1
2025-06-02,2025-06-08,2025-06-02,2025-06-08,D6,2023,0.880000,59836,2026-09-27T20:00:50Z,2026-09-27T20:00:50Z,https://www.epa.gov/fuels-registration-reporting-and-compliance-help/rin-trades-and-price-information,epa_rin/2026-09-27T200050Z,254b72a5f9a878ff80f00798e147e043e73931d20e3808a3b0c7eb1583ffba47,1.1
2025-06-02,2025-06-08,2025-06-02,2025-06-08,D6,2024,0.830000,37446733,2026-09-27T20:00:50Z,2026-09-27T20:00:50Z,https://www.epa.gov/fuels-registration-reporting-and-compliance-help/rin-trades-and-price-information,epa_rin/2026-09-27T200050Z,254b72a5f9a878ff80f00798e147e043e73931d20e3808a3b0c7eb1583ffba47,1.1
2025-06-02,2025-06-08,2025-06-02,2025-06-08,D6,2025,0.920000,488657248,2026-09-27T20:00:50Z,2026-09-27T20:00:50Z,https://www.epa.gov/fuels-registration-reporting-and-compliance-help/rin-trades-and-price-information,epa_rin/2026-09-27T200050Z,254b72a5f9a878ff80f00798e147e043e73931d20e3808a3b0c7eb1583ffba47,1.1
2025-06-09,2025-06-15,2025-06-09,2025-06-15,D6,2024,0.840000,4421177,2026-09-27T20:00:50Z,2026-09-27T20:00:50Z,https://www.epa.gov/fuels-registration-reporting-and-compliance-help/rin-trades-and-price-information,epa_rin/2026-09-27T200050Z,254b72a5f9a878ff80f00798e147e043e73931d20e3808a3b0c7eb1583ffba47,1.1
2025-06-09,2025-06-15,2025-06-09,2025-06-15,D6,2025,0.880000,430662429,2026-09-27T20:00:50Z,2026-09-27T20:00:50Z,https://www.epa.gov/fuels-registration-reporting-and-compliance-help/rin-trades-and-price-information,epa_rin/2026-09-27T200050Z,254b72a5f9a878ff80f00798e147e043e73931d20e3808a3b0c7eb1583ffba47,1.1
2025-06-16,2025-06-22,2025-06-16,2025-06-22,D6,2024,0.950000,137347652,2026-09-27T20:00:50Z,2026-09-27T20:00:50Z,https://www.epa.gov/fuels-registration-reporting-and-compliance-help/rin-trades-and-price-information,epa_rin/2026-09-27T200050Z,254b72a5f9a878ff80f00798e147e043e73931d20e3808a3b0c7eb1583ffba47,1.1
2025-06-16,2025-06-22,2025-06-16,2025-06-22,D6,2025,0.880000,248331404,2026-09-27T20:00:50Z,2026-09-27T20:00:50Z,https://www.epa.gov/fuels-registration-reporting-and-compliance-help/rin-trades-and-price-information,epa_rin/2026-09-27T200050Z,254b72a5f9a878ff80f00798e147e043e73931d20e3808a3b0c7eb1583ffba47,1.1
2025-06-23,2025-06-29,2025-06-23,2025-06-29,D6,2024,0.840000,275609146,2026-09-27T20:00:50Z,2026-09-27T20:00:50Z,https://www.epa.gov/fuels-registration-reporting-and-compliance-help/rin-trades-and-price-information,epa_rin/2026-09-27T200050Z,254b72a5f9a878ff80f00798e147e043e73931d20e3808a3b0c7eb1583ffba47,1.1
2025-06-23,2025-06-29,2025-06-23,2025-06-29,D6,2025,0.950000,345226716,2026-09-27T20:00:50Z,2026-09-27T20:00:50Z,https://www.epa.gov/fuels-registration-reporting-and-compliance-help/rin-trades-and-price-information,epa_rin/2026-09-27T200050Z,254b72a5f9a878ff80f00798e147e043e73931d20e3808a3b0c7eb1583ffba47,1.1
2025-06-30,2025-07-06,2025-06-30,2025-07-06,D6,2023,1.020000,1073944,2026-09-27T20:00:50Z,2026-09-27T20:00:50Z,https://www.epa.gov/fuels-registration-reporting-and-compliance-help/rin-trades-and-price-information,epa_rin/2026-09-27T200050Z,254b72a5f9a878ff80f00798e147e043e73931d20e3808a3b0c7eb1583ffba47,1.1
2025-06-30,2025-07-06,2025-06-30,2025-07-06,D6,2024,1.010000,41321206,2026-09-27T20:00:50Z,2026-09-27T20:00:50Z,https://www.epa.gov/fuels-registration-reporting-and-compliance-help/rin-trades-and-price-information,epa_rin/2026-09-27T200050Z,254b72a5f9a878ff80f00798e147e043e73931d20e3808a3b0c7eb1583ffba47,1.1
2025-06-30,2025-07-06,2025-06-30,2025-07-06,D6,2025,0.990062,376972236,2026-09-27T20:00:50Z,2026-09-27T20:00:50Z,https://www.epa.gov/fuels-registration-reporting-and-compliance-help/rin-trades-and-price-information,epa_rin/2026-09-27T200050Z,254b72a5f9a878ff80f00798e147e043e73931d20e3808a3b0c7eb1583ffba47,1.1
2025-07-07,2025-07-13,2025-07-07,2025-07-13,D6,2023,1.000000,287487,2026-09-27T20:00:50Z,2026-09-27T20:00:50Z,https://www.epa.gov/fuels-registration-reporting-and-compliance-help/rin-trades-and-price-information,epa_rin/2026-09-27T200050Z,254b72a5f9a878ff80f00798e147e043e73931d20e3808a3b0c7eb1583ffba47,1.1
2025-07-07,2025-07-13,2025-07-07,2025-07-13,D6,2024,1.080000,123364042,2026-09-27T20:00:50Z,2026-09-27T20:00:50Z,https://www.epa.gov/fuels-registration-reporting-and-compliance-help/rin-trades-and-price-information,epa_rin/2026-09-27T200050Z,254b72a5f9a878ff80f00798e147e043e73931d20e3808a3b0c7eb1583ffba47,1.1
2025-07-07,2025-07-13,2025-07-07,2025-07-13,D6,2025,0.940420,528913785,2026-09-27T20:00:50Z,2026-09-27T20:00:50Z,https://www.epa.gov/fuels-registration-reporting-and-compliance-help/rin-trades-and-price-information,epa_rin/2026-09-27T200050Z,254b72a5f9a878ff80f00798e147e043e73931d20e3808a3b0c7eb1583ffba47,1.1
2025-07-14,2025-07-20,2025-07-14,2025-07-20,D6,2023,0.980000,13053023,2026-09-27T20:00:50Z,2026-09-27T20:00:50Z,https://www.epa.gov/fuels-registration-reporting-and-compliance-help/rin-trades-and-price-information,epa_rin/2026-09-27T200050Z,254b72a5f9a878ff80f00798e147e043e73931d20e3808a3b0c7eb1583ffba47,1.1
2025-07-14,2025-07-20,2025-07-14,2025-07-20,D6,2024,1.010000,14496359,2026-09-27T20:00:50Z,2026-09-27T20:00:50Z,https://www.epa.gov/fuels-registration-reporting-and-compliance-help/rin-trades-and-price-information,epa_rin/2026-09-27T200050Z,254b72a5f9a878ff80f00798e147e043e73931d20e3808a3b0c7eb1583ffba47,1.1
2025-07-14,2025-07-20,2025-07-14,2025-07-20,D6,2025,0.951050,483320191,2026-09-27T20:00:50Z,2026-09-27T20:00:50Z,https://www.epa.gov/fuels-registration-reporting-and-compliance-help/rin-trades-and-price-information,epa_rin/2026-09-27T200050Z,254b72a5f9a878ff80f00798e147e043e73931d20e3808a3b0c7eb1583ffba47,1.1
2025-07-21,2025-07-27,2025-07-21,2025-07-27,D6,2024,0.900000,2048672,2026-09-27T20:00:50Z,2026-09-27T20:00:50Z,https://www.epa.gov/fuels-registration-reporting-and-compliance-help/rin-trades-and-price-information,epa_rin/2026-09-27T200050Z,254b72a5f9a878ff80f00798e147e043e73931d20e3808a3b0c7eb1583ffba47,1.1
2025-07-21,2025-07-27,2025-07-21,2025-07-27,D6,2025,0.980236,448045555,2026-09-27T20:00:50Z,2026-09-27T20:00:50Z,https://www.epa.gov/fuels-registration-reporting-and-compliance-help/rin-trades-and-price-information,epa_rin/2026-09-27T200050Z,254b72a5f9a878ff80f00798e147e043e73931d20e3808a3b0c7eb1583ffba47,1.1
2025-07-28,2025-08-03,2025-07-28,2025-08-03,D6,2023,1.160000,20099,2026-09-27T20:00:50Z,2026-09-27T20:00:50Z,https://www.epa.gov/fuels-registration-reporting-and-compliance-help/rin-trades-and-price-information,epa_rin/2026-09-27T200050Z,254b72a5f9a878ff80f00798e147e043e73931d20e3808a3b0c7eb1583ffba47,1.1
2025-07-28,2025-08-03,2025-07-28,2025-08-03,D6,2024,0.810000,100806005,2026-09-27T20:00:50Z,2026-09-27T20:00:50Z,https://www.epa.gov/fuels-registration-reporting-and-compliance-help/rin-trades-and-price-information,epa_rin/2026-09-27T200050Z,254b72a5f9a878ff80f00798e147e043e73931d20e3808a3b0c7eb1583ffba47,1.1
2025-07-28,2025-08-03,2025-07-28,2025-08-03,D6,2025,0.970192,449167408,2026-09-27T20:00:50Z,2026-09-27T20:00:50Z,https://www.epa.gov/fuels-registration-reporting-and-compliance-help/rin-trades-and-price-information,epa_rin/2026-09-27T200050Z,254b72a5f9a878ff80f00798e147e043e73931d20e3808a3b0c7eb1583ffba47,1.1
2025-08-04,2025-08-10,2025-08-04,2025-08-10,D6,2024,0.980000,82502584,2026-09-27T20:00:50Z,2026-09-27T20:00:50Z,https://www.epa.gov/fuels-registration-reporting-and-compliance-help/rin-trades-and-price-information,epa_rin/2026-09-27T200050Z,254b72a5f9a878ff80f00798e147e043e73931d20e3808a3b0c7eb1583ffba47,1.1
2025-08-04,2025-08-10,2025-08-04,2025-08-10,D6,2025,1.031679,341727330,2026-09-27T20:00:50Z,2026-09-27T20:00:50Z,https://www.epa.gov/fuels-registration-reporting-and-compliance-help/rin-trades-and-price-information,epa_rin/2026-09-27T200050Z,254b72a5f9a878ff80f00798e147e043e73931d20e3808a3b0c7eb1583ffba47,1.1
2025-08-11,2025-08-17,2025-08-11,2025-08-17,D6,2024,0.960000,144866488,2026-09-27T20:00:50Z,2026-09-27T20:00:50Z,https://www.epa.gov/fuels-registration-reporting-and-compliance-help/rin-trades-and-price-information,epa_rin/2026-09-27T200050Z,254b72a5f9a878ff80f00798e147e043e73931d20e3808a3b0c7eb1583ffba47,1.1
2025-08-11,2025-08-17,2025-08-11,2025-08-17,D6,2025,1.040000,362448794,2026-09-27T20:00:50Z,2026-09-27T20:00:50Z,https://www.epa.gov/fuels-registration-reporting-and-compliance-help/rin-trades-and-price-information,epa_rin/2026-09-27T200050Z,254b72a5f9a878ff80f00798e147e043e73931d20e3808a3b0c7eb1583ffba47,1.1
2025-08-18,2025-08-24,2025-08-18,2025-08-24,D6,2024,1.130000,19113325,2026-09-27T20:00:50Z,2026-09-27T20:00:50Z,https://www.epa.gov/fuels-registration-reporting-and-compliance-help/rin-trades-and-price-information,epa_rin/2026-09-27T200050Z,254b72a5f9a878ff80f00798e147e043e73931d20e3808a3b0c7eb1583ffba47,1.1
2025-08-18,2025-08-24,2025-08-18,2025-08-24,D6,2025,1.010888,345268080,2026-09-27T20:00:50Z,2026-09-27T20:00:50Z,https://www.epa.gov/fuels-registration-reporting-and-compliance-help/rin-trades-and-price-information,epa_rin/2026-09-27T200050Z,254b72a5f9a878ff80f00798e147e043e73931d20e3808a3b0c7eb1583ffba47,1.1
2025-08-25,2025-08-31,2025-08-25,2025-08-31,D6,2024,1.120000,56319612,2026-09-27T20:00:50Z,2026-09-27T20:00:50Z,https://www.epa.gov/fuels-registration-reporting-and-compliance-help/rin-trades-and-price-information,epa_rin/2026-09-27T200050Z,254b72a5f9a878ff80f00798e147e043e73931d20e3808a3b0c7eb1583ffba47,1.1
2025-08-25,2025-08-31,2025-08-25,2025-08-31,D6,2025,0.892983,394821488,2026-09-27T20:00:50Z,2026-09-27T20:00:50Z,https://www.epa.gov/fuels-registration-reporting-and-compliance-help/rin-trades-and-price-information,epa_rin/2026-09-27T200050Z,254b72a5f9a878ff80f00798e147e043e73931d20e3808a3b0c7eb1583ffba47,1.1
2025-09-01,2025-09-07,2025-09-01,2025-09-07,D6,2023,0.990000,36750468,2026-09-27T20:00:50Z,2026-09-27T20:00:50Z,https://www.epa.gov/fuels-registration-reporting-and-compliance-help/rin-trades-and-price-information,epa_rin/2026-09-27T200050Z,254b72a5f9a878ff80f00798e147e043e73931d20e3808a3b0c7eb1583ffba47,1.1
2025-09-01,2025-09-07,2025-09-01,2025-09-07,D6,2024,1.090000,53030444,2026-09-27T20:00:50Z,2026-09-27T20:00:50Z,https://www.epa.gov/fuels-registration-reporting-and-compliance-help/rin-trades-and-price-information,epa_rin/2026-09-27T200050Z,254b72a5f9a878ff80f00798e147e043e73931d20e3808a3b0c7eb1583ffba47,1.1
2025-09-01,2025-09-07,2025-09-01,2025-09-07,D6,2025,1.021042,272018965,2026-09-27T20:00:50Z,2026-09-27T20:00:50Z,https://www.epa.gov/fuels-registration-reporting-and-compliance-help/rin-trades-and-price-information,epa_rin/2026-09-27T200050Z,254b72a5f9a878ff80f00798e147e043e73931d20e3808a3b0c7eb1583ffba47,1.1
2025-09-08,2025-09-14,2025-09-08,2025-09-14,D6,2024,1.050000,126350933,2026-09-27T20:00:50Z,2026-09-27T20:00:50Z,https://www.epa.gov/fuels-registration-reporting-and-compliance-help/rin-trades-and-price-information,epa_rin/2026-09-27T200050Z,254b72a5f9a878ff80f00798e147e043e73931d20e3808a3b0c7eb1583ffba47,1.1
2025-09-08,2025-09-14,2025-09-08,2025-09-14,D6,2025,0.940170,481117611,2026-09-27T20:00:50Z,2026-09-27T20:00:50Z,https://www.epa.gov/fuels-registration-reporting-and-compliance-help/rin-trades-and-price-information,epa_rin/2026-09-27T200050Z,254b72a5f9a878ff80f00798e147e043e73931d20e3808a3b0c7eb1583ffba47,1.1
2025-09-15,2025-09-21,2025-09-15,2025-09-21,D6,2022,0.500000,25757700,2026-09-27T20:00:50Z,2026-09-27T20:00:50Z,https://www.epa.gov/fuels-registration-reporting-and-compliance-help/rin-trades-and-price-information,epa_rin/2026-09-27T200050Z,254b72a5f9a878ff80f00798e147e043e73931d20e3808a3b0c7eb1583ffba47,1.1
2025-09-15,2025-09-21,2025-09-15,2025-09-21,D6,2023,0.990000,5698015,2026-09-27T20:00:50Z,2026-09-27T20:00:50Z,https://www.epa.gov/fuels-registration-reporting-and-compliance-help/rin-trades-and-price-information,epa_rin/2026-09-27T200050Z,254b72a5f9a878ff80f00798e147e043e73931d20e3808a3b0c7eb1583ffba47,1.1
2025-09-15,2025-09-21,2025-09-15,2025-09-21,D6,2024,1.050000,30085959,2026-09-27T20:00:50Z,2026-09-27T20:00:50Z,https://www.epa.gov/fuels-registration-reporting-and-compliance-help/rin-trades-and-price-information,epa_rin/2026-09-27T200050Z,254b72a5f9a878ff80f00798e147e043e73931d20e3808a3b0c7eb1583ffba47,1.1
2025-09-15,2025-09-21,2025-09-15,2025-09-21,D6,2025,1.020191,364639823,2026-09-27T20:00:50Z,2026-09-27T20:00:50Z,https://www.epa.gov/fuels-registration-reporting-and-compliance-help/rin-trades-and-price-information,epa_rin/2026-09-27T200050Z,254b72a5f9a878ff80f00798e147e043e73931d20e3808a3b0c7eb1583ffba47,1.1
2025-09-22,2025-09-28,2025-09-22,2025-09-28,D6,2023,0.970000,21011986,2026-09-27T20:00:50Z,2026-09-27T20:00:50Z,https://www.epa.gov/fuels-registration-reporting-and-compliance-help/rin-trades-and-price-information,epa_rin/2026-09-27T200050Z,254b72a5f9a878ff80f00798e147e043e73931d20e3808a3b0c7eb1583ffba47,1.1
2025-09-22,2025-09-28,2025-09-22,2025-09-28,D6,2024,1.010000,122614268,2026-09-27T20:00:50Z,2026-09-27T20:00:50Z,https://www.epa.gov/fuels-registration-reporting-and-compliance-help/rin-trades-and-price-information,epa_rin/2026-09-27T200050Z,254b72a5f9a878ff80f00798e147e043e73931d20e3808a3b0c7eb1583ffba47,1.1
2025-09-22,2025-09-28,2025-09-22,2025-09-28,D6,2025,0.950700,385333603,2026-09-27T20:00:50Z,2026-09-27T20:00:50Z,https://www.epa.gov/fuels-registration-reporting-and-compliance-help/rin-trades-and-price-information,epa_rin/2026-09-27T200050Z,254b72a5f9a878ff80f00798e147e043e73931d20e3808a3b0c7eb1583ffba47,1.1
2025-09-29,2025-10-05,2025-09-29,2025-10-05,D6,2022,0.450000,1540872,2026-09-27T20:00:50Z,2026-09-27T20:00:50Z,https://www.epa.gov/fuels-registration-reporting-and-compliance-help/rin-trades-and-price-information,epa_rin/2026-09-27T200050Z,254b72a5f9a878ff80f00798e147e043e73931d20e3808a3b0c7eb1583ffba47,1.1
2025-09-29,2025-10-05,2025-09-29,2025-10-05,D6,2023,0.990000,206596829,2026-09-27T20:00:50Z,2026-09-27T20:00:50Z,https://www.epa.gov/fuels-registration-reporting-and-compliance-help/rin-trades-and-price-information,epa_rin/2026-09-27T200050Z,254b72a5f9a878ff80f00798e147e043e73931d20e3808a3b0c7eb1583ffba47,1.1
2025-09-29,2025-10-05,2025-09-29,2025-10-05,D6,2024,1.000000,125921763,2026-09-27T20:00:50Z,2026-09-27T20:00:50Z,https://www.epa.gov/fuels-registration-reporting-and-compliance-help/rin-trades-and-price-information,epa_rin/2026-09-27T200050Z,254b72a5f9a878ff80f00798e147e043e73931d20e3808a3b0c7eb1583ffba47,1.1
2025-09-29,2025-10-05,2025-09-29,2025-10-05,D6,2025,0.980757,673016255,2026-09-27T20:00:50Z,2026-09-27T20:00:50Z,https://www.epa.gov/fuels-registration-reporting-and-compliance-help/rin-trades-and-price-information,epa_rin/2026-09-27T200050Z,254b72a5f9a878ff80f00798e147e043e73931d20e3808a3b0c7eb1583ffba47,1.1
2025-10-06,2025-10-12,2025-10-06,2025-10-12,D6,2023,1.040000,57781482,2026-09-27T20:00:50Z,2026-09-27T20:00:50Z,https://www.epa.gov/fuels-registration-reporting-and-compliance-help/rin-trades-and-price-information,epa_rin/2026-09-27T200050Z,254b72a5f9a878ff80f00798e147e043e73931d20e3808a3b0c7eb1583ffba47,1.1
2025-10-06,2025-10-12,2025-10-06,2025-10-12,D6,2024,0.990000,17859697,2026-09-27T20:00:50Z,2026-09-27T20:00:50Z,https://www.epa.gov/fuels-registration-reporting-and-compliance-help/rin-trades-and-price-information,epa_rin/2026-09-27T200050Z,254b72a5f9a878ff80f00798e147e043e73931d20e3808a3b0c7eb1583ffba47,1.1
2025-10-06,2025-10-12,2025-10-06,2025-10-12,D6,2025,1.019565,742752419,2026-09-27T20:00:50Z,2026-09-27T20:00:50Z,https://www.epa.gov/fuels-registration-reporting-and-compliance-help/rin-trades-and-price-information,epa_rin/2026-09-27T200050Z,254b72a5f9a878ff80f00798e147e043e73931d20e3808a3b0c7eb1583ffba47,1.1
2025-10-13,2025-10-19,2025-10-13,2025-10-19,D6,2023,0.990000,186005667,2026-09-27T20:00:50Z,2026-09-27T20:00:50Z,https://www.epa.gov/fuels-registration-reporting-and-compliance-help/rin-trades-and-price-information,epa_rin/2026-09-27T200050Z,254b72a5f9a878ff80f00798e147e043e73931d20e3808a3b0c7eb1583ffba47,1.1
2025-10-13,2025-10-19,2025-10-13,2025-10-19,D6,2024,0.960000,211927369,2026-09-27T20:00:50Z,2026-09-27T20:00:50Z,https://www.epa.gov/fuels-registration-reporting-and-compliance-help/rin-trades-and-price-information,epa_rin/2026-09-27T200050Z,254b72a5f9a878ff80f00798e147e043e73931d20e3808a3b0c7eb1583ffba47,1.1
2025-10-13,2025-10-19,2025-10-13,2025-10-19,D6,2025,1.000344,723925932,2026-09-27T20:00:50Z,2026-09-27T20:00:50Z,https://www.epa.gov/fuels-registration-reporting-and-compliance-help/rin-trades-and-price-information,epa_rin/2026-09-27T200050Z,254b72a5f9a878ff80f00798e147e043e73931d20e3808a3b0c7eb1583ffba47,1.1
2025-10-20,2025-10-26,2025-10-20,2025-10-26,D6,2023,0.980000,256144814,2026-09-27T20:00:50Z,2026-09-27T20:00:50Z,https://www.epa.gov/fuels-registration-reporting-and-compliance-help/rin-trades-and-price-information,epa_rin/2026-09-27T200050Z,254b72a5f9a878ff80f00798e147e043e73931d20e3808a3b0c7eb1583ffba47,1.1
2025-10-20,2025-10-26,2025-10-20,2025-10-26,D6,2024,0.970000,144298426,2026-09-27T20:00:50Z,2026-09-27T20:00:50Z,https://www.epa.gov/fuels-registration-reporting-and-compliance-help/rin-trades-and-price-information,epa_rin/2026-09-27T200050Z,254b72a5f9a878ff80f00798e147e043e73931d20e3808a3b0c7eb1583ffba47,1.1
2025-10-20,2025-10-26,2025-10-20,2025-10-26,D6,2025,1.000117,830368586,2026-09-27T20:00:50Z,2026-09-27T20:00:50Z,https://www.epa.gov/fuels-registration-reporting-and-compliance-help/rin-trades-and-price-information,epa_rin/2026-09-27T200050Z,254b72a5f9a878ff80f00798e147e043e73931d20e3808a3b0c7eb1583ffba47,1.1
2025-10-27,2025-11-02,2025-10-27,2025-11-02,D6,2023,0.970000,130418617,2026-09-27T20:00:50Z,2026-09-27T20:00:50Z,https://www.epa.gov/fuels-registration-reporting-and-compliance-help/rin-trades-and-price-information,epa_rin/2026-09-27T200050Z,254b72a5f9a878ff80f00798e147e043e73931d20e3808a3b0c7eb1583ffba47,1.1
2025-10-27,2025-11-02,2025-10-27,2025-11-02,D6,2024,0.980000,159541412,2026-09-27T20:00:50Z,2026-09-27T20:00:50Z,https://www.epa.gov/fuels-registration-reporting-and-compliance-help/rin-trades-and-price-information,epa_rin/2026-09-27T200050Z,254b72a5f9a878ff80f00798e147e043e73931d20e3808a3b0c7eb1583ffba47,1.1
2025-10-27,2025-11-02,2025-10-27,2025-11-02,D6,2025,0.970000,908533696,2026-09-27T20:00:50Z,2026-09-27T20:00:50Z,https://www.epa.gov/fuels-registration-reporting-and-compliance-help/rin-trades-and-price-information,epa_rin/2026-09-27T200050Z,254b72a5f9a878ff80f00798e147e043e73931d20e3808a3b0c7eb1583ffba47,1.1
2025-11-03,2025-11-09,2025-11-03,2025-11-09,D6,2023,0.960000,162493210,2026-09-27T20:00:50Z,2026-09-27T20:00:50Z,https://www.epa.gov/fuels-registration-reporting-and-compliance-help/rin-trades-and-price-information,epa_rin/2026-09-27T200050Z,254b72a5f9a878ff80f00798e147e043e73931d20e3808a3b0c7eb1583ffba47,1.1
2025-11-03,2025-11-09,2025-11-03,2025-11-09,D6,2024,1.070000,39400705,2026-09-27T20:00:50Z,2026-09-27T20:00:50Z,https://www.epa.gov/fuels-registration-reporting-and-compliance-help/rin-trades-and-price-information,epa_rin/2026-09-27T200050Z,254b72a5f9a878ff80f00798e147e043e73931d20e3808a3b0c7eb1583ffba47,1.1
2025-11-03,2025-11-09,2025-11-03,2025-11-09,D6,2025,1.010202,489720888,2026-09-27T20:00:50Z,2026-09-27T20:00:50Z,https://www.epa.gov/fuels-registration-reporting-and-compliance-help/rin-trades-and-price-information,epa_rin/2026-09-27T200050Z,254b72a5f9a878ff80f00798e147e043e73931d20e3808a3b0c7eb1583ffba47,1.1
2025-11-10,2025-11-16,2025-11-10,2025-11-16,D6,2022,0.080000,13427667,2026-09-27T20:00:50Z,2026-09-27T20:00:50Z,https://www.epa.gov/fuels-registration-reporting-and-compliance-help/rin-trades-and-price-information,epa_rin/2026-09-27T200050Z,254b72a5f9a878ff80f00798e147e043e73931d20e3808a3b0c7eb1583ffba47,1.1
2025-11-10,2025-11-16,2025-11-10,2025-11-16,D6,2023,1.000000,225602865,2026-09-27T20:00:50Z,2026-09-27T20:00:50Z,https://www.epa.gov/fuels-registration-reporting-and-compliance-help/rin-trades-and-price-information,epa_rin/2026-09-27T200050Z,254b72a5f9a878ff80f00798e147e043e73931d20e3808a3b0c7eb1583ffba47,1.1
2025-11-10,2025-11-16,2025-11-10,2025-11-16,D6,2024,0.920000,184812445,2026-09-27T20:00:50Z,2026-09-27T20:00:50Z,https://www.epa.gov/fuels-registration-reporting-and-compliance-help/rin-trades-and-price-information,epa_rin/2026-09-27T200050Z,254b72a5f9a878ff80f00798e147e043e73931d20e3808a3b0c7eb1583ffba47,1.1
2025-11-10,2025-11-16,2025-11-10,2025-11-16,D6,2025,0.999799,647781149,2026-09-27T20:00:50Z,2026-09-27T20:00:50Z,https://www.epa.gov/fuels-registration-reporting-and-compliance-help/rin-trades-and-price-information,epa_rin/2026-09-27T200050Z,254b72a5f9a878ff80f00798e147e043e73931d20e3808a3b0c7eb1583ffba47,1.1
2025-11-17,2025-11-23,2025-11-17,2025-11-23,D6,2022,0.230000,13427667,2026-09-27T20:00:50Z,2026-09-27T20:00:50Z,https://www.epa.gov/fuels-registration-reporting-and-compliance-help/rin-trades-and-price-information,epa_rin/2026-09-27T200050Z,254b72a5f9a878ff80f00798e147e043e73931d20e3808a3b0c7eb1583ffba47,1.1
2025-11-17,2025-11-23,2025-11-17,2025-11-23,D6,2023,0.950000,175224551,2026-09-27T20:00:50Z,2026-09-27T20:00:50Z,https://www.epa.gov/fuels-registration-reporting-and-compliance-help/rin-trades-and-price-information,epa_rin/2026-09-27T200050Z,254b72a5f9a878ff80f00798e147e043e73931d20e3808a3b0c7eb1583ffba47,1.1
2025-11-17,2025-11-23,2025-11-17,2025-11-23,D6,2024,0.890000,210821399,2026-09-27T20:00:50Z,2026-09-27T20:00:50Z,https://www.epa.gov/fuels-registration-reporting-and-compliance-help/rin-trades-and-price-information,epa_rin/2026-09-27T200050Z,254b72a5f9a878ff80f00798e147e043e73931d20e3808a3b0c7eb1583ffba47,1.1
2025-11-17,2025-11-23,2025-11-17,2025-11-23,D6,2025,1.000785,557224949,2026-09-27T20:00:50Z,2026-09-27T20:00:50Z,https://www.epa.gov/fuels-registration-reporting-and-compliance-help/rin-trades-and-price-information,epa_rin/2026-09-27T200050Z,254b72a5f9a878ff80f00798e147e043e73931d20e3808a3b0c7eb1583ffba47,1.1
2025-11-24,2025-11-30,2025-11-24,2025-11-30,D6,2023,0.990000,1254903,2026-09-27T20:00:50Z,2026-09-27T20:00:50Z,https://www.epa.gov/fuels-registration-reporting-and-compliance-help/rin-trades-and-price-information,epa_rin/2026-09-27T200050Z,254b72a5f9a878ff80f00798e147e043e73931d20e3808a3b0c7eb1583ffba47,1.1
2025-11-24,2025-11-30,2025-11-24,2025-11-30,D6,2024,1.000000,500208536,2026-09-27T20:00:50Z,2026-09-27T20:00:50Z,https://www.epa.gov/fuels-registration-reporting-and-compliance-help/rin-trades-and-price-information,epa_rin/2026-09-27T200050Z,254b72a5f9a878ff80f00798e147e043e73931d20e3808a3b0c7eb1583ffba47,1.1
2025-11-24,2025-11-30,2025-11-24,2025-11-30,D6,2025,0.994022,246678097,2026-09-27T20:00:50Z,2026-09-27T20:00:50Z,https://www.epa.gov/fuels-registration-reporting-and-compliance-help/rin-trades-and-price-information,epa_rin/2026-09-27T200050Z,254b72a5f9a878ff80f00798e147e043e73931d20e3808a3b0c7eb1583ffba47,1.1
2025-12-01,2025-12-07,2025-12-01,2025-12-07,D6,2024,1.000000,49437751,2026-09-27T20:00:50Z,2026-09-27T20:00:50Z,https://www.epa.gov/fuels-registration-reporting-and-compliance-help/rin-trades-and-price-information,epa_rin/2026-09-27T200050Z,254b72a5f9a878ff80f00798e147e043e73931d20e3808a3b0c7eb1583ffba47,1.1
2025-12-01,2025-12-07,2025-12-01,2025-12-07,D6,2025,1.010078,805274466,2026-09-27T20:00:50Z,2026-09-27T20:00:50Z,https://www.epa.gov/fuels-registration-reporting-and-compliance-help/rin-trades-and-price-information,epa_rin/2026-09-27T200050Z,254b72a5f9a878ff80f00798e147e043e73931d20e3808a3b0c7eb1583ffba47,1.1
2025-12-08,2025-12-14,2025-12-08,2025-12-14,D6,2024,1.020000,47588231,2026-09-27T20:00:50Z,2026-09-27T20:00:50Z,https://www.epa.gov/fuels-registration-reporting-and-compliance-help/rin-trades-and-price-information,epa_rin/2026-09-27T200050Z,254b72a5f9a878ff80f00798e147e043e73931d20e3808a3b0c7eb1583ffba47,1.1
2025-12-08,2025-12-14,2025-12-08,2025-12-14,D6,2025,1.019277,879363530,2026-09-27T20:00:50Z,2026-09-27T20:00:50Z,https://www.epa.gov/fuels-registration-reporting-and-compliance-help/rin-trades-and-price-information,epa_rin/2026-09-27T200050Z,254b72a5f9a878ff80f00798e147e043e73931d20e3808a3b0c7eb1583ffba47,1.1
2025-12-15,2025-12-21,2025-12-15,2025-12-21,D6,2024,0.980000,73695767,2026-09-27T20:00:50Z,2026-09-27T20:00:50Z,https://www.epa.gov/fuels-registration-reporting-and-compliance-help/rin-trades-and-price-information,epa_rin/2026-09-27T200050Z,254b72a5f9a878ff80f00798e147e043e73931d20e3808a3b0c7eb1583ffba47,1.1
2025-12-15,2025-12-21,2025-12-15,2025-12-21,D6,2025,1.020066,971624936,2026-09-27T20:00:50Z,2026-09-27T20:00:50Z,https://www.epa.gov/fuels-registration-reporting-and-compliance-help/rin-trades-and-price-information,epa_rin/2026-09-27T200050Z,254b72a5f9a878ff80f00798e147e043e73931d20e3808a3b0c7eb1583ffba47,1.1
2025-12-22,2025-12-28,2025-12-22,2025-12-28,D6,2024,1.010000,15222714,2026-09-27T20:00:50Z,2026-09-27T20:00:50Z,https://www.epa.gov/fuels-registration-reporting-and-compliance-help/rin-trades-and-price-information,epa_rin/2026-09-27T200050Z,254b72a5f9a878ff80f00798e147e043e73931d20e3808a3b0c7eb1583ffba47,1.1
2025-12-22,2025-12-28,2025-12-22,2025-12-28,D6,2025,1.009120,463745158,2026-09-27T20:00:50Z,2026-09-27T20:00:50Z,https://www.epa.gov/fuels-registration-reporting-and-compliance-help/rin-trades-and-price-information,epa_rin/2026-09-27T200050Z,254b72a5f9a878ff80f00798e147e043e73931d20e3808a3b0c7eb1583ffba47,1.1
2025-12-29,2026-01-04,2025-12-29,2026-01-04,D6,2024,1.003168,84295229,2026-09-27T20:00:50Z,2026-09-27T20:00:50Z,https://www.epa.gov/fuels-registration-reporting-and-compliance-help/rin-trades-and-price-information,epa_rin/2026-09-27T200050Z,254b72a5f9a878ff80f00798e147e043e73931d20e3808a3b0c7eb1583ffba47,1.1
2025-12-29,2026-01-04,2025-12-29,2026-01-04,D6,2025,0.997927,789114589,2026-09-27T20:00:50Z,2026-09-27T20:00:50Z,https://www.epa.gov/fuels-registration-reporting-and-compliance-help/rin-trades-and-price-information,epa_rin/2026-09-27T200050Z,254b72a5f9a878ff80f00798e147e043e73931d20e3808a3b0c7eb1583ffba47,1.1
2025-12-29,2026-01-04,2025-12-29,2026-01-04,D6,2026,1.070000,235023,2026-09-27T20:00:50Z,2026-09-27T20:00:50Z,https://www.epa.gov/fuels-registration-reporting-and-compliance-help/rin-trades-and-price-information,epa_rin/2026-09-27T200050Z,254b72a5f9a878ff80f00798e147e043e73931d20e3808a3b0c7eb1583ffba47,1.1
2026-01-05,2026-01-11,2026-01-05,2026-01-11,D6,2024,0.980000,40375783,2026-09-27T20:00:50Z,2026-09-27T20:00:50Z,https://www.epa.gov/fuels-registration-reporting-and-compliance-help/rin-trades-and-price-information,epa_rin/2026-09-27T200050Z,254b72a5f9a878ff80f00798e147e043e73931d20e3808a3b0c7eb1583ffba47,1.1
2026-01-05,2026-01-11,2026-01-05,2026-01-11,D6,2025,1.050503,494012474,2026-09-27T20:00:50Z,2026-09-27T20:00:50Z,https://www.epa.gov/fuels-registration-reporting-and-compliance-help/rin-trades-and-price-information,epa_rin/2026-09-27T200050Z,254b72a5f9a878ff80f00798e147e043e73931d20e3808a3b0c7eb1583ffba47,1.1
2026-01-05,2026-01-11,2026-01-05,2026-01-11,D6,2026,1.120000,12704561,2026-09-27T20:00:50Z,2026-09-27T20:00:50Z,https://www.epa.gov/fuels-registration-reporting-and-compliance-help/rin-trades-and-price-information,epa_rin/2026-09-27T200050Z,254b72a5f9a878ff80f00798e147e043e73931d20e3808a3b0c7eb1583ffba47,1.1
2026-01-12,2026-01-18,2026-01-12,2026-01-18,D6,2024,1.030000,67542650,2026-09-27T20:00:50Z,2026-09-27T20:00:50Z,https://www.epa.gov/fuels-registration-reporting-and-compliance-help/rin-trades-and-price-information,epa_rin/2026-09-27T200050Z,254b72a5f9a878ff80f00798e147e043e73931d20e3808a3b0c7eb1583ffba47,1.1
2026-01-12,2026-01-18,2026-01-12,2026-01-18,D6,2025,1.060000,323413337,2026-09-27T20:00:50Z,2026-09-27T20:00:50Z,https://www.epa.gov/fuels-registration-reporting-and-compliance-help/rin-trades-and-price-information,epa_rin/2026-09-27T200050Z,254b72a5f9a878ff80f00798e147e043e73931d20e3808a3b0c7eb1583ffba47,1.1
2026-01-12,2026-01-18,2026-01-12,2026-01-18,D6,2026,1.091222,60487362,2026-09-27T20:00:50Z,2026-09-27T20:00:50Z,https://www.epa.gov/fuels-registration-reporting-and-compliance-help/rin-trades-and-price-information,epa_rin/2026-09-27T200050Z,254b72a5f9a878ff80f00798e147e043e73931d20e3808a3b0c7eb1583ffba47,1.1
2026-01-19,2026-01-25,2026-01-19,2026-01-25,D6,2024,1.070000,3772284,2026-09-27T20:00:50Z,2026-09-27T20:00:50Z,https://www.epa.gov/fuels-registration-reporting-and-compliance-help/rin-trades-and-price-information,epa_rin/2026-09-27T200050Z,254b72a5f9a878ff80f00798e147e043e73931d20e3808a3b0c7eb1583ffba47,1.1
2026-01-19,2026-01-25,2026-01-19,2026-01-25,D6,2025,1.070150,411452057,2026-09-27T20:00:50Z,2026-09-27T20:00:50Z,https://www.epa.gov/fuels-registration-reporting-and-compliance-help/rin-trades-and-price-information,epa_rin/2026-09-27T200050Z,254b72a5f9a878ff80f00798e147e043e73931d20e3808a3b0c7eb1583ffba47,1.1
2026-01-19,2026-01-25,2026-01-19,2026-01-25,D6,2026,1.124352,68314170,2026-09-27T20:00:50Z,2026-09-27T20:00:50Z,https://www.epa.gov/fuels-registration-reporting-and-compliance-help/rin-trades-and-price-information,epa_rin/2026-09-27T200050Z,254b72a5f9a878ff80f00798e147e043e73931d20e3808a3b0c7eb1583ffba47,1.1
2026-01-26,2026-02-01,2026-01-26,2026-02-01,D6,2024,0.990000,2184196,2026-09-27T20:00:50Z,2026-09-27T20:00:50Z,https://www.epa.gov/fuels-registration-reporting-and-compliance-help/rin-trades-and-price-information,epa_rin/2026-09-27T200050Z,254b72a5f9a878ff80f00798e147e043e73931d20e3808a3b0c7eb1583ffba47,1.1
2026-01-26,2026-02-01,2026-01-26,2026-02-01,D6,2025,1.120397,191359604,2026-09-27T20:00:50Z,2026-09-27T20:00:50Z,https://www.epa.gov/fuels-registration-reporting-and-compliance-help/rin-trades-and-price-information,epa_rin/2026-09-27T200050Z,254b72a5f9a878ff80f00798e147e043e73931d20e3808a3b0c7eb1583ffba47,1.1
2026-01-26,2026-02-01,2026-01-26,2026-02-01,D6,2026,1.220977,42654640,2026-09-27T20:00:50Z,2026-09-27T20:00:50Z,https://www.epa.gov/fuels-registration-reporting-and-compliance-help/rin-trades-and-price-information,epa_rin/2026-09-27T200050Z,254b72a5f9a878ff80f00798e147e043e73931d20e3808a3b0c7eb1583ffba47,1.1
2026-02-02,2026-02-08,2026-02-02,2026-02-08,D6,2024,1.170000,102578267,2026-09-27T20:00:50Z,2026-09-27T20:00:50Z,https://www.epa.gov/fuels-registration-reporting-and-compliance-help/rin-trades-and-price-information,epa_rin/2026-09-27T200050Z,254b72a5f9a878ff80f00798e147e043e73931d20e3808a3b0c7eb1583ffba47,1.1
2026-02-02,2026-02-08,2026-02-02,2026-02-08,D6,2025,1.070457,277051912,2026-09-27T20:00:50Z,2026-09-27T20:00:50Z,https://www.epa.gov/fuels-registration-reporting-and-compliance-help/rin-trades-and-price-information,epa_rin/2026-09-27T200050Z,254b72a5f9a878ff80f00798e147e043e73931d20e3808a3b0c7eb1583ffba47,1.1
2026-02-02,2026-02-08,2026-02-02,2026-02-08,D6,2026,1.199581,100758475,2026-09-27T20:00:50Z,2026-09-27T20:00:50Z,https://www.epa.gov/fuels-registration-reporting-and-compliance-help/rin-trades-and-price-information,epa_rin/2026-09-27T200050Z,254b72a5f9a878ff80f00798e147e043e73931d20e3808a3b0c7eb1583ffba47,1.1
2026-02-09,2026-02-15,2026-02-09,2026-02-15,D6,2024,1.130000,40818862,2026-09-27T20:00:50Z,2026-09-27T20:00:50Z,https://www.epa.gov/fuels-registration-reporting-and-compliance-help/rin-trades-and-price-information,epa_rin/2026-09-27T200050Z,254b72a5f9a878ff80f00798e147e043e73931d20e3808a3b0c7eb1583ffba47,1.1
2026-02-09,2026-02-15,2026-02-09,2026-02-15,D6,2025,1.180088,316413147,2026-09-27T20:00:50Z,2026-09-27T20:00:50Z,https://www.epa.gov/fuels-registration-reporting-and-compliance-help/rin-trades-and-price-information,epa_rin/2026-09-27T200050Z,254b72a5f9a878ff80f00798e147e043e73931d20e3808a3b0c7eb1583ffba47,1.1
2026-02-09,2026-02-15,2026-02-09,2026-02-15,D6,2026,1.241334,130678787,2026-09-27T20:00:50Z,2026-09-27T20:00:50Z,https://www.epa.gov/fuels-registration-reporting-and-compliance-help/rin-trades-and-price-information,epa_rin/2026-09-27T200050Z,254b72a5f9a878ff80f00798e147e043e73931d20e3808a3b0c7eb1583ffba47,1.1
2026-02-16,2026-02-22,2026-02-16,2026-02-22,D6,2024,1.110000,5987804,2026-09-27T20:00:50Z,2026-09-27T20:00:50Z,https://www.epa.gov/fuels-registration-reporting-and-compliance-help/rin-trades-and-price-information,epa_rin/2026-09-27T200050Z,254b72a5f9a878ff80f00798e147e043e73931d20e3808a3b0c7eb1583ffba47,1.1
2026-02-16,2026-02-22,2026-02-16,2026-02-22,D6,2025,1.080174,322122448,2026-09-27T20:00:50Z,2026-09-27T20:00:50Z,https://www.epa.gov/fuels-registration-reporting-and-compliance-help/rin-trades-and-price-information,epa_rin/2026-09-27T200050Z,254b72a5f9a878ff80f00798e147e043e73931d20e3808a3b0c7eb1583ffba47,1.1
2026-02-16,2026-02-22,2026-02-16,2026-02-22,D6,2026,1.303724,134119787,2026-09-27T20:00:50Z,2026-09-27T20:00:50Z,https://www.epa.gov/fuels-registration-reporting-and-compliance-help/rin-trades-and-price-information,epa_rin/2026-09-27T200050Z,254b72a5f9a878ff80f00798e147e043e73931d20e3808a3b0c7eb1583ffba47,1.1
2026-02-23,2026-03-01,2026-02-23,2026-03-01,D6,2024,1.280000,16539817,2026-09-27T20:00:50Z,2026-09-27T20:00:50Z,https://www.epa.gov/fuels-registration-reporting-and-compliance-help/rin-trades-and-price-information,epa_rin/2026-09-27T200050Z,254b72a5f9a878ff80f00798e147e043e73931d20e3808a3b0c7eb1583ffba47,1.1
2026-02-23,2026-03-01,2026-02-23,2026-03-01,D6,2025,1.209786,310331278,2026-09-27T20:00:50Z,2026-09-27T20:00:50Z,https://www.epa.gov/fuels-registration-reporting-and-compliance-help/rin-trades-and-price-information,epa_rin/2026-09-27T200050Z,254b72a5f9a878ff80f00798e147e043e73931d20e3808a3b0c7eb1583ffba47,1.1
2026-02-23,2026-03-01,2026-02-23,2026-03-01,D6,2026,1.237945,269159829,2026-09-27T20:00:50Z,2026-09-27T20:00:50Z,https://www.epa.gov/fuels-registration-reporting-and-compliance-help/rin-trades-and-price-information,epa_rin/2026-09-27T200050Z,254b72a5f9a878ff80f00798e147e043e73931d20e3808a3b0c7eb1583ffba47,1.1
2026-03-02,2026-03-08,2026-03-02,2026-03-08,D6,2024,1.210000,37318859,2026-09-27T20:00:50Z,2026-09-27T20:00:50Z,https://www.epa.gov/fuels-registration-reporting-and-compliance-help/rin-trades-and-price-information,epa_rin/2026-09-27T200050Z,254b72a5f9a878ff80f00798e147e043e73931d20e3808a3b0c7eb1583ffba47,1.1
2026-03-02,2026-03-08,2026-03-02,2026-03-08,D6,2025,1.159943,366054796,2026-09-27T20:00:50Z,2026-09-27T20:00:50Z,https://www.epa.gov/fuels-registration-reporting-and-compliance-help/rin-trades-and-price-information,epa_rin/2026-09-27T200050Z,254b72a5f9a878ff80f00798e147e043e73931d20e3808a3b0c7eb1583ffba47,1.1
2026-03-02,2026-03-08,2026-03-02,2026-03-08,D6,2026,1.370785,189391056,2026-09-27T20:00:50Z,2026-09-27T20:00:50Z,https://www.epa.gov/fuels-registration-reporting-and-compliance-help/rin-trades-and-price-information,epa_rin/2026-09-27T200050Z,254b72a5f9a878ff80f00798e147e043e73931d20e3808a3b0c7eb1583ffba47,1.1
2026-03-09,2026-03-15,2026-03-09,2026-03-15,D6,2024,1.150000,21500000,2026-09-27T20:00:50Z,2026-09-27T20:00:50Z,https://www.epa.gov/fuels-registration-reporting-and-compliance-help/rin-trades-and-price-information,epa_rin/2026-09-27T200050Z,254b72a5f9a878ff80f00798e147e043e73931d20e3808a3b0c7eb1583ffba47,1.1
2026-03-09,2026-03-15,2026-03-09,2026-03-15,D6,2025,1.290127,677983564,2026-09-27T20:00:50Z,2026-09-27T20:00:50Z,https://www.epa.gov/fuels-registration-reporting-and-compliance-help/rin-trades-and-price-information,epa_rin/2026-09-27T200050Z,254b72a5f9a878ff80f00798e147e043e73931d20e3808a3b0c7eb1583ffba47,1.1
2026-03-09,2026-03-15,2026-03-09,2026-03-15,D6,2026,1.349546,390141704,2026-09-27T20:00:50Z,2026-09-27T20:00:50Z,https://www.epa.gov/fuels-registration-reporting-and-compliance-help/rin-trades-and-price-information,epa_rin/2026-09-27T200050Z,254b72a5f9a878ff80f00798e147e043e73931d20e3808a3b0c7eb1583ffba47,1.1
2026-03-16,2026-03-22,2026-03-16,2026-03-22,D6,2024,1.170000,45999250,2026-09-27T20:00:50Z,2026-09-27T20:00:50Z,https://www.epa.gov/fuels-registration-reporting-and-compliance-help/rin-trades-and-price-information,epa_rin/2026-09-27T200050Z,254b72a5f9a878ff80f00798e147e043e73931d20e3808a3b0c7eb1583ffba47,1.1
2026-03-16,2026-03-22,2026-03-16,2026-03-22,D6,2025,1.279695,311866064,2026-09-27T20:00:50Z,2026-09-27T20:00:50Z,https://www.epa.gov/fuels-registration-reporting-and-compliance-help/rin-trades-and-price-information,epa_rin/2026-09-27T200050Z,254b72a5f9a878ff80f00798e147e043e73931d20e3808a3b0c7eb1583ffba47,1.1
2026-03-16,2026-03-22,2026-03-16,2026-03-22,D6,2026,1.295763,281829868,2026-09-27T20:00:50Z,2026-09-27T20:00:50Z,https://www.epa.gov/fuels-registration-reporting-and-compliance-help/rin-trades-and-price-information,epa_rin/2026-09-27T200050Z,254b72a5f9a878ff80f00798e147e043e73931d20e3808a3b0c7eb1583ffba47,1.1
2026-03-23,2026-03-29,2026-03-23,2026-03-29,D6,2024,1.420000,87010,2026-09-27T20:00:50Z,2026-09-27T20:00:50Z,https://www.epa.gov/fuels-registration-reporting-and-compliance-help/rin-trades-and-price-information,epa_rin/2026-09-27T200050Z,254b72a5f9a878ff80f00798e147e043e73931d20e3808a3b0c7eb1583ffba47,1.1
2026-03-23,2026-03-29,2026-03-23,2026-03-29,D6,2025,1.209946,126475478,2026-09-27T20:00:50Z,2026-09-27T20:00:50Z,https://www.epa.gov/fuels-registration-reporting-and-compliance-help/rin-trades-and-price-information,epa_rin/2026-09-27T200050Z,254b72a5f9a878ff80f00798e147e043e73931d20e3808a3b0c7eb1583ffba47,1.1
2026-03-23,2026-03-29,2026-03-23,2026-03-29,D6,2026,1.323504,352010122,2026-09-27T20:00:50Z,2026-09-27T20:00:50Z,https://www.epa.gov/fuels-registration-reporting-and-compliance-help/rin-trades-and-price-information,epa_rin/2026-09-27T200050Z,254b72a5f9a878ff80f00798e147e043e73931d20e3808a3b0c7eb1583ffba47,1.1
2026-03-30,2026-04-05,2026-03-30,2026-04-05,D6,2024,1.700000,174960,2026-09-27T20:00:50Z,2026-09-27T20:00:50Z,https://www.epa.gov/fuels-registration-reporting-and-compliance-help/rin-trades-and-price-information,epa_rin/2026-09-27T200050Z,254b72a5f9a878ff80f00798e147e043e73931d20e3808a3b0c7eb1583ffba47,1.1
2026-03-30,2026-04-05,2026-03-30,2026-04-05,D6,2025,1.369820,52440482,2026-09-27T20:00:50Z,2026-09-27T20:00:50Z,https://www.epa.gov/fuels-registration-reporting-and-compliance-help/rin-trades-and-price-information,epa_rin/2026-09-27T200050Z,254b72a5f9a878ff80f00798e147e043e73931d20e3808a3b0c7eb1583ffba47,1.1
2026-03-30,2026-04-05,2026-03-30,2026-04-05,D6,2026,1.458980,401010896,2026-09-27T20:00:50Z,2026-09-27T20:00:50Z,https://www.epa.gov/fuels-registration-reporting-and-compliance-help/rin-trades-and-price-information,epa_rin/2026-09-27T200050Z,254b72a5f9a878ff80f00798e147e043e73931d20e3808a3b0c7eb1583ffba47,1.1
2026-04-06,2026-04-12,2026-04-06,2026-04-12,D6,2024,1.470000,26600000,2026-09-27T20:00:50Z,2026-09-27T20:00:50Z,https://www.epa.gov/fuels-registration-reporting-and-compliance-help/rin-trades-and-price-information,epa_rin/2026-09-27T200050Z,254b72a5f9a878ff80f00798e147e043e73931d20e3808a3b0c7eb1583ffba47,1.1
2026-04-06,2026-04-12,2026-04-06,2026-04-12,D6,2025,1.616371,96764667,2026-09-27T20:00:50Z,2026-09-27T20:00:50Z,https://www.epa.gov/fuels-registration-reporting-and-compliance-help/rin-trades-and-price-information,epa_rin/2026-09-27T200050Z,254b72a5f9a878ff80f00798e147e043e73931d20e3808a3b0c7eb1583ffba47,1.1
2026-04-06,2026-04-12,2026-04-06,2026-04-12,D6,2026,1.501134,364305183,2026-09-27T20:00:50Z,2026-09-27T20:00:50Z,https://www.epa.gov/fuels-registration-reporting-and-compliance-help/rin-trades-and-price-information,epa_rin/2026-09-27T200050Z,254b72a5f9a878ff80f00798e147e043e73931d20e3808a3b0c7eb1583ffba47,1.1
2026-04-13,2026-04-19,2026-04-13,2026-04-19,D6,2024,1.730000,10000000,2026-09-27T20:00:50Z,2026-09-27T20:00:50Z,https://www.epa.gov/fuels-registration-reporting-and-compliance-help/rin-trades-and-price-information,epa_rin/2026-09-27T200050Z,254b72a5f9a878ff80f00798e147e043e73931d20e3808a3b0c7eb1583ffba47,1.1
2026-04-13,2026-04-19,2026-04-13,2026-04-19,D6,2025,1.529941,15004158,2026-09-27T20:00:50Z,2026-09-27T20:00:50Z,https://www.epa.gov/fuels-registration-reporting-and-compliance-help/rin-trades-and-price-information,epa_rin/2026-09-27T200050Z,254b72a5f9a878ff80f00798e147e043e73931d20e3808a3b0c7eb1583ffba47,1.1
2026-04-13,2026-04-19,2026-04-13,2026-04-19,D6,2026,1.527456,245951379,2026-09-27T20:00:50Z,2026-09-27T20:00:50Z,https://www.epa.gov/fuels-registration-reporting-and-compliance-help/rin-trades-and-price-information,epa_rin/2026-09-27T200050Z,254b72a5f9a878ff80f00798e147e043e73931d20e3808a3b0c7eb1583ffba47,1.1
2026-04-20,2026-04-26,2026-04-20,2026-04-26,D6,2024,1.750000,6650000,2026-09-27T20:00:50Z,2026-09-27T20:00:50Z,https://www.epa.gov/fuels-registration-reporting-and-compliance-help/rin-trades-and-price-information,epa_rin/2026-09-27T200050Z,254b72a5f9a878ff80f00798e147e043e73931d20e3808a3b0c7eb1583ffba47,1.1
2026-04-20,2026-04-26,2026-04-20,2026-04-26,D6,2025,1.611099,73093441,2026-09-27T20:00:50Z,2026-09-27T20:00:50Z,https://www.epa.gov/fuels-registration-reporting-and-compliance-help/rin-trades-and-price-information,epa_rin/2026-09-27T200050Z,254b72a5f9a878ff80f00798e147e043e73931d20e3808a3b0c7eb1583ffba47,1.1
2026-04-20,2026-04-26,2026-04-20,2026-04-26,D6,2026,1.632717,270239887,2026-09-27T20:00:50Z,2026-09-27T20:00:50Z,https://www.epa.gov/fuels-registration-reporting-and-compliance-help/rin-trades-and-price-information,epa_rin/2026-09-27T200050Z,254b72a5f9a878ff80f00798e147e043e73931d20e3808a3b0c7eb1583ffba47,1.1
2026-04-27,2026-05-03,2026-04-27,2026-05-03,D6,2024,1.810000,5000000,2026-09-27T20:00:50Z,2026-09-27T20:00:50Z,https://www.epa.gov/fuels-registration-reporting-and-compliance-help/rin-trades-and-price-information,epa_rin/2026-09-27T200050Z,254b72a5f9a878ff80f00798e147e043e73931d20e3808a3b0c7eb1583ffba47,1.1
2026-04-27,2026-05-03,2026-04-27,2026-05-03,D6,2025,1.632227,152845500,2026-09-27T20:00:50Z,2026-09-27T20:00:50Z,https://www.epa.gov/fuels-registration-reporting-and-compliance-help/rin-trades-and-price-information,epa_rin/2026-09-27T200050Z,254b72a5f9a878ff80f00798e147e043e73931d20e3808a3b0c7eb1583ffba47,1.1
2026-04-27,2026-05-03,2026-04-27,2026-05-03,D6,2026,1.540860,526980615,2026-09-27T20:00:50Z,2026-09-27T20:00:50Z,https://www.epa.gov/fuels-registration-reporting-and-compliance-help/rin-trades-and-price-information,epa_rin/2026-09-27T200050Z,254b72a5f9a878ff80f00798e147e043e73931d20e3808a3b0c7eb1583ffba47,1.1
2026-05-04,2026-05-10,2026-05-04,2026-05-10,D6,2024,1.770000,30000000,2026-09-27T20:00:50Z,2026-09-27T20:00:50Z,https://www.epa.gov/fuels-registration-reporting-and-compliance-help/rin-trades-and-price-information,epa_rin/2026-09-27T200050Z,254b72a5f9a878ff80f00798e147e043e73931d20e3808a3b0c7eb1583ffba47,1.1
2026-05-04,2026-05-10,2026-05-04,2026-05-10,D6,2025,1.620019,137785316,2026-09-27T20:00:50Z,2026-09-27T20:00:50Z,https://www.epa.gov/fuels-registration-reporting-and-compliance-help/rin-trades-and-price-information,epa_rin/2026-09-27T200050Z,254b72a5f9a878ff80f00798e147e043e73931d20e3808a3b0c7eb1583ffba47,1.1
2026-05-04,2026-05-10,2026-05-04,2026-05-10,D6,2026,1.752034,199158964,2026-09-27T20:00:50Z,2026-09-27T20:00:50Z,https://www.epa.gov/fuels-registration-reporting-and-compliance-help/rin-trades-and-price-information,epa_rin/2026-09-27T200050Z,254b72a5f9a878ff80f00798e147e043e73931d20e3808a3b0c7eb1583ffba47,1.1
2026-05-11,2026-05-17,2026-05-11,2026-05-17,D6,2024,1.960000,3000000,2026-09-27T20:00:50Z,2026-09-27T20:00:50Z,https://www.epa.gov/fuels-registration-reporting-and-compliance-help/rin-trades-and-price-information,epa_rin/2026-09-27T200050Z,254b72a5f9a878ff80f00798e147e043e73931d20e3808a3b0c7eb1583ffba47,1.1
2026-05-11,2026-05-17,2026-05-11,2026-05-17,D6,2025,1.549073,287611341,2026-09-27T20:00:50Z,2026-09-27T20:00:50Z,https://www.epa.gov/fuels-registration-reporting-and-compliance-help/rin-trades-and-price-information,epa_rin/2026-09-27T200050Z,254b72a5f9a878ff80f00798e147e043e73931d20e3808a3b0c7eb1583ffba47,1.1
2026-05-11,2026-05-17,2026-05-11,2026-05-17,D6,2026,1.735766,280391491,2026-09-27T20:00:50Z,2026-09-27T20:00:50Z,https://www.epa.gov/fuels-registration-reporting-and-compliance-help/rin-trades-and-price-information,epa_rin/2026-09-27T200050Z,254b72a5f9a878ff80f00798e147e043e73931d20e3808a3b0c7eb1583ffba47,1.1
2026-05-18,2026-05-24,2026-05-18,2026-05-24,D6,2024,1.860000,13500000,2026-09-27T20:00:50Z,2026-09-27T20:00:50Z,https://www.epa.gov/fuels-registration-reporting-and-compliance-help/rin-trades-and-price-information,epa_rin/2026-09-27T200050Z,254b72a5f9a878ff80f00798e147e043e73931d20e3808a3b0c7eb1583ffba47,1.1
2026-05-18,2026-05-24,2026-05-18,2026-05-24,D6,2025,1.861383,67998291,2026-09-27T20:00:50Z,2026-09-27T20:00:50Z,https://www.epa.gov/fuels-registration-reporting-and-compliance-help/rin-trades-and-price-information,epa_rin/2026-09-27T200050Z,254b72a5f9a878ff80f00798e147e043e73931d20e3808a3b0c7eb1583ffba47,1.1
2026-05-18,2026-05-24,2026-05-18,2026-05-24,D6,2026,1.859399,194305659,2026-09-27T20:00:50Z,2026-09-27T20:00:50Z,https://www.epa.gov/fuels-registration-reporting-and-compliance-help/rin-trades-and-price-information,epa_rin/2026-09-27T200050Z,254b72a5f9a878ff80f00798e147e043e73931d20e3808a3b0c7eb1583ffba47,1.1
2026-05-25,2026-05-31,2026-05-25,2026-05-31,D6,2025,1.741641,55943127,2026-09-27T20:00:50Z,2026-09-27T20:00:50Z,https://www.epa.gov/fuels-registration-reporting-and-compliance-help/rin-trades-and-price-information,epa_rin/2026-09-27T200050Z,254b72a5f9a878ff80f00798e147e043e73931d20e3808a3b0c7eb1583ffba47,1.1
2026-05-25,2026-05-31,2026-05-25,2026-05-31,D6,2026,1.918574,325561239,2026-09-27T20:00:50Z,2026-09-27T20:00:50Z,https://www.epa.gov/fuels-registration-reporting-and-compliance-help/rin-trades-and-price-information,epa_rin/2026-09-27T200050Z,254b72a5f9a878ff80f00798e147e043e73931d20e3808a3b0c7eb1583ffba47,1.1
2026-06-01,2026-06-07,2026-06-01,2026-06-07,D6,2024,1.840000,19000000,2026-09-27T20:00:50Z,2026-09-27T20:00:50Z,https://www.epa.gov/fuels-registration-reporting-and-compliance-help/rin-trades-and-price-information,epa_rin/2026-09-27T200050Z,254b72a5f9a878ff80f00798e147e043e73931d20e3808a3b0c7eb1583ffba47,1.1
2026-06-01,2026-06-07,2026-06-01,2026-06-07,D6,2025,1.972705,23683415,2026-09-27T20:00:50Z,2026-09-27T20:00:50Z,https://www.epa.gov/fuels-registration-reporting-and-compliance-help/rin-trades-and-price-information,epa_rin/2026-09-27T200050Z,254b72a5f9a878ff80f00798e147e043e73931d20e3808a3b0c7eb1583ffba47,1.1
2026-06-01,2026-06-07,2026-06-01,2026-06-07,D6,2026,1.845942,253374914,2026-09-27T20:00:50Z,2026-09-27T20:00:50Z,https://www.epa.gov/fuels-registration-reporting-and-compliance-help/rin-trades-and-price-information,epa_rin/2026-09-27T200050Z,254b72a5f9a878ff80f00798e147e043e73931d20e3808a3b0c7eb1583ffba47,1.1
2026-06-08,2026-06-14,2026-06-08,2026-06-14,D6,2024,2.040000,34979785,2026-09-27T20:00:50Z,2026-09-27T20:00:50Z,https://www.epa.gov/fuels-registration-reporting-and-compliance-help/rin-trades-and-price-information,epa_rin/2026-09-27T200050Z,254b72a5f9a878ff80f00798e147e043e73931d20e3808a3b0c7eb1583ffba47,1.1
2026-06-08,2026-06-14,2026-06-08,2026-06-14,D6,2025,2.080000,23704582,2026-09-27T20:00:50Z,2026-09-27T20:00:50Z,https://www.epa.gov/fuels-registration-reporting-and-compliance-help/rin-trades-and-price-information,epa_rin/2026-09-27T200050Z,254b72a5f9a878ff80f00798e147e043e73931d20e3808a3b0c7eb1583ffba47,1.1
2026-06-08,2026-06-14,2026-06-08,2026-06-14,D6,2026,1.812915,343342524,2026-09-27T20:00:50Z,2026-09-27T20:00:50Z,https://www.epa.gov/fuels-registration-reporting-and-compliance-help/rin-trades-and-price-information,epa_rin/2026-09-27T200050Z,254b72a5f9a878ff80f00798e147e043e73931d20e3808a3b0c7eb1583ffba47,1.1
2026-06-15,2026-06-21,2026-06-15,2026-06-21,D6,2024,2.070000,10000000,2026-09-27T20:00:50Z,2026-09-27T20:00:50Z,https://www.epa.gov/fuels-registration-reporting-and-compliance-help/rin-trades-and-price-information,epa_rin/2026-09-27T200050Z,254b72a5f9a878ff80f00798e147e043e73931d20e3808a3b0c7eb1583ffba47,1.1
2026-06-15,2026-06-21,2026-06-15,2026-06-21,D6,2025,2.169508,32803398,2026-09-27T20:00:50Z,2026-09-27T20:00:50Z,https://www.epa.gov/fuels-registration-reporting-and-compliance-help/rin-trades-and-price-information,epa_rin/2026-09-27T200050Z,254b72a5f9a878ff80f00798e147e043e73931d20e3808a3b0c7eb1583ffba47,1.1
2026-06-15,2026-06-21,2026-06-15,2026-06-21,D6,2026,1.870000,370884576,2026-09-27T20:00:50Z,2026-09-27T20:00:50Z,https://www.epa.gov/fuels-registration-reporting-and-compliance-help/rin-trades-and-price-information,epa_rin/2026-09-27T200050Z,254b72a5f9a878ff80f00798e147e043e73931d20e3808a3b0c7eb1583ffba47,1.1
2026-06-22,2026-06-28,2026-06-22,2026-06-28,D6,2024,2.150000,8850000,2026-09-27T20:00:50Z,2026-09-27T20:00:50Z,https://www.epa.gov/fuels-registration-reporting-and-compliance-help/rin-trades-and-price-information,epa_rin/2026-09-27T200050Z,254b72a5f9a878ff80f00798e147e043e73931d20e3808a3b0c7eb1583ffba47,1.1
2026-06-22,2026-06-28,2026-06-22,2026-06-28,D6,2025,1.990174,58027860,2026-09-27T20:00:50Z,2026-09-27T20:00:50Z,https://www.epa.gov/fuels-registration-reporting-and-compliance-help/rin-trades-and-price-information,epa_rin/2026-09-27T200050Z,254b72a5f9a878ff80f00798e147e043e73931d20e3808a3b0c7eb1583ffba47,1.1
2026-06-22,2026-06-28,2026-06-22,2026-06-28,D6,2026,1.988770,471135325,2026-09-27T20:00:50Z,2026-09-27T20:00:50Z,https://www.epa.gov/fuels-registration-reporting-and-compliance-help/rin-trades-and-price-information,epa_rin/2026-09-27T200050Z,254b72a5f9a878ff80f00798e147e043e73931d20e3808a3b0c7eb1583ffba47,1.1
2026-06-29,2026-07-05,2026-06-29,2026-07-05,D6,2024,2.340000,21381736,2026-09-27T20:00:50Z,2026-09-27T20:00:50Z,https://www.epa.gov/fuels-registration-reporting-and-compliance-help/rin-trades-and-price-information,epa_rin/2026-09-27T200050Z,254b72a5f9a878ff80f00798e147e043e73931d20e3808a3b0c7eb1583ffba47,1.1
2026-06-29,2026-07-05,2026-06-29,2026-07-05,D6,2025,2.312180,33249506,2026-09-27T20:00:50Z,2026-09-27T20:00:50Z,https://www.epa.gov/fuels-registration-reporting-and-compliance-help/rin-trades-and-price-information,epa_rin/2026-09-27T200050Z,254b72a5f9a878ff80f00798e147e043e73931d20e3808a3b0c7eb1583ffba47,1.1
2026-06-29,2026-07-05,2026-06-29,2026-07-05,D6,2026,2.054009,304716497,2026-09-27T20:00:50Z,2026-09-27T20:00:50Z,https://www.epa.gov/fuels-registration-reporting-and-compliance-help/rin-trades-and-price-information,epa_rin/2026-09-27T200050Z,254b72a5f9a878ff80f00798e147e043e73931d20e3808a3b0c7eb1583ffba47,1.1
2026-07-06,2026-07-12,2026-07-06,2026-07-12,D6,2024,2.320000,28500000,2026-09-27T20:00:50Z,2026-09-27T20:00:50Z,https://www.epa.gov/fuels-registration-reporting-and-compliance-help/rin-trades-and-price-information,epa_rin/2026-09-27T200050Z,254b72a5f9a878ff80f00798e147e043e73931d20e3808a3b0c7eb1583ffba47,1.1
2026-07-06,2026-07-12,2026-07-06,2026-07-12,D6,2025,2.130000,36387855,2026-09-27T20:00:50Z,2026-09-27T20:00:50Z,https://www.epa.gov/fuels-registration-reporting-and-compliance-help/rin-trades-and-price-information,epa_rin/2026-09-27T200050Z,254b72a5f9a878ff80f00798e147e043e73931d20e3808a3b0c7eb1583ffba47,1.1
2026-07-06,2026-07-12,2026-07-06,2026-07-12,D6,2026,2.038147,292599823,2026-09-27T20:00:50Z,2026-09-27T20:00:50Z,https://www.epa.gov/fuels-registration-reporting-and-compliance-help/rin-trades-and-price-information,epa_rin/2026-09-27T200050Z,254b72a5f9a878ff80f00798e147e043e73931d20e3808a3b0c7eb1583ffba47,1.1
2026-07-13,2026-07-19,2026-07-13,2026-07-19,D6,2024,2.370000,18500000,2026-09-27T20:00:50Z,2026-09-27T20:00:50Z,https://www.epa.gov/fuels-registration-reporting-and-compliance-help/rin-trades-and-price-information,epa_rin/2026-09-27T200050Z,254b72a5f9a878ff80f00798e147e043e73931d20e3808a3b0c7eb1583ffba47,1.1
2026-07-13,2026-07-19,2026-07-13,2026-07-19,D6,2025,2.392888,19068072,2026-09-27T20:00:50Z,2026-09-27T20:00:50Z,https://www.epa.gov/fuels-registration-reporting-and-compliance-help/rin-trades-and-price-information,epa_rin/2026-09-27T200050Z,254b72a5f9a878ff80f00798e147e043e73931d20e3808a3b0c7eb1583ffba47,1.1
2026-07-13,2026-07-19,2026-07-13,2026-07-19,D6,2026,2.157100,326816038,2026-09-27T20:00:50Z,2026-09-27T20:00:50Z,https://www.epa.gov/fuels-registration-reporting-and-compliance-help/rin-trades-and-price-information,epa_rin/2026-09-27T200050Z,254b72a5f9a878ff80f00798e147e043e73931d20e3808a3b0c7eb1583ffba47,1.1
2026-07-20,2026-07-26,2026-07-20,2026-07-26,D6,2024,2.360000,36467718,2026-09-27T20:00:50Z,2026-09-27T20:00:50Z,https://www.epa.gov/fuels-registration-reporting-and-compliance-help/rin-trades-and-price-information,epa_rin/2026-09-27T200050Z,254b72a5f9a878ff80f00798e147e043e73931d20e3808a3b0c7eb1583ffba47,1.1
2026-07-20,2026-07-26,2026-07-20,2026-07-26,D6,2025,2.310000,59876664,2026-09-27T20:00:50Z,2026-09-27T20:00:50Z,https://www.epa.gov/fuels-registration-reporting-and-compliance-help/rin-trades-and-price-information,epa_rin/2026-09-27T200050Z,254b72a5f9a878ff80f00798e147e043e73931d20e3808a3b0c7eb1583ffba47,1.1
2026-07-20,2026-07-26,2026-07-20,2026-07-26,D6,2026,2.219554,231965039,2026-09-27T20:00:50Z,2026-09-27T20:00:50Z,https://www.epa.gov/fuels-registration-reporting-and-compliance-help/rin-trades-and-price-information,epa_rin/2026-09-27T200050Z,254b72a5f9a878ff80f00798e147e043e73931d20e3808a3b0c7eb1583ffba47,1.1
2026-07-27,2026-08-02,2026-07-27,2026-08-02,D6,2024,2.340000,8600000,2026-09-27T20:00:50Z,2026-09-27T20:00:50Z,https://www.epa.gov/fuels-registration-reporting-and-compliance-help/rin-trades-and-price-information,epa_rin/2026-09-27T200050Z,254b72a5f9a878ff80f00798e147e043e73931d20e3808a3b0c7eb1583ffba47,1.1
2026-07-27,2026-08-02,2026-07-27,2026-08-02,D6,2025,2.370000,10194591,2026-09-27T20:00:50Z,2026-09-27T20:00:50Z,https://www.epa.gov/fuels-registration-reporting-and-compliance-help/rin-trades-and-price-information,epa_rin/2026-09-27T200050Z,254b72a5f9a878ff80f00798e147e043e73931d20e3808a3b0c7eb1583ffba47,1.1
2026-07-27,2026-08-02,2026-07-27,2026-08-02,D6,2026,2.267608,300652141,2026-09-27T20:00:50Z,2026-09-27T20:00:50Z,https://www.epa.gov/fuels-registration-reporting-and-compliance-help/rin-trades-and-price-information,epa_rin/2026-09-27T200050Z,254b72a5f9a878ff80f00798e147e043e73931d20e3808a3b0c7eb1583ffba47,1.1
2026-08-03,2026-08-09,2026-08-03,2026-08-09,D6,2024,2.140000,38190042,2026-09-27T20:00:50Z,2026-09-27T20:00:50Z,https://www.epa.gov/fuels-registration-reporting-and-compliance-help/rin-trades-and-price-information,epa_rin/2026-09-27T200050Z,254b72a5f9a878ff80f00798e147e043e73931d20e3808a3b0c7eb1583ffba47,1.1
2026-08-03,2026-08-09,2026-08-03,2026-08-09,D6,2025,2.268470,277954759,2026-09-27T20:00:50Z,2026-09-27T20:00:50Z,https://www.epa.gov/fuels-registration-reporting-and-compliance-help/rin-trades-and-price-information,epa_rin/2026-09-27T200050Z,254b72a5f9a878ff80f00798e147e043e73931d20e3808a3b0c7eb1583ffba47,1.1
2026-08-03,2026-08-09,2026-08-03,2026-08-09,D6,2026,2.280699,337155513,2026-09-27T20:00:50Z,2026-09-27T20:00:50Z,https://www.epa.gov/fuels-registration-reporting-and-compliance-help/rin-trades-and-price-information,epa_rin/2026-09-27T200050Z,254b72a5f9a878ff80f00798e147e043e73931d20e3808a3b0c7eb1583ffba47,1.1
2026-08-10,2026-08-16,2026-08-10,2026-08-16,D6,2024,2.120000,2243947,2026-09-27T20:00:50Z,2026-09-27T20:00:50Z,https://www.epa.gov/fuels-registration-reporting-and-compliance-help/rin-trades-and-price-information,epa_rin/2026-09-27T200050Z,254b72a5f9a878ff80f00798e147e043e73931d20e3808a3b0c7eb1583ffba47,1.1
2026-08-10,2026-08-16,2026-08-10,2026-08-16,D6,2025,2.140058,158405543,2026-09-27T20:00:50Z,2026-09-27T20:00:50Z,https://www.epa.gov/fuels-registration-reporting-and-compliance-help/rin-trades-and-price-information,epa_rin/2026-09-27T200050Z,254b72a5f9a878ff80f00798e147e043e73931d20e3808a3b0c7eb1583ffba47,1.1
2026-08-10,2026-08-16,2026-08-10,2026-08-16,D6,2026,2.202518,207657538,2026-09-27T20:00:50Z,2026-09-27T20:00:50Z,https://www.epa.gov/fuels-registration-reporting-and-compliance-help/rin-trades-and-price-information,epa_rin/2026-09-27T200050Z,254b72a5f9a878ff80f00798e147e043e73931d20e3808a3b0c7eb1583ffba47,1.1
2026-08-17,2026-08-23,2026-08-17,2026-08-23,D6,2024,1.240000,20267550,2026-09-27T20:00:50Z,2026-09-27T20:00:50Z,https://www.epa.gov/fuels-registration-reporting-and-compliance-help/rin-trades-and-price-information,epa_rin/2026-09-27T200050Z,254b72a5f9a878ff80f00798e147e043e73931d20e3808a3b0c7eb1583ffba47,1.1
2026-08-17,2026-08-23,2026-08-17,2026-08-23,D6,2025,2.060036,60222674,2026-09-27T20:00:50Z,2026-09-27T20:00:50Z,https://www.epa.gov/fuels-registration-reporting-and-compliance-help/rin-trades-and-price-information,epa_rin/2026-09-27T200050Z,254b72a5f9a878ff80f00798e147e043e73931d20e3808a3b0c7eb1583ffba47,1.1
2026-08-17,2026-08-23,2026-08-17,2026-08-23,D6,2026,2.125188,338178670,2026-09-27T20:00:50Z,2026-09-27T20:00:50Z,https://www.epa.gov/fuels-registration-reporting-and-compliance-help/rin-trades-and-price-information,epa_rin/2026-09-27T200050Z,254b72a5f9a878ff80f00798e147e043e73931d20e3808a3b0c7eb1583ffba47,1.1
2026-08-24,2026-08-30,2026-08-24,2026-08-30,D6,2024,1.050000,2347057,2026-09-27T20:00:50Z,2026-09-27T20:00:50Z,https://www.epa.gov/fuels-registration-reporting-and-compliance-help/rin-trades-and-price-information,epa_rin/2026-09-27T200050Z,254b72a5f9a878ff80f00798e147e043e73931d20e3808a3b0c7eb1583ffba47,1.1
2026-08-24,2026-08-30,2026-08-24,2026-08-30,D6,2025,1.240000,147051266,2026-09-27T20:00:50Z,2026-09-27T20:00:50Z,https://www.epa.gov/fuels-registration-reporting-and-compliance-help/rin-trades-and-price-information,epa_rin/2026-09-27T200050Z,254b72a5f9a878ff80f00798e147e043e73931d20e3808a3b0c7eb1583ffba47,1.1
2026-08-24,2026-08-30,2026-08-24,2026-08-30,D6,2026,2.202701,231061706,2026-09-27T20:00:50Z,2026-09-27T20:00:50Z,https://www.epa.gov/fuels-registration-reporting-and-compliance-help/rin-trades-and-price-information,epa_rin/2026-09-27T200050Z,254b72a5f9a878ff80f00798e147e043e73931d20e3808a3b0c7eb1583ffba47,1.1
